sequence,window_time_ns,source_time_ns,rg_A,end_to_end_A,c1_contour_A,extension_fraction,shape_anisotropy,adjacent_stacks,nonadjacent_stacks,unstacked_neighbor_fraction,unstacked_any_fraction,syn_fraction,outward_projection_mean,nonlocal_contact_pairs,base_base_hbonds,all_interresidue_hbonds,max_DNA_bond_A
dA40,0.01,45.01,25.830839,56.098757,262.93626,0.21335497,0.55532991,14,5,0.425,0.25,0.6,0.1683067,27,2,7,1.637399
dA40,0.02,45.02,25.265952,55.026406,261.73858,0.21023422,0.53554327,12,5,0.5,0.275,0.575,0.17333382,28,3,6,1.6510131
dA40,0.03,45.03,25.165554,54.957319,261.379,0.21025913,0.53931456,11,5,0.55,0.35,0.6,0.16339334,28,5,9,1.6437207
dA40,0.04,45.04,25.553304,55.876919,262.46522,0.21289266,0.55563697,11,5,0.55,0.325,0.6,0.16212561,29,2,6,1.620044
dA40,0.05,45.05,25.459106,56.529506,263.6691,0.21439564,0.55645432,11,6,0.55,0.275,0.65,0.17769149,27,4,9,1.6480724
dA40,0.06,45.06,25.311187,55.825097,262.84085,0.21239126,0.53336345,10,5,0.575,0.35,0.55,0.17841999,28,4,9,1.6348607
dA40,0.07,45.07,25.336904,55.698458,264.88779,0.2102719,0.53971053,13,5,0.475,0.275,0.575,0.19113594,29,5,9,1.6555487
dA40,0.08,45.08,25.558433,56.162923,262.74272,0.21375635,0.55029819,14,4,0.45,0.3,0.575,0.16382548,29,3,4,1.6332702
dA40,0.09,45.09,25.672396,57.223684,259.43587,0.22056967,0.55562873,15,4,0.425,0.3,0.625,0.15093959,28,4,7,1.6413743
dA40,0.1,45.1,25.523015,56.157741,265.04228,0.21188219,0.55416852,11,5,0.525,0.325,0.525,0.18621936,27,1,5,1.6466492
dA40,0.11,45.11,25.768668,55.313643,262.71176,0.21054879,0.56066931,12,5,0.5,0.3,0.575,0.15857803,29,5,8,1.6448903
dA40,0.12,45.12,25.541975,54.572925,262.8078,0.20765337,0.56024287,13,5,0.45,0.25,0.7,0.135723,31,3,8,1.6583191
dA40,0.13,45.13,25.909155,55.069589,263.4353,0.20904408,0.57009298,15,5,0.375,0.225,0.525,0.13812856,31,2,5,1.6355827
dA40,0.14,45.14,26.202372,56.043392,261.15771,0.21459597,0.57939994,14,5,0.4,0.25,0.55,0.13333631,30,5,8,1.6603638
dA40,0.15,45.15,26.288606,55.436847,262.89042,0.21087436,0.57465414,12,5,0.475,0.275,0.625,0.15154324,31,4,7,1.6737718
dA40,0.16,45.16,26.520793,55.973467,263.17005,0.21268935,0.5839441,14,4,0.425,0.275,0.55,0.15502467,28,5,7,1.6494576
dA40,0.17,45.17,26.437804,55.091381,260.42717,0.21154237,0.59035488,15,4,0.4,0.25,0.6,0.1535737,29,2,5,1.6410281
dA40,0.18,45.18,26.466594,56.056666,263.81034,0.21248851,0.58323086,13,4,0.475,0.325,0.55,0.1609078,31,3,7,1.6523065
dA40,0.19,45.19,26.735978,55.926533,263.68819,0.21209343,0.57285529,13,5,0.4,0.25,0.55,0.15246808,29,4,8,1.6388285
dA40,0.2,45.2,26.499332,55.951681,261.62542,0.2138618,0.58466312,14,4,0.425,0.325,0.55,0.14007497,29,6,9,1.640887
dA40,0.21,45.21,26.493265,55.942097,262.86954,0.21281315,0.58109403,12,5,0.5,0.275,0.675,0.14503016,28,7,10,1.664745
dA40,0.22,45.22,26.102658,55.47795,262.76497,0.21113145,0.56953803,11,4,0.55,0.375,0.6,0.11688621,30,3,6,1.6916521
dA40,0.23,45.23,25.773027,54.414079,262.99173,0.20690415,0.55265689,14,6,0.4,0.2,0.575,0.12756644,28,3,6,1.6554344
dA40,0.24,45.24,26.075787,54.398657,264.36832,0.20576844,0.56695976,14,5,0.45,0.3,0.55,0.13043529,30,2,4,1.6911885
dA40,0.25,45.25,26.040581,54.362719,264.63169,0.20542785,0.56514312,14,5,0.45,0.275,0.625,0.12723961,29,5,7,1.6555254
dA40,0.26,45.26,25.883005,53.250228,264.22473,0.20153385,0.55913595,15,5,0.4,0.3,0.55,0.12013749,28,3,5,1.6599089
dA40,0.27,45.27,25.804216,53.325869,266.46235,0.20012534,0.55527362,15,5,0.375,0.2,0.7,0.13169816,29,3,6,1.639661
dA40,0.28,45.28,25.760406,54.56832,264.12459,0.20660068,0.55806758,13,4,0.475,0.4,0.55,0.1385616,29,5,9,1.6561954
dA40,0.29,45.29,25.794064,55.194337,263.62298,0.20936846,0.55461911,14,5,0.45,0.325,0.625,0.12282839,29,4,8,1.6591196
dA40,0.3,45.3,25.802048,55.325518,266.68314,0.20745788,0.55180398,14,5,0.425,0.25,0.6,0.13001088,28,5,9,1.6664907
dA40,0.31,45.31,25.565737,54.785406,262.72192,0.20853002,0.56109764,11,4,0.55,0.375,0.6,0.1448439,30,5,9,1.6479877
dA40,0.32,45.32,25.847721,54.91294,262.62988,0.2090887,0.56598838,12,5,0.525,0.3,0.55,0.1186688,28,6,10,1.64699
dA40,0.33,45.33,25.811386,55.686662,263.05078,0.21169549,0.56430939,15,5,0.375,0.225,0.525,0.13519329,30,5,9,1.6433884
dA40,0.34,45.34,25.853279,55.871643,264.42047,0.21129848,0.55994305,12,5,0.5,0.275,0.525,0.13746601,31,5,8,1.633073
dA40,0.35,45.35,26.049284,57.497696,262.63211,0.21892866,0.58287761,13,4,0.45,0.3,0.5,0.14495523,31,4,8,1.6614819
dA40,0.36,45.36,26.015645,57.98174,262.81267,0.22062004,0.59243182,14,4,0.425,0.325,0.55,0.12806335,33,3,7,1.6584067
dA40,0.37,45.37,26.184646,57.39913,261.97649,0.21910031,0.5910047,13,6,0.45,0.2,0.575,0.13923133,29,4,7,1.6709178
dA40,0.38,45.38,26.162027,57.883426,263.78311,0.21943568,0.58225342,15,5,0.4,0.25,0.625,0.13920773,29,7,11,1.652221
dA40,0.39,45.39,26.109836,58.213702,264.01017,0.22049795,0.5950253,13,5,0.475,0.3,0.675,0.13346537,32,5,7,1.6488466
dA40,0.4,45.4,25.998167,58.500789,262.26421,0.22306051,0.59006613,14,6,0.4,0.2,0.625,0.13723188,29,4,9,1.6627916
dA40,0.41,45.41,26.022974,58.026675,264.13149,0.21968859,0.5880148,16,5,0.35,0.225,0.575,0.13877522,28,5,8,1.6661338
dA40,0.42,45.42,26.13426,57.664623,261.66362,0.22037692,0.58724982,13,5,0.475,0.325,0.575,0.11867753,27,4,7,1.6848534
dA40,0.43,45.43,25.963312,56.863251,262.81316,0.21636379,0.56462851,15,5,0.4,0.25,0.675,0.16150795,31,5,8,1.6788569
dA40,0.44,45.44,25.86163,56.162581,262.4712,0.21397616,0.56267149,14,5,0.425,0.3,0.65,0.17141935,31,7,10,1.642907
dA40,0.45,45.45,25.755474,56.239717,260.58049,0.21582474,0.56810592,14,5,0.425,0.3,0.675,0.18941184,31,5,9,1.6603121
dA40,0.46,45.46,25.91471,56.313176,262.80043,0.21428114,0.56728553,14,5,0.425,0.3,0.625,0.17992967,30,5,8,1.6427877
dA40,0.47,45.47,25.476023,55.417218,261.79389,0.21168263,0.5616888,14,5,0.425,0.3,0.6,0.17172621,29,7,11,1.6494369
dA40,0.48,45.48,25.3801,53.202367,260.57646,0.20417181,0.54482501,13,5,0.5,0.325,0.65,0.19285086,29,3,8,1.6656055
dA40,0.49,45.49,25.244203,53.37999,262.60412,0.20327171,0.54748744,15,5,0.425,0.275,0.525,0.22252142,29,7,13,1.6492011
dA40,0.5,45.5,24.992827,54.440944,263.46298,0.20663603,0.54241957,13,5,0.5,0.325,0.525,0.19943914,30,4,9,1.6505082
dA40,0.51,45.51,25.29747,54.180024,264.71104,0.2046761,0.54672708,11,5,0.55,0.375,0.575,0.18627347,29,5,8,1.6684844
dA40,0.52,45.52,25.02624,54.289119,263.89741,0.20572054,0.54943679,12,5,0.5,0.3,0.65,0.18827291,28,1,6,1.6695059
dA40,0.53,45.53,25.090481,53.891162,265.19185,0.20321575,0.55192892,13,5,0.45,0.325,0.625,0.20704939,33,4,9,1.6706139
dA40,0.54,45.54,25.331253,54.91642,265.2572,0.20703083,0.55285424,12,5,0.5,0.325,0.575,0.2056502,32,5,11,1.6629456
dA40,0.55,45.55,25.343577,54.843041,265.70556,0.20640531,0.55384126,13,5,0.475,0.35,0.575,0.19597987,31,4,9,1.6453597
dA40,0.56,45.56,25.34598,54.452184,263.37735,0.20674589,0.54685863,15,5,0.4,0.3,0.625,0.19800273,32,5,9,1.6965067
dA40,0.57,45.57,25.00439,53.714178,265.03277,0.20266995,0.54224563,14,5,0.425,0.325,0.575,0.2026603,32,4,9,1.6444995
dA40,0.58,45.58,25.002117,53.711538,263.00499,0.2042225,0.546476,16,5,0.375,0.275,0.5,0.22086435,34,6,10,1.6944758
dA40,0.59,45.59,25.109877,54.219113,265.02118,0.20458408,0.5445552,16,5,0.375,0.25,0.575,0.21318873,29,5,11,1.6587612
dA40,0.6,45.6,25.283059,55.262386,261.42566,0.21138853,0.54582795,14,5,0.425,0.3,0.575,0.2260979,31,6,10,1.6569712
dA40,0.61,45.61,25.217589,54.594133,261.9286,0.20843135,0.53913592,13,5,0.475,0.325,0.55,0.2304363,35,6,12,1.6421735
dA40,0.62,45.62,25.05518,54.384427,265.24505,0.20503466,0.53168842,11,5,0.525,0.375,0.55,0.22808594,32,6,10,1.6605818
dA40,0.63,45.63,24.668705,53.601378,260.77347,0.20554767,0.51875605,15,5,0.425,0.3,0.6,0.20695939,34,4,9,1.6616529
dA40,0.64,45.64,24.446474,53.910556,258.78529,0.20832156,0.50234818,14,5,0.45,0.325,0.55,0.21635703,33,6,10,1.6571438
dA40,0.65,45.65,24.586895,54.352261,259.7633,0.20923765,0.50955119,14,4,0.45,0.325,0.625,0.23380908,32,2,6,1.6610868
dA40,0.66,45.66,24.208029,54.073349,262.03876,0.2063563,0.49189892,13,4,0.475,0.375,0.55,0.19711199,32,3,7,1.6438137
dA40,0.67,45.67,24.349588,53.856774,262.74156,0.20498003,0.49762194,12,6,0.525,0.35,0.55,0.21232871,32,5,8,1.6548582
dA40,0.68,45.68,24.516263,53.537395,259.74621,0.20611425,0.50502071,14,5,0.45,0.325,0.55,0.20362015,33,4,7,1.6521075
dA40,0.69,45.69,24.456834,53.961362,262.55805,0.20552165,0.50955389,13,4,0.45,0.325,0.5,0.19671126,35,4,10,1.65003
dA40,0.7,45.7,24.487007,53.622662,262.23804,0.20448087,0.50326954,13,5,0.45,0.325,0.6,0.18948413,32,6,9,1.6688744
dA40,0.71,45.71,24.636828,53.412833,264.07605,0.20226307,0.49981582,13,6,0.475,0.325,0.55,0.22250689,32,6,9,1.6502757
dA40,0.72,45.72,24.812983,53.86706,262.81343,0.20496312,0.49540297,13,5,0.475,0.325,0.525,0.21694586,31,5,9,1.6494989
dA40,0.73,45.73,25.104331,54.847613,262.61759,0.20884973,0.51339109,11,5,0.55,0.375,0.525,0.22750235,29,4,8,1.6550188
dA40,0.74,45.74,24.958433,54.909056,264.05432,0.20794606,0.50767638,12,6,0.5,0.35,0.525,0.23723636,31,5,7,1.6657755
dA40,0.75,45.75,24.737025,53.212677,264.45249,0.20121828,0.49922722,12,6,0.475,0.3,0.6,0.22954203,36,4,9,1.648639
dA40,0.76,45.76,24.868516,54.26652,260.65727,0.20819108,0.50899846,14,5,0.45,0.325,0.525,0.21432416,33,2,6,1.6710967
dA40,0.77,45.77,24.517168,53.250817,260.74452,0.20422603,0.50999281,14,4,0.45,0.375,0.675,0.2339114,33,3,9,1.6508652
dA40,0.78,45.78,24.295981,53.046627,259.37926,0.20451376,0.50350253,16,5,0.4,0.3,0.675,0.22050477,35,5,9,1.6533796
dA40,0.79,45.79,24.491461,53.195457,260.17693,0.20445878,0.49228765,15,5,0.4,0.3,0.675,0.22996933,33,5,9,1.6627404
dA40,0.8,45.8,24.754657,53.494028,259.91718,0.20581182,0.49766922,15,5,0.4,0.275,0.7,0.25128167,31,2,5,1.6286368
dA40,0.81,45.81,24.785784,54.534994,259.67598,0.2100117,0.50930085,17,5,0.35,0.25,0.75,0.23631287,30,5,9,1.6370035
dA40,0.82,45.82,24.753631,55.347685,263.72166,0.2098716,0.50668687,12,5,0.5,0.375,0.575,0.23766108,31,4,8,1.6453257
dA40,0.83,45.83,24.415591,54.840074,259.46564,0.21135775,0.50525537,11,5,0.525,0.375,0.625,0.23106099,30,5,5,1.665703
dA40,0.84,45.84,24.064202,53.371535,261.88661,0.20379635,0.47674822,14,5,0.475,0.3,0.55,0.2231271,31,4,7,1.6526703
dA40,0.85,45.85,23.966277,53.152352,261.38198,0.20335125,0.47303265,14,5,0.45,0.3,0.675,0.20770863,29,5,10,1.6485269
dA40,0.86,45.86,24.029858,53.076731,262.81426,0.20195529,0.46295007,13,5,0.5,0.3,0.675,0.23716919,30,3,6,1.6405578
dA40,0.87,45.87,23.758297,52.123159,261.07903,0.19964514,0.4636889,12,5,0.525,0.325,0.625,0.21433318,32,3,7,1.6462172
dA40,0.88,45.88,23.783879,52.862928,257.5641,0.20524184,0.46592095,15,5,0.425,0.25,0.55,0.21906488,32,5,8,1.6436737
dA40,0.89,45.89,23.690861,52.884974,259.54597,0.20375956,0.45937286,15,5,0.425,0.25,0.55,0.23112409,32,3,7,1.6589753
dA40,0.9,45.9,23.726936,52.926932,260.87846,0.20287965,0.45535926,12,5,0.525,0.325,0.575,0.23485069,29,2,7,1.6416845
dA40,0.91,45.91,24.065999,53.564882,261.65234,0.20471777,0.44059595,13,5,0.5,0.325,0.625,0.2341343,29,6,8,1.6618806
dA40,0.92,45.92,23.973861,53.017605,262.94787,0.20162781,0.45459111,14,5,0.45,0.275,0.675,0.22218701,30,4,5,1.6365009
dA40,0.93,45.93,23.824591,53.804332,264.01713,0.20379106,0.44934052,12,4,0.525,0.375,0.7,0.20182241,32,4,6,1.6411782
dA40,0.94,45.94,24.288149,55.535258,266.52615,0.20836702,0.47432145,11,4,0.55,0.375,0.75,0.22523297,30,4,9,1.6446868
dA40,0.95,45.95,24.27521,56.108683,263.66446,0.21280336,0.494618,13,4,0.45,0.325,0.675,0.22848366,31,4,8,1.6626463
dA40,0.96,45.96,24.083675,55.030886,263.44487,0.20888957,0.4901017,11,4,0.525,0.375,0.7,0.2348262,31,4,8,1.6571464
dA40,0.97,45.97,23.834669,55.125541,263.95589,0.20884376,0.48346235,11,4,0.55,0.375,0.775,0.25974543,30,2,6,1.6340192
dA40,0.98,45.98,23.629135,53.825596,261.26727,0.20601737,0.49369148,13,3,0.475,0.4,0.625,0.23765065,31,5,9,1.6499881
dA40,0.99,45.99,23.543655,53.941372,260.60855,0.20698236,0.50030069,13,4,0.45,0.3,0.65,0.21371814,33,4,8,1.6555466
dA40,1,46,23.418482,53.974538,261.50005,0.20640355,0.50371413,13,4,0.45,0.325,0.6,0.24852286,30,3,7,1.6429647
dA40,1.01,46.01,23.61482,55.474272,261.73514,0.21194812,0.5285457,16,3,0.375,0.325,0.65,0.24872497,30,5,9,1.6419733
dA40,1.02,46.02,23.459479,55.954472,264.76942,0.21133283,0.52361416,10,3,0.575,0.5,0.725,0.25395452,30,3,5,1.6418677
dA40,1.03,46.03,23.467174,55.828271,265.09986,0.21059336,0.52509466,11,4,0.525,0.4,0.725,0.22207371,31,4,5,1.6519563
dA40,1.04,46.04,23.519259,55.613931,266.83422,0.20842128,0.52021171,13,3,0.45,0.35,0.675,0.22699413,31,2,4,1.6515362
dA40,1.05,46.05,23.744731,55.318998,265.60146,0.20827821,0.53359128,11,4,0.525,0.4,0.6,0.2570661,31,5,7,1.6420184
dA40,1.06,46.06,23.887332,56.47535,265.65009,0.212593,0.54472199,10,4,0.575,0.45,0.7,0.23892072,32,7,11,1.6718414
dA40,1.07,46.07,23.874596,55.712235,264.99788,0.21023654,0.54473934,14,4,0.45,0.4,0.7,0.23650937,32,6,8,1.6601551
dA40,1.08,46.08,24.126806,57.633145,264.79941,0.21764831,0.54523352,10,5,0.55,0.375,0.725,0.22506348,31,3,3,1.6333899
dA40,1.09,46.09,23.988164,56.084096,262.87943,0.21334532,0.54296792,11,5,0.525,0.4,0.7,0.23823164,33,6,7,1.6289344
dA40,1.1,46.1,23.920666,55.861936,262.43736,0.21285817,0.52278355,12,5,0.5,0.375,0.625,0.24342616,33,6,7,1.6747214
dA40,1.11,46.11,23.916487,54.996762,264.48689,0.20793757,0.51097017,12,4,0.475,0.325,0.675,0.2247382,31,2,5,1.6490823
dA40,1.12,46.12,23.867818,55.099494,265.3443,0.20765283,0.51098578,12,2,0.5,0.4,0.625,0.25663641,30,3,7,1.6449105
dA40,1.13,46.13,23.897565,55.010633,266.12252,0.20671168,0.51923166,11,4,0.525,0.4,0.625,0.22570134,33,6,10,1.6463302
dA40,1.14,46.14,23.824574,56.329612,264.07122,0.21331219,0.52848927,13,4,0.5,0.375,0.725,0.20618018,31,3,6,1.645908
dA40,1.15,46.15,23.936035,56.604946,263.24757,0.21502552,0.53401958,13,3,0.475,0.375,0.725,0.20864731,31,5,9,1.6311427
dA40,1.16,46.16,24.077904,57.208766,263.91537,0.21676936,0.54187509,12,4,0.475,0.35,0.65,0.20182234,34,3,7,1.6617762
dA40,1.17,46.17,24.180942,56.970127,265.32374,0.2147193,0.55204315,14,3,0.45,0.375,0.675,0.21135842,32,4,7,1.6497196
dA40,1.18,46.18,24.158467,56.583334,261.7563,0.21616799,0.54772835,16,4,0.35,0.25,0.675,0.21531501,31,2,5,1.6568287
dA40,1.19,46.19,23.94523,55.778377,264.35015,0.21100187,0.5346641,12,4,0.525,0.425,0.675,0.24082093,32,3,7,1.7013819
dA40,1.2,46.2,23.898896,55.019207,263.58068,0.20873764,0.53387832,14,5,0.425,0.275,0.65,0.22497553,31,5,10,1.6548547
dA40,1.21,46.21,24.346002,56.662806,264.30108,0.21438735,0.56816635,13,5,0.475,0.35,0.6,0.26021877,33,5,11,1.6564821
dA40,1.22,46.22,24.213807,56.488602,267.14137,0.21145584,0.55890278,14,4,0.425,0.35,0.7,0.26730316,33,6,11,1.6425259
dA40,1.23,46.23,24.196836,57.013659,267.25875,0.21332757,0.54388556,12,5,0.475,0.35,0.65,0.2533869,33,3,6,1.6568746
dA40,1.24,46.24,24.329985,55.711083,268.40179,0.20756599,0.55191285,12,5,0.475,0.35,0.625,0.25244789,35,6,9,1.6823349
dA40,1.25,46.25,24.525885,57.046354,265.70062,0.21470162,0.56293453,13,5,0.45,0.325,0.775,0.25239629,32,3,8,1.6638356
dA40,1.26,46.26,24.416437,57.077824,266.44837,0.2142172,0.56200744,12,4,0.475,0.375,0.675,0.24870936,32,3,4,1.6819797
dA40,1.27,46.27,24.153721,55.588515,269.86031,0.20598996,0.55053271,13,3,0.475,0.425,0.625,0.24899444,34,3,9,1.6515013
dA40,1.28,46.28,23.748259,53.995696,268.12503,0.20138252,0.51922964,11,3,0.525,0.45,0.575,0.25161074,31,5,9,1.6462894
dA40,1.29,46.29,23.397773,53.0755,263.62474,0.20132974,0.51169458,11,5,0.525,0.375,0.525,0.28846834,33,4,7,1.6610143
dA40,1.3,46.3,23.47509,54.194459,266.06555,0.20368837,0.50071029,14,4,0.4,0.325,0.575,0.27479248,30,1,5,1.6520976
dA40,1.31,46.31,23.585593,54.223728,263.28684,0.20594926,0.50518894,14,4,0.4,0.325,0.675,0.26934903,31,4,11,1.6621832
dA40,1.32,46.32,23.728598,53.403344,264.24286,0.20209948,0.51366055,11,3,0.5,0.4,0.65,0.26819074,31,4,8,1.6562776
dA40,1.33,46.33,24.076148,54.563086,263.72774,0.20689172,0.52972775,13,4,0.45,0.375,0.65,0.25277278,32,5,10,1.6457045
dA40,1.34,46.34,23.989798,53.144485,264.74322,0.20073974,0.5305066,14,4,0.45,0.325,0.6,0.23396915,33,2,5,1.6579591
dA40,1.35,46.35,24.171873,55.038068,264.84147,0.20781514,0.53932694,12,4,0.475,0.375,0.675,0.26652482,31,3,9,1.6640447
dA40,1.36,46.36,24.338492,55.187362,264.8771,0.20835083,0.54861159,13,4,0.45,0.35,0.725,0.26054474,32,3,8,1.6487757
dA40,1.37,46.37,24.561357,55.011945,265.77854,0.20698415,0.54083006,10,5,0.525,0.35,0.675,0.27825212,33,2,8,1.6517432
dA40,1.38,46.38,24.418178,54.665525,264.87218,0.20638455,0.53027236,10,4,0.55,0.425,0.725,0.27546111,33,3,9,1.6477172
dA40,1.39,46.39,24.360717,54.611093,263.70932,0.20708822,0.52294662,11,4,0.5,0.4,0.7,0.26304834,33,4,9,1.6552098
dA40,1.4,46.4,24.393126,54.737952,262.72063,0.20835041,0.53347678,10,4,0.55,0.425,0.7,0.25641009,32,2,7,1.6775532
dA40,1.41,46.41,24.468397,54.501179,264.31122,0.20620077,0.54452316,11,4,0.5,0.35,0.625,0.26885466,30,6,12,1.6538104
dA40,1.42,46.42,24.180234,53.924511,264.54637,0.20383766,0.53040049,11,5,0.5,0.3,0.625,0.28201429,31,5,9,1.649633
dA40,1.43,46.43,24.431126,54.617046,266.09484,0.20525406,0.54396397,11,4,0.525,0.4,0.725,0.24952685,31,4,7,1.6739328
dA40,1.44,46.44,24.554348,55.5111,265.43868,0.20912966,0.5603206,13,4,0.475,0.375,0.575,0.24056147,31,3,8,1.648483
dA40,1.45,46.45,24.42619,56.146938,266.60807,0.2105973,0.556434,13,4,0.475,0.375,0.575,0.28474753,30,5,9,1.6504498
dA40,1.46,46.46,24.301037,56.669699,267.51361,0.21183856,0.55383758,10,4,0.575,0.45,0.725,0.27014595,28,3,9,1.6428587
dA40,1.47,46.47,24.588164,56.083329,266.96045,0.21008104,0.55853773,13,4,0.5,0.35,0.675,0.25418665,29,4,9,1.6780729
dA40,1.48,46.48,24.537193,56.166283,265.83312,0.21128399,0.55260272,11,4,0.55,0.425,0.7,0.25794078,27,6,10,1.6589477
dA40,1.49,46.49,24.570135,55.210134,267.01659,0.20676668,0.54863291,10,2,0.55,0.4,0.725,0.26719995,28,5,8,1.6622738
dA40,1.5,46.5,24.467527,55.212498,266.42448,0.20723508,0.54983381,10,4,0.575,0.425,0.625,0.26097767,29,4,8,1.6447865
dA40,1.51,46.51,24.52144,55.101985,271.64877,0.20284275,0.56844674,9,5,0.6,0.4,0.775,0.26266732,29,5,10,1.6387005
dA40,1.52,46.52,24.754581,56.486067,268.44093,0.2104227,0.57602425,12,5,0.5,0.275,0.65,0.25604168,28,3,8,1.648433
dA40,1.53,46.53,24.418321,55.668349,268.72156,0.20715997,0.54684023,11,4,0.525,0.375,0.7,0.26479943,28,4,10,1.6392956
dA40,1.54,46.54,24.516972,56.219597,265.892,0.21143771,0.54353018,9,5,0.6,0.375,0.775,0.24303787,27,4,9,1.6441488
dA40,1.55,46.55,24.531699,55.108912,268.88716,0.20495181,0.52396165,13,5,0.45,0.3,0.65,0.25098943,28,5,10,1.6801456
dA40,1.56,46.56,24.394356,55.060528,266.30556,0.20675696,0.52416386,9,5,0.575,0.4,0.75,0.25868284,28,4,9,1.6616882
dA40,1.57,46.57,24.531498,55.294552,265.93781,0.20792287,0.5131361,11,5,0.525,0.35,0.725,0.24719444,28,4,9,1.6435048
dA40,1.58,46.58,24.426673,54.768683,263.5531,0.20780891,0.51512682,14,5,0.425,0.25,0.725,0.24456637,29,3,6,1.6601677
dA40,1.59,46.59,24.230524,54.584195,260.75521,0.20933118,0.51087151,13,4,0.475,0.35,0.7,0.2380125,30,4,10,1.6828839
dA40,1.6,46.6,24.195295,54.684598,262.1291,0.20861704,0.51823051,13,5,0.475,0.325,0.675,0.25500904,29,4,8,1.6744524
dA40,1.61,46.61,24.482802,54.089075,263.52952,0.20524864,0.5155225,12,4,0.5,0.375,0.7,0.2458512,30,4,9,1.6535128
dA40,1.62,46.62,24.269297,53.800687,260.94613,0.20617546,0.50670923,13,5,0.45,0.3,0.6,0.23894042,29,2,6,1.6363971
dA40,1.63,46.63,24.157496,53.289924,258.03207,0.20652442,0.52083783,13,4,0.475,0.375,0.625,0.23487466,32,6,10,1.6499978
dA40,1.64,46.64,24.273111,53.346371,264.63831,0.20158219,0.50270458,9,4,0.625,0.5,0.65,0.23194583,32,6,10,1.6363684
dA40,1.65,46.65,24.106538,53.127258,260.81104,0.20370019,0.49647432,15,4,0.425,0.35,0.575,0.24847744,30,2,6,1.6565359
dA40,1.66,46.66,24.321119,55.09294,263.65213,0.20896072,0.51459388,13,4,0.475,0.375,0.65,0.2309044,31,5,10,1.6482646
dA40,1.67,46.67,24.296293,53.521251,264.51224,0.20233941,0.50085874,13,3,0.5,0.4,0.7,0.21953863,32,6,10,1.6483802
dA40,1.68,46.68,24.432219,55.046821,263.54217,0.20887292,0.52100733,12,4,0.5,0.4,0.65,0.25543188,31,5,11,1.6453646
dA40,1.69,46.69,24.754966,55.931713,264.57345,0.21140335,0.52951409,10,4,0.6,0.475,0.675,0.24385681,31,4,9,1.6694907
dA40,1.7,46.7,24.503082,55.442917,263.46542,0.21043717,0.52785722,12,4,0.5,0.4,0.7,0.23031761,31,3,7,1.6341131
dA40,1.71,46.71,24.701999,55.791005,264.03343,0.21130281,0.53188061,10,4,0.575,0.475,0.675,0.22981343,32,5,9,1.6570739
dA40,1.72,46.72,24.813458,54.997111,264.94942,0.20757589,0.51800011,11,3,0.525,0.45,0.675,0.23518625,29,4,8,1.6410235
dA40,1.73,46.73,24.72853,55.614665,264.751,0.21006405,0.5117106,12,4,0.525,0.375,0.675,0.25440257,30,3,7,1.6488274
dA40,1.74,46.74,25.009611,56.528584,265.14622,0.21319778,0.52764908,10,4,0.6,0.45,0.675,0.2258422,29,4,7,1.6512191
dA40,1.75,46.75,24.899646,55.557038,261.93553,0.21210196,0.53068374,11,4,0.55,0.475,0.675,0.22374868,32,5,9,1.6983755
dA40,1.76,46.76,24.64164,54.26737,260.45151,0.20835882,0.51992073,14,4,0.425,0.35,0.7,0.22934886,31,5,7,1.6377608
dA40,1.77,46.77,24.698364,54.403199,263.12955,0.20675443,0.51460162,10,4,0.55,0.425,0.725,0.24370525,31,7,11,1.6469237
dA40,1.78,46.78,24.784827,54.455547,264.16157,0.20614485,0.5125061,10,4,0.575,0.45,0.7,0.27120232,31,5,9,1.65326
dA40,1.79,46.79,24.741345,54.320913,267.42771,0.20312373,0.52465265,8,4,0.625,0.5,0.75,0.24506971,33,5,10,1.650515
dA40,1.8,46.8,24.456959,53.803784,264.69388,0.20326795,0.51860431,11,4,0.525,0.4,0.675,0.27070738,31,6,11,1.6501283
dA40,1.81,46.81,25.071222,55.303829,262.42574,0.21074087,0.55063611,13,4,0.475,0.375,0.65,0.27263533,32,5,10,1.6474204
dA40,1.82,46.82,25.023085,54.565687,262.71794,0.20769685,0.5419511,13,4,0.45,0.35,0.7,0.28947568,33,4,7,1.6706555
dA40,1.83,46.83,25.105798,54.120684,264.30561,0.20476555,0.55048939,11,4,0.525,0.425,0.725,0.29378994,30,4,10,1.6443459
dA40,1.84,46.84,25.172606,55.39192,265.98214,0.20825428,0.55459389,13,4,0.475,0.375,0.725,0.25863145,32,5,9,1.6752955
dA40,1.85,46.85,25.295512,56.517764,261.91699,0.21578503,0.57343558,12,4,0.5,0.4,0.775,0.2643853,31,5,8,1.6405715
dA40,1.86,46.86,25.663624,56.835787,265.99309,0.21367392,0.57837247,13,4,0.45,0.325,0.7,0.27023593,31,4,10,1.6625689
dA40,1.87,46.87,25.748202,58.771818,262.83897,0.2236039,0.59050442,13,4,0.475,0.375,0.65,0.25556578,30,2,7,1.6693118
dA40,1.88,46.88,25.769419,57.651206,264.71031,0.21778981,0.58943841,14,4,0.45,0.35,0.675,0.26947815,31,1,3,1.654332
dA40,1.89,46.89,25.86826,59.435614,261.58262,0.22721545,0.60242755,15,4,0.4,0.3,0.65,0.28859596,30,5,8,1.6560021
dA40,1.9,46.9,25.94357,59.344644,265.57461,0.22345752,0.59732939,13,4,0.45,0.325,0.575,0.28564168,29,5,10,1.6248624
dA40,1.91,46.91,26.027072,59.028462,263.59854,0.22393319,0.59473258,14,4,0.45,0.375,0.725,0.27658072,30,2,9,1.6385934
dA40,1.92,46.92,25.92881,59.393261,265.15665,0.22399311,0.60158206,14,4,0.45,0.375,0.625,0.29151386,28,3,8,1.6527848
dA40,1.93,46.93,25.72314,59.004641,263.94387,0.22354996,0.59340537,13,4,0.5,0.425,0.7,0.29781174,29,5,8,1.6444895
dA40,1.94,46.94,25.951962,59.276381,264.30086,0.22427616,0.59246755,11,4,0.525,0.45,0.65,0.28865151,30,2,6,1.6386694
dA40,1.95,46.95,26.284718,59.157169,266.01685,0.22238129,0.60337384,11,4,0.5,0.4,0.675,0.25063487,31,4,9,1.6749079
dA40,1.96,46.96,26.485929,59.297614,267.88089,0.22135814,0.60614405,10,4,0.55,0.4,0.675,0.23461714,31,3,6,1.6695211
dA40,1.97,46.97,26.519913,59.51298,266.28338,0.22349491,0.60273339,10,4,0.575,0.475,0.65,0.23082315,30,4,8,1.6546594
dA40,1.98,46.98,26.57502,59.523155,263.92369,0.22553169,0.6008855,11,4,0.55,0.45,0.675,0.21182692,31,3,9,1.6444219
dA40,1.99,46.99,26.602067,58.823999,268.10308,0.21940814,0.60030013,12,4,0.5,0.425,0.725,0.24126268,29,3,7,1.6780104
dA40,2,47,26.46848,58.539001,265.71845,0.22030462,0.60194473,13,4,0.475,0.375,0.675,0.25911368,30,3,7,1.6581335
dA40,2.01,47.01,26.695581,60.313111,269.41217,0.22386929,0.59521152,13,4,0.475,0.4,0.675,0.26271781,30,5,9,1.6526836
dA40,2.02,47.02,26.876985,60.282043,267.54209,0.22531798,0.59867767,11,4,0.525,0.425,0.7,0.24453372,28,3,7,1.6660632
dA40,2.03,47.03,26.832943,60.763356,265.43466,0.22892021,0.60947695,11,4,0.55,0.45,0.55,0.24305716,29,4,8,1.6824969
dA40,2.04,47.04,27.050854,61.436324,270.08086,0.22747382,0.60198074,12,4,0.475,0.375,0.675,0.25205337,30,3,8,1.6511749
dA40,2.05,47.05,27.304578,61.001868,272.20096,0.224106,0.60770951,8,4,0.65,0.475,0.7,0.23690475,31,2,6,1.6473874
dA40,2.06,47.06,26.966692,59.251733,271.20468,0.21847607,0.59407884,10,4,0.575,0.4,0.65,0.24270992,31,2,8,1.6417155
dA40,2.07,47.07,26.84116,58.576662,264.56456,0.22140781,0.60753127,11,5,0.55,0.325,0.65,0.2293746,30,4,9,1.6834692
dA40,2.08,47.08,26.643377,57.795009,266.43908,0.21691642,0.59335141,11,4,0.525,0.35,0.575,0.24688723,30,4,10,1.6241076
dA40,2.09,47.09,26.672779,57.621873,264.01154,0.21825513,0.58375046,14,4,0.425,0.3,0.6,0.22730474,29,3,6,1.625459
dA40,2.1,47.1,26.558075,58.185411,265.3687,0.21926253,0.58009934,14,3,0.425,0.35,0.575,0.25466118,31,3,8,1.6615131
dA40,2.11,47.11,26.62795,58.347962,265.48963,0.21977492,0.57409279,12,4,0.5,0.4,0.6,0.27252788,28,5,10,1.6593312
dA40,2.12,47.12,26.210239,56.90337,263.76716,0.21573334,0.56835892,13,4,0.475,0.375,0.7,0.28065994,28,4,10,1.6682798
dA40,2.13,47.13,26.140485,56.806586,267.16363,0.21262844,0.56234002,14,3,0.45,0.375,0.6,0.29145426,28,2,8,1.6287187
dA40,2.14,47.14,26.436335,57.469327,264.40866,0.2173504,0.57180953,14,3,0.45,0.375,0.575,0.30776611,30,5,9,1.6281298
dA40,2.15,47.15,26.333156,57.421832,263.82688,0.21764966,0.56643303,13,4,0.5,0.375,0.625,0.28866856,28,4,9,1.6665925
dA40,2.16,47.16,26.083212,56.670808,265.9056,0.21312378,0.55119055,13,3,0.5,0.4,0.7,0.28588014,29,2,7,1.6416671
dA40,2.17,47.17,26.387443,58.667899,267.61115,0.21922816,0.56932211,11,4,0.575,0.4,0.575,0.2755999,26,4,10,1.6375189
dA40,2.18,47.18,26.443403,57.981388,267.97926,0.21636521,0.57736746,11,4,0.55,0.4,0.625,0.27033616,28,3,5,1.6207197
dA40,2.19,47.19,26.651686,57.982175,270.3665,0.21445769,0.58390422,10,4,0.575,0.475,0.675,0.26757569,27,4,9,1.6617538
dA40,2.2,47.2,26.323627,57.196357,270.75192,0.21125005,0.56831452,10,4,0.575,0.475,0.65,0.27524345,28,5,8,1.6477465
dA40,2.21,47.21,26.123187,56.733092,267.35303,0.21220291,0.56607939,10,4,0.575,0.475,0.65,0.28184193,29,7,12,1.6325842
dA40,2.22,47.22,26.225948,56.76279,268.53712,0.21137781,0.57295761,10,4,0.55,0.425,0.625,0.27040706,28,3,7,1.6584014
dA40,2.23,47.23,26.451926,58.404749,270.54297,0.21587975,0.5802675,8,3,0.65,0.525,0.7,0.29464448,28,3,8,1.6507544
dA40,2.24,47.24,26.035537,56.96605,269.58747,0.21130822,0.56468457,11,5,0.55,0.325,0.725,0.26691565,28,4,7,1.7071883
dA40,2.25,47.25,26.052521,57.27879,268.38685,0.21341877,0.57029566,12,3,0.525,0.4,0.775,0.24785366,27,4,7,1.6600645
dA40,2.26,47.26,25.974987,56.591727,266.05387,0.21270778,0.5636235,10,3,0.575,0.45,0.675,0.25564844,29,5,9,1.6715186
dA40,2.27,47.27,25.732552,56.553841,268.1333,0.21091689,0.56990799,9,4,0.6,0.475,0.775,0.23446689,28,6,11,1.6344333
dA40,2.28,47.28,25.603016,55.940106,266.76727,0.20969629,0.55936505,9,4,0.625,0.475,0.75,0.24602588,28,6,11,1.655238
dA40,2.29,47.29,25.560657,56.222238,267.98183,0.2097987,0.55531726,10,4,0.575,0.425,0.625,0.23956348,29,3,7,1.6373101
dA40,2.3,47.3,25.75057,57.812831,266.32965,0.21707245,0.56847492,8,4,0.675,0.525,0.65,0.24612504,32,4,9,1.6358409
dA40,2.31,47.31,25.813329,58.267601,266.59414,0.21856294,0.5788677,10,4,0.575,0.425,0.6,0.28072908,28,3,10,1.6780006
dA40,2.32,47.32,25.622984,56.661332,267.02041,0.21219851,0.55631632,10,4,0.6,0.45,0.6,0.24216829,29,5,9,1.6446384
dA40,2.33,47.33,25.759671,57.808048,266.99987,0.21650965,0.55048883,10,4,0.575,0.425,0.65,0.25914163,31,4,8,1.6517656
dA40,2.34,47.34,25.697093,56.596631,269.19357,0.21024511,0.54454906,11,4,0.525,0.375,0.675,0.25705463,33,4,8,1.6515739
dA40,2.35,47.35,25.707719,54.609319,269.11587,0.20292122,0.52282939,11,4,0.55,0.375,0.65,0.25901081,31,3,6,1.6460666
dA40,2.36,47.36,25.245889,55.225156,267.36857,0.20655066,0.52991794,12,4,0.475,0.325,0.7,0.25170233,32,5,8,1.6384042
dA40,2.37,47.37,25.094889,54.43951,267.81145,0.20327551,0.51590664,11,4,0.525,0.35,0.55,0.25144245,30,3,7,1.6407955
dA40,2.38,47.38,25.116203,53.496639,269.38978,0.19858451,0.51138282,11,3,0.525,0.45,0.7,0.25658838,32,4,9,1.6529222
dA40,2.39,47.39,25.457236,54.083427,269.03071,0.20103068,0.51536145,8,4,0.6,0.45,0.625,0.25107008,32,4,8,1.6591884
dA40,2.4,47.4,25.573573,54.696167,272.44572,0.20075986,0.51198363,8,4,0.65,0.475,0.625,0.25046782,32,2,8,1.6348528
dA40,2.41,47.41,25.43927,54.494762,270.47861,0.20147531,0.50153386,11,4,0.5,0.325,0.65,0.25141533,33,4,7,1.6472136
dA40,2.42,47.42,25.171833,52.957383,270.63927,0.19567516,0.48822482,9,4,0.6,0.425,0.75,0.26356068,32,5,9,1.6314391
dA40,2.43,47.43,25.528172,54.086775,271.04865,0.19954637,0.49347293,12,4,0.5,0.375,0.675,0.24742687,33,3,9,1.6558179
dA40,2.44,47.44,25.363528,53.17965,265.05016,0.20063995,0.50020175,10,3,0.55,0.425,0.65,0.24067332,34,5,11,1.6639099
dA40,2.45,47.45,25.407716,52.634189,265.06454,0.19857122,0.50766714,10,4,0.55,0.375,0.675,0.21515141,32,3,7,1.6319801
dA40,2.46,47.46,25.288226,52.843786,263.51793,0.20053203,0.5016652,10,4,0.575,0.375,0.675,0.2299031,31,3,7,1.6352821
dA40,2.47,47.47,25.483411,53.231966,266.52891,0.19972305,0.50733045,14,5,0.425,0.25,0.675,0.2363191,31,5,8,1.6767726
dA40,2.48,47.48,25.311532,52.926229,265.67826,0.19921174,0.50739479,13,3,0.475,0.375,0.7,0.23658883,31,1,6,1.6599018
dA40,2.49,47.49,25.663669,53.860655,268.82564,0.20035535,0.51387495,10,4,0.575,0.5,0.75,0.20195076,30,4,5,1.6568592
dA40,2.5,47.5,25.294714,53.209087,269.27977,0.19759779,0.4901618,8,4,0.65,0.475,0.75,0.19881222,30,3,5,1.6364845
dA40,2.51,47.51,25.37,52.974718,266.62399,0.19868699,0.48051075,11,4,0.525,0.35,0.675,0.20511619,31,4,7,1.6355661
dA40,2.52,47.52,25.211139,52.723971,266.7732,0.19763594,0.48559812,9,4,0.6,0.425,0.65,0.1931076,31,4,7,1.6723134
dA40,2.53,47.53,24.895869,51.795222,266.83948,0.19410629,0.48288398,9,4,0.625,0.45,0.75,0.22099018,32,4,8,1.6454487
dA40,2.54,47.54,24.836,52.35215,266.72809,0.19627535,0.48641271,11,4,0.525,0.35,0.675,0.20519812,33,2,6,1.6484922
dA40,2.55,47.55,24.497054,51.23756,265.47974,0.19299989,0.46916397,10,4,0.575,0.4,0.675,0.20134207,33,5,9,1.6578656
dA40,2.56,47.56,24.751871,51.851834,265.14649,0.19555919,0.49828709,11,5,0.525,0.35,0.65,0.20367932,32,4,8,1.6424028
dA40,2.57,47.57,24.665907,50.958089,265.81427,0.19170562,0.49381853,11,5,0.525,0.3,0.7,0.22304658,32,4,9,1.6548624
dA40,2.58,47.58,24.571242,51.199096,265.1484,0.193096,0.50461985,11,5,0.55,0.35,0.675,0.24320584,29,4,7,1.6400764
dA40,2.59,47.59,24.442874,51.007469,265.58131,0.19205971,0.48986974,14,4,0.45,0.3,0.625,0.22727371,32,3,5,1.6420396
dA40,2.6,47.6,24.305799,50.507341,263.42574,0.19173275,0.48034765,14,4,0.425,0.3,0.6,0.2467119,33,2,6,1.6689774
dA40,2.61,47.61,24.046653,50.138091,265.73476,0.1886772,0.46687802,12,4,0.525,0.375,0.7,0.21704983,31,4,9,1.6582235
dA40,2.62,47.62,24.240901,51.122473,266.28348,0.19198515,0.4799352,10,4,0.575,0.375,0.6,0.22799323,32,4,10,1.6791269
dA40,2.63,47.63,24.124478,51.579407,269.60544,0.19131442,0.46530111,12,4,0.525,0.375,0.625,0.23588902,30,2,7,1.6549693
dA40,2.64,47.64,24.049011,50.976667,266.55214,0.19124464,0.47123754,11,4,0.55,0.375,0.675,0.22124691,31,3,8,1.6517528
dA40,2.65,47.65,24.258069,51.154842,266.11637,0.19222734,0.48858033,12,4,0.525,0.375,0.7,0.25625872,32,5,9,1.6516077
dA40,2.66,47.66,24.274457,50.515018,266.1107,0.18982708,0.49606589,12,4,0.525,0.375,0.675,0.24982559,31,5,12,1.6449217
dA40,2.67,47.67,24.115126,50.581033,265.7645,0.19032276,0.49197055,14,4,0.45,0.3,0.625,0.22001543,30,4,10,1.6482233
dA40,2.68,47.68,24.006792,51.207584,266.87914,0.19187556,0.47613192,13,4,0.45,0.325,0.65,0.21817968,32,4,8,1.680867
dA40,2.69,47.69,23.889134,51.506507,260.18673,0.19795978,0.48553304,14,4,0.475,0.325,0.625,0.23775793,32,4,9,1.6617742
dA40,2.7,47.7,23.945094,51.159171,264.4308,0.19346903,0.47499499,12,4,0.525,0.375,0.625,0.23226566,31,4,8,1.6553802
dA40,2.71,47.71,24.02863,50.690807,265.05865,0.19124373,0.48107849,12,4,0.525,0.375,0.65,0.24683621,29,3,7,1.6373442
dA40,2.72,47.72,24.09659,51.000158,265.9541,0.19176301,0.48166567,15,4,0.425,0.3,0.75,0.24372578,31,4,8,1.6625363
dA40,2.73,47.73,24.169515,51.938058,265.42193,0.19568111,0.50148503,13,5,0.5,0.275,0.65,0.24601028,30,3,6,1.6921487
dA40,2.74,47.74,24.23193,51.476709,267.3349,0.19255514,0.50752287,13,3,0.5,0.375,0.675,0.23228771,30,3,6,1.6520502
dA40,2.75,47.75,24.405635,50.951259,263.34036,0.19348063,0.49799744,13,4,0.475,0.35,0.6,0.24954391,30,4,8,1.6537122
dA40,2.76,47.76,24.373667,51.028857,265.07289,0.19250878,0.49921855,14,4,0.45,0.3,0.625,0.25119764,29,3,7,1.6328785
dA40,2.77,47.77,24.427098,51.115075,265.258,0.19269946,0.51964372,14,4,0.45,0.375,0.75,0.21762483,29,3,8,1.6623055
dA40,2.78,47.78,24.244414,51.402965,264.66288,0.19422053,0.51932097,14,4,0.45,0.325,0.725,0.23498567,31,6,10,1.6481483
dA40,2.79,47.79,24.293251,51.093102,266.45863,0.19174872,0.51285206,10,4,0.575,0.425,0.675,0.24450706,30,2,4,1.6705149
dA40,2.8,47.8,24.120335,50.636671,263.40552,0.19223846,0.51690171,11,4,0.55,0.425,0.625,0.24108338,31,2,8,1.6637268
dA40,2.81,47.81,23.911487,50.603093,263.44506,0.19208214,0.50830276,12,4,0.5,0.425,0.725,0.25011997,30,1,5,1.6556637
dA40,2.82,47.82,24.021017,50.252172,264.45589,0.190021,0.49485554,12,4,0.525,0.4,0.625,0.24889361,31,3,10,1.6316332
dA40,2.83,47.83,24.334283,51.08886,263.02659,0.19423458,0.5152072,14,4,0.425,0.325,0.675,0.24599759,32,4,9,1.6703725
dA40,2.84,47.84,24.579516,51.251182,263.4973,0.19450363,0.51505052,13,4,0.475,0.325,0.625,0.24346356,30,3,8,1.6472064
dA40,2.85,47.85,24.515636,50.393696,265.38943,0.18988585,0.51027231,12,4,0.525,0.35,0.7,0.23245361,32,3,6,1.6563111
dA40,2.86,47.86,24.441746,50.163461,268.37509,0.18691549,0.49779256,12,4,0.5,0.35,0.75,0.24170561,29,5,8,1.6641378
dA40,2.87,47.87,24.385925,49.227061,267.93594,0.18372698,0.49432732,10,4,0.6,0.425,0.725,0.24909437,30,1,4,1.6469729
dA40,2.88,47.88,24.192203,48.524945,264.35661,0.18355866,0.50286168,11,4,0.575,0.425,0.75,0.24740395,31,5,10,1.6559903
dA40,2.89,47.89,24.056128,48.808618,264.02752,0.18486186,0.49458021,11,4,0.575,0.425,0.625,0.24402988,30,5,6,1.6501535
dA40,2.9,47.9,24.358103,49.358415,265.03765,0.18623171,0.51267781,12,4,0.5,0.325,0.65,0.26879212,31,4,9,1.6511735
dA40,2.91,47.91,24.463558,49.725929,268.17661,0.18542232,0.4984661,11,4,0.525,0.35,0.775,0.25865862,31,5,11,1.6260742
dA40,2.92,47.92,24.551405,50.023391,266.88781,0.18743228,0.50355718,11,4,0.525,0.35,0.725,0.24591388,31,2,6,1.652268
dA40,2.93,47.93,24.420402,49.945676,267.08317,0.18700421,0.51310853,11,4,0.525,0.375,0.725,0.24870587,32,2,8,1.6268016
dA40,2.94,47.94,24.188429,50.15387,267.11467,0.18776157,0.49859899,8,4,0.65,0.475,0.65,0.24664687,32,3,7,1.6541773
dA40,2.95,47.95,24.286102,51.066508,266.07249,0.19192705,0.51711973,11,4,0.55,0.4,0.725,0.24883991,30,4,8,1.6356452
dA40,2.96,47.96,24.489239,51.088171,265.45419,0.1924557,0.51212981,11,4,0.55,0.4,0.7,0.2533537,32,2,5,1.6628813
dA40,2.97,47.97,24.502885,51.488773,267.02622,0.19282291,0.51509802,12,5,0.525,0.35,0.625,0.26064857,31,3,7,1.6456794
dA40,2.98,47.98,24.700743,52.212105,267.35976,0.19528782,0.52424222,11,4,0.55,0.4,0.725,0.26479224,30,3,6,1.6673303
dA40,2.99,47.99,24.409661,50.378154,267.82484,0.18810112,0.51356529,11,4,0.55,0.425,0.725,0.27351887,33,3,5,1.6809637
dA40,3,48,24.677555,50.760391,270.91775,0.18736458,0.52973319,11,4,0.55,0.4,0.725,0.27681237,31,3,5,1.643336
dA40,3.01,48.01,24.818576,50.322629,268.01894,0.18775774,0.53125171,9,4,0.6,0.45,0.7,0.26720044,32,3,7,1.6398861
dA40,3.02,48.02,24.940281,50.183821,267.96516,0.18727741,0.54209596,9,4,0.6,0.425,0.725,0.22900304,31,2,6,1.6415498
dA40,3.03,48.03,24.829942,49.107552,267.07382,0.18387257,0.55215859,11,4,0.525,0.375,0.725,0.22103333,32,2,7,1.6466891
dA40,3.04,48.04,24.781637,49.850163,265.77225,0.18756723,0.54246528,10,4,0.575,0.425,0.65,0.24820634,32,2,7,1.6617245
dA40,3.05,48.05,25.115723,51.643903,267.22936,0.19325684,0.55192477,8,4,0.625,0.45,0.725,0.25377855,32,4,7,1.6625643
dA40,3.06,48.06,25.119352,52.206452,266.35914,0.19600023,0.55871017,9,4,0.575,0.4,0.675,0.22072379,33,3,7,1.6737062
dA40,3.07,48.07,25.373307,52.14366,268.40773,0.19427034,0.56005246,12,4,0.5,0.35,0.7,0.21171407,33,1,4,1.6292435
dA40,3.08,48.08,25.415573,51.057627,269.45906,0.18948195,0.56747693,8,4,0.625,0.45,0.725,0.23905173,32,4,9,1.6505884
dA40,3.09,48.09,25.089998,50.595162,265.32498,0.19069128,0.55806936,11,4,0.55,0.425,0.675,0.24035557,31,3,7,1.6507871
dA40,3.1,48.1,25.045685,51.164873,267.2247,0.1914676,0.5518888,10,4,0.55,0.45,0.775,0.25601042,31,5,9,1.6621936
dA40,3.11,48.11,25.00309,50.21182,265.66721,0.1890027,0.54894225,11,4,0.525,0.425,0.85,0.27570754,30,2,5,1.6693785
dA40,3.12,48.12,25.445217,51.385247,266.7642,0.19262422,0.55485094,11,4,0.5,0.35,0.7,0.24647452,31,0,4,1.641467
dA40,3.13,48.13,25.267504,52.02173,263.66611,0.19730155,0.56793545,11,4,0.525,0.4,0.675,0.25184723,30,6,12,1.643646
dA40,3.14,48.14,25.234562,51.245257,262.42032,0.1952793,0.56503438,11,3,0.55,0.425,0.675,0.26302054,31,4,9,1.6358691
dA40,3.15,48.15,25.085609,51.064068,263.34541,0.19390529,0.5756607,10,4,0.6,0.475,0.65,0.25423638,32,4,9,1.6355084
dA40,3.16,48.16,24.796734,50.583429,265.91024,0.19022746,0.57127102,11,4,0.55,0.4,0.675,0.25800288,29,6,8,1.6422596
dA40,3.17,48.17,24.807586,51.434756,262.87583,0.1956618,0.56055838,14,4,0.475,0.375,0.7,0.23413763,31,5,8,1.6475628
dA40,3.18,48.18,24.803647,50.780532,264.67007,0.19186352,0.56549373,13,4,0.45,0.4,0.65,0.24376682,28,3,7,1.6278387
dA40,3.19,48.19,24.951667,51.880111,262.48915,0.19764669,0.56976406,11,5,0.525,0.375,0.6,0.25127434,28,4,8,1.6489468
dA40,3.2,48.2,25.207807,52.859854,262.12909,0.20165581,0.57579368,10,4,0.55,0.475,0.6,0.2642505,28,4,8,1.6382595
dA40,3.21,48.21,25.317502,52.618458,266.15555,0.19769815,0.57106751,12,4,0.525,0.45,0.65,0.26820479,28,3,7,1.6497352
dA40,3.22,48.22,25.461582,53.558822,263.85363,0.20298687,0.58276091,11,4,0.525,0.425,0.75,0.23093762,28,3,7,1.6681164
dA40,3.23,48.23,25.138847,53.855573,265.06023,0.20318239,0.56942217,10,4,0.575,0.425,0.675,0.24064135,29,3,7,1.648575
dA40,3.24,48.24,25.478297,55.025846,264.08488,0.20836424,0.58704943,12,5,0.5,0.375,0.725,0.23125903,31,4,6,1.6573123
dA40,3.25,48.25,25.158507,52.955478,263.91304,0.20065503,0.57974289,12,4,0.5,0.4,0.7,0.22482898,32,1,3,1.6529392
dA40,3.26,48.26,25.209764,53.532971,262.83268,0.203677,0.58245206,10,4,0.575,0.425,0.725,0.23225197,32,3,7,1.6841643
dA40,3.27,48.27,24.929862,53.842696,262.855,0.20483801,0.57582254,11,4,0.5,0.4,0.65,0.2377489,31,2,6,1.6668186
dA40,3.28,48.28,24.892465,54.036832,264.36832,0.2043998,0.55225415,11,4,0.525,0.4,0.625,0.22184569,31,1,4,1.651388
dA40,3.29,48.29,24.952144,54.014192,264.00692,0.20459385,0.55716354,13,4,0.5,0.375,0.65,0.22808458,32,1,2,1.6285377
dA40,3.3,48.3,25.107718,54.071257,264.96169,0.20407198,0.55596787,10,4,0.6,0.45,0.725,0.22736849,28,5,7,1.6767817
dA40,3.31,48.31,25.298281,54.264964,266.54292,0.20358809,0.55027311,9,5,0.625,0.4,0.65,0.23730742,28,3,6,1.6586719
dA40,3.32,48.32,25.494924,54.399358,266.67261,0.20399304,0.56286514,12,4,0.475,0.375,0.6,0.24106515,30,3,5,1.6487293
dA40,3.33,48.33,25.151922,53.792727,267.01967,0.20145605,0.55289295,10,4,0.575,0.45,0.65,0.25693501,29,5,7,1.6414352
dA40,3.34,48.34,25.212789,52.454858,267.35162,0.19620176,0.55308114,11,4,0.5,0.4,0.625,0.24559668,29,4,7,1.6264848
dA40,3.35,48.35,25.363852,53.6013,268.20113,0.19985486,0.56722986,10,4,0.525,0.4,0.625,0.25424404,33,4,7,1.6428311
dA40,3.36,48.36,25.717107,54.293011,265.80696,0.20425729,0.58624886,13,4,0.45,0.375,0.675,0.23389143,30,3,7,1.6458809
dA40,3.37,48.37,25.360986,53.590774,264.73965,0.20242821,0.57792589,13,4,0.45,0.375,0.7,0.2501178,30,4,7,1.6410779
dA40,3.38,48.38,25.284392,53.314813,263.33592,0.20245933,0.57383214,13,5,0.45,0.3,0.625,0.27105393,32,4,9,1.6735618
dA40,3.39,48.39,25.190274,53.52447,265.0365,0.20195131,0.56792421,11,4,0.525,0.425,0.65,0.25903574,33,5,7,1.6398969
dA40,3.4,48.4,25.210968,54.001986,264.46878,0.2041904,0.56356534,13,4,0.475,0.375,0.7,0.24868286,33,4,9,1.6569769
dA40,3.41,48.41,25.247805,53.324515,264.33196,0.20173314,0.57301667,12,4,0.525,0.425,0.65,0.24052885,32,4,8,1.6710656
dA40,3.42,48.42,25.148568,53.37634,265.20122,0.20126733,0.57421014,14,4,0.45,0.3,0.55,0.2517471,32,5,9,1.6579429
dA40,3.43,48.43,25.159589,52.736681,267.69505,0.19700283,0.57499121,11,4,0.55,0.4,0.6,0.23128833,31,2,7,1.6430984
dA40,3.44,48.44,24.908247,52.795583,266.50081,0.19810665,0.57592517,11,4,0.55,0.375,0.6,0.23924777,33,4,9,1.6559355
dA40,3.45,48.45,24.826126,52.436951,268.43796,0.19534104,0.57285709,9,4,0.625,0.425,0.675,0.24363194,31,6,9,1.6470064
dA40,3.46,48.46,24.456681,51.517459,268.36854,0.19196535,0.54503528,11,4,0.55,0.4,0.625,0.24285261,32,3,8,1.643361
dA40,3.47,48.47,24.806421,52.109444,269.69042,0.19321949,0.56481176,7,4,0.7,0.525,0.675,0.23718038,32,4,9,1.6654104
dA40,3.48,48.48,24.702174,51.30239,267.62121,0.19169777,0.54726439,10,4,0.6,0.425,0.625,0.24938369,31,5,10,1.6376651
dA40,3.49,48.49,24.894179,52.322242,264.89472,0.1975209,0.57118072,11,4,0.55,0.4,0.675,0.26432545,31,1,6,1.6676286
dA40,3.5,48.5,24.907735,52.070464,269.84774,0.19296239,0.56253543,10,4,0.575,0.4,0.55,0.22995132,31,5,9,1.6485413
dA40,3.51,48.51,25.022792,52.246493,269.33004,0.19398688,0.57123416,11,4,0.525,0.375,0.6,0.25582802,31,4,8,1.6548654
dA40,3.52,48.52,25.127441,52.018605,270.29168,0.19245359,0.57179088,11,4,0.525,0.35,0.65,0.26359961,32,4,7,1.6600522
dA40,3.53,48.53,24.604591,49.897319,267.88285,0.18626545,0.56104745,11,4,0.575,0.425,0.65,0.2628013,32,4,7,1.661358
dA40,3.54,48.54,24.580947,51.026296,268.74086,0.18987174,0.55350609,11,4,0.55,0.4,0.7,0.2487409,33,5,9,1.6502659
dA40,3.55,48.55,24.682493,50.940849,267.60292,0.19035984,0.55364312,12,4,0.525,0.375,0.725,0.26297436,32,5,8,1.6374177
dA40,3.56,48.56,24.441999,50.962058,268.1596,0.19004376,0.54490711,9,4,0.6,0.425,0.7,0.2638168,33,1,6,1.6722815
dA40,3.57,48.57,24.359923,51.18279,268.23148,0.19081575,0.54596227,12,4,0.5,0.35,0.675,0.23766285,33,2,6,1.6411899
dA40,3.58,48.58,24.544706,51.557554,268.03373,0.19235473,0.553222,10,4,0.575,0.4,0.675,0.26320039,32,3,8,1.6498221
dA40,3.59,48.59,24.383985,52.252555,266.6685,0.19594573,0.54536888,12,4,0.525,0.375,0.65,0.24789723,31,4,9,1.6366658
dA40,3.6,48.6,24.398108,52.269897,264.63661,0.19751574,0.5502088,14,4,0.45,0.35,0.65,0.25004947,32,4,7,1.6465652
dA40,3.61,48.61,24.754904,52.49726,262.55472,0.19994788,0.55861318,12,3,0.5,0.425,0.675,0.25317354,31,5,8,1.6595263
dA40,3.62,48.62,24.899014,52.658232,263.42972,0.1998948,0.55439633,11,3,0.525,0.425,0.675,0.22582235,30,3,9,1.6512914
dA40,3.63,48.63,24.89445,53.179807,263.89494,0.20151886,0.54228413,11,4,0.55,0.375,0.65,0.24037869,32,2,8,1.6409442
dA40,3.64,48.64,24.975057,52.776759,265.01273,0.19914801,0.54300569,11,4,0.55,0.4,0.75,0.20318388,32,3,9,1.6510714
dA40,3.65,48.65,25.122473,53.33656,266.94242,0.19980548,0.55867391,11,3,0.525,0.375,0.65,0.20667867,31,3,7,1.6429237
dA40,3.66,48.66,25.302374,53.36354,264.91471,0.20143668,0.5709417,12,3,0.5,0.4,0.7,0.23234155,30,1,6,1.66512
dA40,3.67,48.67,25.431224,53.2513,268.79714,0.19810963,0.5772101,8,3,0.625,0.475,0.6,0.20651081,31,6,11,1.6510418
dA40,3.68,48.68,25.037724,52.919266,265.91437,0.19900867,0.56780926,11,3,0.5,0.4,0.65,0.20996637,30,5,10,1.6530292
dA40,3.69,48.69,24.913291,52.219178,262.68593,0.1987894,0.56445735,11,3,0.525,0.425,0.675,0.18568172,31,4,10,1.6707455
dA40,3.7,48.7,24.830009,52.00329,267.09122,0.19470236,0.55418273,10,3,0.55,0.4,0.625,0.19705278,31,1,8,1.6529891
dA40,3.71,48.71,24.761859,51.246213,264.59765,0.193676,0.54880578,9,3,0.625,0.475,0.65,0.18621146,29,3,9,1.6557174
dA40,3.72,48.72,24.988858,51.508728,265.02391,0.19435502,0.54286888,10,3,0.55,0.425,0.625,0.2026506,31,3,7,1.6608433
dA40,3.73,48.73,24.670069,51.43278,262.62521,0.19584099,0.5397296,11,3,0.5,0.4,0.7,0.1871972,28,2,8,1.6577253
dA40,3.74,48.74,24.650298,51.175547,263.74864,0.19403151,0.54229371,10,4,0.575,0.4,0.8,0.19793808,26,3,10,1.6526536
dA40,3.75,48.75,24.732809,51.903846,263.05524,0.19731158,0.52588637,12,4,0.5,0.35,0.675,0.18517831,27,4,9,1.6692661
dA40,3.76,48.76,24.831771,51.538851,265.07784,0.19442912,0.51676799,9,3,0.625,0.525,0.725,0.20609871,26,2,7,1.6633968
dA40,3.77,48.77,24.841939,51.252341,264.89963,0.19347834,0.54474695,11,3,0.55,0.475,0.7,0.20658093,28,1,7,1.6589231
dA40,3.78,48.78,25.09132,51.769865,265.64978,0.19488014,0.55420776,9,3,0.6,0.525,0.65,0.20372776,29,4,7,1.6462712
dA40,3.79,48.79,25.206143,52.452067,264.91726,0.19799415,0.55127286,11,4,0.525,0.4,0.725,0.17707431,27,3,7,1.6334083
dA40,3.8,48.8,25.169474,52.42732,261.56694,0.20043557,0.54922416,14,3,0.45,0.35,0.65,0.18071478,27,2,6,1.6499582
dA40,3.81,48.81,25.186579,52.702393,263.00205,0.20038776,0.5495961,14,3,0.425,0.35,0.675,0.1901419,27,1,5,1.6323238
dA40,3.82,48.82,25.3214,53.403795,264.74378,0.20171879,0.55174135,13,3,0.475,0.375,0.625,0.19126444,28,3,5,1.6499607
dA40,3.83,48.83,25.263121,53.200782,261.94439,0.20309953,0.55143563,15,3,0.425,0.35,0.625,0.19338919,28,4,8,1.6413491
dA40,3.84,48.84,25.205032,53.099883,264.05259,0.20109586,0.52399903,12,3,0.5,0.425,0.625,0.20920599,29,3,8,1.6677669
dA40,3.85,48.85,25.093654,52.426775,263.82511,0.19871791,0.53033966,14,3,0.45,0.4,0.65,0.17871654,29,2,6,1.6477998
dA40,3.86,48.86,25.326641,52.802318,262.54872,0.20111436,0.53244112,13,3,0.425,0.325,0.675,0.17066723,28,4,8,1.6405004
dA40,3.87,48.87,25.402299,53.567546,262.86376,0.20378445,0.53998099,14,3,0.45,0.375,0.7,0.18713221,28,2,4,1.6216969
dA40,3.88,48.88,25.427043,53.588081,263.40572,0.20344312,0.52911329,13,3,0.425,0.325,0.7,0.19018377,28,3,6,1.6536861
dA40,3.89,48.89,25.370751,53.075066,264.77419,0.20045408,0.53078774,12,3,0.475,0.375,0.55,0.17067096,30,4,9,1.6402536
dA40,3.9,48.9,25.376736,52.096983,263.17696,0.1979542,0.53059382,13,3,0.425,0.35,0.625,0.14601283,30,3,7,1.6313488
dA40,3.91,48.91,25.571243,52.46758,265.26973,0.19778955,0.54249236,11,3,0.55,0.475,0.75,0.15182612,30,3,7,1.6451454
dA40,3.92,48.92,25.642447,53.004777,261.424,0.20275406,0.55374125,12,3,0.5,0.375,0.475,0.17676928,30,1,5,1.6301557
dA40,3.93,48.93,25.381533,51.776015,264.76261,0.19555637,0.53757679,10,4,0.575,0.45,0.65,0.17448212,29,5,9,1.6495046
dA40,3.94,48.94,25.066928,51.580915,263.32793,0.19588091,0.52985884,13,4,0.5,0.35,0.65,0.18515161,30,6,7,1.6464366
dA40,3.95,48.95,25.205587,50.869533,266.37015,0.1909731,0.52894363,12,3,0.5,0.4,0.6,0.17030127,29,5,6,1.6369979
dA40,3.96,48.96,25.110959,51.008607,264.57576,0.19279396,0.52465884,13,5,0.5,0.325,0.575,0.14228326,29,5,9,1.6490201
dA40,3.97,48.97,25.316047,52.242221,262.36383,0.19912128,0.54234644,12,4,0.525,0.375,0.625,0.16952568,29,4,8,1.6532901
dA40,3.98,48.98,25.218899,51.175688,264.39168,0.19356013,0.52976392,14,4,0.45,0.325,0.675,0.13496167,29,5,8,1.6378438
dA40,3.99,48.99,25.106175,52.698148,263.24176,0.20018917,0.53309594,13,4,0.475,0.35,0.7,0.1563821,27,5,8,1.6864194
dA40,4,49,25.41603,53.249468,265.34753,0.20067821,0.53677314,14,4,0.425,0.3,0.7,0.14722034,27,4,9,1.6509528
dA40,4.01,49.01,25.79677,53.186953,264.14667,0.20135386,0.54482849,12,5,0.525,0.35,0.575,0.1474681,29,4,7,1.6671517
dA40,4.02,49.02,26.250238,54.958606,262.99394,0.2089729,0.56364286,13,4,0.475,0.35,0.675,0.15046213,31,5,9,1.650793
dA40,4.03,49.03,26.165862,54.344088,265.51604,0.20467346,0.56670448,14,4,0.45,0.325,0.725,0.14807442,28,4,7,1.6380111
dA40,4.04,49.04,26.144877,54.239292,265.4523,0.20432783,0.56958762,12,4,0.475,0.325,0.575,0.16736883,30,4,8,1.6493057
dA40,4.05,49.05,26.085144,54.790719,265.33018,0.20650014,0.56748033,12,4,0.5,0.375,0.7,0.18090511,29,6,12,1.6541543
dA40,4.06,49.06,25.953245,53.381163,264.22096,0.20203228,0.56497349,13,4,0.475,0.35,0.6,0.17941307,29,5,10,1.6482986
dA40,4.07,49.07,25.955852,53.252097,265.37182,0.20066975,0.56348807,10,3,0.575,0.475,0.65,0.16290403,30,6,9,1.6754221
dA40,4.08,49.08,25.690493,53.277542,265.74718,0.20048206,0.56352067,12,4,0.5,0.35,0.625,0.19004484,30,6,9,1.6691581
dA40,4.09,49.09,26.022991,53.608032,264.8049,0.2024435,0.55989203,14,4,0.45,0.325,0.6,0.19774816,29,6,9,1.649303
dA40,4.1,49.1,26.242042,53.571887,265.64129,0.20167003,0.57140254,13,4,0.475,0.325,0.625,0.20994181,28,4,6,1.6407063
dA40,4.11,49.11,26.068351,53.36499,267.11368,0.19978382,0.5720371,12,4,0.475,0.325,0.65,0.20261391,30,5,9,1.6471188
dA40,4.12,49.12,25.794849,52.563682,266.70298,0.19708697,0.54918195,11,4,0.525,0.4,0.675,0.21216523,26,5,7,1.6240423
dA40,4.13,49.13,25.692806,52.613833,266.75621,0.19723564,0.55760672,13,3,0.45,0.35,0.675,0.22768121,27,6,8,1.653526
dA40,4.14,49.14,25.909708,53.125301,265.14855,0.20036052,0.55868952,11,3,0.525,0.375,0.65,0.22809483,29,4,7,1.6541429
dA40,4.15,49.15,25.700937,52.59472,263.71437,0.19943821,0.55413974,13,3,0.475,0.35,0.675,0.21260257,28,5,10,1.6440461
dA40,4.16,49.16,25.581494,51.808028,266.55537,0.19436122,0.55464228,12,3,0.525,0.4,0.575,0.23209825,29,3,8,1.6563345
dA40,4.17,49.17,25.466328,51.848321,264.70362,0.19587311,0.55324122,13,4,0.475,0.3,0.7,0.22411634,29,5,7,1.6560871
dA40,4.18,49.18,25.219278,50.989832,261.65005,0.19487798,0.54326075,11,4,0.55,0.375,0.6,0.26606189,28,4,7,1.6423988
dA40,4.19,49.19,25.353187,51.294009,265.8322,0.19295635,0.54491424,9,3,0.6,0.525,0.575,0.23905632,31,3,8,1.6861189
dA40,4.2,49.2,25.461742,52.425316,266.30087,0.19686498,0.54209763,12,3,0.475,0.4,0.55,0.26667667,31,5,9,1.6329141
dA40,4.21,49.21,25.198834,50.605107,263.2522,0.19223052,0.54065501,13,4,0.475,0.375,0.525,0.24801516,30,5,7,1.6621327
dA40,4.22,49.22,25.431531,51.243322,265.14202,0.19326745,0.54912249,12,3,0.5,0.425,0.65,0.2361174,30,3,6,1.6412519
dA40,4.23,49.23,25.178547,51.444923,264.26745,0.19466992,0.54750504,12,3,0.475,0.35,0.7,0.22631688,29,2,4,1.655076
dA40,4.24,49.24,25.130286,51.689118,261.40945,0.1977324,0.54972361,14,4,0.45,0.275,0.575,0.21406507,32,4,8,1.6445473
dA40,4.25,49.25,25.067941,49.204508,260.511,0.18887689,0.55389978,14,4,0.45,0.3,0.525,0.20988807,32,5,9,1.6576221
dA40,4.26,49.26,25.063406,48.589787,264.24831,0.18387927,0.54414917,13,3,0.475,0.3,0.625,0.20663645,30,6,8,1.637433
dA40,4.27,49.27,25.068077,49.898918,262.33124,0.1902134,0.54851073,15,4,0.4,0.225,0.575,0.20366328,28,4,8,1.6431582
dA40,4.28,49.28,24.694812,47.416387,261.86086,0.18107474,0.54136838,16,4,0.375,0.225,0.575,0.18766601,28,3,6,1.677952
dA40,4.29,49.29,24.885621,48.207169,261.0001,0.18470173,0.52673402,12,4,0.475,0.275,0.6,0.19781843,29,6,10,1.6491782
dA40,4.3,49.3,24.977851,47.064924,260.02616,0.18100073,0.52293093,15,4,0.4,0.225,0.55,0.2017402,27,4,7,1.6713479
dA40,4.31,49.31,25.060772,48.840879,262.6933,0.18592358,0.51695855,12,4,0.5,0.3,0.675,0.17894147,28,5,8,1.6481264
dA40,4.32,49.32,24.93799,48.558093,264.63252,0.18349254,0.51427714,12,3,0.475,0.3,0.575,0.17156281,28,5,7,1.6337728
dA40,4.33,49.33,24.850658,49.014361,264.60309,0.18523729,0.5201049,12,4,0.475,0.25,0.675,0.17548155,28,5,6,1.6386551
dA40,4.34,49.34,24.62821,48.956935,262.86568,0.18624316,0.50976528,15,4,0.4,0.25,0.575,0.16902491,31,4,5,1.6445229
dA40,4.35,49.35,24.677148,48.901928,264.50848,0.18487849,0.51460897,13,4,0.45,0.275,0.65,0.17584907,28,5,10,1.6547517
dA40,4.36,49.36,24.651409,48.859897,261.21817,0.18704632,0.50697354,13,3,0.475,0.35,0.6,0.16566447,31,3,9,1.653187
dA40,4.37,49.37,24.685259,48.558403,260.03896,0.18673511,0.49722999,15,4,0.425,0.275,0.575,0.17405224,30,3,7,1.6464143
dA40,4.38,49.38,25.068804,49.116361,260.95278,0.18821935,0.49276215,13,4,0.475,0.275,0.65,0.17588555,30,3,8,1.6289243
dA40,4.39,49.39,24.770449,48.300642,260.4617,0.1854424,0.47182282,13,3,0.475,0.325,0.525,0.17638504,32,1,6,1.6379645
dA40,4.4,49.4,24.923662,49.350998,265.07897,0.1861747,0.47677379,14,3,0.425,0.3,0.675,0.1790472,30,5,8,1.6509789
dA40,4.41,49.41,24.923638,50.408451,264.52541,0.19056185,0.48710606,10,3,0.55,0.375,0.625,0.17735609,30,2,7,1.656991
dA40,4.42,49.42,24.980067,49.741931,266.27269,0.18680823,0.49818698,13,3,0.475,0.375,0.725,0.17099558,30,5,8,1.6618974
dA40,4.43,49.43,25.134706,50.880033,265.41249,0.19170173,0.49583982,13,3,0.5,0.375,0.7,0.19337585,28,5,10,1.6320076
dA40,4.44,49.44,25.178762,51.151783,265.75741,0.19247547,0.49482877,13,3,0.475,0.325,0.65,0.16961654,29,4,8,1.6623113
dA40,4.45,49.45,25.332634,50.773243,267.34022,0.18991995,0.49847104,13,3,0.475,0.325,0.575,0.17453208,29,5,8,1.6614609
dA40,4.46,49.46,25.40665,50.834089,265.93854,0.19114976,0.49391061,12,3,0.5,0.325,0.675,0.14486486,28,4,8,1.6427845
dA40,4.47,49.47,25.28828,48.962369,264.50261,0.1851111,0.48521223,11,3,0.55,0.4,0.65,0.18071498,28,3,7,1.6475296
dA40,4.48,49.48,25.304982,50.972635,266.4859,0.19127704,0.48514344,12,4,0.5,0.325,0.6,0.17102805,28,2,7,1.6556762
dA40,4.49,49.49,24.889128,49.144622,264.17831,0.18602823,0.48213709,10,4,0.55,0.35,0.65,0.17436714,28,2,5,1.6448584
dA40,4.5,49.5,25.085898,49.978742,268.36369,0.18623511,0.48159577,8,3,0.625,0.45,0.575,0.17823792,27,0,3,1.6846424
dA40,4.51,49.51,25.108008,50.440968,265.67334,0.18986085,0.48596341,8,3,0.65,0.475,0.725,0.19393763,26,3,6,1.6452918
dA40,4.52,49.52,25.22094,51.331941,265.86481,0.19307535,0.50029464,9,3,0.6,0.475,0.725,0.18729569,27,4,7,1.6653996
dA40,4.53,49.53,24.909671,50.093244,265.70113,0.18853229,0.48667985,9,4,0.6,0.375,0.7,0.20234251,29,3,8,1.652047
dA40,4.54,49.54,25.090217,48.907005,269.40725,0.18153559,0.49314436,7,4,0.675,0.45,0.65,0.1959433,28,3,8,1.6520497
dA40,4.55,49.55,25.020809,48.966589,266.56464,0.18369499,0.48384399,9,3,0.6,0.475,0.625,0.21765206,29,5,8,1.6635128
dA40,4.56,49.56,24.943802,48.287788,265.71737,0.18172613,0.47926578,10,3,0.575,0.4,0.65,0.19975686,27,5,9,1.6517984
dA40,4.57,49.57,25.129325,48.606348,262.74635,0.18499343,0.49939033,10,3,0.55,0.375,0.65,0.19485463,30,4,7,1.6394875
dA40,4.58,49.58,25.176778,49.15073,262.87261,0.18697547,0.49099022,12,3,0.525,0.4,0.65,0.20365097,31,5,10,1.6404488
dA40,4.59,49.59,25.181977,48.534784,263.14746,0.18443949,0.5070606,12,4,0.475,0.275,0.675,0.21204988,31,4,8,1.650227
dA40,4.6,49.6,25.281695,49.887132,265.89812,0.18761747,0.5105093,12,4,0.5,0.3,0.525,0.19904378,33,4,7,1.6439846
dA40,4.61,49.61,25.283072,50.121484,268.75211,0.18649708,0.5113767,11,4,0.55,0.35,0.675,0.17175824,29,5,9,1.6463038
dA40,4.62,49.62,25.132679,49.128667,265.54709,0.18500925,0.51225682,13,4,0.5,0.3,0.65,0.19131657,31,5,9,1.6865005
dA40,4.63,49.63,25.350392,49.360684,263.85813,0.18707282,0.5139191,13,4,0.5,0.325,0.65,0.18738344,30,5,9,1.6366693
dA40,4.64,49.64,25.502597,49.485786,268.71098,0.1841599,0.51168056,11,2,0.575,0.45,0.7,0.17962189,31,6,10,1.6757866
dA40,4.65,49.65,25.484729,49.37782,266.90538,0.18500122,0.51315418,10,3,0.575,0.4,0.75,0.17439061,30,5,9,1.6496378
dA40,4.66,49.66,25.617348,49.943158,264.38801,0.188901,0.5058708,12,4,0.525,0.35,0.675,0.20192342,28,4,8,1.6597761
dA40,4.67,49.67,25.940009,50.97581,266.47152,0.19129929,0.51357682,8,3,0.65,0.475,0.625,0.18218998,30,6,11,1.6490721
dA40,4.68,49.68,25.563526,50.072372,263.7012,0.18988299,0.50077326,9,3,0.625,0.475,0.7,0.17161043,30,4,7,1.6659513
dA40,4.69,49.69,25.865622,50.379568,264.10473,0.19075602,0.50853137,9,3,0.65,0.475,0.575,0.19108083,31,3,6,1.6437192
dA40,4.7,49.7,25.836327,51.349071,266.40847,0.19274564,0.51020207,8,4,0.65,0.45,0.575,0.17384905,29,4,9,1.6308505
dA40,4.71,49.71,25.910774,51.705478,265.99848,0.19438261,0.51990995,9,4,0.6,0.4,0.575,0.19917794,30,4,8,1.6715595
dA40,4.72,49.72,26.194551,51.484127,265.51487,0.19390299,0.52951908,9,4,0.6,0.425,0.575,0.18191061,31,4,10,1.6407105
dA40,4.73,49.73,25.814148,50.682165,264.81855,0.19138449,0.50643046,9,4,0.6,0.4,0.625,0.21412552,32,3,7,1.6457642
dA40,4.74,49.74,25.833887,51.884708,263.68283,0.19676938,0.50900337,10,2,0.575,0.45,0.65,0.2100629,31,2,6,1.6551292
dA40,4.75,49.75,25.703969,50.971659,265.06296,0.19230019,0.50283219,10,2,0.55,0.45,0.725,0.2142178,29,3,9,1.6528822
dA40,4.76,49.76,25.845189,51.536413,267.48983,0.19266681,0.49877803,9,2,0.6,0.5,0.6,0.214817,29,4,8,1.6616508
dA40,4.77,49.77,25.530589,51.352802,268.45887,0.19128741,0.50560666,9,2,0.625,0.5,0.65,0.22440271,28,4,10,1.6401594
dA40,4.78,49.78,25.549629,50.827987,268.30466,0.18944131,0.50928725,12,2,0.525,0.45,0.65,0.21311478,28,5,8,1.6649329
dA40,4.79,49.79,25.89747,51.479521,267.9437,0.19212813,0.5166902,9,3,0.625,0.45,0.675,0.19669887,28,6,11,1.6434389
dA40,4.8,49.8,26.198244,51.77978,270.61373,0.19134203,0.52250223,8,2,0.625,0.525,0.55,0.1826254,26,3,9,1.6411525
dA40,4.81,49.81,26.181837,51.965102,266.79405,0.19477609,0.5259217,11,4,0.55,0.375,0.625,0.19300169,28,5,9,1.6361812
dA40,4.82,49.82,26.282094,51.674311,265.24466,0.19481753,0.52786074,9,2,0.6,0.5,0.525,0.20522968,29,7,11,1.6485894
dA40,4.83,49.83,26.183226,51.144416,266.9689,0.19157444,0.53566595,10,2,0.575,0.475,0.65,0.21176762,27,3,7,1.6260531
dA40,4.84,49.84,26.386607,51.766197,267.58606,0.19345625,0.54196223,12,2,0.525,0.45,0.6,0.204358,29,4,8,1.6970763
dA40,4.85,49.85,26.415343,51.521478,264.46736,0.19481224,0.54210767,9,3,0.625,0.475,0.7,0.20498606,29,5,10,1.6394555
dA40,4.86,49.86,26.445094,51.715234,268.50963,0.19260104,0.53944081,8,3,0.65,0.475,0.65,0.19925224,28,7,10,1.6483621
dA40,4.87,49.87,26.679656,51.939509,269.57205,0.19267394,0.55472556,12,3,0.475,0.375,0.6,0.21643733,29,5,7,1.6320328
dA40,4.88,49.88,26.584819,50.916815,265.17785,0.19201006,0.55007551,9,2,0.625,0.55,0.65,0.23460314,29,5,7,1.668981
dA40,4.89,49.89,26.467588,50.752753,263.12368,0.19288554,0.53765378,13,4,0.45,0.3,0.75,0.24259899,30,4,8,1.6432115
dA40,4.9,49.9,26.54214,50.906986,261.43451,0.19472175,0.55353673,14,3,0.425,0.275,0.675,0.23638658,27,2,6,1.6451912
dA40,4.91,49.91,26.886787,52.269003,262.97976,0.19875675,0.56362744,11,4,0.525,0.375,0.725,0.2209834,28,3,8,1.6407163
dA40,4.92,49.92,26.720971,53.206996,268.42786,0.19821711,0.56377211,10,4,0.55,0.375,0.7,0.24247498,29,4,6,1.6344595
dA40,4.93,49.93,26.865831,54.264558,262.5851,0.20665513,0.57434366,10,4,0.575,0.375,0.7,0.22854177,29,3,7,1.6518088
dA40,4.94,49.94,27.019239,54.804824,263.99562,0.20759747,0.57221983,11,2,0.55,0.425,0.7,0.23807201,29,4,8,1.6483163
dA40,4.95,49.95,26.776132,55.03994,263.03039,0.20925316,0.5738152,12,2,0.5,0.4,0.65,0.20798229,29,6,10,1.6463505
dA40,4.96,49.96,26.782085,55.748671,264.68145,0.21062553,0.58107723,12,4,0.5,0.35,0.575,0.21785587,27,4,8,1.6355326
dA40,4.97,49.97,26.800775,55.841266,261.65381,0.2134166,0.57674745,10,2,0.575,0.45,0.575,0.2385551,29,2,4,1.6672757
dA40,4.98,49.98,26.677006,54.568114,264.21932,0.20652582,0.58694561,12,4,0.5,0.35,0.6,0.20523765,28,6,8,1.6667433
dA40,4.99,49.99,26.59828,54.692378,266.04686,0.20557423,0.59267947,11,3,0.5,0.35,0.65,0.2040195,28,4,8,1.6540223
dA40,5,50,26.394348,54.809366,264.2192,0.207439,0.5711977,11,2,0.525,0.425,0.625,0.18761045,30,4,8,1.6452415
dT40,0.01,0.01,27.255813,72.754949,291.31494,0.24974672,0.73580294,5,5,0.8,0.45,0.325,0.019545848,29,1,6,1.6364013
dT40,0.02,0.02,27.407192,72.893242,294.12593,0.24783005,0.75589177,6,5,0.75,0.4,0.4,-0.0034063018,30,1,5,1.6446702
dT40,0.03,0.03,26.989113,72.430927,291.71384,0.24829445,0.74035838,4,5,0.85,0.5,0.4,-0.0063590405,30,1,6,1.6497254
dT40,0.04,0.04,26.966863,71.13205,291.88917,0.24369541,0.74081489,5,5,0.8,0.5,0.375,-0.0172041,30,1,5,1.6452973
dT40,0.05,0.05,26.803096,69.699103,290.49951,0.23992847,0.72286956,5,5,0.8,0.5,0.3,-0.0090519585,30,1,6,1.6617003
dT40,0.06,0.06,26.464364,68.410964,293.84425,0.23281369,0.71065193,5,5,0.8,0.45,0.325,-0.027916882,29,1,6,1.6892639
dT40,0.07,0.07,26.659131,69.73245,288.2657,0.24190339,0.73591276,4,6,0.85,0.45,0.2,-0.0049538986,29,1,4,1.6392834
dT40,0.08,0.08,26.601405,70.354215,290.87784,0.2418686,0.7196923,4,6,0.85,0.45,0.3,0.0069213234,29,1,5,1.6440973
dT40,0.09,0.09,26.72963,70.281361,291.39236,0.2411915,0.72942954,4,7,0.85,0.4,0.375,-0.0030621135,27,1,5,1.6413089
dT40,0.1,0.1,26.749864,70.282979,295.46607,0.23787157,0.72890233,4,7,0.85,0.4,0.275,-0.016067654,29,1,3,1.6297822
dT40,0.11,0.11,26.958412,71.803439,294.70445,0.24364559,0.73800306,4,6,0.85,0.45,0.375,-0.044592894,28,0,3,1.6617986
dT40,0.12,0.12,26.7151,69.127969,292.00938,0.23673202,0.73979471,4,5,0.85,0.55,0.35,-0.04403989,29,1,7,1.6519716
dT40,0.13,0.13,27.035889,71.22487,296.77227,0.2399984,0.74778816,4,4,0.85,0.525,0.375,-0.05599974,31,1,5,1.6644862
dT40,0.14,0.14,26.95921,71.241424,297.17281,0.23973062,0.75147772,3,5,0.875,0.525,0.25,-0.055533821,31,1,5,1.6792659
dT40,0.15,0.15,26.952011,71.402542,291.3761,0.24505284,0.74892135,3,6,0.85,0.45,0.3,-0.040895187,31,1,4,1.6599333
dT40,0.16,0.16,26.966944,71.38283,291.50342,0.24487819,0.75533998,4,5,0.85,0.5,0.325,-0.051284683,30,1,7,1.640336
dT40,0.17,0.17,27.133327,71.585218,292.46702,0.24476338,0.76275355,4,5,0.85,0.5,0.325,0.002441567,29,1,6,1.6381142
dT40,0.18,0.18,27.369094,72.304915,289.25206,0.24997199,0.75956021,4,5,0.85,0.55,0.35,0.0038751968,29,1,5,1.6568935
dT40,0.19,0.19,27.310071,73.21479,290.78778,0.25178083,0.75679318,4,7,0.85,0.45,0.375,0.007417047,31,1,5,1.703735
dT40,0.2,0.2,27.314293,72.395548,291.14979,0.24865396,0.76524813,4,5,0.85,0.55,0.35,0.032706469,32,1,5,1.6309397
dT40,0.21,0.21,27.586859,73.725673,291.19844,0.25318018,0.76113327,5,6,0.8,0.4,0.45,0.010822246,29,0,3,1.6639631
dT40,0.22,0.22,27.393863,73.258484,291.05363,0.25170098,0.7627771,4,7,0.85,0.45,0.35,-0.0043325287,30,1,6,1.6697996
dT40,0.23,0.23,27.683134,73.597376,290.7758,0.25310696,0.76741222,4,6,0.85,0.5,0.45,0.019820292,29,1,6,1.648848
dT40,0.24,0.24,27.575643,73.01158,290.6654,0.25118772,0.76168999,4,7,0.85,0.425,0.35,0.011201406,27,1,5,1.6407562
dT40,0.25,0.25,28.060443,75.049229,288.63313,0.26001599,0.76690702,4,7,0.85,0.4,0.35,0.011573936,28,0,4,1.6345015
dT40,0.26,0.26,27.848412,73.929464,290.46091,0.25452466,0.77514345,4,7,0.85,0.475,0.325,0.019991894,27,1,4,1.6703835
dT40,0.27,0.27,27.615179,73.056799,296.42686,0.2464581,0.75864467,4,7,0.85,0.45,0.425,0.022435769,33,1,4,1.6524594
dT40,0.28,0.28,27.238135,71.393691,296.12474,0.2410933,0.7570647,4,7,0.85,0.4,0.375,0.0029400865,31,1,5,1.6854433
dT40,0.29,0.29,27.169451,72.260418,295.05315,0.24490645,0.75038606,4,6,0.85,0.475,0.375,0.0043413872,33,1,6,1.6518313
dT40,0.3,0.3,27.304452,72.825489,294.87616,0.24696974,0.75653158,4,6,0.85,0.45,0.35,-0.0025616551,33,1,5,1.6762915
dT40,0.31,0.31,26.721653,70.906831,291.54587,0.24320986,0.75165142,4,6,0.85,0.45,0.375,-0.0026945642,31,1,5,1.6428902
dT40,0.32,0.32,27.006023,71.976484,292.62317,0.24596987,0.75354096,3,6,0.85,0.425,0.275,-0.001866688,30,1,8,1.6352797
dT40,0.33,0.33,27.212936,73.42661,292.77799,0.25079279,0.75473769,4,7,0.85,0.475,0.3,0.024539295,32,1,5,1.6814824
dT40,0.34,0.34,27.33404,73.241417,293.1259,0.24986335,0.74964925,4,7,0.85,0.45,0.225,0.0057495519,31,1,4,1.644836
dT40,0.35,0.35,27.127709,72.097335,291.02332,0.24773731,0.75519039,4,7,0.85,0.4,0.275,0.00093524763,31,1,6,1.661993
dT40,0.36,0.36,26.893335,72.482202,288.68988,0.25107289,0.7555964,4,8,0.85,0.4,0.3,-0.0070101142,32,1,5,1.647867
dT40,0.37,0.37,27.069651,72.838026,288.24402,0.25269571,0.75554185,4,8,0.85,0.35,0.3,-0.014891272,30,1,4,1.6570577
dT40,0.38,0.38,27.233819,73.996903,289.99506,0.25516608,0.75663053,4,8,0.85,0.4,0.3,0.0069046808,29,1,5,1.6333197
dT40,0.39,0.39,27.293259,73.123832,294.42359,0.24836268,0.75559707,4,6,0.85,0.5,0.3,0.020989842,28,0,5,1.6954129
dT40,0.4,0.4,27.45513,74.850293,292.88417,0.25556278,0.75617926,4,8,0.85,0.4,0.325,0.0047475535,29,1,3,1.6818397
dT40,0.41,0.41,27.370176,73.778461,293.7785,0.25113635,0.75045392,4,7,0.85,0.45,0.25,0.027080033,31,1,5,1.6542535
dT40,0.42,0.42,27.843756,75.57185,297.00749,0.25444426,0.75002559,4,7,0.85,0.4,0.35,0.030585599,33,0,4,1.6516516
dT40,0.43,0.43,27.42057,73.837323,297.75646,0.24797891,0.74452649,3,7,0.9,0.5,0.325,0.026601949,28,1,5,1.619914
dT40,0.44,0.44,27.118623,73.882464,294.68084,0.25072028,0.74897691,4,6,0.85,0.5,0.275,0.013403892,29,1,6,1.6449664
dT40,0.45,0.45,26.800594,72.732701,292.7814,0.24841981,0.74401401,4,8,0.85,0.4,0.275,0.013793349,30,1,6,1.6430331
dT40,0.46,0.46,26.611388,71.588428,294.72508,0.242899,0.74792392,4,7,0.85,0.425,0.2,0.011731295,30,1,7,1.6536448
dT40,0.47,0.47,26.616024,71.559503,297.18806,0.24078862,0.73700621,4,7,0.85,0.425,0.275,0.010713516,28,1,5,1.6548037
dT40,0.48,0.48,26.691193,73.365844,297.42852,0.24666715,0.74212743,4,6,0.85,0.475,0.225,0.033127181,27,1,5,1.6378601
dT40,0.49,0.49,26.871499,72.761254,296.44338,0.24544739,0.74294922,4,7,0.85,0.425,0.25,0.01108696,31,0,4,1.6495726
dT40,0.5,0.5,26.954491,72.979573,298.22835,0.24471038,0.75237396,4,7,0.85,0.475,0.175,0.00069114074,29,1,3,1.6529303
dT40,0.51,0.51,27.140214,74.094074,296.21251,0.25013824,0.74085204,4,5,0.85,0.575,0.2,0.0019474274,28,1,4,1.6445967
dT40,0.52,0.52,27.061649,74.076734,292.60862,0.25315978,0.74195554,4,5,0.85,0.55,0.325,0.0074132512,30,2,6,1.6332493
dT40,0.53,0.53,26.616244,71.850846,292.92757,0.24528537,0.73605816,4,5,0.85,0.6,0.275,0.033362818,30,1,6,1.6608385
dT40,0.54,0.54,27.239759,73.540317,295.3557,0.24898899,0.74371299,4,6,0.85,0.525,0.225,0.035169503,29,1,5,1.6689599
dT40,0.55,0.55,27.267007,73.181191,294.96536,0.24810096,0.73466324,4,6,0.85,0.525,0.3,0.039750574,27,1,4,1.6504397
dT40,0.56,0.56,27.119289,73.273377,292.94147,0.25012975,0.73674187,3,7,0.85,0.475,0.275,0.027707131,28,1,5,1.6557649
dT40,0.57,0.57,27.086716,73.85723,294.36938,0.25089984,0.76311308,4,7,0.85,0.525,0.175,0.019301166,26,1,4,1.6541185
dT40,0.58,0.58,27.130611,73.17887,293.93007,0.24896694,0.75746226,4,7,0.85,0.4,0.275,0.01530741,27,1,4,1.6533326
dT40,0.59,0.59,27.403863,73.439226,294.44483,0.24941591,0.76097635,3,6,0.85,0.45,0.275,0.0084417599,29,1,4,1.6575263
dT40,0.6,0.6,27.456903,74.192865,294.45122,0.25196997,0.76044883,4,7,0.85,0.45,0.3,0.030038288,29,0,3,1.6315187
dT40,0.61,0.61,27.621856,74.117453,296.71682,0.24979188,0.75900796,3,8,0.85,0.375,0.3,0.014236115,30,1,5,1.6530544
dT40,0.62,0.62,27.580695,73.797123,295.58047,0.24966847,0.75458842,3,8,0.85,0.35,0.275,0.029675278,26,1,4,1.6260278
dT40,0.63,0.63,27.541539,72.804245,288.90302,0.25200236,0.75473469,4,6,0.85,0.475,0.225,0.0052609429,30,0,3,1.6356642
dT40,0.64,0.64,27.237465,73.463242,291.45413,0.25205765,0.75989864,3,8,0.875,0.375,0.3,-0.0099412823,27,1,6,1.6598411
dT40,0.65,0.65,27.736342,74.708401,295.93039,0.25245261,0.75727201,4,8,0.85,0.35,0.25,-0.01686344,26,1,4,1.6453125
dT40,0.66,0.66,27.64824,72.949531,296.35535,0.2461556,0.75735638,4,8,0.85,0.35,0.225,0.021448156,26,1,4,1.6570476
dT40,0.67,0.67,27.765415,73.920374,296.00167,0.24972958,0.75198355,4,8,0.85,0.35,0.225,0.0026423215,28,1,5,1.6481164
dT40,0.68,0.68,27.594255,73.550647,294.00783,0.25016561,0.74639139,5,7,0.8,0.325,0.3,0.015936507,27,0,4,1.6409761
dT40,0.69,0.69,27.911573,74.724532,298.18531,0.25059763,0.75960574,3,6,0.85,0.425,0.2,0.01418127,28,1,7,1.6578716
dT40,0.7,0.7,28.097269,74.921716,297.64416,0.25171573,0.76039023,3,7,0.875,0.425,0.35,0.011882422,29,1,6,1.6432719
dT40,0.71,0.71,27.781969,73.9992,294.71921,0.25108374,0.75227574,3,7,0.875,0.475,0.375,0.015691703,30,1,7,1.6410196
dT40,0.72,0.72,27.642226,73.395741,296.39355,0.24762934,0.75474055,4,7,0.85,0.45,0.25,-0.036932711,30,1,4,1.6514476
dT40,0.73,0.73,27.573652,72.856349,295.97813,0.24615451,0.75536082,5,6,0.8,0.4,0.3,-0.0019349572,27,0,5,1.6677373
dT40,0.74,0.74,27.477596,73.06772,300.16342,0.24342647,0.74747903,3,7,0.85,0.4,0.225,-0.027151289,27,0,4,1.6684613
dT40,0.75,0.75,27.387671,73.483637,297.94897,0.24663162,0.76101305,4,7,0.85,0.4,0.275,-0.010473145,27,0,5,1.6486415
dT40,0.76,0.76,27.586842,73.925148,298.75767,0.24744184,0.76492419,5,6,0.8,0.45,0.3,-0.020727771,28,1,6,1.6620021
dT40,0.77,0.77,27.467185,73.053865,298.18256,0.24499711,0.75790162,2,6,0.9,0.5,0.325,-0.034368348,28,0,3,1.6512667
dT40,0.78,0.78,27.379315,72.970498,300.93688,0.24247775,0.75220709,3,5,0.875,0.525,0.3,-0.063363119,27,1,6,1.6481536
dT40,0.79,0.79,27.614154,73.621439,300.89562,0.24467434,0.75665803,3,6,0.875,0.475,0.275,-0.051123771,29,1,5,1.6519021
dT40,0.8,0.8,27.767271,73.108891,299.61579,0.2440088,0.75333501,4,7,0.85,0.45,0.35,-0.029254258,27,1,7,1.6531395
dT40,0.81,0.81,28.184033,74.648525,296.45633,0.25180277,0.76445991,3,8,0.875,0.375,0.4,-0.068273963,28,1,5,1.6350155
dT40,0.82,0.82,28.190762,76.637461,297.81778,0.25733004,0.76609417,3,8,0.875,0.375,0.35,-0.061468873,29,1,5,1.6618347
dT40,0.83,0.83,27.879048,75.202425,294.25538,0.25556856,0.76641234,5,7,0.8,0.4,0.4,-0.068111059,30,1,5,1.6494525
dT40,0.84,0.84,27.76567,74.523423,298.01129,0.25006912,0.76439443,4,6,0.825,0.425,0.3,-0.052220307,31,1,7,1.6218649
dT40,0.85,0.85,27.892411,75.070965,295.83673,0.2537581,0.76658901,5,6,0.8,0.4,0.35,-0.09521782,33,1,4,1.6379785
dT40,0.86,0.86,27.562124,73.56779,296.0052,0.24853546,0.77519597,4,6,0.85,0.45,0.375,-0.069799045,32,0,3,1.6351348
dT40,0.87,0.87,27.633099,73.707615,297.74233,0.24755504,0.7728919,4,5,0.85,0.475,0.3,-0.037304218,29,0,4,1.6567143
dT40,0.88,0.88,27.582169,73.939117,297.25697,0.24873804,0.75928781,4,6,0.85,0.5,0.3,-0.055217968,32,1,6,1.6585585
dT40,0.89,0.89,27.615369,74.090394,295.18336,0.25099787,0.76172052,2,7,0.9,0.45,0.4,-0.054030752,32,1,6,1.6496197
dT40,0.9,0.9,27.655863,73.839155,292.11497,0.25277429,0.76694259,4,5,0.825,0.425,0.325,-0.072698018,32,1,5,1.634159
dT40,0.91,0.91,27.577513,74.551845,292.99286,0.25444936,0.75762813,4,7,0.8,0.4,0.45,-0.089624744,31,1,6,1.6735146
dT40,0.92,0.92,27.485983,73.296244,293.39148,0.24982404,0.75424982,4,6,0.825,0.475,0.35,-0.085381777,30,1,6,1.6483699
dT40,0.93,0.93,27.475963,73.869598,294.29094,0.25100874,0.74730986,4,6,0.85,0.5,0.375,-0.046309636,29,1,4,1.6533659
dT40,0.94,0.94,27.408575,74.557726,295.05107,0.25269431,0.73312384,4,6,0.85,0.5,0.35,-0.058848935,30,1,4,1.6795751
dT40,0.95,0.95,27.288601,73.357058,295.40819,0.24832438,0.73426628,4,6,0.825,0.475,0.275,-0.045143102,30,1,4,1.6454034
dT40,0.96,0.96,27.401194,74.336551,294.11367,0.25274769,0.74379608,3,4,0.875,0.625,0.225,-0.060762149,31,1,6,1.692701
dT40,0.97,0.97,27.445592,74.295915,295.07574,0.25178591,0.75196343,3,5,0.85,0.55,0.225,-0.060149302,29,0,4,1.6472451
dT40,0.98,0.98,27.380079,72.352365,293.66277,0.24637909,0.74268784,5,6,0.8,0.45,0.275,-0.050763957,29,1,4,1.6618738
dT40,0.99,0.99,27.542852,72.037704,296.06389,0.2433181,0.74313553,4,6,0.85,0.45,0.25,-0.04196056,29,1,4,1.6709142
dT40,1,1,27.430924,71.410946,291.91249,0.24463135,0.72635876,5,7,0.8,0.35,0.25,-0.047102694,29,1,5,1.640672
dT40,1.01,1.01,27.356467,71.985281,295.20075,0.24385196,0.71993747,5,6,0.8,0.425,0.35,-0.055128646,30,1,5,1.6429743
dT40,1.02,1.02,27.228214,71.913675,295.07535,0.24371292,0.71932328,4,7,0.825,0.425,0.275,-0.081268959,29,1,6,1.6440182
dT40,1.03,1.03,27.220316,72.19346,292.22485,0.24704764,0.71088655,5,5,0.8,0.45,0.325,-0.072390505,29,0,4,1.6514992
dT40,1.04,1.04,27.363711,71.725044,295.31251,0.24287844,0.70626614,5,6,0.8,0.4,0.3,-0.066605186,28,1,4,1.6731938
dT40,1.05,1.05,27.609715,71.52893,296.5947,0.24116725,0.70827425,5,6,0.8,0.425,0.325,-0.057858483,29,1,3,1.6598825
dT40,1.06,1.06,27.727087,72.520871,296.4859,0.24460142,0.71047763,4,7,0.85,0.475,0.25,-0.086626929,30,0,4,1.6886026
dT40,1.07,1.07,27.797702,72.072964,294.05416,0.24510098,0.70934486,3,7,0.85,0.4,0.375,-0.050381337,30,1,5,1.6634744
dT40,1.08,1.08,27.732254,72.594895,296.82318,0.24457286,0.70597874,5,6,0.8,0.4,0.2,-0.069258112,31,0,5,1.6443245
dT40,1.09,1.09,27.760409,71.696787,291.16213,0.24624351,0.70510596,5,7,0.8,0.35,0.3,-0.058103603,30,1,4,1.6452303
dT40,1.1,1.1,27.568688,70.166621,296.31933,0.23679394,0.69414121,4,7,0.8,0.375,0.325,-0.045338405,30,0,3,1.6441438
dT40,1.11,1.11,27.194018,69.200241,298.88978,0.23152428,0.69079973,4,6,0.85,0.45,0.225,-0.055736979,30,1,4,1.6495017
dT40,1.12,1.12,27.33649,70.51129,293.33812,0.24037547,0.6982355,5,5,0.8,0.45,0.225,-0.057946429,31,0,2,1.6606046
dT40,1.13,1.13,27.127431,70.033743,295.90625,0.23667544,0.70476958,5,7,0.8,0.35,0.275,-0.043020627,29,0,6,1.6458938
dT40,1.14,1.14,27.015312,68.317615,299.78176,0.22789117,0.68931815,4,7,0.85,0.4,0.25,-0.010310282,28,1,5,1.6502195
dT40,1.15,1.15,26.819694,68.021788,296.00261,0.22980132,0.69162284,4,8,0.85,0.35,0.325,-0.021379472,29,1,4,1.6554518
dT40,1.16,1.16,27.06822,67.327444,298.685,0.22541287,0.70372178,4,7,0.85,0.4,0.3,-0.0058525325,30,1,4,1.6548375
dT40,1.17,1.17,27.254238,68.196726,295.88046,0.23048743,0.71477527,4,7,0.85,0.425,0.25,0.0033116793,29,0,5,1.6872582
dT40,1.18,1.18,27.167181,68.20495,295.79585,0.23058116,0.7036377,3,7,0.875,0.425,0.275,7.1256348e-05,28,0,5,1.6659593
dT40,1.19,1.19,27.10835,67.114237,295.57913,0.22706014,0.70271795,4,7,0.85,0.4,0.225,-0.010136292,31,1,3,1.6430744
dT40,1.2,1.2,27.511516,67.768461,295.40219,0.22941083,0.70144705,4,7,0.85,0.4,0.25,0.033481257,29,1,6,1.660524
dT40,1.21,1.21,27.752999,69.568585,293.47054,0.23705475,0.70407041,3,7,0.875,0.425,0.15,-0.0014570677,30,1,6,1.669063
dT40,1.22,1.22,27.424222,68.151868,294.09401,0.23173498,0.70422402,3,7,0.875,0.475,0.15,-0.0097162258,30,0,4,1.6474584
dT40,1.23,1.23,27.436207,69.940141,296.47691,0.23590418,0.69840487,4,7,0.85,0.4,0.1,-0.014807365,32,1,5,1.6456042
dT40,1.24,1.24,27.340968,69.849599,296.51286,0.23557022,0.70399361,3,7,0.875,0.425,0.15,-0.031653603,29,1,6,1.6468976
dT40,1.25,1.25,27.402578,69.975161,299.29894,0.23379689,0.70105968,4,7,0.85,0.4,0.175,-0.025742591,33,1,4,1.6456787
dT40,1.26,1.26,27.190977,69.325014,296.2575,0.23400256,0.70332367,4,7,0.85,0.4,0.25,-0.0084134923,32,0,6,1.6796875
dT40,1.27,1.27,27.039254,68.335264,294.0958,0.23235716,0.68051645,3,7,0.875,0.425,0.3,-0.026216133,31,1,5,1.6404729
dT40,1.28,1.28,27.369065,68.275415,295.65395,0.23093016,0.68613371,3,7,0.875,0.425,0.2,-0.014724755,32,1,6,1.6427827
dT40,1.29,1.29,27.350319,69.739732,296.44523,0.23525334,0.67239302,4,7,0.85,0.4,0.125,-0.022146168,30,1,5,1.6417667
dT40,1.3,1.3,27.467747,70.167251,294.81701,0.23800273,0.67663643,4,8,0.85,0.35,0.225,-0.025603785,30,1,4,1.6369293
dT40,1.31,1.31,27.454762,69.524645,293.95689,0.23651306,0.6864635,4,7,0.85,0.45,0.1,-0.0026085468,30,1,6,1.6613789
dT40,1.32,1.32,27.36553,70.677668,290.75953,0.24307945,0.7067187,4,6,0.85,0.45,0.25,-0.040750697,31,0,3,1.6645095
dT40,1.33,1.33,27.18199,69.018097,290.94626,0.2372194,0.70047953,4,6,0.85,0.45,0.25,-0.04880624,29,1,6,1.6519453
dT40,1.34,1.34,26.950364,68.745565,291.13197,0.23613197,0.69082541,3,7,0.85,0.45,0.225,-0.016601603,30,1,5,1.6508058
dT40,1.35,1.35,26.623408,65.936081,288.92112,0.22821482,0.6840012,4,7,0.85,0.4,0.275,-0.0055573789,31,1,5,1.6322244
dT40,1.36,1.36,26.66742,67.882423,290.91183,0.23334363,0.67698879,4,6,0.85,0.475,0.2,-0.031579002,30,1,4,1.6576257
dT40,1.37,1.37,26.416576,67.441718,293.11323,0.23008759,0.68693328,4,7,0.85,0.4,0.225,-0.046390327,30,1,5,1.644936
dT40,1.38,1.38,26.767717,68.780767,296.80513,0.23173712,0.70934027,3,8,0.875,0.375,0.175,-0.040234811,32,1,3,1.6299155
dT40,1.39,1.39,26.864381,68.626953,294.79223,0.2327977,0.72296819,4,7,0.85,0.4,0.2,-0.026233191,32,1,6,1.6667948
dT40,1.4,1.4,26.721237,67.341397,295.55085,0.22785046,0.72093943,4,7,0.85,0.425,0.225,-0.058519924,32,0,4,1.6412654
dT40,1.41,1.41,26.404149,64.739154,296.57372,0.21829026,0.71256688,4,8,0.85,0.35,0.225,-0.060549114,31,1,4,1.6672333
dT40,1.42,1.42,26.48288,64.447682,296.4669,0.21738576,0.72930119,4,6,0.85,0.45,0.275,-0.057649493,30,1,4,1.6465969
dT40,1.43,1.43,26.537238,66.59974,292.18735,0.22793505,0.73329819,4,6,0.85,0.45,0.325,-0.041066632,31,1,5,1.6745853
dT40,1.44,1.44,26.526466,67.071527,292.60827,0.22921952,0.73412985,4,6,0.85,0.45,0.225,-0.019620585,33,0,3,1.6607235
dT40,1.45,1.45,26.922273,66.871009,293.10008,0.22815077,0.75003686,4,6,0.85,0.475,0.225,-0.017696757,32,1,5,1.6515774
dT40,1.46,1.46,26.985671,66.37182,291.3036,0.22784414,0.7483829,4,6,0.85,0.45,0.3,-0.014426965,30,1,7,1.6539152
dT40,1.47,1.47,26.87493,65.285588,287.64813,0.22696336,0.73837282,5,8,0.8,0.325,0.275,-0.019188872,31,1,6,1.6536546
dT40,1.48,1.48,26.491856,64.045804,289.35311,0.22134134,0.72726323,3,8,0.875,0.4,0.325,-0.014458126,31,1,4,1.6463994
dT40,1.49,1.49,26.191646,62.63818,287.80924,0.21763783,0.71989878,4,7,0.825,0.375,0.2,-0.0048859281,33,1,5,1.6658325
dT40,1.5,1.5,26.080746,61.761208,290.13116,0.21287341,0.72195088,4,7,0.85,0.475,0.3,-0.020208869,28,1,6,1.6567944
dT40,1.51,1.51,26.132719,61.272747,290.13944,0.21118379,0.7108073,4,7,0.85,0.4,0.375,-0.019942384,31,0,3,1.6535472
dT40,1.52,1.52,26.091612,63.415631,290.19875,0.21852483,0.71254546,3,7,0.9,0.45,0.35,-0.021432105,31,1,5,1.6807915
dT40,1.53,1.53,25.695158,62.693835,290.65845,0.21569589,0.70681843,4,6,0.85,0.45,0.225,-0.0027810328,31,1,4,1.6687448
dT40,1.54,1.54,25.726727,63.234405,292.17414,0.21642711,0.69207583,5,6,0.8,0.4,0.275,-0.019180103,29,0,3,1.65765
dT40,1.55,1.55,25.769512,62.344627,292.6464,0.2130374,0.69076988,5,6,0.8,0.45,0.25,0.020513231,28,1,6,1.6375582
dT40,1.56,1.56,26.073296,63.986429,294.73905,0.21709519,0.68538713,4,7,0.85,0.475,0.25,0.028223682,28,1,4,1.6560713
dT40,1.57,1.57,25.855263,64.229215,293.43727,0.21888568,0.6824323,3,7,0.875,0.45,0.2,0.068640627,31,1,5,1.659213
dT40,1.58,1.58,25.802163,62.588071,293.11971,0.21352392,0.67937682,3,6,0.85,0.525,0.2,0.061728407,29,1,6,1.6405413
dT40,1.59,1.59,25.746464,62.745555,294.01354,0.21341043,0.66840648,2,7,0.9,0.45,0.175,0.082946608,27,1,4,1.6553095
dT40,1.6,1.6,25.618912,61.259198,295.39432,0.2073811,0.65467076,3,6,0.875,0.5,0.2,0.056666329,28,0,2,1.6453003
dT40,1.61,1.61,25.701025,60.920197,292.54794,0.20824005,0.64452539,3,7,0.875,0.425,0.175,0.078398514,29,1,6,1.6586068
dT40,1.62,1.62,25.920705,62.285788,295.13596,0.211041,0.64536064,3,5,0.875,0.55,0.175,0.081872158,29,0,6,1.6507324
dT40,1.63,1.63,25.822623,63.268082,293.37343,0.21565716,0.65572741,3,6,0.875,0.475,0.225,0.047911541,30,1,5,1.667057
dT40,1.64,1.64,25.734749,63.093906,295.57128,0.21346426,0.66557955,3,7,0.875,0.425,0.275,0.035582082,30,1,7,1.6645794
dT40,1.65,1.65,25.462205,63.25525,295.27619,0.21422401,0.674454,2,6,0.9,0.525,0.25,0.035983819,30,0,6,1.6870638
dT40,1.66,1.66,25.452655,63.036375,296.94667,0.21228181,0.66950567,3,8,0.875,0.4,0.25,0.030542745,31,1,6,1.6563209
dT40,1.67,1.67,25.144779,61.352196,294.69908,0.20818591,0.65020268,3,7,0.875,0.5,0.25,0.01884312,35,0,5,1.6441956
dT40,1.68,1.68,25.232271,61.272402,292.60778,0.20940114,0.66431436,3,7,0.875,0.45,0.175,0.00066010913,33,1,6,1.6770248
dT40,1.69,1.69,25.062481,61.267724,293.99754,0.20839537,0.66457917,4,6,0.85,0.45,0.35,-0.006771235,33,1,7,1.6461444
dT40,1.7,1.7,25.26767,61.2995,290.44387,0.21105455,0.66345148,4,5,0.85,0.525,0.25,-0.0060756963,32,1,6,1.6556366
dT40,1.71,1.71,25.233173,62.553874,289.68536,0.2159373,0.66934733,5,6,0.8,0.4,0.2,0.020927844,30,1,6,1.6370172
dT40,1.72,1.72,25.321206,63.319604,291.58259,0.21715838,0.67300534,5,7,0.8,0.35,0.225,-0.0024343487,30,1,5,1.6407948
dT40,1.73,1.73,25.26393,64.01678,287.84542,0.22239985,0.6776148,5,8,0.8,0.3,0.2,-0.0004538015,30,1,4,1.664448
dT40,1.74,1.74,25.336919,64.840326,290.12544,0.22349066,0.68001832,4,6,0.85,0.45,0.25,0.039801848,31,0,3,1.6876809
dT40,1.75,1.75,25.497021,66.004826,293.06154,0.22522514,0.70131649,5,8,0.8,0.3,0.25,0.010563235,29,0,4,1.6553417
dT40,1.76,1.76,25.650858,65.282142,291.83505,0.22369534,0.69382785,4,6,0.85,0.45,0.25,-0.012839495,31,1,4,1.6751799
dT40,1.77,1.77,25.826611,65.661607,296.8435,0.22119941,0.68401306,3,7,0.85,0.4,0.225,-0.010529223,28,0,4,1.6353403
dT40,1.78,1.78,25.652906,64.958554,294.05727,0.22090444,0.67566979,3,7,0.85,0.4,0.175,0.0031235374,30,1,5,1.6608441
dT40,1.79,1.79,25.610239,65.630482,293.31518,0.22375413,0.67504304,4,7,0.85,0.4,0.25,0.030502383,30,1,4,1.6564352
dT40,1.8,1.8,25.758307,66.242042,293.71049,0.22553516,0.66612767,4,6,0.85,0.425,0.275,0.018050012,29,1,5,1.6528005
dT40,1.81,1.81,26.004316,66.957436,291.38061,0.22979373,0.67576026,4,7,0.85,0.4,0.3,0.01912498,31,0,5,1.6317743
dT40,1.82,1.82,25.903276,66.407431,293.32415,0.22639606,0.66917251,4,8,0.85,0.35,0.275,0.02954079,31,1,4,1.6367219
dT40,1.83,1.83,25.864897,66.178711,291.86447,0.22674467,0.66663332,4,7,0.85,0.4,0.325,0.034061171,28,0,4,1.6351949
dT40,1.84,1.84,25.531978,64.697484,290.01167,0.2230858,0.65790365,4,7,0.85,0.4,0.175,0.018249096,28,1,4,1.6561683
dT40,1.85,1.85,25.726771,65.743854,288.81176,0.22763566,0.66349787,4,5,0.85,0.55,0.25,0.010207254,29,1,4,1.6310967
dT40,1.86,1.86,26.094826,66.464008,292.91184,0.22690789,0.67554499,4,7,0.85,0.4,0.25,0.011022479,28,0,3,1.6687667
dT40,1.87,1.87,25.907728,65.562446,291.33731,0.22503964,0.67554621,4,6,0.85,0.45,0.25,0.023334467,29,1,5,1.6337815
dT40,1.88,1.88,25.467299,63.773474,289.18698,0.22052678,0.65983661,4,6,0.85,0.45,0.225,0.0047449259,28,1,4,1.6439954
dT40,1.89,1.89,25.619574,63.175416,292.10419,0.21627699,0.64171007,4,6,0.85,0.45,0.275,-0.0086351217,27,1,5,1.6650679
dT40,1.9,1.9,25.778629,63.769288,295.27167,0.21596819,0.65182229,3,5,0.875,0.525,0.2,-0.02952361,27,1,4,1.6328137
dT40,1.91,1.91,25.787619,64.362684,295.96002,0.21747087,0.65365274,4,8,0.85,0.35,0.225,-0.016499831,29,0,4,1.6632814
dT40,1.92,1.92,25.879087,63.369403,296.33259,0.21384554,0.65747043,4,7,0.85,0.4,0.2,-0.028763546,30,1,5,1.6464088
dT40,1.93,1.93,26.254433,65.625317,292.64957,0.22424539,0.67702051,4,7,0.85,0.425,0.225,-0.028643346,28,1,5,1.6408548
dT40,1.94,1.94,25.824633,64.001053,292.23019,0.21900904,0.66788374,4,6,0.85,0.45,0.175,-0.012738244,29,1,3,1.6306776
dT40,1.95,1.95,25.643755,63.823647,292.53906,0.21817137,0.65060561,4,7,0.85,0.425,0.125,-0.013174247,30,1,7,1.6572769
dT40,1.96,1.96,25.613399,62.639323,295.67294,0.21185342,0.6437539,3,7,0.875,0.425,0.225,0.012458379,28,1,4,1.6365238
dT40,1.97,1.97,25.327638,62.02095,290.54944,0.21346091,0.63702343,3,7,0.875,0.45,0.175,-0.021184494,30,1,4,1.6874526
dT40,1.98,1.98,25.481175,62.911967,290.03834,0.21690914,0.64385466,4,7,0.85,0.45,0.2,-0.0046309353,30,1,4,1.6689025
dT40,1.99,1.99,25.502075,62.844137,291.43769,0.2156349,0.6436327,4,6,0.85,0.475,0.2,0.0059606469,30,0,3,1.6370419
dT40,2,2,25.571556,63.911619,290.47337,0.22002574,0.64120161,4,6,0.85,0.475,0.175,0.017959095,30,1,5,1.6508075
dT40,2.01,2.01,25.533813,63.496901,290.69053,0.21843471,0.62397469,5,6,0.8,0.4,0.225,0.016120406,29,1,4,1.6400532
dT40,2.02,2.02,25.652092,64.772496,292.74912,0.22125599,0.64522292,4,8,0.85,0.375,0.15,0.018341082,28,1,3,1.6400719
dT40,2.03,2.03,25.489826,64.932889,291.7263,0.22258154,0.64554963,2,7,0.9,0.45,0.25,0.010006508,29,0,3,1.6726355
dT40,2.04,2.04,25.270425,62.994334,289.2925,0.21775308,0.63624319,4,6,0.85,0.475,0.175,-0.011970638,30,1,5,1.6521422
dT40,2.05,2.05,25.440094,63.667461,292.55472,0.21762582,0.63853774,3,7,0.85,0.4,0.25,-0.021799095,29,1,4,1.6607599
dT40,2.06,2.06,25.252451,63.02164,291.40537,0.21626794,0.63904992,5,6,0.8,0.4,0.175,-0.015216592,30,1,5,1.6312714
dT40,2.07,2.07,25.171984,63.355729,288.36182,0.21970915,0.63032673,3,7,0.875,0.425,0.2,-0.013080858,32,1,5,1.6662855
dT40,2.08,2.08,25.145381,62.532694,292.36644,0.21388465,0.63541993,4,7,0.85,0.4,0.225,-0.012724663,29,1,5,1.6476051
dT40,2.09,2.09,25.524118,63.440433,292.04681,0.21722693,0.63130544,5,6,0.8,0.4,0.2,-0.023563042,31,1,3,1.6263461
dT40,2.1,2.1,25.736304,64.227195,290.33949,0.22121413,0.64445064,4,6,0.8,0.4,0.225,-0.0026590323,32,1,3,1.6591308
dT40,2.11,2.11,25.682311,63.348033,291.41487,0.21738092,0.64469524,5,6,0.8,0.4,0.175,-0.029459997,31,1,3,1.639928
dT40,2.12,2.12,25.720068,63.412015,293.82851,0.21581301,0.64844837,4,8,0.8,0.3,0.25,-0.033557127,33,0,2,1.6768631
dT40,2.13,2.13,25.604127,63.347134,292.67642,0.21644085,0.65436489,4,7,0.85,0.4,0.175,-0.031243269,34,1,5,1.6484149
dT40,2.14,2.14,25.836387,64.209553,289.91321,0.22147854,0.65927613,3,6,0.85,0.5,0.225,-0.02633385,32,1,4,1.6593343
dT40,2.15,2.15,25.757468,64.19152,291.82988,0.21996212,0.6666472,3,6,0.875,0.475,0.175,-0.017422302,31,1,5,1.6528208
dT40,2.16,2.16,25.447886,64.043212,291.33322,0.21982804,0.65361582,4,5,0.85,0.5,0.125,-0.012259976,32,1,4,1.6378128
dT40,2.17,2.17,25.876902,65.087201,291.42139,0.22334394,0.66140236,4,5,0.85,0.5,0.25,0.0054500047,29,1,4,1.6324994
dT40,2.18,2.18,25.561635,62.153429,290.77618,0.21375007,0.66039522,4,7,0.85,0.4,0.25,-0.0066175779,30,0,5,1.6543605
dT40,2.19,2.19,25.913322,63.436922,294.29432,0.21555606,0.66850802,4,7,0.85,0.4,0.3,0.016173415,29,0,2,1.6719141
dT40,2.2,2.2,25.814012,64.14302,292.32295,0.21942519,0.67759998,4,7,0.85,0.4,0.375,-0.018741175,30,1,2,1.6757049
dT40,2.21,2.21,25.493407,63.930606,291.16385,0.21956917,0.68095991,4,6,0.85,0.45,0.25,-0.0098038628,31,1,4,1.6522377
dT40,2.22,2.22,25.218689,63.341601,293.58598,0.21575145,0.66860364,4,7,0.85,0.4,0.25,-0.036921685,28,1,5,1.660324
dT40,2.23,2.23,25.640735,63.300311,292.66279,0.21629094,0.67214892,5,7,0.8,0.35,0.25,-0.057346034,30,1,5,1.6670832
dT40,2.24,2.24,25.712162,63.677346,294.34529,0.21633554,0.66450227,5,6,0.8,0.4,0.225,-0.03867318,29,0,1,1.6523416
dT40,2.25,2.25,25.796585,64.915159,290.35553,0.22357128,0.66197593,5,7,0.8,0.4,0.2,-0.033279041,30,1,5,1.6479781
dT40,2.26,2.26,25.861802,64.608731,289.4485,0.22321321,0.65245935,5,7,0.8,0.4,0.275,-0.011453504,28,1,5,1.6376439
dT40,2.27,2.27,25.59299,65.252703,288.82918,0.22592144,0.65830475,5,7,0.8,0.4,0.15,-0.04645261,27,0,4,1.6369452
dT40,2.28,2.28,25.775077,65.504646,290.72322,0.22531619,0.6463295,5,7,0.8,0.4,0.225,-0.0095855871,30,0,3,1.6607757
dT40,2.29,2.29,25.836892,63.90294,286.84071,0.22278197,0.65789085,4,6,0.825,0.45,0.3,-0.016609071,27,1,4,1.6479392
dT40,2.3,2.3,25.713401,61.947742,287.9761,0.21511418,0.64690759,4,7,0.8,0.35,0.3,-0.0097977318,26,0,3,1.6448408
dT40,2.31,2.31,25.742675,62.228601,290.91404,0.21390718,0.64626797,4,7,0.8,0.35,0.25,-0.011527004,27,0,2,1.6631709
dT40,2.32,2.32,25.906205,61.102728,289.24235,0.21125098,0.66439936,4,7,0.8,0.4,0.15,0.025008959,29,1,5,1.6913407
dT40,2.33,2.33,26.014729,62.737007,288.41966,0.21751987,0.6563242,3,8,0.85,0.4,0.15,-0.016816314,29,1,5,1.6558873
dT40,2.34,2.34,26.347523,62.680211,290.27422,0.21593448,0.65940577,4,8,0.825,0.325,0.225,-0.020078201,29,0,4,1.6331509
dT40,2.35,2.35,26.519438,64.004252,292.47535,0.2188364,0.65950961,2,6,0.9,0.525,0.25,-0.0057343936,28,1,3,1.6444197
dT40,2.36,2.36,26.600812,64.204533,290.87054,0.22073233,0.6648717,4,8,0.85,0.35,0.2,-0.00089048143,30,0,3,1.6454515
dT40,2.37,2.37,26.544291,62.690939,291.14099,0.21532846,0.65361,3,8,0.85,0.35,0.225,0.011797129,30,1,5,1.6423929
dT40,2.38,2.38,26.384023,63.321692,293.05057,0.2160777,0.65449867,4,8,0.8,0.3,0.25,0.0081118274,29,0,3,1.6404247
dT40,2.39,2.39,26.470709,63.576703,292.92961,0.21703747,0.67086712,1,8,0.95,0.45,0.2,0.018943817,30,0,4,1.6477029
dT40,2.4,2.4,26.340224,63.980592,292.4111,0.21880357,0.66451313,6,7,0.75,0.35,0.275,0.0014577052,29,0,4,1.633081
dT40,2.41,2.41,26.695728,64.733486,295.77876,0.21885779,0.67545672,5,7,0.8,0.35,0.2,0.0040846589,33,0,3,1.6801925
dT40,2.42,2.42,26.859772,66.602511,291.93896,0.22813848,0.68489453,3,9,0.875,0.375,0.25,-0.0051001873,29,0,3,1.6550989
dT40,2.43,2.43,26.825569,65.734927,290.74674,0.22608999,0.68355811,5,6,0.8,0.45,0.325,-0.023648476,28,1,6,1.6682895
dT40,2.44,2.44,26.600294,65.966871,291.56477,0.22625117,0.67818786,6,7,0.75,0.3,0.25,-0.035574623,30,1,3,1.6626801
dT40,2.45,2.45,26.734222,64.810809,293.84922,0.22055804,0.6974929,5,7,0.8,0.4,0.225,-0.021701063,28,1,4,1.6506053
dT40,2.46,2.46,26.893658,66.131564,290.84615,0.22737645,0.71230614,6,7,0.75,0.35,0.35,-0.023642295,30,1,6,1.6579082
dT40,2.47,2.47,26.965101,67.074772,291.9263,0.22976611,0.71330199,5,6,0.8,0.4,0.35,-0.043464372,30,1,4,1.6594122
dT40,2.48,2.48,26.895439,66.559565,293.91162,0.22646116,0.70500926,5,7,0.8,0.4,0.275,-0.034430826,32,0,4,1.6318919
dT40,2.49,2.49,26.758687,66.725222,289.88701,0.23017665,0.6909518,5,6,0.8,0.45,0.275,-0.022833161,30,0,2,1.6279783
dT40,2.5,2.5,26.478456,65.937278,292.37867,0.22552014,0.69620801,5,7,0.8,0.35,0.325,-0.035232072,29,0,2,1.6585968
dT40,2.51,2.51,26.866874,68.653159,291.9764,0.23513256,0.70406717,5,8,0.8,0.35,0.25,-0.01350701,31,0,3,1.6594318
dT40,2.52,2.52,26.710081,67.897024,292.3394,0.2322541,0.69726906,5,5,0.8,0.425,0.275,-0.046992667,30,1,3,1.6832763
dT40,2.53,2.53,26.605039,67.509233,293.92602,0.22968103,0.68608392,5,6,0.8,0.5,0.325,-0.033690958,30,1,4,1.6444224
dT40,2.54,2.54,26.387828,67.010005,296.75319,0.22581056,0.67606409,5,6,0.8,0.4,0.3,-0.014621089,30,1,5,1.6616036
dT40,2.55,2.55,26.392092,68.241627,294.86164,0.2314361,0.68642207,5,6,0.8,0.45,0.325,-0.030203461,32,1,4,1.6650951
dT40,2.56,2.56,26.238788,67.720086,292.97058,0.23114978,0.67496781,4,6,0.825,0.475,0.3,-0.032461999,32,1,3,1.6476969
dT40,2.57,2.57,26.317051,67.805388,296.63645,0.22858077,0.67290676,5,4,0.8,0.575,0.225,-0.021916485,31,1,4,1.6548686
dT40,2.58,2.58,26.495442,67.107386,293.18976,0.22888721,0.69415502,5,6,0.8,0.5,0.3,0.033339824,32,1,4,1.6547042
dT40,2.59,2.59,26.449915,67.05047,293.52708,0.22843027,0.68648517,5,6,0.8,0.45,0.325,0.011464482,30,0,3,1.6667844
dT40,2.6,2.6,26.323668,65.971103,295.00552,0.22362668,0.68313854,4,6,0.85,0.55,0.275,-0.00071606627,30,0,3,1.6565588
dT40,2.61,2.61,26.268223,66.177312,292.64685,0.22613369,0.68997362,4,6,0.85,0.5,0.3,-0.012078134,30,0,3,1.6412029
dT40,2.62,2.62,26.143118,66.004487,293.21487,0.2251062,0.68953652,4,6,0.85,0.5,0.3,0.0072100382,29,1,5,1.6519287
dT40,2.63,2.63,26.360296,66.051044,291.3849,0.22667971,0.69375324,5,6,0.8,0.45,0.3,0.0096627858,29,0,1,1.6479295
dT40,2.64,2.64,26.433309,66.726878,293.35818,0.22745872,0.68789947,5,6,0.8,0.5,0.3,0.003138962,28,1,4,1.6413836
dT40,2.65,2.65,26.747037,67.77245,292.66348,0.23157126,0.68458716,5,6,0.8,0.5,0.225,0.00073155271,29,1,4,1.6361395
dT40,2.66,2.66,26.777878,68.131675,294.49568,0.23135034,0.67593864,4,7,0.85,0.45,0.275,-0.012022112,29,1,6,1.648052
dT40,2.67,2.67,27.10858,67.439737,291.98983,0.23096605,0.6800224,4,7,0.85,0.45,0.25,-0.010551234,28,1,4,1.6334615
dT40,2.68,2.68,26.954679,66.996325,292.86668,0.22876049,0.67537072,5,7,0.8,0.4,0.225,0.010472658,28,1,4,1.639344
dT40,2.69,2.69,26.826192,66.818402,293.34844,0.22777828,0.65790205,4,6,0.85,0.5,0.25,0.0028715958,29,1,4,1.639927
dT40,2.7,2.7,26.781948,66.762318,290.72979,0.229637,0.67722714,5,7,0.8,0.4,0.225,0.010086618,29,0,3,1.6230057
dT40,2.71,2.71,26.587207,65.813074,292.01093,0.2253788,0.66618523,4,6,0.8,0.45,0.175,0.027187665,30,1,2,1.653281
dT40,2.72,2.72,26.550884,66.164632,294.41553,0.22473214,0.66163565,4,6,0.85,0.5,0.125,0.052672819,29,0,4,1.644956
dT40,2.73,2.73,26.766126,67.418264,296.5864,0.22731408,0.67236825,4,8,0.825,0.375,0.3,0.039912816,31,1,4,1.6700265
dT40,2.74,2.74,26.915551,68.238358,294.89622,0.23139788,0.66222036,4,8,0.85,0.4,0.25,0.015076381,30,1,5,1.6338723
dT40,2.75,2.75,26.669373,67.147162,295.83668,0.22697376,0.66676517,5,8,0.8,0.35,0.25,0.042703835,31,2,2,1.6578846
dT40,2.76,2.76,26.830034,68.978198,295.17816,0.23368327,0.68135906,4,7,0.825,0.425,0.25,0.0089792984,31,1,5,1.6542767
dT40,2.77,2.77,26.978733,70.295513,292.41088,0.24039979,0.68369423,5,7,0.8,0.4,0.225,0.0072789988,31,1,5,1.6807468
dT40,2.78,2.78,27.176476,70.27808,295.24096,0.23803635,0.69130188,4,8,0.825,0.375,0.2,-0.0038628272,30,1,4,1.6493424
dT40,2.79,2.79,26.728402,68.616661,294.49236,0.2329998,0.67729165,3,8,0.9,0.4,0.25,0.010892097,29,0,2,1.658545
dT40,2.8,2.8,27.12926,69.046947,289.72586,0.23831821,0.67299218,4,8,0.825,0.325,0.2,0.015943326,28,1,5,1.65326
dT40,2.81,2.81,26.789508,67.889445,291.10482,0.23321306,0.6803129,5,7,0.8,0.325,0.25,-0.0028058238,28,1,6,1.6696902
dT40,2.82,2.82,26.820444,68.124711,292.52092,0.23288834,0.66754285,5,8,0.8,0.3,0.3,0.019504505,31,0,5,1.656126
dT40,2.83,2.83,27.185736,70.076229,291.87992,0.24008581,0.69862976,5,8,0.8,0.3,0.35,-0.0096777491,28,0,4,1.6786893
dT40,2.84,2.84,27.099213,69.866025,292.81896,0.23859802,0.70537994,5,7,0.8,0.35,0.225,0.0074605604,31,1,6,1.6535247
dT40,2.85,2.85,27.283929,69.757761,295.36494,0.23617482,0.70947202,5,6,0.8,0.375,0.225,0.03239429,31,1,4,1.6863232
dT40,2.86,2.86,27.408868,71.224136,294.5906,0.24177328,0.71919276,4,6,0.8,0.375,0.275,0.020374399,32,0,2,1.6543293
dT40,2.87,2.87,27.426814,70.958435,291.82859,0.24315107,0.72762208,5,7,0.8,0.35,0.275,0.024907977,28,0,2,1.6454371
dT40,2.88,2.88,26.994316,69.986542,290.49079,0.24092516,0.71485596,5,7,0.8,0.35,0.325,0.042360402,31,0,2,1.6395026
dT40,2.89,2.89,26.77018,69.246456,292.24238,0.23694872,0.71198738,5,7,0.8,0.35,0.275,0.071951104,30,1,2,1.6360377
dT40,2.9,2.9,26.598657,70.451422,290.64769,0.24239457,0.71148159,5,6,0.8,0.45,0.225,0.019789281,29,1,1,1.6534824
dT40,2.91,2.91,26.910636,70.857838,295.28082,0.23996763,0.70363439,5,5,0.8,0.5,0.25,0.016206095,29,1,3,1.6541171
dT40,2.92,2.92,27.24082,72.870037,293.74365,0.24807357,0.71161944,5,6,0.8,0.4,0.275,0.0059918899,29,0,3,1.6825168
dT40,2.93,2.93,27.280411,73.362333,294.02141,0.24951358,0.70388669,5,7,0.8,0.35,0.2,-0.00066409872,31,0,1,1.6433677
dT40,2.94,2.94,27.236669,73.903351,292.07472,0.25302892,0.71387398,4,6,0.85,0.45,0.25,-0.011412154,33,1,5,1.6352182
dT40,2.95,2.95,27.443273,73.754989,291.67548,0.25286661,0.7223039,4,6,0.85,0.45,0.325,-0.046687758,31,1,4,1.6778152
dT40,2.96,2.96,27.563689,72.909217,291.39549,0.25020709,0.71156635,5,7,0.8,0.35,0.325,0.013461887,27,1,3,1.6382849
dT40,2.97,2.97,27.664966,74.173134,296.40683,0.25024097,0.71091224,5,7,0.8,0.4,0.325,0.0061542081,29,0,2,1.6367514
dT40,2.98,2.98,27.602349,73.322275,293.20534,0.25007142,0.69585117,5,7,0.8,0.4,0.25,0.015906346,28,1,5,1.6424005
dT40,2.99,2.99,27.649838,73.554289,292.15302,0.25176631,0.69275346,4,7,0.85,0.45,0.275,-0.018178877,31,1,4,1.6454245
dT40,3,3,27.575907,71.215632,292.4835,0.24348599,0.68534308,4,6,0.85,0.5,0.325,-0.0027727646,28,0,4,1.6432801
dT40,3.01,3.01,27.88893,72.513837,290.69019,0.24945402,0.6910245,3,7,0.85,0.45,0.3,-0.0055426428,27,1,5,1.6541841
dT40,3.02,3.02,27.833686,72.825941,287.48119,0.2533242,0.69426273,4,6,0.85,0.475,0.275,-0.018901076,27,1,2,1.6442119
dT40,3.03,3.03,27.940395,74.134157,291.00368,0.25475333,0.68012545,4,5,0.85,0.525,0.25,-0.029555047,29,0,2,1.6667655
dT40,3.04,3.04,28.12727,74.767214,293.50497,0.25473917,0.68604203,2,3,0.9,0.625,0.35,-0.019481815,29,1,5,1.6510166
dT40,3.05,3.05,28.144276,75.108485,291.9288,0.25728357,0.69492662,2,3,0.925,0.65,0.25,-0.019664498,28,0,4,1.6508139
dT40,3.06,3.06,28.24776,75.61058,292.50595,0.25849245,0.70331221,5,4,0.8,0.475,0.25,-0.013150239,27,0,3,1.6599419
dT40,3.07,3.07,28.498045,75.09895,290.59916,0.25842797,0.71299976,2,7,0.925,0.475,0.3,0.011115974,30,0,3,1.6688351
dT40,3.08,3.08,28.637419,73.5973,291.65078,0.25234734,0.72482724,4,8,0.85,0.4,0.3,-0.0015033287,30,0,3,1.6323792
dT40,3.09,3.09,28.796038,73.58911,288.25208,0.25529429,0.7156131,5,7,0.8,0.4,0.175,-0.021395519,30,1,6,1.6513626
dT40,3.1,3.1,28.562209,72.358868,288.36284,0.25092994,0.71981192,6,7,0.75,0.35,0.275,-0.0016899872,30,1,5,1.6420786
dT40,3.11,3.11,28.820345,73.309682,289.97103,0.25281727,0.74888688,4,6,0.85,0.475,0.3,-0.048464908,30,0,3,1.6574791
dT40,3.12,3.12,28.466613,71.281034,287.93133,0.24756262,0.75098192,5,7,0.8,0.375,0.3,-0.010378003,27,1,5,1.6951018
dT40,3.13,3.13,28.570943,72.029586,287.30495,0.25070778,0.75460324,5,5,0.8,0.475,0.25,-0.017908015,28,1,5,1.6516853
dT40,3.14,3.14,28.631071,72.418224,291.70838,0.24825555,0.7428863,5,6,0.8,0.425,0.325,-0.016886967,30,1,5,1.6444851
dT40,3.15,3.15,28.560659,72.831732,289.04457,0.25197405,0.72976502,5,6,0.8,0.425,0.2,-0.01963841,30,1,2,1.6457434
dT40,3.16,3.16,28.391449,71.842522,291.71106,0.24627973,0.73159193,5,7,0.8,0.4,0.3,-0.021851078,29,1,4,1.6689476
dT40,3.17,3.17,28.211592,71.684039,291.95337,0.2455325,0.72150292,4,6,0.8,0.4,0.225,-0.01118277,31,1,4,1.6258392
dT40,3.18,3.18,28.362783,72.618812,291.74128,0.24891511,0.7186302,4,6,0.85,0.5,0.3,-0.021278526,30,1,4,1.6579924
dT40,3.19,3.19,28.104617,71.094651,286.92527,0.24778108,0.70310891,4,7,0.85,0.45,0.4,-0.0062472025,29,1,3,1.6469903
dT40,3.2,3.2,28.28156,71.670466,289.76942,0.24733619,0.70857878,4,7,0.85,0.45,0.225,0.0013868698,31,1,4,1.6248698
dT40,3.21,3.21,28.372486,71.634876,289.55903,0.247393,0.70921378,4,5,0.85,0.525,0.25,-0.025588648,28,1,3,1.6434607
dT40,3.22,3.22,28.471037,72.354406,291.85191,0.24791479,0.70667285,4,6,0.85,0.425,0.225,-0.022907564,26,0,3,1.6399075
dT40,3.23,3.23,28.097554,70.780401,288.01137,0.24575558,0.6814756,4,8,0.85,0.35,0.375,-0.020023378,29,1,4,1.6704823
dT40,3.24,3.24,28.333281,71.625623,291.2082,0.24596018,0.69153404,4,7,0.85,0.375,0.275,-0.002924371,27,1,5,1.6419203
dT40,3.25,3.25,28.469314,71.620801,292.63274,0.24474637,0.70164102,4,7,0.85,0.45,0.35,-0.016265788,29,1,4,1.6662427
dT40,3.26,3.26,28.379932,72.512442,291.59806,0.24867258,0.70793873,4,7,0.85,0.45,0.325,-0.0058166105,30,1,2,1.6393904
dT40,3.27,3.27,28.696831,71.979075,294.31038,0.24456859,0.70577982,4,8,0.85,0.425,0.325,-0.0073579808,29,1,3,1.6638217
dT40,3.28,3.28,28.587048,72.562345,292.75669,0.24785888,0.71165506,3,8,0.875,0.4,0.275,0.0072650564,30,0,4,1.6453064
dT40,3.29,3.29,28.855157,73.466238,289.66234,0.25362717,0.72842488,4,6,0.85,0.45,0.275,0.011579938,30,1,5,1.6448299
dT40,3.3,3.3,28.878563,74.439652,292.09703,0.25484563,0.73636888,4,7,0.85,0.4,0.225,-0.0101477,30,1,2,1.6393243
dT40,3.31,3.31,29.022188,75.135804,290.69112,0.258473,0.74242271,4,8,0.85,0.375,0.275,0.01152383,28,1,4,1.645341
dT40,3.32,3.32,29.136141,74.833537,291.32234,0.25687537,0.74353795,4,7,0.85,0.475,0.3,-0.0044504464,28,0,4,1.6505282
dT40,3.33,3.33,28.963603,74.026138,291.02773,0.25436112,0.74840404,5,7,0.8,0.425,0.225,0.01534381,29,1,6,1.6723258
dT40,3.34,3.34,28.814545,73.365403,293.85005,0.24966953,0.74858782,4,5,0.85,0.55,0.3,0.00050787768,28,1,4,1.6521994
dT40,3.35,3.35,28.723996,73.804079,295.8532,0.24946182,0.74533545,4,6,0.85,0.45,0.325,-0.023110304,31,1,5,1.6624256
dT40,3.36,3.36,28.454116,73.093362,294.16231,0.2484797,0.73971649,3,6,0.85,0.525,0.325,0.0029004277,29,1,5,1.651184
dT40,3.37,3.37,28.605491,74.464926,291.69582,0.2552828,0.73597481,4,6,0.85,0.5,0.3,0.0083031858,29,1,4,1.6450803
dT40,3.38,3.38,28.510498,72.224836,292.02329,0.2473256,0.73453691,4,7,0.85,0.45,0.275,-0.01812815,29,1,5,1.6468026
dT40,3.39,3.39,28.132729,72.053928,291.89662,0.24684742,0.71885345,4,6,0.85,0.475,0.325,-0.0044428504,29,1,6,1.6353593
dT40,3.4,3.4,28.433511,74.124933,291.44998,0.25433157,0.72216932,4,6,0.85,0.525,0.275,-0.008849396,30,1,4,1.6458369
dT40,3.41,3.41,28.753629,74.595,293.01227,0.25457978,0.74010342,4,8,0.825,0.425,0.3,-0.0061887964,26,1,6,1.6492589
dT40,3.42,3.42,29.014984,75.615913,293.70759,0.25745304,0.75792005,4,8,0.85,0.45,0.3,-0.021621011,26,1,5,1.6508641
dT40,3.43,3.43,28.830458,75.473879,293.50253,0.25714899,0.75240589,3,7,0.875,0.5,0.35,0.0068287987,28,1,5,1.6490752
dT40,3.44,3.44,28.774071,74.663978,292.14046,0.25557562,0.75767039,4,7,0.85,0.5,0.225,0.0042830624,27,1,4,1.6443073
dT40,3.45,3.45,28.903869,75.027074,290.32137,0.25842767,0.75999386,4,7,0.85,0.5,0.3,-0.0067008156,27,1,6,1.6719245
dT40,3.46,3.46,29.142708,76.347568,291.18656,0.26219468,0.75507564,4,8,0.85,0.4,0.275,-0.010969228,30,1,5,1.6615205
dT40,3.47,3.47,29.281839,76.916924,290.618,0.26466676,0.76418905,4,7,0.825,0.375,0.35,-0.018367199,26,1,6,1.6631224
dT40,3.48,3.48,29.260819,76.534047,291.20828,0.2628155,0.75640568,5,7,0.8,0.35,0.3,-0.011950397,28,1,5,1.6336496
dT40,3.49,3.49,29.309787,76.272905,290.37012,0.26267477,0.75123754,4,6,0.85,0.425,0.275,-0.021171389,29,1,4,1.6720673
dT40,3.5,3.5,28.980119,76.966709,290.95887,0.2645278,0.74041716,5,6,0.8,0.425,0.25,-0.0053329732,30,1,5,1.6511692
dT40,3.51,3.51,29.133041,77.150593,290.29276,0.26576823,0.76241046,4,6,0.825,0.475,0.275,0.017038019,29,1,5,1.6792077
dT40,3.52,3.52,29.144258,77.138555,289.57605,0.26638444,0.76459771,5,6,0.8,0.45,0.225,-0.0079770736,31,1,4,1.6357286
dT40,3.53,3.53,28.978995,76.581781,287.86738,0.26603147,0.76059352,5,5,0.8,0.475,0.325,0.0096409043,29,1,5,1.6400202
dT40,3.54,3.54,28.800043,75.626184,289.4567,0.26126942,0.75925172,5,5,0.8,0.4,0.275,0.030164382,28,1,4,1.6409812
dT40,3.55,3.55,28.772415,75.257722,290.62544,0.25895091,0.75892424,5,5,0.8,0.45,0.3,0.018814594,32,1,5,1.6501724
dT40,3.56,3.56,28.924724,75.961759,290.61014,0.26138716,0.75380412,5,7,0.8,0.325,0.45,0.0046952459,29,1,5,1.6572652
dT40,3.57,3.57,28.880429,74.121258,289.76286,0.25579972,0.75120856,4,6,0.85,0.475,0.25,0.045252307,26,1,5,1.663111
dT40,3.58,3.58,28.828346,75.069815,288.02123,0.26063986,0.7497136,5,5,0.8,0.425,0.375,0.016723518,28,1,5,1.6358796
dT40,3.59,3.59,28.690275,75.119185,290.24896,0.25880949,0.76004535,4,6,0.825,0.45,0.3,0.035918798,24,1,3,1.6409261
dT40,3.6,3.6,28.604082,75.508969,292.15114,0.25845858,0.7585011,4,8,0.85,0.375,0.375,0.034117313,25,1,2,1.64845
dT40,3.61,3.61,28.808778,75.234214,288.51619,0.26076254,0.75430237,5,7,0.8,0.375,0.3,0.027165494,27,1,3,1.645258
dT40,3.62,3.62,28.991241,75.991249,287.59221,0.26423264,0.75706189,5,6,0.8,0.4,0.325,0.02421899,27,1,7,1.6340043
dT40,3.63,3.63,28.90959,75.694501,291.1989,0.25994089,0.75449222,4,6,0.85,0.475,0.325,0.011522039,27,1,6,1.6326825
dT40,3.64,3.64,28.698738,73.960237,289.31032,0.25564327,0.73916171,5,7,0.8,0.425,0.275,0.017686405,27,1,7,1.645546
dT40,3.65,3.65,28.839571,75.154653,291.87667,0.2574877,0.74819913,3,7,0.875,0.425,0.375,0.029022945,23,1,4,1.6727698
dT40,3.66,3.66,28.889345,74.926723,293.00715,0.25571636,0.74526492,4,6,0.825,0.5,0.35,0.0082403789,30,1,4,1.6639284
dT40,3.67,3.67,28.874229,75.447261,293.24924,0.25728033,0.74175365,5,7,0.8,0.35,0.375,0.01299992,27,1,5,1.6708695
dT40,3.68,3.68,28.846063,75.296968,295.88828,0.2544777,0.74958902,4,7,0.85,0.4,0.35,0.017864391,27,0,6,1.6619362
dT40,3.69,3.69,28.715441,74.871421,291.46838,0.25687665,0.73295959,3,6,0.85,0.4,0.375,0.01241218,26,0,3,1.6328163
dT40,3.7,3.7,29.02118,76.020478,290.97485,0.26126134,0.74867646,3,7,0.85,0.4,0.375,0.026835081,28,0,2,1.6629975
dT40,3.71,3.71,29.267918,76.71787,294.24654,0.26072649,0.75090044,4,7,0.85,0.4,0.25,0.049737294,25,1,5,1.6328505
dT40,3.72,3.72,29.046379,74.519717,290.97537,0.25610317,0.73730934,4,7,0.85,0.35,0.25,0.043811362,27,0,5,1.64162
dT40,3.73,3.73,28.687959,73.018098,292.12273,0.24995692,0.72177194,4,8,0.85,0.35,0.275,0.05120831,25,1,5,1.6452104
dT40,3.74,3.74,28.679842,73.915427,292.99274,0.25227733,0.72085903,4,6,0.85,0.5,0.225,0.051196316,28,1,6,1.6443714
dT40,3.75,3.75,28.588969,72.222268,288.97749,0.24992351,0.7095423,4,7,0.85,0.45,0.275,0.070716973,28,1,4,1.656897
dT40,3.76,3.76,28.801385,72.599686,286.31571,0.25356515,0.72172777,4,7,0.85,0.4,0.35,0.075378356,27,1,3,1.6461702
dT40,3.77,3.77,29.055705,72.804387,291.9789,0.24934811,0.72183131,3,5,0.9,0.575,0.325,0.039083621,26,1,5,1.6577556
dT40,3.78,3.78,29.173026,74.917132,289.09507,0.25914358,0.74211732,4,6,0.85,0.5,0.375,0.057401264,28,1,4,1.6471479
dT40,3.79,3.79,28.992515,74.017517,286.57814,0.2582804,0.74103867,4,7,0.85,0.5,0.35,0.047068729,26,1,6,1.6521768
dT40,3.8,3.8,28.701835,74.062161,289.33224,0.25597618,0.73718108,4,5,0.85,0.575,0.225,0.0045431555,27,1,5,1.6771665
dT40,3.81,3.81,28.518916,74.262498,288.89739,0.25705493,0.74496625,4,6,0.85,0.5,0.25,0.033219814,27,1,5,1.6648603
dT40,3.82,3.82,28.660553,73.778389,294.03008,0.25092123,0.75576242,4,7,0.85,0.5,0.25,0.010215404,27,1,2,1.6499392
dT40,3.83,3.83,28.548451,73.495765,293.9486,0.25002931,0.74329106,3,7,0.875,0.475,0.175,0.028819037,25,0,2,1.6495894
dT40,3.84,3.84,28.575883,73.669756,292.32945,0.25200935,0.75344454,3,6,0.85,0.55,0.225,-0.012040045,27,2,5,1.6388937
dT40,3.85,3.85,28.814153,75.764613,294.01037,0.25769367,0.7546622,4,8,0.85,0.4,0.2,0.016688469,29,1,6,1.6412325
dT40,3.86,3.86,28.711916,74.60688,291.88278,0.25560562,0.74669665,4,7,0.85,0.45,0.275,-0.0057813421,30,1,5,1.6702858
dT40,3.87,3.87,28.77165,74.587117,289.86995,0.25731235,0.743539,4,7,0.85,0.5,0.275,0.005717823,28,1,5,1.6477332
dT40,3.88,3.88,28.486128,72.864604,293.95408,0.24787751,0.73767324,4,7,0.85,0.45,0.15,0.0058353839,26,1,4,1.6967836
dT40,3.89,3.89,28.375904,72.300825,295.04009,0.24505424,0.72131041,4,7,0.85,0.45,0.175,0.0014477492,26,1,5,1.6699076
dT40,3.9,3.9,28.544705,73.965388,293.39915,0.25209816,0.74376867,4,7,0.85,0.4,0.325,0.017839092,29,1,3,1.6601188
dT40,3.91,3.91,28.515843,73.255348,291.36208,0.25142375,0.73855491,3,7,0.85,0.4,0.25,0.01459131,27,0,3,1.6702727
dT40,3.92,3.92,28.46902,72.158616,291.38236,0.24764236,0.72341509,4,7,0.85,0.4,0.225,0.030708057,30,1,7,1.6584388
dT40,3.93,3.93,28.392899,71.360427,295.72536,0.24130642,0.72678861,3,7,0.875,0.425,0.275,0.016930777,29,1,6,1.6399455
dT40,3.94,3.94,28.815626,72.810529,294.09004,0.24757904,0.7335912,3,6,0.9,0.45,0.325,0.034103172,28,1,4,1.6379006
dT40,3.95,3.95,28.48968,72.600701,294.63237,0.24641115,0.72625881,3,6,0.9,0.5,0.225,0.055279044,27,0,1,1.6410572
dT40,3.96,3.96,28.58864,73.172499,292.2091,0.25041143,0.72218177,4,6,0.85,0.45,0.225,0.0052920736,26,1,5,1.6559039
dT40,3.97,3.97,28.394742,73.522146,293.43495,0.25055688,0.72609283,4,7,0.85,0.4,0.2,0.019509243,28,1,4,1.6753888
dT40,3.98,3.98,28.729555,75.125066,293.86164,0.25564774,0.72922953,4,6,0.85,0.45,0.2,0.012822337,26,0,3,1.6387147
dT40,3.99,3.99,28.691994,75.075679,293.50655,0.25578877,0.74970668,4,6,0.85,0.45,0.2,0.04282767,26,1,5,1.6269907
dT40,4,4,28.56954,75.427756,291.40986,0.25883735,0.7717907,4,7,0.85,0.4,0.25,-0.0054270573,26,1,3,1.6577259
dT40,4.01,4.01,28.575135,75.635375,293.37685,0.25780962,0.770351,4,7,0.85,0.4,0.225,0.0064432821,28,1,6,1.6397002
dT40,4.02,4.02,28.609384,75.893641,294.57101,0.25764124,0.77318133,4,7,0.85,0.35,0.375,-0.00060635673,23,1,6,1.6489286
dT40,4.03,4.03,28.410814,74.978119,296.08744,0.25322965,0.76628736,4,7,0.85,0.4,0.3,0.0026163694,27,1,6,1.6479919
dT40,4.04,4.04,28.654739,74.806427,297.91813,0.25109726,0.76818127,4,7,0.85,0.45,0.35,0.030964022,27,1,6,1.6563327
dT40,4.05,4.05,28.609172,76.481248,293.72919,0.26038014,0.77421613,4,5,0.85,0.425,0.3,0.037583519,26,1,7,1.6853621
dT40,4.06,4.06,28.677984,76.900146,294.39966,0.26121004,0.77447023,4,5,0.85,0.45,0.3,0.0020749043,25,1,5,1.6682345
dT40,4.07,4.07,28.757337,75.472806,298.6627,0.25270248,0.77452176,4,7,0.85,0.35,0.275,0.0097810717,26,1,4,1.6396117
dT40,4.08,4.08,28.485693,75.514856,296.91496,0.2543316,0.76942977,4,7,0.85,0.35,0.325,0.047225116,27,1,5,1.6699656
dT40,4.09,4.09,28.582046,75.916483,296.94615,0.25565741,0.75698674,4,7,0.85,0.4,0.325,0.02273266,28,1,6,1.6854303
dT40,4.1,4.1,28.646206,75.984471,295.66633,0.25699399,0.74003341,4,7,0.85,0.4,0.3,0.010253649,26,1,6,1.6252149
dT40,4.11,4.11,28.687888,75.969025,295.92869,0.25671396,0.74417602,4,7,0.85,0.4,0.3,0.018365321,25,1,5,1.6682309
dT40,4.12,4.12,28.771253,75.804211,294.16894,0.25768938,0.73987216,4,7,0.85,0.45,0.325,0.026161128,26,1,3,1.6478105
dT40,4.13,4.13,28.714359,75.885154,295.60389,0.2567123,0.74399785,4,6,0.85,0.5,0.3,0.020508215,24,0,4,1.6445245
dT40,4.14,4.14,28.820601,76.057596,291.78256,0.26066532,0.74179816,5,5,0.8,0.5,0.375,0.060630653,23,1,4,1.6677292
dT40,4.15,4.15,28.718625,75.943882,294.36949,0.2579883,0.72240277,4,7,0.85,0.475,0.35,0.028095817,26,1,6,1.6495638
dT40,4.16,4.16,29.015988,75.472318,295.73143,0.2552056,0.71704321,5,4,0.775,0.475,0.275,0.057932254,25,1,6,1.6613536
dT40,4.17,4.17,29.268244,77.663167,295.44884,0.26286502,0.71688259,5,6,0.8,0.4,0.35,0.063456931,25,1,5,1.6813975
dT40,4.18,4.18,29.233908,77.720119,294.66867,0.26375426,0.71924792,4,5,0.85,0.525,0.3,0.061794784,27,1,5,1.6680657
dT40,4.19,4.19,29.042598,77.066285,295.00604,0.2612363,0.71685702,6,5,0.75,0.425,0.3,0.052807544,25,1,4,1.6389813
dT40,4.2,4.2,29.03271,76.172287,299.5735,0.25426911,0.71304079,4,6,0.85,0.525,0.25,0.066310271,27,0,4,1.6570432
dT40,4.21,4.21,28.722322,75.213216,298.49955,0.25197095,0.71994198,4,6,0.85,0.5,0.275,0.066846959,27,1,4,1.635567
dT40,4.22,4.22,28.609696,76.602585,297.09749,0.25783652,0.72618741,4,6,0.85,0.525,0.325,0.053087313,25,1,4,1.6388515
dT40,4.23,4.23,28.872862,76.646021,297.87884,0.25730603,0.72021173,5,6,0.8,0.45,0.325,0.038201965,28,1,6,1.6782731
dT40,4.24,4.24,28.949542,76.849818,296.59337,0.25910835,0.72608784,4,6,0.85,0.5,0.275,0.039094836,28,1,4,1.6605365
dT40,4.25,4.25,28.426337,75.251655,299.67322,0.25111238,0.71745479,4,6,0.85,0.5,0.375,0.026678075,28,1,4,1.6456136
dT40,4.26,4.26,28.543868,76.415504,298.24092,0.25622072,0.72104625,4,5,0.85,0.55,0.35,0.031455111,29,0,4,1.6518281
dT40,4.27,4.27,28.364547,76.059196,300.301,0.25327653,0.72395655,3,5,0.9,0.6,0.325,0.044468236,28,1,6,1.6404204
dT40,4.28,4.28,28.262717,75.737668,302.55778,0.25032464,0.71341561,4,6,0.85,0.45,0.3,0.0444153,29,1,5,1.6509386
dT40,4.29,4.29,28.28246,75.063335,299.58969,0.25055379,0.71332786,4,6,0.85,0.5,0.25,0.07860977,24,1,4,1.658999
dT40,4.3,4.3,28.029378,74.5645,299.87321,0.24865342,0.7103437,4,5,0.85,0.5,0.35,0.075364854,29,1,5,1.6490723
dT40,4.31,4.31,28.112569,74.863804,297.97088,0.25124537,0.70309407,4,7,0.85,0.45,0.325,0.045079877,28,1,3,1.6475056
dT40,4.32,4.32,28.144302,76.006572,299.70558,0.25360412,0.71269142,3,6,0.85,0.475,0.2,0.052186491,27,1,5,1.6438406
dT40,4.33,4.33,28.025657,76.275255,300.78453,0.25358769,0.71362991,4,5,0.85,0.55,0.325,0.053664319,28,1,4,1.6529435
dT40,4.34,4.34,27.461116,74.839849,298.60477,0.2506318,0.70806067,4,5,0.85,0.5,0.3,0.05735406,31,1,6,1.6493544
dT40,4.35,4.35,27.782558,76.171161,300.74863,0.25327185,0.70391546,3,5,0.875,0.575,0.25,0.06258388,29,1,5,1.6443084
dT40,4.36,4.36,27.609291,74.970126,299.19443,0.25057327,0.70217527,4,6,0.85,0.45,0.25,0.060477505,28,1,5,1.660743
dT40,4.37,4.37,27.385118,73.686425,299.60408,0.245946,0.68814742,3,5,0.9,0.55,0.35,0.066756314,29,1,4,1.6590893
dT40,4.38,4.38,27.292024,72.393808,300.54228,0.24087728,0.69275814,4,5,0.85,0.45,0.175,0.069030846,29,1,5,1.6358292
dT40,4.39,4.39,27.586309,73.644306,299.64827,0.24576917,0.69302724,4,5,0.85,0.5,0.35,0.081598716,33,1,7,1.6468999
dT40,4.4,4.4,27.403606,73.079886,298.17522,0.24509041,0.69869414,4,5,0.85,0.55,0.25,0.074574825,30,1,4,1.6429819
dT40,4.41,4.41,27.015002,72.601903,299.00805,0.24280919,0.6986641,4,5,0.85,0.5,0.325,0.076028736,32,0,5,1.6660784
dT40,4.42,4.42,27.337236,74.2907,298.35725,0.24899915,0.69688815,4,5,0.85,0.45,0.35,0.066858833,33,1,6,1.6562588
dT40,4.43,4.43,27.345118,74.805984,298.09284,0.25094861,0.70460572,4,4,0.85,0.6,0.325,0.037789913,32,1,6,1.6625546
dT40,4.44,4.44,27.369819,74.809246,298.0492,0.2509963,0.69219834,3,7,0.85,0.45,0.275,0.056941504,33,1,7,1.6590109
dT40,4.45,4.45,27.187812,73.996667,297.13741,0.24903181,0.68466012,3,7,0.875,0.45,0.3,0.030512392,33,1,5,1.6665417
dT40,4.46,4.46,27.25071,74.400691,295.96076,0.25138701,0.6795651,5,6,0.8,0.375,0.3,0.036279633,32,1,6,1.6418637
dT40,4.47,4.47,27.197889,74.381702,297.29877,0.25019176,0.67311245,5,6,0.8,0.45,0.325,0.015253379,33,0,5,1.6635175
dT40,4.48,4.48,27.409379,73.896488,296.33149,0.24937103,0.65876429,5,6,0.8,0.45,0.325,0.022001869,29,1,4,1.6757724
dT40,4.49,4.49,27.347181,73.885524,298.31363,0.24767733,0.65959795,5,6,0.8,0.4,0.275,0.018547858,30,2,6,1.6361017
dT40,4.5,4.5,27.061766,73.407583,297.19129,0.24700449,0.64731778,5,6,0.8,0.4,0.25,0.0044421962,29,0,5,1.6415086
dT40,4.51,4.51,26.833884,72.628476,296.95262,0.24457934,0.6329378,4,5,0.825,0.4,0.3,0.031371514,30,0,4,1.6535016
dT40,4.52,4.52,26.806113,72.54839,295.57417,0.24544902,0.64198187,4,7,0.825,0.35,0.275,0.017470338,31,1,3,1.6569726
dT40,4.53,4.53,26.613411,71.244583,299.15751,0.23815074,0.63855523,4,7,0.85,0.325,0.35,0.042741503,30,1,5,1.6429611
dT40,4.54,4.54,26.626514,72.31946,298.84759,0.24199445,0.62737048,4,7,0.85,0.375,0.325,0.045131837,30,0,4,1.6585786
dT40,4.55,4.55,26.77292,72.821272,297.45019,0.24481837,0.64928649,3,6,0.85,0.4,0.325,0.058978368,33,1,5,1.6473096
dT40,4.56,4.56,26.779123,72.473757,299.32556,0.24212351,0.63752932,3,6,0.85,0.35,0.225,0.067537008,31,0,3,1.643093
dT40,4.57,4.57,26.553065,71.239111,295.97455,0.24069337,0.64434592,4,6,0.85,0.4,0.35,0.057278402,30,1,3,1.6562947
dT40,4.58,4.58,26.554518,70.569439,299.70892,0.23545992,0.63669326,2,6,0.9,0.4,0.35,0.064275351,28,1,6,1.654513
dT40,4.59,4.59,26.320577,70.439946,301.2427,0.23383121,0.62629578,3,5,0.9,0.45,0.3,0.068678682,33,0,4,1.645486
dT40,4.6,4.6,26.832368,70.602879,301.3759,0.2342685,0.63822365,4,5,0.85,0.375,0.375,0.077222158,31,0,5,1.6560098
dT40,4.61,4.61,26.92239,71.491087,297.79402,0.24006891,0.65409761,1,7,0.95,0.45,0.375,0.057644712,29,1,4,1.6629921
dT40,4.62,4.62,27.028832,72.148825,300.05058,0.24045554,0.65513014,4,7,0.85,0.35,0.3,0.037706686,32,1,5,1.6356343
dT40,4.63,4.63,27.108025,71.908167,299.19657,0.24033754,0.64646163,4,6,0.85,0.45,0.325,0.055236116,28,1,7,1.6655163
dT40,4.64,4.64,26.906843,71.009582,300.77122,0.23609167,0.6346733,4,6,0.85,0.4,0.325,0.071504672,29,1,5,1.6508361
dT40,4.65,4.65,27.174336,70.782838,300.40241,0.23562673,0.64368621,4,4,0.85,0.55,0.275,0.046868927,30,1,6,1.634769
dT40,4.66,4.66,27.210345,72.702961,296.08751,0.24554552,0.65733731,4,6,0.85,0.4,0.3,0.051692686,29,1,4,1.6586231
dT40,4.67,4.67,27.41069,73.115627,298.61589,0.24484841,0.6596297,4,4,0.85,0.475,0.225,0.055860422,30,1,6,1.6379146
dT40,4.68,4.68,27.354241,72.990887,298.52138,0.24450807,0.66783464,2,7,0.9,0.475,0.175,0.043100231,27,1,5,1.6529392
dT40,4.69,4.69,27.259584,73.486083,296.785,0.24760714,0.67858917,5,5,0.8,0.4,0.275,0.037020957,31,1,5,1.6559316
dT40,4.7,4.7,27.363359,72.990244,296.50628,0.24616761,0.67891203,4,5,0.8,0.4,0.275,0.065799667,29,1,5,1.6530441
dT40,4.71,4.71,27.283843,72.668467,295.05611,0.24628695,0.67635528,4,5,0.825,0.45,0.3,0.042005463,28,1,6,1.6458999
dT40,4.72,4.72,27.311222,72.982323,296.09996,0.24647866,0.67902664,4,5,0.825,0.55,0.225,0.033100989,28,1,5,1.6380919
dT40,4.73,4.73,27.253753,71.990108,295.67134,0.24348017,0.67428237,5,6,0.8,0.35,0.25,0.045590508,28,0,6,1.657305
dT40,4.74,4.74,27.243887,71.256938,295.31167,0.24129402,0.66630953,3,7,0.9,0.45,0.25,0.074091765,28,0,5,1.6686179
dT40,4.75,4.75,26.944097,70.413397,295.72774,0.2381021,0.65930396,4,6,0.85,0.35,0.3,0.090176451,28,0,6,1.663066
dT40,4.76,4.76,27.281625,72.633579,295.24472,0.24601144,0.67081146,5,6,0.8,0.375,0.275,0.046640036,28,1,5,1.6398431
dT40,4.77,4.77,27.888556,74.77027,296.55737,0.2521275,0.68606368,2,6,0.9,0.525,0.3,0.036598855,26,1,5,1.6550844
dT40,4.78,4.78,27.943585,74.671025,297.26473,0.25119369,0.68082539,4,6,0.825,0.4,0.35,0.018398522,27,0,3,1.6426882
dT40,4.79,4.79,27.566756,74.516503,299.33087,0.2489436,0.65814535,3,5,0.875,0.45,0.425,0.0016619611,28,1,6,1.6437786
dT40,4.8,4.8,27.688486,74.346702,296.60196,0.25066153,0.65841487,3,5,0.875,0.5,0.35,-0.01807186,29,1,5,1.6399669
dT40,4.81,4.81,27.381868,73.58943,297.09899,0.2476933,0.66575181,4,7,0.85,0.375,0.325,-0.021255176,27,1,6,1.6747284
dT40,4.82,4.82,27.768755,74.109572,295.53595,0.25076331,0.67814656,4,6,0.85,0.4,0.325,-0.016720847,25,1,6,1.6552186
dT40,4.83,4.83,27.770404,74.238127,295.00254,0.2516525,0.68219616,4,7,0.85,0.35,0.325,-0.0067172917,26,0,3,1.6384167
dT40,4.84,4.84,27.525307,73.517265,295.05812,0.24916198,0.67079288,4,7,0.85,0.45,0.3,-0.019654739,24,1,6,1.6395987
dT40,4.85,4.85,27.390034,72.888761,297.91787,0.24466058,0.67720927,4,6,0.85,0.375,0.4,-0.0042043371,23,1,3,1.6545316
dT40,4.86,4.86,27.812675,75.53467,294.83261,0.2561951,0.68173686,4,5,0.85,0.4,0.4,0.035190118,25,1,5,1.6330097
dT40,4.87,4.87,27.870146,76.387382,299.06631,0.25541955,0.67739534,3,6,0.875,0.4,0.275,0.033915994,26,1,4,1.6431771
dT40,4.88,4.88,28.036237,75.254389,292.88133,0.25694499,0.68797691,4,5,0.85,0.4,0.35,0.019610838,28,1,5,1.6641138
dT40,4.89,4.89,27.939957,75.57646,294.14508,0.256936,0.68109033,4,5,0.85,0.375,0.325,0.038146203,25,1,5,1.6577063
dT40,4.9,4.9,28.433556,78.94305,294.28408,0.26825457,0.69757176,3,6,0.875,0.5,0.325,0.019209927,25,1,3,1.6431434
dT40,4.91,4.91,28.161821,77.30568,297.63673,0.25973165,0.70570697,4,4,0.85,0.5,0.225,0.00034768833,29,1,2,1.6527502
dT40,4.92,4.92,28.296825,76.863511,296.335,0.25938046,0.69947407,4,4,0.85,0.55,0.3,-0.0047524263,25,0,3,1.6401768
dT40,4.93,4.93,28.314537,77.1575,291.86791,0.2643576,0.69992429,4,4,0.85,0.5,0.325,-0.02727599,27,1,5,1.653621
dT40,4.94,4.94,27.802428,75.390687,296.32023,0.25442301,0.70230744,4,4,0.85,0.55,0.325,-0.049033203,28,1,3,1.6638945
dT40,4.95,4.95,27.510514,74.325069,293.36052,0.25335744,0.70132352,4,5,0.85,0.5,0.275,-0.016701709,28,1,5,1.6316873
dT40,4.96,4.96,27.758766,74.647288,298.11169,0.2504004,0.70854118,3,5,0.85,0.45,0.35,-0.0074713364,29,1,5,1.6624848
dT40,4.97,4.97,27.732573,75.785682,291.97404,0.25956308,0.71451572,3,6,0.875,0.425,0.35,0.0047698917,28,1,4,1.6527349
dT40,4.98,4.98,27.409025,73.882657,296.31688,0.24933664,0.70800634,4,7,0.85,0.4,0.325,-0.0075103624,30,1,5,1.6438344
dT40,4.99,4.99,26.923893,72.836562,295.90545,0.24614809,0.7070128,3,6,0.875,0.525,0.325,0.0076736934,32,1,6,1.6491695
dT40,5,5,27.11852,73.496323,296.30269,0.24804474,0.70067182,4,6,0.85,0.425,0.275,0.016176974,31,1,5,1.6448393
