Charm++: standalone mode (not using charmrun)
Charm++> Running in Multicore mode: 8 threads (PEs)
Charm++> Using recursive bisection (scheme 3) for topology aware partitions
Converse/Charm++ Commit ID: 
CharmLB> Load balancer assumes all CPUs are same.
Charm++> Running on 1 hosts (2 sockets x 2 cores x 2 PUs = 8-way SMP)
Charm++> cpu topology info is gathered in 0.000 seconds.
Info: Built with CUDA version 11080
Pe 7 physical rank 7 will use CUDA device of pe 4
Pe 0 physical rank 0 will use CUDA device of pe 4
Pe 6 physical rank 6 will use CUDA device of pe 4
Pe 1 physical rank 1 will use CUDA device of pe 4
Pe 2 physical rank 2 will use CUDA device of pe 4
Pe 5 physical rank 5 will use CUDA device of pe 4
Pe 3 physical rank 3 will use CUDA device of pe 4
Pe 4 physical rank 4 binding to CUDA device 0 on g011: 'NVIDIA GeForce GTX 1080 Ti'  Mem: 11165MB  Rev: 6.1  PCI: 0:88:0
CharmLB> Load balancing instrumentation for communication is off.
Info: NAMD 3.0.2 for Linux-x86_64-multicore-CUDA
Info: 
Info: Please visit http://www.ks.uiuc.edu/Research/namd/
Info: for updates, documentation, and support information.
Info: 
Info: Please cite Phillips et al., J. Chem. Phys. 153:044130 (2020) doi:10.1063/5.0014475
Info: in all publications reporting results obtained with NAMD.
Info: 
Info: Based on Charm++/Converse 80000 for multicore-linux-x86_64-gcc
Info: Built Wed Aug 27 15:48:11 CDT 2025 by dhardy on athine.ks.uiuc.edu
Info: 1 NAMD  3.0.2  Linux-x86_64-multicore-CUDA  8    g011  zhangwen
Info: Running on 8 processors, 1 nodes, 1 physical nodes.
Info: CPU topology information available.
Info: Charm++/Converse parallel runtime startup completed at 0.133826 s
CkLoopLib is used in SMP with simple dynamic scheduling (converse-level notification)
Info: 0 MB of memory in use based on /proc/self/stat
Info: Configuration file is eq1.namd
Info: Working in the current directory /net/galaxy/home/koes/zhangwen/ahl+3M-20-dA5/polydt40-3m-kcl/formal-10ns
TCL: Suspending until startup complete.
Warning: Option "1-4scaling" has been deprecated. Instead use "oneFourScaling".
Info: EXTENDED SYSTEM FILE   heat.xsc
Warning: The Langevin gamma parameters differ over the particles,
Warning: requiring extra work per step to constrain rigid bonds.
Info: SIMULATION PARAMETERS:
Info: TIMESTEP               2
Info: NUMBER OF STEPS        0
Info: STEPS PER CYCLE        20
Info: PERIODIC CELL BASIS 1  72 0 0
Info: PERIODIC CELL BASIS 2  0 72 0
Info: PERIODIC CELL BASIS 3  0 0 178
Info: PERIODIC CELL CENTER   0 0 27
Info: WRAPPING ALL CLUSTERS AROUND PERIODIC BOUNDARIES ON OUTPUT.
Info: WRAPPING TO IMAGE NEAREST TO PERIODIC CELL CENTER.
Info: LOAD BALANCER  Centralized
Info: LOAD BALANCING STRATEGY  New Load Balancers -- DEFAULT
Info: LDB PERIOD             4000 steps
Info: FIRST LDB TIMESTEP     100
Info: LAST LDB TIMESTEP     -1
Info: LDB BACKGROUND SCALING 1
Info: HOM BACKGROUND SCALING 1
Info: PME BACKGROUND SCALING 1
Info: MIN ATOMS PER PATCH    40
Info: EMPTY PATCH LOAD       40 ATOMS
Info: VELOCITY FILE          heat.vel
Info: CENTER OF MASS MOVING INITIALLY? NO
Info: DIELECTRIC             1
Info: EXCLUDE                SCALED ONE-FOUR
Info: 1-4 ELECTROSTATICS SCALED BY 1
Info: MODIFIED 1-4 VDW PARAMETERS WILL BE USED
Info: DCD FILENAME           eq1.dcd
Info: DCD FREQUENCY          5000
Info: DCD FIRST STEP         5000
Info: DCD FILE WILL CONTAIN UNIT CELL DATA
Info: XST FILENAME           eq1.xst
Info: XST FREQUENCY          10000
Info: NO VELOCITY DCD OUTPUT
Info: NO FORCE DCD OUTPUT
Info: OUTPUT FILENAME        eq1
Info: BINARY OUTPUT FILES WILL BE USED
Info: RESTART FILENAME       eq1.restart
Info: RESTART FREQUENCY      10000
Info: BINARY RESTART FILES WILL BE USED
Info: SWITCHING ACTIVE
Info: SWITCHING ON           10
Info: SWITCHING OFF          12
Info: PAIRLIST DISTANCE      14
Info: PAIRLIST SHRINK RATE   0.01
Info: PAIRLIST GROW RATE     0.01
Info: PAIRLIST TRIGGER       0.3
Info: PAIRLISTS PER CYCLE    2
Info: PAIRLISTS ENABLED
Info: MARGIN                 0.495
Info: HYDROGEN GROUP CUTOFF  2.5
Info: PATCH DIMENSION        16.995
Info: ENERGY OUTPUT STEPS    1000
Info: ENERGY EVALUATION STEPS    1000
Info: OUTPUT ENERGY PRECISION 4
Info: CROSSTERM ENERGY INCLUDED IN DIHEDRAL
Info: TIMING OUTPUT STEPS    1000
Info: HARMONIC CONSTRAINTS ACTIVE
Info: HARMONIC CONS EXP      2
Info: HARMONIC CONS SCALING  0.5
Info: LANGEVIN DYNAMICS ACTIVE
Info: LANGEVIN TEMPERATURE   293
Info: LANGEVIN USING BBK INTEGRATOR
Info: LANGEVIN DAMPING COEFFICIENT IS 1 INVERSE PS
Info: LANGEVIN DYNAMICS NOT APPLIED TO HYDROGENS
Info: LANGEVIN PISTON PRESSURE CONTROL ACTIVE
Info:        TARGET PRESSURE IS 1.01325 BAR
Info:     OSCILLATION PERIOD IS 200 FS
Info:             DECAY TIME IS 100 FS
Info:     PISTON TEMPERATURE IS 293 K
Info:       PRESSURE CONTROL IS GROUP-BASED
Info:    INITIAL STRAIN RATE IS 0 0 0
Info:       CELL FLUCTUATION IS ISOTROPIC
Info: PARTICLE MESH EWALD (PME) ACTIVE
Info: PME TOLERANCE               1e-06
Info: PME EWALD COEFFICIENT       0.257952
Info: PME INTERPOLATION ORDER     4
Info: PME GRID DIMENSIONS         72 72 180
Info: PME MAXIMUM GRID SPACING    1.5
Info: PME CALCULATION WILL BE PERFORMED ON GPU
Info: FULL ELECTROSTATIC EVALUATION FREQUENCY      2
Info: USING VERLET I (r-RESPA) MTS SCHEME.
Info: C1 SPLITTING OF LONG RANGE ELECTROSTATICS
Info: PLACING ATOMS IN PATCHES BY HYDROGEN GROUPS
Info: RIGID BONDS TO HYDROGEN : ALL
Info:         ERROR TOLERANCE : 1e-08
Info:          MAX ITERATIONS : 100
Info: RIGID WATER USING SETTLE ALGORITHM
Info: RANDOM NUMBER SEED     1788286227
Info: USE HYDROGEN BONDS?    NO
Info: COORDINATE PDB         system.pdb
Info: STRUCTURE FILE         system.psf
Info: PARAMETER file: CHARMM format! 
Info: PARAMETERS             /opt/charmm/toppar/par_all36_na.prm
Info: PARAMETERS             water_ions_namd.prm
Info: USING ARITHMETIC MEAN TO COMBINE L-J SIGMA PARAMETERS
Info: BINARY COORDINATES     heat.coor
Info: SUMMARY OF PARAMETERS:
Info: 99 BONDS
Info: 241 ANGLES
Info: 530 DIHEDRAL
Info: 15 IMPROPER
Info: 0 CROSSTERM
Info: 61 VDW
Info: 2 VDW_PAIRS
Info: 0 NBTHOLE_PAIRS
Info: TIME FOR READING PSF FILE: 0.417406
Info: Reading pdb file system.pdb
Info: TIME FOR READING PDB FILE: 0.122918
Info: 
Info: ****************************
Info: STRUCTURE SUMMARY:
Info: 81284 ATOMS
Info: 52510 BONDS
Info: 28090 ANGLES
Info: 3594 DIHEDRALS
Info: 120 IMPROPERS
Info: 0 CROSSTERMS
Info: 0 EXCLUSIONS
Info: 317 CONSTRAINTS
Info: 77210 RIGID BONDS
Info: 166642 DEGREES OF FREEDOM
Info: 29650 HYDROGEN GROUPS
Info: 4 ATOMS IN LARGEST HYDROGEN GROUP
Info: 29650 MIGRATION GROUPS
Info: 4 ATOMS IN LARGEST MIGRATION GROUP
Info: TOTAL MASS = 595053 amu
Info: TOTAL CHARGE = 3.54089e-06 e
Info: MASS DENSITY = 1.07085 g/cm^3
Info: ATOM DENSITY = 0.0880887 atoms/A^3
Info: *****************************
Info: Reading from binary file heat.coor
Info: 
Info: Entering startup at 0.819581 s, 0 MB of memory in use
Info: Startup phase 0 took 0.000275317 s, 0 MB of memory in use
Info: ADDED 83874 IMPLICIT EXCLUSIONS
Info: Startup phase 1 took 0.0227252 s, 0 MB of memory in use
Info: NONBONDED TABLE R-SQUARED SPACING: 0.0625
Info: NONBONDED TABLE SIZE: 769 POINTS
Info: INCONSISTENCY IN FAST TABLE ENERGY VS FORCE: 0.000325096 AT 11.9556
Info: INCONSISTENCY IN SCOR TABLE ENERGY VS FORCE: 0.000324844 AT 11.9556
Info: INCONSISTENCY IN VDWA TABLE ENERGY VS FORCE: 0.0040507 AT 0.251946
Info: INCONSISTENCY IN VDWB TABLE ENERGY VS FORCE: 0.00150189 AT 0.251946
Info: Startup phase 2 took 0.000348137 s, 0 MB of memory in use
Info: Startup phase 3 took 5.0739e-05 s, 0 MB of memory in use
Info: Startup phase 4 took 0.000465566 s, 0 MB of memory in use
Info: Startup phase 5 took 5.5579e-05 s, 0 MB of memory in use
Info: PATCH GRID IS 4 (PERIODIC) BY 4 (PERIODIC) BY 10 (PERIODIC)
Info: PATCH GRID IS 1-AWAY BY 1-AWAY BY 1-AWAY
Info: Reading from binary file heat.vel
Info: REMOVING COM VELOCITY -0.00719044 0.0102912 -0.0100526
Info: LARGEST PATCH (58) HAS 592 ATOMS
Info: TORUS A SIZE 1 USING 0
Info: TORUS B SIZE 1 USING 0
Info: TORUS C SIZE 1 USING 0
Info: TORUS MINIMAL MESH SIZE IS 1 BY 1 BY 1
Info: Placed 100% of base nodes on same physical node as patch
Info: Startup phase 6 took 0.0170322 s, 0 MB of memory in use
Info: Use 3D box decompostion in PME FFT.
Info: PME using 1 x 1 x 1 pencil grid for FFT and reciprocal sum.
Info: Startup phase 7 took 0.000202231 s, 0 MB of memory in use
Info: Updated CUDA force table with 4096 elements.
Info: Updated CUDA LJ table with 61 x 61 elements.
Info: Startup phase 8 took 0.00242827 s, 0 MB of memory in use
Info: Startup phase 9 took 7.4995e-05 s, 0 MB of memory in use
Info: Startup phase 10 took 4.7051e-05 s, 0 MB of memory in use
Info: Startup phase 11 took 0.00176208 s, 0 MB of memory in use
LDB: Central LB being created...
Info: Startup phase 12 took 0.00303744 s, 0 MB of memory in use
Info: CREATING 3584 COMPUTE OBJECTS
Info: Found 35 unique exclusion lists needing 108 bytes
Info: useSync: 0 useProxySync: 0
Info: Startup phase 13 took 0.0136092 s, 0 MB of memory in use
Info: Startup phase 14 took 6.7691e-05 s, 0 MB of memory in use
Info: Startup phase 15 took 3.5838e-05 s, 0 MB of memory in use
Info: Finished startup at 0.881799 s, 0 MB of memory in use

TCL: Running for 1000000 steps
ETITLE:      TS           BOND          ANGLE          DIHED          IMPRP               ELECT            VDW       BOUNDARY           MISC        KINETIC               TOTAL           TEMP      POTENTIAL         TOTAL3        TEMPAVG            PRESSURE      GPRESSURE         VOLUME       PRESSAVG      GPRESSAVG

ENERGY:       0       333.1573       947.7904      1435.1082        23.4510        -587398.0413     41765.9142        29.6154         0.0000     48632.9061        -494230.0989       293.7218   -542863.0049   -494125.7572       293.7218           -478.3806      -451.6405    922752.0000      -478.3806      -451.6405

OPENING EXTENDED SYSTEM TRAJECTORY FILE
LDB: ============= START OF LOAD BALANCING ============== 1.0516
LDB: ============== END OF LOAD BALANCING =============== 1.05168
Info: useSync: 0 useProxySync: 0
LDB: =============== DONE WITH MIGRATION ================ 1.05179
LDB: ============= START OF LOAD BALANCING ============== 1.51863
LDB: Partitioning computes with target load 0.000000
LDB: Increased migratable compute count from 0 to 0
LDB: Largest unpartitionable compute is 0.000000
LDB: ============== END OF LOAD BALANCING =============== 1.51891
Info: useSync: 0 useProxySync: 0
LDB: =============== DONE WITH MIGRATION ================ 1.51936
Info: Initial time: 8 CPUs 0.00601785 s/step 0.0348255 days/ns 0 MB memory
LDB: ============= START OF LOAD BALANCING ============== 1.63997
LDB: ============== END OF LOAD BALANCING =============== 1.64005
Info: useSync: 0 useProxySync: 0
LDB: =============== DONE WITH MIGRATION ================ 1.64022
LDB: ============= START OF LOAD BALANCING ============== 2.10295
LDB: TIME 2.10321 LOAD: AVG 0.368365 MAX 0.394994  PROXIES: TOTAL 348 MAXPE 45 MAXPATCH 5 None MEM: 0 MB
LDB: TIME 2.10328 LOAD: AVG 0.368365 MAX 0.394994  PROXIES: TOTAL 348 MAXPE 45 MAXPATCH 5 TorusLB MEM: 0 MB
LDB: ============== END OF LOAD BALANCING =============== 2.10339
Info: useSync: 0 useProxySync: 0
LDB: =============== DONE WITH MIGRATION ================ 2.10377
Info: Initial time: 8 CPUs 0.00578492 s/step 0.0334776 days/ns 0 MB memory
LDB: ============= START OF LOAD BALANCING ============== 2.71748
LDB: TIME 2.71774 LOAD: AVG 0.467178 MAX 0.558725  PROXIES: TOTAL 348 MAXPE 45 MAXPATCH 5 None MEM: 0 MB
LDB: TIME 2.7178 LOAD: AVG 0.467178 MAX 0.558725  PROXIES: TOTAL 348 MAXPE 45 MAXPATCH 5 RefineTorusLB MEM: 0 MB
LDB: TIME 2.71782 LOAD: AVG 0.467178 MAX 0.558725  PROXIES: TOTAL 348 MAXPE 45 MAXPATCH 5 RefineTorusLB MEM: 0 MB
LDB: Reverting to original mapping
LDB: ============== END OF LOAD BALANCING =============== 2.71795
Info: useSync: 0 useProxySync: 0
LDB: =============== DONE WITH MIGRATION ================ 2.71836
Info: Initial time: 8 CPUs 0.00613816 s/step 0.0355218 days/ns 0 MB memory
LDB: ============= START OF LOAD BALANCING ============== 3.34564
LDB: TIME 3.34594 LOAD: AVG 0.473433 MAX 0.57287  PROXIES: TOTAL 348 MAXPE 45 MAXPATCH 5 None MEM: 0 MB
LDB: TIME 3.34601 LOAD: AVG 0.473433 MAX 0.57287  PROXIES: TOTAL 348 MAXPE 45 MAXPATCH 5 RefineTorusLB MEM: 0 MB
LDB: TIME 3.34605 LOAD: AVG 0.473433 MAX 0.57287  PROXIES: TOTAL 348 MAXPE 45 MAXPATCH 5 RefineTorusLB MEM: 0 MB
LDB: ============== END OF LOAD BALANCING =============== 3.34619
Info: useSync: 0 useProxySync: 0
LDB: =============== DONE WITH MIGRATION ================ 3.3466
Info: Benchmark time: 8 CPUs 0.00626817 s/step 0.0362741 days/ns 0 MB memory
Info: Benchmark time: 8 CPUs 0.0062491 s/step 0.0361638 days/ns 0 MB memory
Info: Benchmark time: 8 CPUs 0.006203 s/step 0.035897 days/ns 0 MB memory
Info: Benchmark time: 8 CPUs 0.00625736 s/step 0.0362116 days/ns 0 MB memory
Info: Benchmark time: 8 CPUs 0.00621704 s/step 0.0359782 days/ns 0 MB memory
Info: Benchmark time: 8 CPUs 0.00619437 s/step 0.035847 days/ns 0 MB memory
TIMING: 1000  CPU: 6.21147, 0.00614378/step  Wall: 6.22884, 0.00615679/step, 1.70851 hours remaining, 0.000000 MB of memory in use.
PERFORMANCE: 1000  averaging 28.0666 ns/day, 0.00615679 sec/step with standard deviation 0
ENERGY:    1000       343.7293       982.0961      1434.8246        16.4677        -588744.3495     42512.0560        52.6162         0.0000     48616.1391        -494786.4205       293.6205   -543402.5596   -494689.1501       294.5849             68.0838        99.4878    904325.4429         0.9107         1.0037

TIMING: 2000  CPU: 12.4227, 0.00621123/step  Wall: 12.4513, 0.00622241/step, 1.72499 hours remaining, 0.000000 MB of memory in use.
PERFORMANCE: 2000  averaging 27.9178 ns/day, 0.0061896 sec/step with standard deviation 4.63987e-05
ENERGY:    2000       330.5672       962.7530      1445.0653        24.6292        -589024.2332     42199.7969        54.6698         0.0000     48572.5041        -495434.2477       293.3570   -544006.7518   -495329.3649       293.9167            -32.3013        -2.4105    899336.2217        -0.6372        -0.6674

TIMING: 3000  CPU: 18.6372, 0.00621446/step  Wall: 18.6721, 0.0062208/step, 1.72282 hours remaining, 0.000000 MB of memory in use.
PERFORMANCE: 3000  averaging 27.871 ns/day, 0.0062 sec/step with standard deviation 3.74286e-05
ENERGY:    3000       329.6972       961.3673      1446.0737        23.9191        -588570.8533     42171.8689        55.3448         0.0000     48446.8941        -495135.6881       292.5983   -543582.5822   -495024.8853       293.4864            -48.6450       -18.9161    896901.4437         1.3577         1.3768

TIMING: 4000  CPU: 24.8395, 0.00620239/step  Wall: 24.8871, 0.00621506/step, 1.7195 hours remaining, 0.000000 MB of memory in use.
PERFORMANCE: 4000  averaging 27.854 ns/day, 0.00620377 sec/step with standard deviation 3.14739e-05
ENERGY:    4000       306.8858       958.6358      1453.2337        20.9418        -588919.1882     41924.1971        57.3598         0.0000     48475.4439        -495722.4903       292.7708   -544197.9342   -495620.6570       293.3188           -166.2078      -134.9128    895508.7303         0.4333         0.4375

LDB: ============= START OF LOAD BALANCING ============== 27.5976
LDB: ============== END OF LOAD BALANCING =============== 27.5977
Info: useSync: 0 useProxySync: 0
LDB: =============== DONE WITH MIGRATION ================ 27.5979
LDB: ============= START OF LOAD BALANCING ============== 28.1896
LDB: TIME 28.1899 LOAD: AVG 0.465501 MAX 0.508103  PROXIES: TOTAL 348 MAXPE 45 MAXPATCH 5 None MEM: 0 MB
LDB: TIME 28.19 LOAD: AVG 0.465501 MAX 0.508103  PROXIES: TOTAL 348 MAXPE 45 MAXPATCH 5 RefineTorusLB MEM: 0 MB
LDB: TIME 28.19 LOAD: AVG 0.465501 MAX 0.508103  PROXIES: TOTAL 348 MAXPE 45 MAXPATCH 5 RefineTorusLB MEM: 0 MB
LDB: ============== END OF LOAD BALANCING =============== 28.1901
Info: useSync: 0 useProxySync: 0
LDB: =============== DONE WITH MIGRATION ================ 28.1905
TIMING: 5000  CPU: 30.9311, 0.00609151/step  Wall: 30.9864, 0.00609927/step, 1.68577 hours remaining, 0.000000 MB of memory in use.
PERFORMANCE: 5000  averaging 27.9482 ns/day, 0.00618287 sec/step with standard deviation 5.4102e-05
ENERGY:    5000       343.9390       984.3243      1445.7679        26.7311        -589563.6674     42299.9141        50.1746         0.0000     48389.2600        -496023.5563       292.2503   -544412.8163   -495918.4062       292.7939           -139.0307      -109.5818    892921.6576         6.7069         6.6830

OPENING COORDINATE DCD FILE
WRITING COORDINATES TO DCD FILE eq1.dcd AT STEP 5000
The last position output (seq=5000) takes 0.008 seconds, 0.000 MB of memory in use
TIMING: 6000  CPU: 37.1658, 0.00623477/step  Wall: 37.2357, 0.00624928/step, 1.7255 hours remaining, 0.000000 MB of memory in use.
PERFORMANCE: 6000  averaging 27.8983 ns/day, 0.00619394 sec/step with standard deviation 5.54688e-05
ENERGY:    6000       325.4650       943.0178      1428.9727        22.2508        -590432.1983     42656.9192        50.9513         0.0000     48515.4567        -496489.1648       293.0124   -545004.6215   -496393.3719       291.9954             41.9636        71.2632    885035.6198         3.1504         3.1460

TIMING: 7000  CPU: 43.3352, 0.00616937/step  Wall: 43.415, 0.00617933/step, 1.70447 hours remaining, 0.000000 MB of memory in use.
PERFORMANCE: 7000  averaging 27.9077 ns/day, 0.00619185 sec/step with standard deviation 5.09358e-05
ENERGY:    7000       307.1909       939.8589      1442.5196        24.9151        -589750.3693     42112.7141        45.3902         0.0000     48360.6970        -496517.0834       292.0777   -544877.7804   -496424.6131       292.3272            -76.6627       -46.5147    884724.5640         3.2374         3.3286

TIMING: 8000  CPU: 49.3286, 0.00599344/step  Wall: 49.4177, 0.00600266/step, 1.65407 hours remaining, 0.000000 MB of memory in use.
PERFORMANCE: 8000  averaging 28.0147 ns/day, 0.0061682 sec/step with standard deviation 8.18419e-05
ENERGY:    8000       341.3912       965.5890      1432.9528        27.8819        -589719.8370     42095.0087        56.5136         0.0000     48281.9774        -496518.5223       291.6023   -544800.4997   -496418.5444       292.1070           -112.1494       -82.6603    883176.1686         0.6907         0.6526

LDB: ============= START OF LOAD BALANCING ============== 52.0433
LDB: ============== END OF LOAD BALANCING =============== 52.0434
Info: useSync: 0 useProxySync: 0
LDB: =============== DONE WITH MIGRATION ================ 52.0436
LDB: ============= START OF LOAD BALANCING ============== 52.6311
LDB: TIME 52.6313 LOAD: AVG 0.465291 MAX 0.490331  PROXIES: TOTAL 348 MAXPE 45 MAXPATCH 5 None MEM: 0 MB
LDB: TIME 52.6314 LOAD: AVG 0.465291 MAX 0.490331  PROXIES: TOTAL 348 MAXPE 45 MAXPATCH 5 RefineTorusLB MEM: 0 MB
LDB: TIME 52.6314 LOAD: AVG 0.465291 MAX 0.490331  PROXIES: TOTAL 348 MAXPE 45 MAXPATCH 5 RefineTorusLB MEM: 0 MB
LDB: ============== END OF LOAD BALANCING =============== 52.6315
Info: useSync: 0 useProxySync: 0
LDB: =============== DONE WITH MIGRATION ================ 52.6319
TIMING: 9000  CPU: 55.2539, 0.00592522/step  Wall: 55.3549, 0.0059372/step, 1.63438 hours remaining, 0.000000 MB of memory in use.
PERFORMANCE: 9000  averaging 28.1317 ns/day, 0.00614253 sec/step with standard deviation 0.00010858
ENERGY:    9000       346.8066       964.9049      1442.0836        23.3717        -589478.3089     42051.1125        54.6558         0.0000     48254.7471        -496340.6267       291.4379   -544595.3738   -496237.1147       291.7003            -67.7329       -37.4275    879777.3385        -1.1056        -1.0644

TIMING: 10000  CPU: 61.132, 0.00587813/step  Wall: 61.2433, 0.00588844/step, 1.61932 hours remaining, 0.000000 MB of memory in use.
PERFORMANCE: 10000  averaging 28.2486 ns/day, 0.00611712 sec/step with standard deviation 0.000130139
ETITLE:      TS           BOND          ANGLE          DIHED          IMPRP               ELECT            VDW       BOUNDARY           MISC        KINETIC               TOTAL           TEMP      POTENTIAL         TOTAL3        TEMPAVG            PRESSURE      GPRESSURE         VOLUME       PRESSAVG      GPRESSAVG

ENERGY:   10000       331.4686       931.8455      1458.9737        25.3315        -590084.1679     42288.8442        44.6483         0.0000     48669.8466        -496333.2094       293.9449   -545003.0560   -496232.4992       292.5635            -47.4400       -14.1015    877892.0070         1.4412         1.4619

WRITING EXTENDED SYSTEM TO RESTART FILE AT STEP 10000
WRITING COORDINATES TO DCD FILE eq1.dcd AT STEP 10000
WRITING COORDINATES TO RESTART FILE AT STEP 10000
FINISHED WRITING RESTART COORDINATES
The last position output (seq=10000) takes 0.021 seconds, 0.000 MB of memory in use
WRITING VELOCITIES TO RESTART FILE AT STEP 10000
FINISHED WRITING RESTART VELOCITIES
The last velocity output (seq=10000) takes 0.008 seconds, 0.000 MB of memory in use
TIMING: 11000  CPU: 67.0207, 0.0058887/step  Wall: 67.1526, 0.00590928/step, 1.62341 hours remaining, 0.000000 MB of memory in use.
PERFORMANCE: 11000  averaging 28.3361 ns/day, 0.00609823 sec/step with standard deviation 0.000138455
ENERGY:   11000       333.7203       962.9529      1441.9692        23.6347        -589688.2311     42220.5994        48.8938         0.0000     48470.3569        -496186.1039       292.7400   -544656.4608   -496081.6063       292.5771            -48.4404       -18.6602    875158.3580         2.7190         2.7273

TIMING: 12000  CPU: 72.8823, 0.00586159/step  Wall: 73.0271, 0.00587452/step, 1.61223 hours remaining, 0.000000 MB of memory in use.
PERFORMANCE: 12000  averaging 28.423 ns/day, 0.00607959 sec/step with standard deviation 0.000146962
ENERGY:   12000       333.4513       971.6219      1449.9046        25.3262        -589289.5020     42086.4206        46.6923         0.0000     48333.5468        -496042.5384       291.9138   -544376.0852   -495947.4285       292.9181           -126.9433       -97.3228    874419.3944         0.7012         0.7513

LDB: ============= START OF LOAD BALANCING ============== 75.6406
LDB: ============== END OF LOAD BALANCING =============== 75.6406
Info: useSync: 0 useProxySync: 0
LDB: =============== DONE WITH MIGRATION ================ 75.6408
LDB: ============= START OF LOAD BALANCING ============== 76.2289
LDB: TIME 76.2292 LOAD: AVG 0.465926 MAX 0.489009  PROXIES: TOTAL 348 MAXPE 45 MAXPATCH 5 None MEM: 0 MB
LDB: TIME 76.2293 LOAD: AVG 0.465926 MAX 0.489009  PROXIES: TOTAL 348 MAXPE 45 MAXPATCH 5 RefineTorusLB MEM: 0 MB
LDB: TIME 76.2293 LOAD: AVG 0.465926 MAX 0.489009  PROXIES: TOTAL 348 MAXPE 45 MAXPATCH 5 RefineTorusLB MEM: 0 MB
LDB: ============== END OF LOAD BALANCING =============== 76.2294
Info: useSync: 0 useProxySync: 0
LDB: =============== DONE WITH MIGRATION ================ 76.2298
TIMING: 13000  CPU: 78.7601, 0.00587783/step  Wall: 78.9135, 0.00588642/step, 1.61386 hours remaining, 0.000000 MB of memory in use.
PERFORMANCE: 13000  averaging 28.4926 ns/day, 0.00606473 sec/step with standard deviation 0.000150559
ENERGY:   13000       323.0452       952.5640      1450.7831        21.8581        -589864.9709     42457.9954        50.8750         0.0000     48462.9213        -496144.9287       292.6951   -544607.8500   -496042.0221       292.5430             61.8224        87.7373    871808.7235        -1.4812        -1.4860

TIMING: 14000  CPU: 84.6461, 0.00588602/step  Wall: 84.8087, 0.0058952/step, 1.61463 hours remaining, 0.000000 MB of memory in use.
PERFORMANCE: 14000  averaging 28.5496 ns/day, 0.00605262 sec/step with standard deviation 0.000151582
ENERGY:   14000       347.9065       954.8975      1449.9611        19.5796        -589782.9418     42534.1371        51.4487         0.0000     48263.6033        -496161.4079       291.4913   -544425.0112   -496067.7554       292.2849             63.4533        92.1693    869406.6492        -1.4590        -1.4510

TIMING: 15000  CPU: 90.5398, 0.00589371/step  Wall: 90.7135, 0.00590476/step, 1.61561 hours remaining, 0.000000 MB of memory in use.
PERFORMANCE: 15000  averaging 28.5962 ns/day, 0.00604276 sec/step with standard deviation 0.000150975
ENERGY:   15000       315.9632       958.7189      1437.6166        27.5413        -590088.1927     42429.9805        57.7080         0.0000     48580.7129        -496279.9512       293.4065   -544860.6641   -496176.3821       292.8107            125.3337       158.3955    864146.8328        -2.2493        -2.2006

WRITING COORDINATES TO DCD FILE eq1.dcd AT STEP 15000
The last position output (seq=15000) takes 0.007 seconds, 0.000 MB of memory in use
TIMING: 16000  CPU: 96.437, 0.0058972/step  Wall: 96.6216, 0.00590817/step, 1.6149 hours remaining, 0.000000 MB of memory in use.
PERFORMANCE: 16000  averaging 28.6361 ns/day, 0.00603435 sec/step with standard deviation 0.000149687
ENERGY:   16000       346.6515       932.2954      1455.3960        25.3928        -589468.0913     41880.5862        51.2943         0.0000     48490.2370        -496286.2380       292.8601   -544776.4750   -496188.1069       292.9471           -173.5482      -144.6783    865384.7568         0.6585         0.6350

LDB: ============= START OF LOAD BALANCING ============== 99.2358
LDB: ============== END OF LOAD BALANCING =============== 99.2359
Info: useSync: 0 useProxySync: 0
LDB: =============== DONE WITH MIGRATION ================ 99.236
LDB: ============= START OF LOAD BALANCING ============== 99.8272
LDB: TIME 99.8275 LOAD: AVG 0.467125 MAX 0.488772  PROXIES: TOTAL 348 MAXPE 45 MAXPATCH 5 None MEM: 0 MB
LDB: TIME 99.8276 LOAD: AVG 0.467125 MAX 0.488772  PROXIES: TOTAL 348 MAXPE 45 MAXPATCH 5 RefineTorusLB MEM: 0 MB
LDB: TIME 99.8276 LOAD: AVG 0.467125 MAX 0.488772  PROXIES: TOTAL 348 MAXPE 45 MAXPATCH 5 RefineTorusLB MEM: 0 MB
LDB: Reverting to original mapping
LDB: ============== END OF LOAD BALANCING =============== 99.8277
Info: useSync: 0 useProxySync: 0
LDB: =============== DONE WITH MIGRATION ================ 99.8281
TIMING: 17000  CPU: 102.336, 0.00589926/step  Wall: 102.531, 0.00590972/step, 1.61368 hours remaining, 0.000000 MB of memory in use.
PERFORMANCE: 17000  averaging 28.6709 ns/day, 0.00602702 sec/step with standard deviation 0.000148052
ENERGY:   17000       355.8152       964.5847      1440.5674        22.5516        -590074.8508     42164.1152        45.1153         0.0000     48756.6320        -496325.4695       294.4690   -545082.1015   -496217.5313       292.8410            -67.2630       -36.0600    863388.6549         1.4843         1.5317

TIMING: 18000  CPU: 108.24, 0.00590402/step  Wall: 108.443, 0.00591203/step, 1.61267 hours remaining, 0.000000 MB of memory in use.
PERFORMANCE: 18000  averaging 28.7013 ns/day, 0.00602063 sec/step with standard deviation 0.000146167
ENERGY:   18000       329.3387       969.7788      1440.1430        21.7058        -590546.6648     42785.4565        49.6318         0.0000     48633.8872        -496316.7230       293.7277   -544950.6102   -496213.9521       292.9178            147.0080       176.0238    859971.7074         1.5997         1.6134

TIMING: 19000  CPU: 114.176, 0.00593533/step  Wall: 114.387, 0.00594376/step, 1.61967 hours remaining, 0.000000 MB of memory in use.
PERFORMANCE: 19000  averaging 28.7206 ns/day, 0.00601658 sec/step with standard deviation 0.000143139
ENERGY:   19000       349.2056       946.1830      1436.7683        22.2464        -590344.1000     42329.9158        52.3553         0.0000     48274.2329        -496933.1926       291.5555   -545207.4255   -496840.3112       292.1437            -59.6087       -28.8814    859789.6883        -3.7921        -3.7191

TIMING: 20000  CPU: 120.108, 0.00593255/step  Wall: 120.328, 0.00594065/step, 1.61718 hours remaining, 0.000000 MB of memory in use.
PERFORMANCE: 20000  averaging 28.7388 ns/day, 0.00601279 sec/step with standard deviation 0.000140352
ETITLE:      TS           BOND          ANGLE          DIHED          IMPRP               ELECT            VDW       BOUNDARY           MISC        KINETIC               TOTAL           TEMP      POTENTIAL         TOTAL3        TEMPAVG            PRESSURE      GPRESSURE         VOLUME       PRESSAVG      GPRESSAVG

ENERGY:   20000       333.2096       986.2045      1443.6734        26.5045        -590392.8779     42414.7485        50.9182         0.0000     48441.4311        -496696.1881       292.5653   -545137.6191   -496585.8015       291.8336             -1.4850        29.8439    857612.4637         0.2960         0.3424

WRITING EXTENDED SYSTEM TO RESTART FILE AT STEP 20000
WRITING COORDINATES TO DCD FILE eq1.dcd AT STEP 20000
WRITING COORDINATES TO RESTART FILE AT STEP 20000
FINISHED WRITING RESTART COORDINATES
The last position output (seq=20000) takes 0.020 seconds, 0.000 MB of memory in use
WRITING VELOCITIES TO RESTART FILE AT STEP 20000
FINISHED WRITING RESTART VELOCITIES
The last velocity output (seq=20000) takes 0.008 seconds, 0.000 MB of memory in use
LDB: ============= START OF LOAD BALANCING ============== 122.981
LDB: ============== END OF LOAD BALANCING =============== 122.981
Info: useSync: 0 useProxySync: 0
LDB: =============== DONE WITH MIGRATION ================ 122.982
LDB: ============= START OF LOAD BALANCING ============== 123.575
LDB: TIME 123.575 LOAD: AVG 0.467416 MAX 0.494215  PROXIES: TOTAL 348 MAXPE 45 MAXPATCH 5 None MEM: 0 MB
LDB: TIME 123.576 LOAD: AVG 0.467416 MAX 0.494215  PROXIES: TOTAL 348 MAXPE 45 MAXPATCH 5 RefineTorusLB MEM: 0 MB
LDB: TIME 123.576 LOAD: AVG 0.467416 MAX 0.494215  PROXIES: TOTAL 348 MAXPE 45 MAXPATCH 5 RefineTorusLB MEM: 0 MB
LDB: Reverting to original mapping
LDB: ============== END OF LOAD BALANCING =============== 123.576
Info: useSync: 0 useProxySync: 0
LDB: =============== DONE WITH MIGRATION ================ 123.576
TIMING: 21000  CPU: 126.042, 0.00593361/step  Wall: 126.281, 0.00595283/step, 1.61884 hours remaining, 0.000000 MB of memory in use.
PERFORMANCE: 21000  averaging 28.7524 ns/day, 0.00600993 sec/step with standard deviation 0.000137423
ENERGY:   21000       332.9762       949.8919      1466.9441        21.3075        -589999.9129     42076.5051        50.2038         0.0000     48371.9838        -496730.1007       292.1459   -545102.0845   -496628.8644       292.2023            -64.0175       -33.1748    857404.8725         2.3599         2.3593

TIMING: 22000  CPU: 131.954, 0.00591212/step  Wall: 132.203, 0.0059223/step, 1.60889 hours remaining, 0.000000 MB of memory in use.
PERFORMANCE: 22000  averaging 28.7715 ns/day, 0.00600595 sec/step with standard deviation 0.000135406
ENERGY:   22000       356.6785       974.9471      1445.6192        24.6869        -589998.6030     42024.8643        53.0588         0.0000     48179.5508        -496939.1973       290.9837   -545118.7482   -496829.8194       292.2463            -91.9389       -60.3842    854863.3960         3.7202         3.7342

TIMING: 23000  CPU: 137.854, 0.00590001/step  Wall: 138.112, 0.00590861/step, 1.60353 hours remaining, 0.000000 MB of memory in use.
PERFORMANCE: 23000  averaging 28.7918 ns/day, 0.00600172 sec/step with standard deviation 0.000133841
ENERGY:   23000       335.0869       958.3928      1438.5489        26.0130        -590537.0669     42271.1443        53.7984         0.0000     48389.4108        -497064.6719       292.2512   -545454.0827   -496959.4941       291.5153            -90.4329       -59.3841    853936.4978        -5.6211        -5.6771

TIMING: 24000  CPU: 143.754, 0.00590025/step  Wall: 144.02, 0.00590817/step, 1.60177 hours remaining, 0.000000 MB of memory in use.
PERFORMANCE: 24000  averaging 28.8105 ns/day, 0.00599782 sec/step with standard deviation 0.000132284
ENERGY:   24000       300.5183       965.6442      1450.9230        19.6996        -590722.5903     42472.0171        49.5523         0.0000     48263.2665        -497200.9694       291.4893   -545464.2359   -497088.0372       291.8108             39.2341        70.3353    850047.7158        -0.8826        -0.8243

LDB: ============= START OF LOAD BALANCING ============== 146.646
LDB: ============== END OF LOAD BALANCING =============== 146.646
Info: useSync: 0 useProxySync: 0
LDB: =============== DONE WITH MIGRATION ================ 146.646
LDB: ============= START OF LOAD BALANCING ============== 147.239
LDB: TIME 147.24 LOAD: AVG 0.465822 MAX 0.494113  PROXIES: TOTAL 348 MAXPE 45 MAXPATCH 5 None MEM: 0 MB
LDB: TIME 147.24 LOAD: AVG 0.465822 MAX 0.494113  PROXIES: TOTAL 348 MAXPE 45 MAXPATCH 5 RefineTorusLB MEM: 0 MB
LDB: TIME 147.24 LOAD: AVG 0.465822 MAX 0.494113  PROXIES: TOTAL 348 MAXPE 45 MAXPATCH 5 RefineTorusLB MEM: 0 MB
LDB: ============== END OF LOAD BALANCING =============== 147.24
Info: useSync: 0 useProxySync: 0
LDB: =============== DONE WITH MIGRATION ================ 147.24
TIMING: 25000  CPU: 149.674, 0.00591987/step  Wall: 149.947, 0.00592701/step, 1.60523 hours remaining, 0.000000 MB of memory in use.
PERFORMANCE: 25000  averaging 28.8241 ns/day, 0.00599499 sec/step with standard deviation 0.000130271
ENERGY:   25000       317.1895       956.2167      1449.0710        27.7844        -591332.2876     42767.0467        52.3781         0.0000     48395.9103        -497366.6910       292.2904   -545762.6012   -497270.3321       291.3710             77.4355       107.2476    849399.3906         3.7040         3.5677

WRITING COORDINATES TO DCD FILE eq1.dcd AT STEP 25000
The last position output (seq=25000) takes 0.007 seconds, 0.000 MB of memory in use
TIMING: 26000  CPU: 155.59, 0.00591573/step  Wall: 155.869, 0.00592232/step, 1.60232 hours remaining, 0.000000 MB of memory in use.
PERFORMANCE: 26000  averaging 28.8375 ns/day, 0.00599219 sec/step with standard deviation 0.000128432
ENERGY:   26000       329.1888       952.3200      1460.2729        25.3661        -589932.7667     42220.3161        54.5812         0.0000     48355.5515        -496535.1703       292.0467   -544890.7217   -496434.7922       292.1432            -67.9681       -36.1768    847025.1026        -1.3446        -1.3559

TIMING: 27000  CPU: 161.526, 0.00593619/step  Wall: 161.815, 0.00594571/step, 1.60699 hours remaining, 0.000000 MB of memory in use.
PERFORMANCE: 27000  averaging 28.8458 ns/day, 0.00599047 sec/step with standard deviation 0.000126255
ENERGY:   27000       329.2363       947.6823      1448.8752        23.1470        -590826.7909     42676.2535        47.1526         0.0000     48672.9997        -496681.4443       293.9639   -545354.4440   -496585.5431       293.1454            125.2463       154.7772    844680.3120        -1.7765        -1.7362

TIMING: 28000  CPU: 167.461, 0.0059347/step  Wall: 167.759, 0.00594462/step, 1.60505 hours remaining, 0.000000 MB of memory in use.
PERFORMANCE: 28000  averaging 28.8537 ns/day, 0.00598883 sec/step with standard deviation 0.000124198
ENERGY:   28000       349.6973       962.7716      1447.5066        29.9410        -590379.5553     42313.6800        49.7569         0.0000     48364.0721        -496862.1298       292.0981   -545226.2019   -496752.4649       293.0452            -48.2357       -17.0450    843704.2102        -0.6603        -0.6541

LDB: ============= START OF LOAD BALANCING ============== 170.385
LDB: ============== END OF LOAD BALANCING =============== 170.385
Info: useSync: 0 useProxySync: 0
LDB: =============== DONE WITH MIGRATION ================ 170.385
LDB: ============= START OF LOAD BALANCING ============== 170.978
LDB: TIME 170.978 LOAD: AVG 0.465787 MAX 0.489199  PROXIES: TOTAL 348 MAXPE 45 MAXPATCH 5 None MEM: 0 MB
LDB: TIME 170.978 LOAD: AVG 0.465787 MAX 0.489199  PROXIES: TOTAL 348 MAXPE 45 MAXPATCH 5 RefineTorusLB MEM: 0 MB
LDB: TIME 170.978 LOAD: AVG 0.465787 MAX 0.489199  PROXIES: TOTAL 348 MAXPE 45 MAXPATCH 5 RefineTorusLB MEM: 0 MB
LDB: ============== END OF LOAD BALANCING =============== 170.978
Info: useSync: 0 useProxySync: 0
LDB: =============== DONE WITH MIGRATION ================ 170.979
TIMING: 29000  CPU: 173.393, 0.00593227/step  Wall: 173.699, 0.00594006/step, 1.60217 hours remaining, 0.000000 MB of memory in use.
PERFORMANCE: 29000  averaging 28.8618 ns/day, 0.00598715 sec/step with standard deviation 0.000122296
ENERGY:   29000       346.5711       965.0051      1445.7859        22.7439        -590217.4528     42300.3305        50.3747         0.0000     48366.7012        -496719.9404       292.1140   -545086.6416   -496615.7695       292.8729             10.0511        42.5048    842419.0901         2.7911         2.7604

TIMING: 30000  CPU: 179.325, 0.00593226/step  Wall: 179.638, 0.00593883/step, 1.60018 hours remaining, 0.000000 MB of memory in use.
PERFORMANCE: 30000  averaging 28.8696 ns/day, 0.00598554 sec/step with standard deviation 0.000120492
ETITLE:      TS           BOND          ANGLE          DIHED          IMPRP               ELECT            VDW       BOUNDARY           MISC        KINETIC               TOTAL           TEMP      POTENTIAL         TOTAL3        TEMPAVG            PRESSURE      GPRESSURE         VOLUME       PRESSAVG      GPRESSAVG

ENERGY:   30000       314.9003       943.0427      1467.7869        23.1102        -590460.8213     42566.9014        45.7972         0.0000     48691.7414        -496407.5413       294.0771   -545099.2827   -496298.4688       292.9743             74.1505       105.3010    841632.4884         3.2656         3.3646

WRITING EXTENDED SYSTEM TO RESTART FILE AT STEP 30000
WRITING COORDINATES TO DCD FILE eq1.dcd AT STEP 30000
WRITING COORDINATES TO RESTART FILE AT STEP 30000
FINISHED WRITING RESTART COORDINATES
The last position output (seq=30000) takes 0.021 seconds, 0.000 MB of memory in use
WRITING VELOCITIES TO RESTART FILE AT STEP 30000
FINISHED WRITING RESTART VELOCITIES
The last velocity output (seq=30000) takes 0.007 seconds, 0.000 MB of memory in use
TIMING: 31000  CPU: 185.252, 0.00592638/step  Wall: 185.585, 0.00594654/step, 1.60061 hours remaining, 0.000000 MB of memory in use.
PERFORMANCE: 31000  averaging 28.8756 ns/day, 0.00598428 sec/step with standard deviation 0.000118674
ENERGY:   31000       340.3476       954.8828      1463.4788        20.5943        -590697.6682     42592.8103        56.4044         0.0000     48209.6915        -497059.4585       291.1657   -545269.1500   -496959.7766       292.5800             95.1456       127.7205    838051.6045        -2.6673        -2.6766

TIMING: 32000  CPU: 191.188, 0.00593631/step  Wall: 191.531, 0.00594665/step, 1.59899 hours remaining, 0.000000 MB of memory in use.
PERFORMANCE: 32000  averaging 28.8813 ns/day, 0.00598311 sec/step with standard deviation 0.000116933
ENERGY:   32000       343.6715       975.9785      1455.1916        25.3208        -590237.1617     41940.9094        50.9079         0.0000     48593.9194        -496851.2625       293.4863   -545445.1819   -496737.8660       292.3924           -121.9039       -87.9454    838094.8559         5.4698         5.4694

LDB: ============= START OF LOAD BALANCING ============== 194.164
LDB: ============== END OF LOAD BALANCING =============== 194.164
Info: useSync: 0 useProxySync: 0
LDB: =============== DONE WITH MIGRATION ================ 194.164
LDB: ============= START OF LOAD BALANCING ============== 194.757
LDB: TIME 194.758 LOAD: AVG 0.464112 MAX 0.492587  PROXIES: TOTAL 348 MAXPE 45 MAXPATCH 5 None MEM: 0 MB
LDB: TIME 194.758 LOAD: AVG 0.464112 MAX 0.492587  PROXIES: TOTAL 348 MAXPE 45 MAXPATCH 5 RefineTorusLB MEM: 0 MB
LDB: TIME 194.758 LOAD: AVG 0.464112 MAX 0.492587  PROXIES: TOTAL 348 MAXPE 45 MAXPATCH 5 RefineTorusLB MEM: 0 MB
LDB: ============== END OF LOAD BALANCING =============== 194.758
Info: useSync: 0 useProxySync: 0
LDB: =============== DONE WITH MIGRATION ================ 194.758
TIMING: 33000  CPU: 197.137, 0.00594864/step  Wall: 197.486, 0.00595435/step, 1.5994 hours remaining, 0.000000 MB of memory in use.
PERFORMANCE: 33000  averaging 28.8855 ns/day, 0.00598223 sec/step with standard deviation 0.000115201
ENERGY:   33000       345.6163       946.8871      1446.9213        21.7995        -589869.7791     41703.5501        53.7652         0.0000     48377.2426        -496973.9970       292.1777   -545351.2396   -496867.3901       292.5592           -189.3733      -160.2326    837422.0791        -1.8149        -1.8813

TIMING: 34000  CPU: 203.101, 0.00596469/step  Wall: 203.457, 0.00597077/step, 1.60216 hours remaining, 0.000000 MB of memory in use.
PERFORMANCE: 34000  averaging 28.8872 ns/day, 0.0059819 sec/step with standard deviation 0.000113459
ENERGY:   34000       344.3666       958.8901      1442.3778        25.0300        -590902.6485     42286.7674        51.9791         0.0000     48563.4467        -497229.7908       293.3023   -545793.2374   -497121.6870       291.9472            -69.0496       -35.3535    834829.6540         4.0462         4.0716

TIMING: 35000  CPU: 209.053, 0.00595209/step  Wall: 209.417, 0.00596072/step, 1.5978 hours remaining, 0.000000 MB of memory in use.
PERFORMANCE: 35000  averaging 28.8901 ns/day, 0.00598129 sec/step with standard deviation 0.000111835
ENERGY:   35000       358.2150       942.0892      1451.5859        27.0016        -590395.9837     41833.1883        47.9076         0.0000     48473.6469        -497262.3492       292.7599   -545735.9961   -497154.6509       292.4327           -234.2925      -202.9595    834814.0746        -5.2581        -5.3146

WRITING COORDINATES TO DCD FILE eq1.dcd AT STEP 35000
The last position output (seq=35000) takes 0.006 seconds, 0.000 MB of memory in use
TIMING: 36000  CPU: 215.033, 0.00597948/step  Wall: 215.405, 0.00598736/step, 1.60328 hours remaining, 0.000000 MB of memory in use.
PERFORMANCE: 36000  averaging 28.8893 ns/day, 0.00598146 sec/step with standard deviation 0.00011023
ENERGY:   36000       366.3581       966.1957      1463.6642        24.2617        -590677.4595     42432.5967        46.9949         0.0000     48392.9216        -496984.4667       292.2724   -545377.3883   -496876.4587       292.3912             36.7046        69.9673    832854.3458        -1.3254        -1.3655

LDB: ============= START OF LOAD BALANCING ============== 218.042
LDB: ============== END OF LOAD BALANCING =============== 218.042
Info: useSync: 0 useProxySync: 0
LDB: =============== DONE WITH MIGRATION ================ 218.043
LDB: ============= START OF LOAD BALANCING ============== 218.641
LDB: TIME 218.641 LOAD: AVG 0.465213 MAX 0.498787  PROXIES: TOTAL 348 MAXPE 45 MAXPATCH 5 None MEM: 0 MB
LDB: TIME 218.641 LOAD: AVG 0.465213 MAX 0.498787  PROXIES: TOTAL 348 MAXPE 45 MAXPATCH 5 RefineTorusLB MEM: 0 MB
LDB: TIME 218.641 LOAD: AVG 0.465213 MAX 0.498787  PROXIES: TOTAL 348 MAXPE 45 MAXPATCH 5 RefineTorusLB MEM: 0 MB
LDB: ============== END OF LOAD BALANCING =============== 218.641
Info: useSync: 0 useProxySync: 0
LDB: =============== DONE WITH MIGRATION ================ 218.642
TIMING: 37000  CPU: 221.001, 0.00596793/step  Wall: 221.383, 0.00597829/step, 1.59919 hours remaining, 0.000000 MB of memory in use.
PERFORMANCE: 37000  averaging 28.8897 ns/day, 0.00598138 sec/step with standard deviation 0.00010869
ENERGY:   37000       302.0892       962.4380      1442.9677        26.7768        -590193.8841     42074.8624        51.1921         0.0000     48541.7930        -496791.7649       293.1715   -545333.5579   -496682.8619       293.1079            -13.7012        21.4654    832278.1467         3.5886         3.6428

TIMING: 38000  CPU: 226.981, 0.00597978/step  Wall: 227.369, 0.00598625/step, 1.59966 hours remaining, 0.000000 MB of memory in use.
PERFORMANCE: 38000  averaging 28.8891 ns/day, 0.0059815 sec/step with standard deviation 0.000107214
ENERGY:   38000       338.9191       967.3359      1453.9765        27.8187        -590128.2146     42033.7108        46.1490         0.0000     48431.6248        -496828.6798       292.5061   -545260.3046   -496724.7361       292.9001             58.7438        93.4290    831631.9258         3.8745         3.8117

TIMING: 39000  CPU: 232.973, 0.00599221/step  Wall: 233.369, 0.00600002/step, 1.60167 hours remaining, 0.000000 MB of memory in use.
PERFORMANCE: 39000  averaging 28.8868 ns/day, 0.00598198 sec/step with standard deviation 0.000105835
ENERGY:   39000       363.8296       932.1107      1432.5610        17.6896        -590365.2893     42067.3671        57.3741         0.0000     48630.1178        -496864.2394       293.7049   -545494.3572   -496772.6569       293.4130            -61.1977       -25.5387    832446.2093         0.2550         0.2692

TIMING: 40000  CPU: 238.957, 0.00598412/step  Wall: 239.364, 0.00599454/step, 1.59854 hours remaining, 0.000000 MB of memory in use.
PERFORMANCE: 40000  averaging 28.8852 ns/day, 0.00598229 sec/step with standard deviation 0.000104489
ETITLE:      TS           BOND          ANGLE          DIHED          IMPRP               ELECT            VDW       BOUNDARY           MISC        KINETIC               TOTAL           TEMP      POTENTIAL         TOTAL3        TEMPAVG            PRESSURE      GPRESSURE         VOLUME       PRESSAVG      GPRESSAVG

ENERGY:   40000       337.3965       941.1306      1439.4084        19.5335        -589818.8347     41701.3246        57.3970         0.0000     48319.4915        -497003.1526       291.8289   -545322.6441   -496899.9851       292.7523           -207.8393      -177.2547    832887.9712        -4.2475        -4.2709

WRITING EXTENDED SYSTEM TO RESTART FILE AT STEP 40000
WRITING COORDINATES TO DCD FILE eq1.dcd AT STEP 40000
WRITING COORDINATES TO RESTART FILE AT STEP 40000
FINISHED WRITING RESTART COORDINATES
The last position output (seq=40000) takes 0.020 seconds, 0.000 MB of memory in use
WRITING VELOCITIES TO RESTART FILE AT STEP 40000
FINISHED WRITING RESTART VELOCITIES
The last velocity output (seq=40000) takes 0.008 seconds, 0.000 MB of memory in use
LDB: ============= START OF LOAD BALANCING ============== 242.044
LDB: ============== END OF LOAD BALANCING =============== 242.044
Info: useSync: 0 useProxySync: 0
LDB: =============== DONE WITH MIGRATION ================ 242.044
LDB: ============= START OF LOAD BALANCING ============== 242.644
LDB: TIME 242.645 LOAD: AVG 0.466465 MAX 0.498344  PROXIES: TOTAL 348 MAXPE 45 MAXPATCH 5 None MEM: 0 MB
LDB: TIME 242.645 LOAD: AVG 0.466465 MAX 0.498344  PROXIES: TOTAL 348 MAXPE 45 MAXPATCH 5 RefineTorusLB MEM: 0 MB
LDB: TIME 242.645 LOAD: AVG 0.466465 MAX 0.498344  PROXIES: TOTAL 348 MAXPE 45 MAXPATCH 5 RefineTorusLB MEM: 0 MB
LDB: Reverting to original mapping
LDB: ============== END OF LOAD BALANCING =============== 242.645
Info: useSync: 0 useProxySync: 0
LDB: =============== DONE WITH MIGRATION ================ 242.645
TIMING: 41000  CPU: 244.975, 0.00601782/step  Wall: 245.401, 0.00603697/step, 1.60818 hours remaining, 0.000000 MB of memory in use.
PERFORMANCE: 41000  averaging 28.8788 ns/day, 0.00598363 sec/step with standard deviation 0.000103527
ENERGY:   41000       329.4921       962.2805      1449.7569        22.4870        -590524.2872     41925.5065        56.7897         0.0000     48507.6297        -497270.3448       292.9652   -545777.9746   -497166.8762       292.7522            -53.2020       -22.8847    831026.8009         2.5390         2.5797

TIMING: 42000  CPU: 250.951, 0.00597628/step  Wall: 251.386, 0.00598515/step, 1.59272 hours remaining, 0.000000 MB of memory in use.
PERFORMANCE: 42000  averaging 28.8786 ns/day, 0.00598366 sec/step with standard deviation 0.000102257
ENERGY:   42000       334.7386       935.9776      1451.2596        19.2212        -590944.1883     42189.3245        49.8220         0.0000     48438.3610        -497525.4837       292.5468   -545963.8447   -497419.8972       292.1067           -105.0811       -74.1095    833097.0636        -3.0512        -3.0349

TIMING: 43000  CPU: 256.946, 0.00599459/step  Wall: 257.388, 0.00600236/step, 1.59563 hours remaining, 0.000000 MB of memory in use.
PERFORMANCE: 43000  averaging 28.8765 ns/day, 0.0059841 sec/step with standard deviation 0.000101073
ENERGY:   43000       341.1606       971.3724      1444.2089        23.5652        -590666.1816     41990.3115        61.3293         0.0000     48283.6648        -497550.5688       291.6125   -545834.2337   -497438.3573       291.8324            -94.9223       -61.9655    831097.7565         2.3363         2.2606

TIMING: 44000  CPU: 262.931, 0.00598566/step  Wall: 263.385, 0.00599654/step, 1.59242 hours remaining, 0.000000 MB of memory in use.
PERFORMANCE: 44000  averaging 28.8752 ns/day, 0.00598438 sec/step with standard deviation 9.9908e-05
ENERGY:   44000       341.0210       966.3683      1440.7393        20.5422        -590564.7550     42274.1186        53.4045         0.0000     48121.0725        -497347.4884       290.6305   -545468.5609   -497241.1780       291.3357             30.6117        63.9379    832796.6934        -4.4388        -4.4699

LDB: ============= START OF LOAD BALANCING ============== 266.031
LDB: ============== END OF LOAD BALANCING =============== 266.031
Info: useSync: 0 useProxySync: 0
LDB: =============== DONE WITH MIGRATION ================ 266.031
LDB: ============= START OF LOAD BALANCING ============== 266.632
LDB: TIME 266.632 LOAD: AVG 0.466931 MAX 0.500016  PROXIES: TOTAL 348 MAXPE 45 MAXPATCH 5 None MEM: 0 MB
LDB: TIME 266.632 LOAD: AVG 0.466931 MAX 0.500016  PROXIES: TOTAL 348 MAXPE 45 MAXPATCH 5 RefineTorusLB MEM: 0 MB
LDB: TIME 266.632 LOAD: AVG 0.466931 MAX 0.500016  PROXIES: TOTAL 348 MAXPE 45 MAXPATCH 5 RefineTorusLB MEM: 0 MB
LDB: ============== END OF LOAD BALANCING =============== 266.632
Info: useSync: 0 useProxySync: 0
LDB: =============== DONE WITH MIGRATION ================ 266.633
TIMING: 45000  CPU: 268.917, 0.00598574/step  Wall: 269.382, 0.00599752/step, 1.59101 hours remaining, 0.000000 MB of memory in use.
PERFORMANCE: 45000  averaging 28.8738 ns/day, 0.00598467 sec/step with standard deviation 9.87856e-05
ENERGY:   45000       346.7427       967.5816      1469.3128        24.5254        -590897.0347     42067.5481        62.9030         0.0000     48657.0006        -497301.4205       293.8673   -545958.4211   -497186.1788       292.3102           -160.1692      -128.3111    833747.5776        -0.8838        -0.7952

WRITING COORDINATES TO DCD FILE eq1.dcd AT STEP 45000
The last position output (seq=45000) takes 0.006 seconds, 0.000 MB of memory in use
TIMING: 46000  CPU: 274.91, 0.00599337/step  Wall: 275.384, 0.00600205/step, 1.59054 hours remaining, 0.000000 MB of memory in use.
PERFORMANCE: 46000  averaging 28.8719 ns/day, 0.00598505 sec/step with standard deviation 9.77154e-05
ENERGY:   46000       332.7022       934.0839      1448.8902        21.0578        -590928.9802     42283.6561        59.9451         0.0000     48154.9989        -497693.6460       290.8354   -545848.6450   -497599.5777       292.0110            -31.1512        -1.8941    831667.1295        -1.5140        -1.5864

TIMING: 47000  CPU: 280.87, 0.00596004/step  Wall: 281.354, 0.00596928/step, 1.5802 hours remaining, 0.000000 MB of memory in use.
PERFORMANCE: 47000  averaging 28.8736 ns/day, 0.00598471 sec/step with standard deviation 9.66748e-05
ENERGY:   47000       326.5606       980.0984      1428.7779        19.2346        -590901.5563     42337.6006        61.7716         0.0000     47980.9352        -497766.5774       289.7841   -545747.5126   -497665.4501       291.6512             73.3391       107.0732    832666.5384         0.6399         0.6649

TIMING: 48000  CPU: 286.865, 0.00599477/step  Wall: 287.357, 0.006003/step, 1.58746 hours remaining, 0.000000 MB of memory in use.
PERFORMANCE: 48000  averaging 28.8717 ns/day, 0.0059851 sec/step with standard deviation 9.56772e-05
ENERGY:   48000       336.8583       965.9591      1443.5659        20.2491        -590976.7227     42358.4973        58.4315         0.0000     48245.1113        -497548.0503       291.3797   -545793.1616   -497440.3048       291.4241             68.0544        97.1499    831470.4243        -2.3879        -2.4626

LDB: ============= START OF LOAD BALANCING ============== 290.007
LDB: ============== END OF LOAD BALANCING =============== 290.007
Info: useSync: 0 useProxySync: 0
LDB: =============== DONE WITH MIGRATION ================ 290.007
LDB: ============= START OF LOAD BALANCING ============== 290.605
LDB: TIME 290.605 LOAD: AVG 0.465325 MAX 0.499978  PROXIES: TOTAL 348 MAXPE 45 MAXPATCH 5 None MEM: 0 MB
LDB: TIME 290.605 LOAD: AVG 0.465325 MAX 0.499978  PROXIES: TOTAL 348 MAXPE 45 MAXPATCH 5 RefineTorusLB MEM: 0 MB
LDB: TIME 290.605 LOAD: AVG 0.465325 MAX 0.499978  PROXIES: TOTAL 348 MAXPE 45 MAXPATCH 5 RefineTorusLB MEM: 0 MB
LDB: Reverting to original mapping
LDB: ============== END OF LOAD BALANCING =============== 290.605
Info: useSync: 0 useProxySync: 0
LDB: =============== DONE WITH MIGRATION ================ 290.606
TIMING: 49000  CPU: 292.854, 0.00598937/step  Wall: 293.36, 0.00600316/step, 1.58583 hours remaining, 0.000000 MB of memory in use.
PERFORMANCE: 49000  averaging 28.8699 ns/day, 0.00598546 sec/step with standard deviation 9.47105e-05
ENERGY:   49000       327.7739       945.4712      1445.7577        19.4354        -590588.4281     42301.2784        52.7475         0.0000     48452.0703        -497043.8937       292.6296   -545495.9640   -496942.5209       292.4280              7.6708        42.3002    832664.4423        -5.5381        -5.3915

TIMING: 50000  CPU: 298.836, 0.00598181/step  Wall: 299.352, 0.0059919/step, 1.5812 hours remaining, 0.000000 MB of memory in use.
PERFORMANCE: 50000  averaging 28.8693 ns/day, 0.00598559 sec/step with standard deviation 9.37435e-05
ETITLE:      TS           BOND          ANGLE          DIHED          IMPRP               ELECT            VDW       BOUNDARY           MISC        KINETIC               TOTAL           TEMP      POTENTIAL         TOTAL3        TEMPAVG            PRESSURE      GPRESSURE         VOLUME       PRESSAVG      GPRESSAVG

ENERGY:   50000       334.1372       904.3294      1431.4002        27.2215        -590468.8427     42135.9299        61.4798         0.0000     48393.3055        -497181.0392       292.2747   -545574.3447   -497065.2378       292.7891           -105.7188       -73.5007    833352.4749         3.4878         3.5120

WRITING EXTENDED SYSTEM TO RESTART FILE AT STEP 50000
WRITING COORDINATES TO DCD FILE eq1.dcd AT STEP 50000
WRITING COORDINATES TO RESTART FILE AT STEP 50000
FINISHED WRITING RESTART COORDINATES
The last position output (seq=50000) takes 0.020 seconds, 0.000 MB of memory in use
WRITING VELOCITIES TO RESTART FILE AT STEP 50000
FINISHED WRITING RESTART VELOCITIES
The last velocity output (seq=50000) takes 0.008 seconds, 0.000 MB of memory in use
TIMING: 51000  CPU: 304.812, 0.00597551/step  Wall: 305.351, 0.00599932/step, 1.58149 hours remaining, 0.000000 MB of memory in use.
PERFORMANCE: 51000  averaging 28.868 ns/day, 0.00598586 sec/step with standard deviation 9.28212e-05
ENERGY:   51000       341.4791       943.7842      1444.9912        26.2042        -590636.1708     42259.4718        57.9904         0.0000     48492.4868        -497069.7631       292.8737   -545562.2499   -496960.0208       292.8515             11.6505        45.8596    832272.4039        -0.0788        -0.0814

TIMING: 52000  CPU: 310.797, 0.00598532/step  Wall: 311.347, 0.00599643/step, 1.57906 hours remaining, 0.000000 MB of memory in use.
PERFORMANCE: 52000  averaging 28.867 ns/day, 0.00598606 sec/step with standard deviation 9.19184e-05
ENERGY:   52000       319.0908       931.0135      1444.3648        22.7587        -590763.4735     42186.0120        49.6889         0.0000     48615.2228        -497195.3220       293.6150   -545810.5448   -497081.8069       292.4901            -24.7084         7.0706    832651.5496        -2.6638        -2.7098

LDB: ============= START OF LOAD BALANCING ============== 313.987
LDB: ============== END OF LOAD BALANCING =============== 313.987
Info: useSync: 0 useProxySync: 0
LDB: =============== DONE WITH MIGRATION ================ 313.987
LDB: ============= START OF LOAD BALANCING ============== 314.589
LDB: TIME 314.589 LOAD: AVG 0.467176 MAX 0.498086  PROXIES: TOTAL 348 MAXPE 45 MAXPATCH 5 None MEM: 0 MB
LDB: TIME 314.589 LOAD: AVG 0.467176 MAX 0.498086  PROXIES: TOTAL 348 MAXPE 45 MAXPATCH 5 RefineTorusLB MEM: 0 MB
LDB: TIME 314.589 LOAD: AVG 0.467176 MAX 0.498086  PROXIES: TOTAL 348 MAXPE 45 MAXPATCH 5 RefineTorusLB MEM: 0 MB
LDB: Reverting to original mapping
LDB: ============== END OF LOAD BALANCING =============== 314.589
Info: useSync: 0 useProxySync: 0
LDB: =============== DONE WITH MIGRATION ================ 314.59
TIMING: 53000  CPU: 316.775, 0.00597838/step  Wall: 317.332, 0.00598504/step, 1.5744 hours remaining, 0.000000 MB of memory in use.
PERFORMANCE: 53000  averaging 28.8671 ns/day, 0.00598605 sec/step with standard deviation 9.10304e-05
ENERGY:   53000       358.6638       937.1479      1428.5351        24.8196        -590495.0076     42111.7482        57.7432         0.0000     48409.1273        -497167.2225       292.3702   -545576.3497   -497059.2870       292.4480           -111.9272       -75.9584    833169.0526        -1.9418        -1.9481

TIMING: 54000  CPU: 322.741, 0.00596566/step  Wall: 323.309, 0.00597689/step, 1.57059 hours remaining, 0.000000 MB of memory in use.
PERFORMANCE: 54000  averaging 28.868 ns/day, 0.00598588 sec/step with standard deviation 9.01761e-05
ENERGY:   54000       336.5133       965.5657      1438.4668        20.0214        -590515.0345     41988.7207        53.5556         0.0000     48571.7518        -497140.4392       293.3524   -545712.1909   -497032.3410       292.5608           -113.8246       -78.9720    832698.0306         0.2278         0.1794

TIMING: 55000  CPU: 328.734, 0.00599317/step  Wall: 329.314, 0.00600464/step, 1.57622 hours remaining, 0.000000 MB of memory in use.
PERFORMANCE: 55000  averaging 28.8663 ns/day, 0.00598622 sec/step with standard deviation 8.93731e-05
ENERGY:   55000       333.6830       962.5885      1447.8534        19.1307        -590464.1733     42338.6800        50.7707         0.0000     48540.4936        -496770.9735       293.1636   -545311.4671   -496669.0884       293.3249             33.8225        66.5897    833774.3750         0.7140         0.6829

WRITING COORDINATES TO DCD FILE eq1.dcd AT STEP 55000
TIMING: 56000  CPU: 334.712, 0.00597724/step  Wall: 335.302, 0.00598805/step, 1.5702 hours remaining, 0.000000 MB of memory in use.
PERFORMANCE: 56000  averaging 28.8662 ns/day, 0.00598625 sec/step with standard deviation 8.85572e-05
ENERGY:   56000       317.8939       940.9659      1435.4424        23.3791        -590181.6280     41687.4284        52.5516         0.0000     48915.2890        -496808.6777       295.4272   -545723.9667   -496701.6803       293.0268           -147.2492      -115.9328    832193.7500        -3.0860        -3.1872

LDB: ============= START OF LOAD BALANCING ============== 337.951
LDB: ============== END OF LOAD BALANCING =============== 337.951
Info: useSync: 0 useProxySync: 0
LDB: =============== DONE WITH MIGRATION ================ 337.952
LDB: ============= START OF LOAD BALANCING ============== 338.553
LDB: TIME 338.554 LOAD: AVG 0.466544 MAX 0.499161  PROXIES: TOTAL 348 MAXPE 45 MAXPATCH 5 None MEM: 0 MB
LDB: TIME 338.554 LOAD: AVG 0.466544 MAX 0.499161  PROXIES: TOTAL 348 MAXPE 45 MAXPATCH 5 RefineTorusLB MEM: 0 MB
LDB: TIME 338.554 LOAD: AVG 0.466544 MAX 0.499161  PROXIES: TOTAL 348 MAXPE 45 MAXPATCH 5 RefineTorusLB MEM: 0 MB
LDB: ============== END OF LOAD BALANCING =============== 338.554
Info: useSync: 0 useProxySync: 0
LDB: =============== DONE WITH MIGRATION ================ 338.554
TIMING: 57000  CPU: 340.709, 0.00599719/step  Wall: 341.31, 0.00600829/step, 1.57384 hours remaining, 0.000000 MB of memory in use.
PERFORMANCE: 57000  averaging 28.8643 ns/day, 0.00598664 sec/step with standard deviation 8.78115e-05
ENERGY:   57000       349.7757       944.5076      1435.7832        19.7168        -590080.7528     41677.8204        55.4429         0.0000     48547.3514        -497050.3548       293.2051   -545597.7061   -496948.4125       292.8248           -226.6948      -192.7160    833941.2631         0.0232        -0.0039

TIMING: 58000  CPU: 346.698, 0.00598971/step  Wall: 347.312, 0.00600125/step, 1.57033 hours remaining, 0.000000 MB of memory in use.
PERFORMANCE: 58000  averaging 28.8631 ns/day, 0.00598689 sec/step with standard deviation 8.7059e-05
ENERGY:   58000       336.5007       968.0632      1438.7301        25.1924        -590752.4020     42231.1563        47.8759         0.0000     48479.7582        -497225.1252       292.7968   -545704.8834   -497119.1175       292.5416            -31.0452        -0.3052    832867.9548         1.6220         1.6204

TIMING: 59000  CPU: 352.669, 0.00597032/step  Wall: 353.29, 0.00597891/step, 1.56282 hours remaining, 0.000000 MB of memory in use.
PERFORMANCE: 59000  averaging 28.8637 ns/day, 0.00598675 sec/step with standard deviation 8.63115e-05
ENERGY:   59000       356.3451       918.4953      1454.8017        19.2019        -590747.7310     42264.7581        52.5894         0.0000     48266.8916        -497414.6480       291.5112   -545681.5395   -497305.5125       292.0484             38.0657        70.6608    831165.1681        -0.3427        -0.2065

TIMING: 60000  CPU: 358.646, 0.00597771/step  Wall: 359.278, 0.0059874/step, 1.56338 hours remaining, 0.000000 MB of memory in use.
PERFORMANCE: 60000  averaging 28.8637 ns/day, 0.00598676 sec/step with standard deviation 8.55769e-05
ETITLE:      TS           BOND          ANGLE          DIHED          IMPRP               ELECT            VDW       BOUNDARY           MISC        KINETIC               TOTAL           TEMP      POTENTIAL         TOTAL3        TEMPAVG            PRESSURE      GPRESSURE         VOLUME       PRESSAVG      GPRESSAVG

ENERGY:   60000       344.4011       981.2753      1428.9782        24.2970        -590671.0601     42164.3934        57.8851         0.0000     48163.1546        -497506.6752       290.8847   -545669.8298   -497403.4020       291.9873            -39.0047        -8.3262    830737.6543         0.2714         0.3305

WRITING EXTENDED SYSTEM TO RESTART FILE AT STEP 60000
WRITING COORDINATES TO DCD FILE eq1.dcd AT STEP 60000
WRITING COORDINATES TO RESTART FILE AT STEP 60000
FINISHED WRITING RESTART COORDINATES
WRITING VELOCITIES TO RESTART FILE AT STEP 60000
FINISHED WRITING RESTART VELOCITIES
LDB: ============= START OF LOAD BALANCING ============== 361.944
LDB: ============== END OF LOAD BALANCING =============== 361.944
Info: useSync: 0 useProxySync: 0
LDB: =============== DONE WITH MIGRATION ================ 361.944
LDB: ============= START OF LOAD BALANCING ============== 362.547
LDB: TIME 362.548 LOAD: AVG 0.468809 MAX 0.502639  PROXIES: TOTAL 348 MAXPE 45 MAXPATCH 5 None MEM: 0 MB
LDB: TIME 362.548 LOAD: AVG 0.468809 MAX 0.502639  PROXIES: TOTAL 348 MAXPE 45 MAXPATCH 5 RefineTorusLB MEM: 0 MB
LDB: TIME 362.548 LOAD: AVG 0.468809 MAX 0.502639  PROXIES: TOTAL 348 MAXPE 45 MAXPATCH 5 RefineTorusLB MEM: 0 MB
LDB: ============== END OF LOAD BALANCING =============== 362.548
Info: useSync: 0 useProxySync: 0
LDB: =============== DONE WITH MIGRATION ================ 362.548
TIMING: 61000  CPU: 364.656, 0.00600936/step  Wall: 365.311, 0.00603267/step, 1.57352 hours remaining, 0.000000 MB of memory in use.
PERFORMANCE: 61000  averaging 28.86 ns/day, 0.00598752 sec/step with standard deviation 8.50641e-05
ENERGY:   61000       340.4021       942.4674      1455.1955        22.5229        -591254.5355     42292.9956        47.5809         0.0000     48206.5951        -497946.7760       291.1470   -546153.3711   -497839.4327       291.7625            -27.5381         3.4626    831107.0893         0.3915         0.3372

TIMING: 62000  CPU: 370.649, 0.00599339/step  Wall: 371.313, 0.00600224/step, 1.56392 hours remaining, 0.000000 MB of memory in use.
PERFORMANCE: 62000  averaging 28.8589 ns/day, 0.00598775 sec/step with standard deviation 8.43847e-05
ENERGY:   62000       336.8436       961.7956      1435.2196        18.8328        -590813.1130     42035.5501        51.8707         0.0000     48137.2590        -497835.7416       290.7283   -545973.0006   -497731.1668       291.5378           -118.7750       -83.3500    832083.4790         3.6943         3.7240

TIMING: 63000  CPU: 376.619, 0.00596965/step  Wall: 377.296, 0.00598302/step, 1.55725 hours remaining, 0.000000 MB of memory in use.
PERFORMANCE: 63000  averaging 28.8593 ns/day, 0.00598768 sec/step with standard deviation 8.37035e-05
ENERGY:   63000       355.2989       958.8030      1449.0539        22.6452        -592056.8271     42841.4134        49.6364         0.0000     48645.7254        -497734.2508       293.7992   -546379.9763   -497632.7808       291.4826            170.5396       204.1413    830371.8977         1.9394         1.9840

TIMING: 64000  CPU: 382.616, 0.00599703/step  Wall: 383.301, 0.0060049/step, 1.56127 hours remaining, 0.000000 MB of memory in use.
PERFORMANCE: 64000  averaging 28.858 ns/day, 0.00598795 sec/step with standard deviation 8.30644e-05
ENERGY:   64000       329.5436       989.2413      1440.2748        28.4269        -590972.7044     42273.6868        50.3088         0.0000     48315.7830        -497545.4392       291.8065   -545861.2222   -497448.8578       292.0221            -75.1467       -39.4491    831523.1766         2.0917         2.1174

LDB: ============= START OF LOAD BALANCING ============== 385.942
LDB: ============== END OF LOAD BALANCING =============== 385.942
Info: useSync: 0 useProxySync: 0
LDB: =============== DONE WITH MIGRATION ================ 385.943
LDB: ============= START OF LOAD BALANCING ============== 386.544
LDB: TIME 386.544 LOAD: AVG 0.469159 MAX 0.497736  PROXIES: TOTAL 348 MAXPE 45 MAXPATCH 5 None MEM: 0 MB
LDB: TIME 386.544 LOAD: AVG 0.469159 MAX 0.497736  PROXIES: TOTAL 348 MAXPE 45 MAXPATCH 5 RefineTorusLB MEM: 0 MB
LDB: TIME 386.544 LOAD: AVG 0.469159 MAX 0.497736  PROXIES: TOTAL 348 MAXPE 45 MAXPATCH 5 RefineTorusLB MEM: 0 MB
LDB: ============== END OF LOAD BALANCING =============== 386.544
Info: useSync: 0 useProxySync: 0
LDB: =============== DONE WITH MIGRATION ================ 386.545
TIMING: 65000  CPU: 388.589, 0.00597335/step  Wall: 389.287, 0.00598622/step, 1.55475 hours remaining, 0.000000 MB of memory in use.
PERFORMANCE: 65000  averaging 28.8581 ns/day, 0.00598792 sec/step with standard deviation 8.24132e-05
ENERGY:   65000       326.0458       949.4428      1439.4695        26.1915        -591213.1352     42531.6533        55.5748         0.0000     48366.5125        -497518.2452       292.1129   -545884.7576   -497411.2171       292.1380             70.0665        96.4952    830313.3539         2.1414         2.1594

WRITING COORDINATES TO DCD FILE eq1.dcd AT STEP 65000
TIMING: 66000  CPU: 394.558, 0.00596895/step  Wall: 395.266, 0.00597905/step, 1.55123 hours remaining, 0.000000 MB of memory in use.
PERFORMANCE: 66000  averaging 28.8587 ns/day, 0.00598779 sec/step with standard deviation 8.17841e-05
ENERGY:   66000       344.3964       948.7876      1437.0359        19.7373        -591117.9799     42491.2928        51.8913         0.0000     48307.4582        -497517.3804       291.7562   -545824.8386   -497415.1796       292.1189              4.7102        38.6998    833444.3093        -2.1142        -2.1309

TIMING: 67000  CPU: 400.539, 0.00598127/step  Wall: 401.256, 0.00599038/step, 1.55251 hours remaining, 0.000000 MB of memory in use.
PERFORMANCE: 67000  averaging 28.8586 ns/day, 0.00598783 sec/step with standard deviation 8.11628e-05
ENERGY:   67000       330.7631       978.0329      1424.0166        30.1983        -590870.2966     42159.2143        53.2467         0.0000     48603.0455        -497291.7792       293.5414   -545894.8247   -497184.9187       292.0356            -58.6135       -24.7032    831717.0532         4.0587         4.0658

TIMING: 68000  CPU: 406.516, 0.005977/step  Wall: 407.246, 0.00598926/step, 1.55055 hours remaining, 0.000000 MB of memory in use.
PERFORMANCE: 68000  averaging 28.8585 ns/day, 0.00598785 sec/step with standard deviation 8.0555e-05
ENERGY:   68000       343.2441       949.8462      1432.4756        25.0035        -590855.1810     42419.2368        51.1545         0.0000     48441.7898        -497192.4306       292.5675   -545634.2203   -497092.5818       292.8333             31.0248        61.1674    832279.6202         1.1518         1.1697

LDB: ============= START OF LOAD BALANCING ============== 409.898
LDB: ============== END OF LOAD BALANCING =============== 409.898
Info: useSync: 0 useProxySync: 0
LDB: =============== DONE WITH MIGRATION ================ 409.898
LDB: ============= START OF LOAD BALANCING ============== 410.503
LDB: TIME 410.503 LOAD: AVG 0.467453 MAX 0.50174  PROXIES: TOTAL 348 MAXPE 45 MAXPATCH 5 None MEM: 0 MB
LDB: TIME 410.503 LOAD: AVG 0.467453 MAX 0.50174  PROXIES: TOTAL 348 MAXPE 45 MAXPATCH 5 RefineTorusLB MEM: 0 MB
LDB: TIME 410.503 LOAD: AVG 0.467453 MAX 0.50174  PROXIES: TOTAL 348 MAXPE 45 MAXPATCH 5 RefineTorusLB MEM: 0 MB
LDB: ============== END OF LOAD BALANCING =============== 410.504
Info: useSync: 0 useProxySync: 0
LDB: =============== DONE WITH MIGRATION ================ 410.504
TIMING: 69000  CPU: 412.518, 0.00600117/step  Wall: 413.26, 0.00601411/step, 1.55532 hours remaining, 0.000000 MB of memory in use.
PERFORMANCE: 69000  averaging 28.8566 ns/day, 0.00598823 sec/step with standard deviation 8.0023e-05
ENERGY:   69000       317.9532       948.4933      1452.8795        21.8257        -590939.6614     42671.0015        50.6325         0.0000     48447.3624        -497029.5132       292.6012   -545476.8756   -496933.5617       292.5770            180.9401       216.1864    831903.7592         2.5201         2.4701

TIMING: 70000  CPU: 418.487, 0.00596929/step  Wall: 419.238, 0.00597856/step, 1.54446 hours remaining, 0.000000 MB of memory in use.
PERFORMANCE: 70000  averaging 28.8573 ns/day, 0.00598809 sec/step with standard deviation 7.94494e-05
ETITLE:      TS           BOND          ANGLE          DIHED          IMPRP               ELECT            VDW       BOUNDARY           MISC        KINETIC               TOTAL           TEMP      POTENTIAL         TOTAL3        TEMPAVG            PRESSURE      GPRESSURE         VOLUME       PRESSAVG      GPRESSAVG

ENERGY:   70000       345.3546       933.4005      1440.7201        22.1837        -590051.4538     41881.3308        50.3039         0.0000     48260.7100        -497117.4503       291.4739   -545378.1603   -497018.2381       292.8955           -153.0282      -125.0951    832708.6068         2.4124         2.3414

WRITING EXTENDED SYSTEM TO RESTART FILE AT STEP 70000
WRITING COORDINATES TO DCD FILE eq1.dcd AT STEP 70000
WRITING COORDINATES TO RESTART FILE AT STEP 70000
FINISHED WRITING RESTART COORDINATES
WRITING VELOCITIES TO RESTART FILE AT STEP 70000
FINISHED WRITING RESTART VELOCITIES
TIMING: 71000  CPU: 424.462, 0.00597461/step  Wall: 425.238, 0.00600015/step, 1.54837 hours remaining, 0.000000 MB of memory in use.
PERFORMANCE: 71000  averaging 28.8565 ns/day, 0.00598826 sec/step with standard deviation 7.88928e-05
ENERGY:   71000       347.7851       918.3818      1445.5545        28.2951        -590333.0972     42081.3932        42.1392         0.0000     48454.1589        -497015.3893       292.6422   -545469.5483   -496916.1710       292.5571            -92.8515       -60.3748    833020.0200        -4.6763        -4.6740

TIMING: 72000  CPU: 430.419, 0.00595766/step  Wall: 431.206, 0.00596728/step, 1.53823 hours remaining, 0.000000 MB of memory in use.
PERFORMANCE: 72000  averaging 28.8579 ns/day, 0.00598797 sec/step with standard deviation 7.83743e-05
ENERGY:   72000       349.7877       898.3015      1452.8381        22.4483        -590776.7696     42494.5265        45.7092         0.0000     48613.9813        -496899.1769       293.6075   -545513.1582   -496807.5633       293.1515            129.0509       160.6064    831674.5360        -4.7792        -4.7465

LDB: ============= START OF LOAD BALANCING ============== 433.846
LDB: ============== END OF LOAD BALANCING =============== 433.846
Info: useSync: 0 useProxySync: 0
LDB: =============== DONE WITH MIGRATION ================ 433.846
LDB: ============= START OF LOAD BALANCING ============== 434.443
LDB: TIME 434.443 LOAD: AVG 0.465883 MAX 0.498041  PROXIES: TOTAL 348 MAXPE 45 MAXPATCH 5 None MEM: 0 MB
LDB: TIME 434.443 LOAD: AVG 0.465883 MAX 0.498041  PROXIES: TOTAL 348 MAXPE 45 MAXPATCH 5 RefineTorusLB MEM: 0 MB
LDB: TIME 434.443 LOAD: AVG 0.465883 MAX 0.498041  PROXIES: TOTAL 348 MAXPE 45 MAXPATCH 5 RefineTorusLB MEM: 0 MB
LDB: Reverting to original mapping
LDB: ============== END OF LOAD BALANCING =============== 434.443
Info: useSync: 0 useProxySync: 0
LDB: =============== DONE WITH MIGRATION ================ 434.444
TIMING: 73000  CPU: 436.406, 0.00598716/step  Wall: 437.203, 0.00599763/step, 1.54439 hours remaining, 0.000000 MB of memory in use.
PERFORMANCE: 73000  averaging 28.8572 ns/day, 0.0059881 sec/step with standard deviation 7.78364e-05
ENERGY:   73000       331.0219       953.6830      1444.1061        22.4433        -589987.1383     41854.3135        49.3837         0.0000     48675.6987        -496656.4880       293.9802   -545332.1867   -496547.9855       293.6226           -145.2465      -115.2328    833164.5219        -1.7192        -1.7358

TIMING: 74000  CPU: 442.379, 0.00597222/step  Wall: 443.188, 0.00598434/step, 1.5393 hours remaining, 0.000000 MB of memory in use.
PERFORMANCE: 74000  averaging 28.8575 ns/day, 0.00598805 sec/step with standard deviation 7.73026e-05
ENERGY:   74000       333.8094       922.8750      1449.2591        23.3315        -590291.9318     42144.7301        53.0628         0.0000     48522.3127        -496842.5512       293.0538   -545364.8639   -496729.9589       293.5235            -92.1955       -58.8390    833518.9216        -1.4071        -1.3824

TIMING: 75000  CPU: 448.353, 0.00597395/step  Wall: 449.172, 0.00598382/step, 1.53751 hours remaining, 0.000000 MB of memory in use.
PERFORMANCE: 75000  averaging 28.8577 ns/day, 0.00598799 sec/step with standard deviation 7.67801e-05
ENERGY:   75000       314.9210       988.1107      1435.7605        31.4852        -590301.0951     41599.3919        56.1563         0.0000     48809.5876        -497065.6819       294.7888   -545875.2694   -496963.0772       293.1063           -163.2819      -130.3605    829978.7850         1.0604         1.1039

WRITING COORDINATES TO DCD FILE eq1.dcd AT STEP 75000
TIMING: 76000  CPU: 454.348, 0.00599501/step  Wall: 455.176, 0.00600409/step, 1.54105 hours remaining, 0.000000 MB of memory in use.
PERFORMANCE: 76000  averaging 28.8567 ns/day, 0.0059882 sec/step with standard deviation 7.62889e-05
ENERGY:   76000       349.9416       925.5054      1422.1625        23.2999        -590844.3387     42544.7161        54.2490         0.0000     48144.1204        -497380.3438       290.7697   -545524.4643   -497275.4819       292.5577            101.0526       134.4290    831002.1850         0.7723         0.7566

LDB: ============= START OF LOAD BALANCING ============== 457.818
LDB: ============== END OF LOAD BALANCING =============== 457.818
Info: useSync: 0 useProxySync: 0
LDB: =============== DONE WITH MIGRATION ================ 457.818
LDB: ============= START OF LOAD BALANCING ============== 458.419
LDB: TIME 458.42 LOAD: AVG 0.466232 MAX 0.498099  PROXIES: TOTAL 348 MAXPE 45 MAXPATCH 5 None MEM: 0 MB
LDB: TIME 458.42 LOAD: AVG 0.466232 MAX 0.498099  PROXIES: TOTAL 348 MAXPE 45 MAXPATCH 5 RefineTorusLB MEM: 0 MB
LDB: TIME 458.42 LOAD: AVG 0.466232 MAX 0.498099  PROXIES: TOTAL 348 MAXPE 45 MAXPATCH 5 RefineTorusLB MEM: 0 MB
LDB: ============== END OF LOAD BALANCING =============== 458.42
Info: useSync: 0 useProxySync: 0
LDB: =============== DONE WITH MIGRATION ================ 458.42
TIMING: 77000  CPU: 460.343, 0.00599566/step  Wall: 461.176, 0.00600083/step, 1.53855 hours remaining, 0.000000 MB of memory in use.
PERFORMANCE: 77000  averaging 28.8559 ns/day, 0.00598837 sec/step with standard deviation 7.57989e-05
ENERGY:   77000       347.2672       906.0929      1452.8281        22.2806        -591667.4210     42860.7337        55.2422         0.0000     48415.8782        -497607.0982       292.4110   -546022.9764   -497494.1297       292.3295            212.1397       245.6266    831521.0032         6.5977         6.5387

TIMING: 78000  CPU: 466.303, 0.00595977/step  Wall: 467.147, 0.00597091/step, 1.52922 hours remaining, 0.000000 MB of memory in use.
PERFORMANCE: 78000  averaging 28.857 ns/day, 0.00598814 sec/step with standard deviation 7.53311e-05
ENERGY:   78000       341.6597       976.2494      1441.9589        23.0658        -590754.3353     42104.1437        57.0600         0.0000     48440.5853        -497369.6125       292.5602   -545810.1978   -497267.7527       291.7990            -92.7710       -61.5258    831820.6074        -0.1680        -0.2547

TIMING: 79000  CPU: 472.287, 0.00598369/step  Wall: 473.139, 0.00599122/step, 1.53275 hours remaining, 0.000000 MB of memory in use.
PERFORMANCE: 79000  averaging 28.8568 ns/day, 0.00598818 sec/step with standard deviation 7.48474e-05
ENERGY:   79000       333.6943       973.5955      1460.9392        21.2742        -591546.8586     42803.5627        56.8630         0.0000     48087.7669        -497809.1629       290.4294   -545896.9298   -497703.1344       291.5426            166.4541       202.6385    831466.0891         1.2652         1.2255

TIMING: 80000  CPU: 478.25, 0.00596371/step  Wall: 479.112, 0.00597303/step, 1.52644 hours remaining, 0.000000 MB of memory in use.
PERFORMANCE: 80000  averaging 28.8577 ns/day, 0.00598799 sec/step with standard deviation 7.43915e-05
ETITLE:      TS           BOND          ANGLE          DIHED          IMPRP               ELECT            VDW       BOUNDARY           MISC        KINETIC               TOTAL           TEMP      POTENTIAL         TOTAL3        TEMPAVG            PRESSURE      GPRESSURE         VOLUME       PRESSAVG      GPRESSAVG

ENERGY:   80000       309.8956       911.1975      1438.7250        22.8060        -590637.4900     42077.7576        58.0898         0.0000     48373.3747        -497445.6438       292.1543   -545819.0186   -497339.1267       291.6775           -105.9470       -70.7322    833101.5383        -0.8551        -0.8211

WRITING EXTENDED SYSTEM TO RESTART FILE AT STEP 80000
WRITING COORDINATES TO DCD FILE eq1.dcd AT STEP 80000
WRITING COORDINATES TO RESTART FILE AT STEP 80000
FINISHED WRITING RESTART COORDINATES
WRITING VELOCITIES TO RESTART FILE AT STEP 80000
FINISHED WRITING RESTART VELOCITIES
LDB: ============= START OF LOAD BALANCING ============== 481.788
LDB: ============== END OF LOAD BALANCING =============== 481.788
Info: useSync: 0 useProxySync: 0
LDB: =============== DONE WITH MIGRATION ================ 481.788
LDB: ============= START OF LOAD BALANCING ============== 482.392
LDB: TIME 482.392 LOAD: AVG 0.467205 MAX 0.498886  PROXIES: TOTAL 348 MAXPE 45 MAXPATCH 5 None MEM: 0 MB
LDB: TIME 482.392 LOAD: AVG 0.467205 MAX 0.498886  PROXIES: TOTAL 348 MAXPE 45 MAXPATCH 5 RefineTorusLB MEM: 0 MB
LDB: TIME 482.392 LOAD: AVG 0.467205 MAX 0.498886  PROXIES: TOTAL 348 MAXPE 45 MAXPATCH 5 RefineTorusLB MEM: 0 MB
LDB: ============== END OF LOAD BALANCING =============== 482.392
Info: useSync: 0 useProxySync: 0
LDB: =============== DONE WITH MIGRATION ================ 482.393
TIMING: 81000  CPU: 484.251, 0.00600037/step  Wall: 485.133, 0.00602141/step, 1.53713 hours remaining, 0.000000 MB of memory in use.
PERFORMANCE: 81000  averaging 28.8558 ns/day, 0.00598841 sec/step with standard deviation 7.40183e-05
ENERGY:   81000       343.7423       963.5027      1439.9027        28.0938        -590627.3230     41781.6529        60.4584         0.0000     48540.0009        -497469.9692       293.1607   -546009.9701   -497363.0167       292.1312           -199.7234      -164.0039    833148.4863        -0.0824        -0.0364

TIMING: 82000  CPU: 490.238, 0.00598766/step  Wall: 491.132, 0.00599877/step, 1.52969 hours remaining, 0.000000 MB of memory in use.
PERFORMANCE: 82000  averaging 28.8551 ns/day, 0.00598853 sec/step with standard deviation 7.35688e-05
ENERGY:   82000       302.8842       940.4942      1432.3939        22.4647        -591172.8789     42357.8478        57.1683         0.0000     48208.3961        -497851.2296       291.1579   -546059.6257   -497748.5569       291.5647            -18.5134        12.1968    830741.4380         0.3129         0.3350

TIMING: 83000  CPU: 496.222, 0.00598374/step  Wall: 497.122, 0.00599048/step, 1.52591 hours remaining, 0.000000 MB of memory in use.
PERFORMANCE: 83000  averaging 28.855 ns/day, 0.00598856 sec/step with standard deviation 7.31192e-05
ENERGY:   83000       342.4156       976.0707      1448.1659        20.1633        -590897.8601     42273.7682        64.8403         0.0000     48440.1228        -497332.3132       292.5574   -545772.4360   -497227.2517       291.5892            -53.4645       -22.1551    830896.0846         1.6570         1.6609

TIMING: 84000  CPU: 502.212, 0.00598946/step  Wall: 503.123, 0.00600047/step, 1.52679 hours remaining, 0.000000 MB of memory in use.
PERFORMANCE: 84000  averaging 28.8543 ns/day, 0.0059887 sec/step with standard deviation 7.2689e-05
ENERGY:   84000       344.3946       971.3598      1439.5565        25.4194        -590531.7705     42076.6507        51.7770         0.0000     48748.7946        -496873.8181       294.4217   -545622.6127   -496768.5896       292.5990            -32.8378        -0.8493    831455.2991         3.2371         3.2438

LDB: ============= START OF LOAD BALANCING ============== 505.773
LDB: ============== END OF LOAD BALANCING =============== 505.773
Info: useSync: 0 useProxySync: 0
LDB: =============== DONE WITH MIGRATION ================ 505.773
LDB: ============= START OF LOAD BALANCING ============== 506.374
LDB: TIME 506.375 LOAD: AVG 0.469636 MAX 0.500013  PROXIES: TOTAL 348 MAXPE 45 MAXPATCH 5 None MEM: 0 MB
LDB: TIME 506.375 LOAD: AVG 0.469636 MAX 0.500013  PROXIES: TOTAL 348 MAXPE 45 MAXPATCH 5 RefineTorusLB MEM: 0 MB
LDB: TIME 506.375 LOAD: AVG 0.469636 MAX 0.500013  PROXIES: TOTAL 348 MAXPE 45 MAXPATCH 5 RefineTorusLB MEM: 0 MB
LDB: Reverting to original mapping
LDB: ============== END OF LOAD BALANCING =============== 506.375
Info: useSync: 0 useProxySync: 0
LDB: =============== DONE WITH MIGRATION ================ 506.375
TIMING: 85000  CPU: 508.211, 0.0059998/step  Wall: 509.129, 0.00600639/step, 1.52662 hours remaining, 0.000000 MB of memory in use.
PERFORMANCE: 85000  averaging 28.8533 ns/day, 0.00598891 sec/step with standard deviation 7.22805e-05
ENERGY:   85000       325.5124       975.3785      1443.3035        22.8526        -590373.6645     42073.4892        54.4058         0.0000     48770.5963        -496708.1262       294.5534   -545478.7225   -496595.2784       293.7606              5.5773        34.8458    830821.6268         6.3281         6.3368

WRITING COORDINATES TO DCD FILE eq1.dcd AT STEP 85000
TIMING: 86000  CPU: 514.208, 0.00599648/step  Wall: 515.133, 0.00600367/step, 1.52427 hours remaining, 0.000000 MB of memory in use.
PERFORMANCE: 86000  averaging 28.8525 ns/day, 0.00598908 sec/step with standard deviation 7.18717e-05
ENERGY:   86000       379.6299       974.8299      1454.2923        27.0844        -590351.8776     42357.3288        49.3582         0.0000     48795.5657        -496313.7884       294.7042   -545109.3541   -496207.5827       294.0218             92.4084       126.3048    831870.1505         3.2989         3.3009

TIMING: 87000  CPU: 520.185, 0.00597679/step  Wall: 521.116, 0.00598359/step, 1.51751 hours remaining, 0.000000 MB of memory in use.
PERFORMANCE: 87000  averaging 28.8528 ns/day, 0.00598902 sec/step with standard deviation 7.1455e-05
ENERGY:   87000       346.1304       977.0158      1448.0821        27.3767        -589981.4826     41894.1785        49.2470         0.0000     48446.1209        -496793.3313       292.5937   -545239.4522   -496677.3637       293.7083            -95.3197       -63.3776    832980.9914         1.7887         1.8007

TIMING: 88000  CPU: 526.15, 0.00596497/step  Wall: 527.088, 0.00597206/step, 1.51292 hours remaining, 0.000000 MB of memory in use.
PERFORMANCE: 88000  averaging 28.8538 ns/day, 0.00598882 sec/step with standard deviation 7.10662e-05
ENERGY:   88000       329.8976       956.9957      1450.3627        25.8812        -590591.6675     42141.4976        62.6854         0.0000     48322.2750        -497302.0724       291.8457   -545624.3474   -497191.1932       292.8660           -135.4831      -102.6166    833345.1726         3.2034         3.2262

LDB: ============= START OF LOAD BALANCING ============== 529.727
LDB: ============== END OF LOAD BALANCING =============== 529.727
Info: useSync: 0 useProxySync: 0
LDB: =============== DONE WITH MIGRATION ================ 529.727
LDB: ============= START OF LOAD BALANCING ============== 530.328
LDB: TIME 530.328 LOAD: AVG 0.469095 MAX 0.499705  PROXIES: TOTAL 348 MAXPE 45 MAXPATCH 5 None MEM: 0 MB
LDB: TIME 530.328 LOAD: AVG 0.469095 MAX 0.499705  PROXIES: TOTAL 348 MAXPE 45 MAXPATCH 5 RefineTorusLB MEM: 0 MB
LDB: TIME 530.328 LOAD: AVG 0.469095 MAX 0.499705  PROXIES: TOTAL 348 MAXPE 45 MAXPATCH 5 RefineTorusLB MEM: 0 MB
LDB: ============== END OF LOAD BALANCING =============== 530.328
Info: useSync: 0 useProxySync: 0
LDB: =============== DONE WITH MIGRATION ================ 530.329
TIMING: 89000  CPU: 532.138, 0.00598851/step  Wall: 533.086, 0.00599749/step, 1.5177 hours remaining, 0.000000 MB of memory in use.
PERFORMANCE: 89000  averaging 28.8533 ns/day, 0.00598892 sec/step with standard deviation 7.06672e-05
ENERGY:   89000       327.2381       968.8720      1435.8168        19.8036        -591096.3747     42352.4812        46.2436         0.0000     48544.1032        -497401.8161       293.1854   -545945.9192   -497292.7246       292.2472             34.4901        63.5021    831472.5971        -1.7600        -1.7574

TIMING: 90000  CPU: 538.107, 0.00596906/step  Wall: 539.063, 0.0059772/step, 1.5109 hours remaining, 0.000000 MB of memory in use.
PERFORMANCE: 90000  averaging 28.8539 ns/day, 0.00598879 sec/step with standard deviation 7.02799e-05
ETITLE:      TS           BOND          ANGLE          DIHED          IMPRP               ELECT            VDW       BOUNDARY           MISC        KINETIC               TOTAL           TEMP      POTENTIAL         TOTAL3        TEMPAVG            PRESSURE      GPRESSURE         VOLUME       PRESSAVG      GPRESSAVG

ENERGY:   90000       330.7209       965.3932      1437.6498        21.2496        -590543.2312     42127.4889        56.2392         0.0000     48257.4235        -497347.0661       291.4540   -545604.4896   -497248.6731       292.0824              2.6167        33.1748    831438.9959        -3.7237        -3.6877

WRITING EXTENDED SYSTEM TO RESTART FILE AT STEP 90000
WRITING COORDINATES TO DCD FILE eq1.dcd AT STEP 90000
WRITING COORDINATES TO RESTART FILE AT STEP 90000
FINISHED WRITING RESTART COORDINATES
WRITING VELOCITIES TO RESTART FILE AT STEP 90000
FINISHED WRITING RESTART VELOCITIES
TIMING: 91000  CPU: 544.088, 0.00598035/step  Wall: 545.063, 0.00599956/step, 1.51489 hours remaining, 0.000000 MB of memory in use.
PERFORMANCE: 91000  averaging 28.8533 ns/day, 0.00598891 sec/step with standard deviation 6.98975e-05
ENERGY:   91000       336.9539       910.8384      1435.8938        23.1949        -590585.6654     41942.8881        44.7333         0.0000     48529.1016        -497362.0614       293.0948   -545891.1629   -497260.2300       292.1521           -157.7614      -126.1796    833224.9956        -2.5743        -2.6025

TIMING: 92000  CPU: 550.055, 0.0059675/step  Wall: 551.039, 0.00597627/step, 1.50735 hours remaining, 0.000000 MB of memory in use.
PERFORMANCE: 92000  averaging 28.854 ns/day, 0.00598877 sec/step with standard deviation 6.95249e-05
ENERGY:   92000       353.1789       944.6295      1433.5622        29.8042        -590480.5677     42033.5858        50.6411         0.0000     48102.7583        -497532.4077       290.5199   -545635.1659   -497423.2763       291.4804            -53.7061       -17.8950    831449.9472         4.2691         4.2017

LDB: ============= START OF LOAD BALANCING ============== 553.681
LDB: ============== END OF LOAD BALANCING =============== 553.681
Info: useSync: 0 useProxySync: 0
LDB: =============== DONE WITH MIGRATION ================ 553.681
LDB: ============= START OF LOAD BALANCING ============== 554.288
LDB: TIME 554.289 LOAD: AVG 0.471774 MAX 0.501558  PROXIES: TOTAL 348 MAXPE 45 MAXPATCH 5 None MEM: 0 MB
LDB: TIME 554.289 LOAD: AVG 0.471774 MAX 0.501558  PROXIES: TOTAL 348 MAXPE 45 MAXPATCH 5 RefineTorusLB MEM: 0 MB
LDB: TIME 554.289 LOAD: AVG 0.471774 MAX 0.501558  PROXIES: TOTAL 348 MAXPE 45 MAXPATCH 5 RefineTorusLB MEM: 0 MB
LDB: ============== END OF LOAD BALANCING =============== 554.289
Info: useSync: 0 useProxySync: 0
LDB: =============== DONE WITH MIGRATION ================ 554.289
TIMING: 93000  CPU: 556.046, 0.00599081/step  Wall: 557.037, 0.00599818/step, 1.51121 hours remaining, 0.000000 MB of memory in use.
PERFORMANCE: 93000  averaging 28.8535 ns/day, 0.00598887 sec/step with standard deviation 6.91529e-05
ENERGY:   93000       329.4475       939.6703      1436.8781        27.2207        -590831.2438     42192.0511        56.2302         0.0000     48486.5154        -497363.2303       292.8376   -545849.7458   -497262.1148       292.5871              6.3657        41.6958    831370.1912         0.9426         0.8933

TIMING: 94000  CPU: 562.012, 0.00596625/step  Wall: 563.014, 0.00597678/step, 1.50416 hours remaining, 0.000000 MB of memory in use.
PERFORMANCE: 94000  averaging 28.8541 ns/day, 0.00598874 sec/step with standard deviation 6.87914e-05
ENERGY:   94000       350.3487       925.3527      1429.0624        22.3399        -591268.1113     42639.8912        47.3233         0.0000     48465.6206        -497388.1726       292.7114   -545853.7932   -497284.2406       292.0328             86.8464       118.6394    833007.9630         3.4173         3.3852

TIMING: 95000  CPU: 567.966, 0.00595422/step  Wall: 568.978, 0.00596428/step, 1.49935 hours remaining, 0.000000 MB of memory in use.
PERFORMANCE: 95000  averaging 28.8554 ns/day, 0.00598849 sec/step with standard deviation 6.84705e-05
ENERGY:   95000       355.6299       997.5591      1438.6974        23.2310        -591132.3344     42418.5360        59.4996         0.0000     48613.6669        -497225.5146       293.6056   -545839.1815   -497126.6529       292.1991             -2.7242        30.0711    831108.2676         2.3513         2.3830

WRITING COORDINATES TO DCD FILE eq1.dcd AT STEP 95000
TIMING: 96000  CPU: 573.941, 0.00597475/step  Wall: 574.963, 0.0059846/step, 1.5028 hours remaining, 0.000000 MB of memory in use.
PERFORMANCE: 96000  averaging 28.8556 ns/day, 0.00598845 sec/step with standard deviation 6.81104e-05
ENERGY:   96000       317.5767       916.5229      1436.0700        23.1059        -590242.2030     41972.0938        58.6683         0.0000     48319.0286        -497199.1367       291.8261   -545518.1653   -497090.5664       292.4768            -31.8322         1.8403    831516.1821         4.6095         4.6039

LDB: ============= START OF LOAD BALANCING ============== 577.598
LDB: ============== END OF LOAD BALANCING =============== 577.598
Info: useSync: 0 useProxySync: 0
LDB: =============== DONE WITH MIGRATION ================ 577.598
LDB: ============= START OF LOAD BALANCING ============== 578.197
LDB: TIME 578.197 LOAD: AVG 0.46907 MAX 0.495191  PROXIES: TOTAL 348 MAXPE 45 MAXPATCH 5 None MEM: 0 MB
LDB: TIME 578.197 LOAD: AVG 0.46907 MAX 0.495191  PROXIES: TOTAL 348 MAXPE 45 MAXPATCH 5 RefineTorusLB MEM: 0 MB
LDB: TIME 578.197 LOAD: AVG 0.46907 MAX 0.495191  PROXIES: TOTAL 348 MAXPE 45 MAXPATCH 5 RefineTorusLB MEM: 0 MB
LDB: Reverting to original mapping
LDB: ============== END OF LOAD BALANCING =============== 578.197
Info: useSync: 0 useProxySync: 0
LDB: =============== DONE WITH MIGRATION ================ 578.198
TIMING: 97000  CPU: 579.904, 0.00596285/step  Wall: 580.935, 0.00597196/step, 1.49797 hours remaining, 0.000000 MB of memory in use.
PERFORMANCE: 97000  averaging 28.8564 ns/day, 0.00598828 sec/step with standard deviation 6.77754e-05
ENERGY:   97000       342.2681       930.1306      1442.5764        25.6149        -590793.9562     42335.8900        58.6698         0.0000     48282.7595        -497376.0468       291.6070   -545658.8063   -497277.1858       292.0331             53.8589        86.7887    830546.6647         0.9430         0.9475

TIMING: 98000  CPU: 585.879, 0.00597469/step  Wall: 586.917, 0.005982/step, 1.49882 hours remaining, 0.000000 MB of memory in use.
PERFORMANCE: 98000  averaging 28.8567 ns/day, 0.00598821 sec/step with standard deviation 6.74281e-05
ENERGY:   98000       327.6209       907.5419      1430.8273        26.5193        -590539.7321     41906.0322        59.0109         0.0000     48419.4183        -497462.7612       292.4324   -545882.1795   -497356.6459       291.9168           -179.2802      -145.4777    833467.1868        -1.2649        -1.3069

TIMING: 99000  CPU: 591.853, 0.00597418/step  Wall: 592.902, 0.00598473/step, 1.49784 hours remaining, 0.000000 MB of memory in use.
PERFORMANCE: 99000  averaging 28.8569 ns/day, 0.00598818 sec/step with standard deviation 6.70841e-05
ENERGY:   99000       342.2961       937.8292      1431.5957        25.0521        -590746.5982     42476.6421        45.8111         0.0000     48274.0504        -497213.3216       291.5544   -545487.3719   -497113.8392       292.1672             84.7530       116.1786    832483.7527         8.2096         8.1815

TIMING: 100000  CPU: 597.812, 0.00595895/step  Wall: 598.871, 0.00596903/step, 1.49226 hours remaining, 0.000000 MB of memory in use.
PERFORMANCE: 100000  averaging 28.8578 ns/day, 0.00598798 sec/step with standard deviation 6.67719e-05
ETITLE:      TS           BOND          ANGLE          DIHED          IMPRP               ELECT            VDW       BOUNDARY           MISC        KINETIC               TOTAL           TEMP      POTENTIAL         TOTAL3        TEMPAVG            PRESSURE      GPRESSURE         VOLUME       PRESSAVG      GPRESSAVG

ENERGY:  100000       372.1287       941.4303      1443.9075        23.3088        -591402.7814     42693.3163        56.2857         0.0000     48361.4372        -497510.9670       292.0822   -545872.4042   -497407.5511       292.3537             68.5367       102.2440    833247.4441        -2.4101        -2.4947

WRITING EXTENDED SYSTEM TO RESTART FILE AT STEP 100000
WRITING COORDINATES TO DCD FILE eq1.dcd AT STEP 100000
WRITING COORDINATES TO RESTART FILE AT STEP 100000
FINISHED WRITING RESTART COORDINATES
WRITING VELOCITIES TO RESTART FILE AT STEP 100000
FINISHED WRITING RESTART VELOCITIES
LDB: ============= START OF LOAD BALANCING ============== 601.531
LDB: ============== END OF LOAD BALANCING =============== 601.531
Info: useSync: 0 useProxySync: 0
LDB: =============== DONE WITH MIGRATION ================ 601.531
LDB: ============= START OF LOAD BALANCING ============== 602.13
LDB: TIME 602.13 LOAD: AVG 0.470033 MAX 0.498204  PROXIES: TOTAL 348 MAXPE 45 MAXPATCH 5 None MEM: 0 MB
LDB: TIME 602.13 LOAD: AVG 0.470033 MAX 0.498204  PROXIES: TOTAL 348 MAXPE 45 MAXPATCH 5 RefineTorusLB MEM: 0 MB
LDB: TIME 602.13 LOAD: AVG 0.470033 MAX 0.498204  PROXIES: TOTAL 348 MAXPE 45 MAXPATCH 5 RefineTorusLB MEM: 0 MB
LDB: Reverting to original mapping
LDB: ============== END OF LOAD BALANCING =============== 602.13
Info: useSync: 0 useProxySync: 0
LDB: =============== DONE WITH MIGRATION ================ 602.131
TIMING: 101000  CPU: 603.799, 0.00598698/step  Wall: 604.88, 0.00600914/step, 1.50062 hours remaining, 0.000000 MB of memory in use.
PERFORMANCE: 101000  averaging 28.8568 ns/day, 0.00598819 sec/step with standard deviation 6.64706e-05
ENERGY:  101000       333.3031       969.1685      1422.5030        23.6293        -590891.6400     42042.7059        61.9491         0.0000     48540.9276        -497497.4536       293.1663   -546038.3811   -497388.7965       291.3305           -125.8806       -91.0231    832547.2807         1.2430         1.2888

TIMING: 102000  CPU: 609.764, 0.0059651/step  Wall: 610.851, 0.00597165/step, 1.4896 hours remaining, 0.000000 MB of memory in use.
PERFORMANCE: 102000  averaging 28.8576 ns/day, 0.00598803 sec/step with standard deviation 6.61609e-05
ENERGY:  102000       329.6015       947.7543      1442.1110        21.7361        -591106.6712     42661.4986        47.5817         0.0000     48424.3640        -497232.0239       292.4623   -545656.3879   -497122.6399       292.5416            134.8816       169.4415    831592.5200         4.4569         4.5069

TIMING: 103000  CPU: 615.729, 0.00596499/step  Wall: 616.823, 0.00597196/step, 1.48801 hours remaining, 0.000000 MB of memory in use.
PERFORMANCE: 103000  averaging 28.8583 ns/day, 0.00598788 sec/step with standard deviation 6.58549e-05
ENERGY:  103000       326.1974       944.7815      1443.2893        20.5375        -591032.3759     42380.6214        57.9178         0.0000     48419.5726        -497439.4583       292.4333   -545859.0309   -497340.1331       291.7509             35.9261        68.8681    832457.7234        -3.7526        -3.7423

TIMING: 104000  CPU: 621.698, 0.00596919/step  Wall: 622.798, 0.00597505/step, 1.48712 hours remaining, 0.000000 MB of memory in use.
PERFORMANCE: 104000  averaging 28.8589 ns/day, 0.00598775 sec/step with standard deviation 6.55465e-05
ENERGY:  104000       342.4172       931.9976      1436.3475        23.4643        -590539.2576     42282.4093        55.2072         0.0000     48173.2450        -497294.1694       290.9456   -545467.4144   -497187.6914       292.1647             37.3597        70.5213    831904.5988        -3.7911        -3.7970

LDB: ============= START OF LOAD BALANCING ============== 625.443
LDB: ============== END OF LOAD BALANCING =============== 625.443
Info: useSync: 0 useProxySync: 0
LDB: =============== DONE WITH MIGRATION ================ 625.443
LDB: ============= START OF LOAD BALANCING ============== 626.04
LDB: TIME 626.04 LOAD: AVG 0.467857 MAX 0.492774  PROXIES: TOTAL 348 MAXPE 45 MAXPATCH 5 None MEM: 0 MB
LDB: TIME 626.04 LOAD: AVG 0.467857 MAX 0.492774  PROXIES: TOTAL 348 MAXPE 45 MAXPATCH 5 RefineTorusLB MEM: 0 MB
LDB: TIME 626.04 LOAD: AVG 0.467857 MAX 0.492774  PROXIES: TOTAL 348 MAXPE 45 MAXPATCH 5 RefineTorusLB MEM: 0 MB
LDB: Reverting to original mapping
LDB: ============== END OF LOAD BALANCING =============== 626.04
Info: useSync: 0 useProxySync: 0
LDB: =============== DONE WITH MIGRATION ================ 626.041
TIMING: 105000  CPU: 627.68, 0.00598145/step  Wall: 628.785, 0.00598665/step, 1.48835 hours remaining, 0.000000 MB of memory in use.
PERFORMANCE: 105000  averaging 28.859 ns/day, 0.00598774 sec/step with standard deviation 6.52307e-05
ENERGY:  105000       324.4405       964.6354      1428.8339        28.1010        -591400.3801     42744.3523        47.7203         0.0000     48649.1295        -497213.1673       293.8198   -545862.2968   -497110.1708       291.9319             82.0615       116.7763    831376.7245        -1.5747        -1.5277

WRITING COORDINATES TO DCD FILE eq1.dcd AT STEP 105000
TIMING: 106000  CPU: 633.661, 0.00598123/step  Wall: 634.774, 0.00598931/step, 1.48735 hours remaining, 0.000000 MB of memory in use.
PERFORMANCE: 106000  averaging 28.8589 ns/day, 0.00598776 sec/step with standard deviation 6.49195e-05
ENERGY:  106000       334.0989       925.6745      1433.0145        23.9968        -590400.2487     41976.4331        51.1458         0.0000     48441.3348        -497214.5503       292.5648   -545655.8851   -497107.0187       292.5853           -176.9728      -142.6432    834197.9874         6.1578         6.1807

TIMING: 107000  CPU: 639.638, 0.00597754/step  Wall: 640.756, 0.00598175/step, 1.48381 hours remaining, 0.000000 MB of memory in use.
PERFORMANCE: 107000  averaging 28.8592 ns/day, 0.0059877 sec/step with standard deviation 6.46152e-05
ENERGY:  107000       334.9251       945.7173      1441.3347        23.3098        -590665.6784     42148.0811        59.0270         0.0000     48229.0543        -497484.2291       291.2827   -545713.2834   -497374.6718       292.6418           -152.4017      -122.0951    833920.2690         5.6019         5.6677

TIMING: 108000  CPU: 645.623, 0.00598503/step  Wall: 646.751, 0.00599516/step, 1.48547 hours remaining, 0.000000 MB of memory in use.
PERFORMANCE: 108000  averaging 28.8588 ns/day, 0.00598777 sec/step with standard deviation 6.43165e-05
ENERGY:  108000       344.4674       951.1905      1427.2611        24.6555        -591083.4923     42555.0330        53.6558         0.0000     48512.4387        -497214.7903       292.9942   -545727.2289   -497119.5989       292.0693             49.5968        83.4186    833214.4354        -6.6756        -6.7045

LDB: ============= START OF LOAD BALANCING ============== 649.404
LDB: ============== END OF LOAD BALANCING =============== 649.404
Info: useSync: 0 useProxySync: 0
LDB: =============== DONE WITH MIGRATION ================ 649.404
LDB: ============= START OF LOAD BALANCING ============== 650.001
LDB: TIME 650.002 LOAD: AVG 0.467553 MAX 0.494372  PROXIES: TOTAL 348 MAXPE 45 MAXPATCH 5 None MEM: 0 MB
LDB: TIME 650.002 LOAD: AVG 0.467553 MAX 0.494372  PROXIES: TOTAL 348 MAXPE 45 MAXPATCH 5 RefineTorusLB MEM: 0 MB
LDB: TIME 650.002 LOAD: AVG 0.467553 MAX 0.494372  PROXIES: TOTAL 348 MAXPE 45 MAXPATCH 5 RefineTorusLB MEM: 0 MB
LDB: Reverting to original mapping
LDB: ============== END OF LOAD BALANCING =============== 650.002
Info: useSync: 0 useProxySync: 0
LDB: =============== DONE WITH MIGRATION ================ 650.002
TIMING: 109000  CPU: 651.613, 0.00598953/step  Wall: 652.744, 0.00599328/step, 1.48334 hours remaining, 0.000000 MB of memory in use.
PERFORMANCE: 109000  averaging 28.8586 ns/day, 0.00598782 sec/step with standard deviation 6.40202e-05
ENERGY:  109000       334.5514       960.5196      1448.8541        25.9515        -590422.4711     41820.2472        52.8136         0.0000     48449.5206        -497330.0131       292.6142   -545779.5336   -497223.1323       292.7355           -200.8036      -167.3177    832597.1751        -5.2243        -5.2137

TIMING: 110000  CPU: 657.578, 0.0059649/step  Wall: 658.719, 0.0059743/step, 1.47698 hours remaining, 0.000000 MB of memory in use.
PERFORMANCE: 110000  averaging 28.8592 ns/day, 0.0059877 sec/step with standard deviation 6.37389e-05
ETITLE:      TS           BOND          ANGLE          DIHED          IMPRP               ELECT            VDW       BOUNDARY           MISC        KINETIC               TOTAL           TEMP      POTENTIAL         TOTAL3        TEMPAVG            PRESSURE      GPRESSURE         VOLUME       PRESSAVG      GPRESSAVG

ENERGY:  110000       337.9644       987.4834      1428.9371        22.2982        -590013.9193     41813.1072        53.4039         0.0000     48327.4425        -497043.2826       291.8769   -545370.7251   -496930.4463       292.7505           -137.5441      -101.3632    832434.6506         1.5871         1.6042

WRITING EXTENDED SYSTEM TO RESTART FILE AT STEP 110000
WRITING COORDINATES TO DCD FILE eq1.dcd AT STEP 110000
WRITING COORDINATES TO RESTART FILE AT STEP 110000
FINISHED WRITING RESTART COORDINATES
WRITING VELOCITIES TO RESTART FILE AT STEP 110000
FINISHED WRITING RESTART VELOCITIES
TIMING: 111000  CPU: 663.572, 0.00599437/step  Wall: 664.735, 0.00601573/step, 1.48555 hours remaining, 0.000000 MB of memory in use.
PERFORMANCE: 111000  averaging 28.858 ns/day, 0.00598795 sec/step with standard deviation 6.35043e-05
ENERGY:  111000       334.2183       934.5467      1448.2613        26.6806        -590476.4680     42127.0264        55.3449         0.0000     48213.2402        -497337.1496       291.1872   -545550.3898   -497231.5281       292.4818            -20.7894        14.7368    830907.2276         0.5924         0.5904

TIMING: 112000  CPU: 669.553, 0.0059812/step  Wall: 670.722, 0.00598754/step, 1.47693 hours remaining, 0.000000 MB of memory in use.
PERFORMANCE: 112000  averaging 28.858 ns/day, 0.00598795 sec/step with standard deviation 6.32176e-05
ENERGY:  112000       334.0469       938.4818      1429.0354        22.7381        -591207.3988     42604.1723        52.4945         0.0000     48447.4575        -497378.9723       292.6017   -545826.4298   -497275.4662       291.6131             68.0777       101.9321    832814.6126         0.0535         0.0154

LDB: ============= START OF LOAD BALANCING ============== 673.378
LDB: ============== END OF LOAD BALANCING =============== 673.378
Info: useSync: 0 useProxySync: 0
LDB: =============== DONE WITH MIGRATION ================ 673.378
LDB: ============= START OF LOAD BALANCING ============== 673.981
LDB: TIME 673.981 LOAD: AVG 0.469245 MAX 0.502413  PROXIES: TOTAL 348 MAXPE 45 MAXPATCH 5 None MEM: 0 MB
LDB: TIME 673.981 LOAD: AVG 0.469245 MAX 0.502413  PROXIES: TOTAL 348 MAXPE 45 MAXPATCH 5 RefineTorusLB MEM: 0 MB
LDB: TIME 673.981 LOAD: AVG 0.469245 MAX 0.502413  PROXIES: TOTAL 348 MAXPE 45 MAXPATCH 5 RefineTorusLB MEM: 0 MB
LDB: Reverting to original mapping
LDB: ============== END OF LOAD BALANCING =============== 673.981
Info: useSync: 0 useProxySync: 0
LDB: =============== DONE WITH MIGRATION ================ 673.982
TIMING: 113000  CPU: 675.558, 0.00600517/step  Wall: 676.736, 0.00601388/step, 1.48175 hours remaining, 0.000000 MB of memory in use.
PERFORMANCE: 113000  averaging 28.8569 ns/day, 0.00598818 sec/step with standard deviation 6.2982e-05
ENERGY:  113000       338.2528       940.9589      1439.5610        21.3014        -590697.7463     41970.4549        49.3176         0.0000     48496.9541        -497440.9456       292.9007   -545937.8997   -497333.7167       291.9894           -157.3449      -121.8200    831675.4166        -2.8886        -2.9025

TIMING: 114000  CPU: 681.544, 0.00598515/step  Wall: 682.728, 0.00599194/step, 1.47468 hours remaining, 0.000000 MB of memory in use.
PERFORMANCE: 114000  averaging 28.8567 ns/day, 0.00598821 sec/step with standard deviation 6.27037e-05
ENERGY:  114000       329.8025       953.1009      1442.6041        25.5426        -591145.2675     42528.5195        53.0774         0.0000     48226.1880        -497586.4325       291.2654   -545812.6206   -497480.9227       291.8809             72.7253       102.9687    831429.6094        -0.0262         0.0551

TIMING: 115000  CPU: 687.509, 0.00596535/step  Wall: 688.698, 0.00597052/step, 1.46775 hours remaining, 0.000000 MB of memory in use.
PERFORMANCE: 115000  averaging 28.8574 ns/day, 0.00598806 sec/step with standard deviation 6.24499e-05
ENERGY:  115000       307.7039       965.9527      1429.9205        27.9895        -590893.4733     42310.7978        57.2955         0.0000     48692.6998        -497101.1136       294.0829   -545793.8134   -496992.0157       291.9822            -11.9866        18.5102    831296.4032         3.7044         3.6703

WRITING COORDINATES TO DCD FILE eq1.dcd AT STEP 115000
TIMING: 116000  CPU: 693.49, 0.00598146/step  Wall: 694.687, 0.00598882/step, 1.47059 hours remaining, 0.000000 MB of memory in use.
PERFORMANCE: 116000  averaging 28.8574 ns/day, 0.00598806 sec/step with standard deviation 6.21778e-05
ENERGY:  116000       346.1069       944.5153      1441.7774        25.5117        -590604.6126     42091.3619        60.1708         0.0000     48447.4145        -497247.7540       292.6015   -545695.1686   -497145.0226       292.5635           -142.9694      -108.3380    833458.0888         1.6307         1.6531

LDB: ============= START OF LOAD BALANCING ============== 697.325
LDB: ============== END OF LOAD BALANCING =============== 697.325
Info: useSync: 0 useProxySync: 0
LDB: =============== DONE WITH MIGRATION ================ 697.325
LDB: ============= START OF LOAD BALANCING ============== 697.921
LDB: TIME 697.921 LOAD: AVG 0.467313 MAX 0.496319  PROXIES: TOTAL 348 MAXPE 45 MAXPATCH 5 None MEM: 0 MB
LDB: TIME 697.921 LOAD: AVG 0.467313 MAX 0.496319  PROXIES: TOTAL 348 MAXPE 45 MAXPATCH 5 RefineTorusLB MEM: 0 MB
LDB: TIME 697.922 LOAD: AVG 0.467313 MAX 0.496319  PROXIES: TOTAL 348 MAXPE 45 MAXPATCH 5 RefineTorusLB MEM: 0 MB
LDB: Reverting to original mapping
LDB: ============== END OF LOAD BALANCING =============== 697.922
Info: useSync: 0 useProxySync: 0
LDB: =============== DONE WITH MIGRATION ================ 697.922
TIMING: 117000  CPU: 699.444, 0.0059536/step  Wall: 700.646, 0.00595898/step, 1.46161 hours remaining, 0.000000 MB of memory in use.
PERFORMANCE: 117000  averaging 28.8586 ns/day, 0.00598781 sec/step with standard deviation 6.19676e-05
ENERGY:  117000       304.6936       905.3320      1451.4211        27.3771        -590620.7155     42501.3128        58.7732         0.0000     48393.8905        -496977.9153       292.2782   -545371.8058   -496870.4097       292.4995            106.5029       139.4281    831924.2890        -1.6687        -1.6711

TIMING: 118000  CPU: 705.442, 0.00599778/step  Wall: 706.651, 0.00600503/step, 1.47123 hours remaining, 0.000000 MB of memory in use.
PERFORMANCE: 118000  averaging 28.8579 ns/day, 0.00598796 sec/step with standard deviation 6.17225e-05
ENERGY:  118000       338.0427       992.3890      1429.5421        25.1936        -590940.6098     42243.6916        50.4393         0.0000     48386.8937        -497474.4178       292.2360   -545861.3114   -497376.3717       292.4579             28.1739        59.7322    831411.3940         4.6742         4.6418

TIMING: 119000  CPU: 711.439, 0.00599754/step  Wall: 712.655, 0.00600396/step, 1.4693 hours remaining, 0.000000 MB of memory in use.
PERFORMANCE: 119000  averaging 28.8573 ns/day, 0.00598809 sec/step with standard deviation 6.1478e-05
ENERGY:  119000       319.9607       973.3596      1438.5028        25.9412        -590090.6356     41548.0322        56.5727         0.0000     48561.3857        -497166.8808       293.2898   -545728.2665   -497058.6075       292.4202           -217.3185      -180.6824    831912.3250         4.2419         4.3174

TIMING: 120000  CPU: 717.425, 0.00598538/step  Wall: 718.648, 0.0059928/step, 1.46491 hours remaining, 0.000000 MB of memory in use.
PERFORMANCE: 120000  averaging 28.8571 ns/day, 0.00598813 sec/step with standard deviation 6.12206e-05
ETITLE:      TS           BOND          ANGLE          DIHED          IMPRP               ELECT            VDW       BOUNDARY           MISC        KINETIC               TOTAL           TEMP      POTENTIAL         TOTAL3        TEMPAVG            PRESSURE      GPRESSURE         VOLUME       PRESSAVG      GPRESSAVG

ENERGY:  120000       338.5223       940.9880      1440.1010        23.7115        -590718.3872     42393.4459        54.4469         0.0000     48376.3418        -497150.8298       292.1722   -545527.1715   -497047.7739       292.5802            -72.9523       -39.0023    832844.5582         5.1843         5.0977

WRITING EXTENDED SYSTEM TO RESTART FILE AT STEP 120000
WRITING COORDINATES TO DCD FILE eq1.dcd AT STEP 120000
WRITING COORDINATES TO RESTART FILE AT STEP 120000
FINISHED WRITING RESTART COORDINATES
WRITING VELOCITIES TO RESTART FILE AT STEP 120000
FINISHED WRITING RESTART VELOCITIES
LDB: ============= START OF LOAD BALANCING ============== 721.316
LDB: ============== END OF LOAD BALANCING =============== 721.316
Info: useSync: 0 useProxySync: 0
LDB: =============== DONE WITH MIGRATION ================ 721.316
LDB: ============= START OF LOAD BALANCING ============== 721.912
LDB: TIME 721.912 LOAD: AVG 0.468388 MAX 0.498229  PROXIES: TOTAL 348 MAXPE 45 MAXPATCH 5 None MEM: 0 MB
LDB: TIME 721.913 LOAD: AVG 0.468388 MAX 0.498229  PROXIES: TOTAL 348 MAXPE 45 MAXPATCH 5 RefineTorusLB MEM: 0 MB
LDB: TIME 721.913 LOAD: AVG 0.468388 MAX 0.498229  PROXIES: TOTAL 348 MAXPE 45 MAXPATCH 5 RefineTorusLB MEM: 0 MB
LDB: ============== END OF LOAD BALANCING =============== 721.913
Info: useSync: 0 useProxySync: 0
LDB: =============== DONE WITH MIGRATION ================ 721.913
TIMING: 121000  CPU: 723.429, 0.00600379/step  Wall: 724.669, 0.006021/step, 1.47013 hours remaining, 0.000000 MB of memory in use.
PERFORMANCE: 121000  averaging 28.8558 ns/day, 0.0059884 sec/step with standard deviation 6.10382e-05
ENERGY:  121000       330.0454       945.0501      1440.4685        22.0255        -590792.6942     42133.7919        57.9727         0.0000     48653.7909        -497209.5491       293.8479   -545863.3400   -497115.5065       292.4729             -6.4951        26.3497    832236.2229         4.6855         4.7253

TIMING: 122000  CPU: 729.402, 0.00597342/step  Wall: 730.65, 0.00598151/step, 1.45882 hours remaining, 0.000000 MB of memory in use.
PERFORMANCE: 122000  averaging 28.856 ns/day, 0.00598835 sec/step with standard deviation 6.07886e-05
ENERGY:  122000       331.0254       982.7295      1433.5168        22.6246        -590208.9457     41721.2784        63.7012         0.0000     48091.5883        -497562.4813       290.4524   -545654.0697   -497455.4094       292.2382           -249.7676      -215.2338    831748.0415         3.5735         3.5874

TIMING: 123000  CPU: 735.367, 0.00596536/step  Wall: 736.62, 0.00596973/step, 1.45429 hours remaining, 0.000000 MB of memory in use.
PERFORMANCE: 123000  averaging 28.8568 ns/day, 0.0059882 sec/step with standard deviation 6.05623e-05
ENERGY:  123000       344.1797       981.2389      1429.4174        20.1437        -590755.7715     41822.7502        55.8450         0.0000     48435.9781        -497666.2185       292.5324   -546102.1966   -497551.8513       291.3217           -146.3312      -112.0824    830943.6893        -5.8009        -5.8356

TIMING: 124000  CPU: 741.329, 0.00596139/step  Wall: 742.589, 0.00596869/step, 1.45238 hours remaining, 0.000000 MB of memory in use.
PERFORMANCE: 124000  averaging 28.8575 ns/day, 0.00598804 sec/step with standard deviation 6.0341e-05
ENERGY:  124000       328.1243       975.2272      1421.3249        18.1581        -591154.6699     42130.3569        55.9012         0.0000     48431.8477        -497793.7295       292.5075   -546225.5773   -497690.7183       291.4384            -44.6584        -9.4379    831029.9800         3.1758         3.1098

LDB: ============= START OF LOAD BALANCING ============== 745.226
LDB: ============== END OF LOAD BALANCING =============== 745.226
Info: useSync: 0 useProxySync: 0
LDB: =============== DONE WITH MIGRATION ================ 745.226
LDB: ============= START OF LOAD BALANCING ============== 745.821
LDB: TIME 745.822 LOAD: AVG 0.467531 MAX 0.496558  PROXIES: TOTAL 348 MAXPE 45 MAXPATCH 5 None MEM: 0 MB
LDB: TIME 745.822 LOAD: AVG 0.467531 MAX 0.496558  PROXIES: TOTAL 348 MAXPE 45 MAXPATCH 5 RefineTorusLB MEM: 0 MB
LDB: TIME 745.822 LOAD: AVG 0.467531 MAX 0.496558  PROXIES: TOTAL 348 MAXPE 45 MAXPATCH 5 RefineTorusLB MEM: 0 MB
LDB: Reverting to original mapping
LDB: ============== END OF LOAD BALANCING =============== 745.822
Info: useSync: 0 useProxySync: 0
LDB: =============== DONE WITH MIGRATION ================ 745.822
TIMING: 125000  CPU: 747.286, 0.00595742/step  Wall: 748.555, 0.00596644/step, 1.45018 hours remaining, 0.000000 MB of memory in use.
PERFORMANCE: 125000  averaging 28.8584 ns/day, 0.00598787 sec/step with standard deviation 6.01282e-05
ENERGY:  125000       341.5169       948.2936      1446.3746        26.9974        -591063.7258     42413.8226        61.0345         0.0000     48235.2192        -497590.4669       291.3199   -545825.6861   -497490.3320       292.1329             17.9359        48.0907    832311.4802         3.5632         3.5931

WRITING COORDINATES TO DCD FILE eq1.dcd AT STEP 125000
TIMING: 126000  CPU: 753.271, 0.00598528/step  Wall: 754.544, 0.00598888/step, 1.45397 hours remaining, 0.000000 MB of memory in use.
PERFORMANCE: 126000  averaging 28.8583 ns/day, 0.00598787 sec/step with standard deviation 5.98873e-05
ENERGY:  126000       334.2910       947.8609      1429.7183        22.5955        -590389.0919     41671.4304        51.4043         0.0000     48265.7289        -497666.0626       291.5042   -545931.7915   -497563.2762       291.4128           -279.4218      -245.1543    832816.3271        -1.8091        -1.8252

TIMING: 127000  CPU: 759.245, 0.00597378/step  Wall: 760.526, 0.00598204/step, 1.45064 hours remaining, 0.000000 MB of memory in use.
PERFORMANCE: 127000  averaging 28.8585 ns/day, 0.00598783 sec/step with standard deviation 5.96514e-05
ENERGY:  127000       316.6221       942.0008      1424.5108        25.4556        -590697.4453     42074.9833        50.1812         0.0000     48490.6999        -497372.9917       292.8629   -545863.6916   -497257.4652       291.9421            -76.1852       -46.9193    833840.5460         0.0413         0.0729

TIMING: 128000  CPU: 765.222, 0.00597685/step  Wall: 766.509, 0.00598243/step, 1.44908 hours remaining, 0.000000 MB of memory in use.
PERFORMANCE: 128000  averaging 28.8587 ns/day, 0.00598779 sec/step with standard deviation 5.9418e-05
ENERGY:  128000       308.7546       971.6842      1451.5784        31.8106        -590847.1946     42590.8664        56.6692         0.0000     48304.5427        -497131.2885       291.7386   -545435.8312   -497023.9750       292.3224            157.6983       192.1415    831248.6486         0.8924         0.9588

LDB: ============= START OF LOAD BALANCING ============== 769.151
LDB: ============== END OF LOAD BALANCING =============== 769.151
Info: useSync: 0 useProxySync: 0
LDB: =============== DONE WITH MIGRATION ================ 769.151
LDB: ============= START OF LOAD BALANCING ============== 769.752
LDB: TIME 769.752 LOAD: AVG 0.468989 MAX 0.495772  PROXIES: TOTAL 348 MAXPE 45 MAXPATCH 5 None MEM: 0 MB
LDB: TIME 769.752 LOAD: AVG 0.468989 MAX 0.495772  PROXIES: TOTAL 348 MAXPE 45 MAXPATCH 5 RefineTorusLB MEM: 0 MB
LDB: TIME 769.752 LOAD: AVG 0.468989 MAX 0.495772  PROXIES: TOTAL 348 MAXPE 45 MAXPATCH 5 RefineTorusLB MEM: 0 MB
LDB: ============== END OF LOAD BALANCING =============== 769.752
Info: useSync: 0 useProxySync: 0
LDB: =============== DONE WITH MIGRATION ================ 769.753
TIMING: 129000  CPU: 771.199, 0.00597728/step  Wall: 772.493, 0.00598419/step, 1.44784 hours remaining, 0.000000 MB of memory in use.
PERFORMANCE: 129000  averaging 28.8589 ns/day, 0.00598776 sec/step with standard deviation 5.91863e-05
ENERGY:  129000       348.1363      1011.0240      1426.9987        25.3499        -590122.1996     42078.3160        46.0392         0.0000     48418.6944        -496767.6408       292.4280   -545186.3353   -496663.1132       292.6797            -82.8842       -48.9878    831453.8202         3.5284         3.5344

TIMING: 130000  CPU: 777.169, 0.00596947/step  Wall: 778.469, 0.00597629/step, 1.44427 hours remaining, 0.000000 MB of memory in use.
PERFORMANCE: 130000  averaging 28.8593 ns/day, 0.00598767 sec/step with standard deviation 5.8965e-05
ETITLE:      TS           BOND          ANGLE          DIHED          IMPRP               ELECT            VDW       BOUNDARY           MISC        KINETIC               TOTAL           TEMP      POTENTIAL         TOTAL3        TEMPAVG            PRESSURE      GPRESSURE         VOLUME       PRESSAVG      GPRESSAVG

ENERGY:  130000       325.6679       949.0184      1421.7953        20.8699        -590368.0245     41880.1388        51.5050         0.0000     48691.2739        -497027.7552       294.0743   -545719.0290   -496925.8816       292.9951           -161.5183      -125.6840    832072.6369         6.1925         6.2937

WRITING EXTENDED SYSTEM TO RESTART FILE AT STEP 130000
WRITING COORDINATES TO DCD FILE eq1.dcd AT STEP 130000
WRITING COORDINATES TO RESTART FILE AT STEP 130000
FINISHED WRITING RESTART COORDINATES
WRITING VELOCITIES TO RESTART FILE AT STEP 130000
FINISHED WRITING RESTART VELOCITIES
TIMING: 131000  CPU: 783.16, 0.00599155/step  Wall: 784.482, 0.00601285/step, 1.45143 hours remaining, 0.000000 MB of memory in use.
PERFORMANCE: 131000  averaging 28.8584 ns/day, 0.00598786 sec/step with standard deviation 5.8779e-05
ENERGY:  131000       329.2940       955.4393      1435.9345        19.5684        -590357.5245     41995.2822        56.1204         0.0000     48226.6587        -497339.2271       291.2682   -545565.8858   -497237.4031       292.4676            -45.9969       -11.0712    832541.2900         2.1287         2.1244

TIMING: 132000  CPU: 789.117, 0.00595712/step  Wall: 790.447, 0.00596466/step, 1.43815 hours remaining, 0.000000 MB of memory in use.
PERFORMANCE: 132000  averaging 28.8592 ns/day, 0.00598769 sec/step with standard deviation 5.8589e-05
ENERGY:  132000       330.2208       961.8773      1444.3347        17.5048        -591354.7264     42573.4983        54.6117         0.0000     48353.3062        -497619.3725       292.0331   -545972.6787   -497520.1267       291.4985             67.9208        99.3752    831970.6591        -0.5678        -0.6170

LDB: ============= START OF LOAD BALANCING ============== 793.081
LDB: ============== END OF LOAD BALANCING =============== 793.081
Info: useSync: 0 useProxySync: 0
LDB: =============== DONE WITH MIGRATION ================ 793.081
LDB: ============= START OF LOAD BALANCING ============== 793.677
LDB: TIME 793.678 LOAD: AVG 0.468639 MAX 0.490763  PROXIES: TOTAL 348 MAXPE 45 MAXPATCH 5 None MEM: 0 MB
LDB: TIME 793.678 LOAD: AVG 0.468639 MAX 0.490763  PROXIES: TOTAL 348 MAXPE 45 MAXPATCH 5 RefineTorusLB MEM: 0 MB
LDB: TIME 793.678 LOAD: AVG 0.468639 MAX 0.490763  PROXIES: TOTAL 348 MAXPE 45 MAXPATCH 5 RefineTorusLB MEM: 0 MB
LDB: ============== END OF LOAD BALANCING =============== 793.678
Info: useSync: 0 useProxySync: 0
LDB: =============== DONE WITH MIGRATION ================ 793.678
TIMING: 133000  CPU: 795.067, 0.00594906/step  Wall: 796.403, 0.00595663/step, 1.43456 hours remaining, 0.000000 MB of memory in use.
PERFORMANCE: 133000  averaging 28.8604 ns/day, 0.00598745 sec/step with standard deviation 5.84288e-05
ENERGY:  133000       356.6299       979.4700      1439.7541        22.4165        -591127.9506     42487.4135        58.9739         0.0000     48338.9190        -497444.3737       291.9462   -545783.2927   -497348.1536       291.6910             54.5815        86.5695    832360.8314        -1.8113        -1.7233

TIMING: 134000  CPU: 801.02, 0.0059534/step  Wall: 802.363, 0.00595942/step, 1.43357 hours remaining, 0.000000 MB of memory in use.
PERFORMANCE: 134000  averaging 28.8614 ns/day, 0.00598724 sec/step with standard deviation 5.82591e-05
ENERGY:  134000       346.7455       958.8446      1428.0449        25.0002        -590908.4144     42300.5299        59.0334         0.0000     48436.9223        -497353.2937       292.5381   -545790.2160   -497242.1039       292.0766            -91.9278       -60.1563    834146.7522         1.9764         1.9981

TIMING: 135000  CPU: 806.984, 0.00596445/step  Wall: 808.332, 0.0059694/step, 1.43431 hours remaining, 0.000000 MB of memory in use.
PERFORMANCE: 135000  averaging 28.862 ns/day, 0.00598711 sec/step with standard deviation 5.80616e-05
ENERGY:  135000       343.1641       963.6388      1445.4008        26.5360        -590906.5103     42386.5514        51.4930         0.0000     48498.0468        -497191.6794       292.9073   -545689.7262   -497080.6968       292.3207            -60.3166       -24.3168    832986.5541        -0.3773        -0.3383

WRITING COORDINATES TO DCD FILE eq1.dcd AT STEP 135000
TIMING: 136000  CPU: 812.959, 0.00597495/step  Wall: 814.319, 0.00598646/step, 1.43675 hours remaining, 0.000000 MB of memory in use.
PERFORMANCE: 136000  averaging 28.862 ns/day, 0.00598711 sec/step with standard deviation 5.78462e-05
ENERGY:  136000       328.4021       964.7301      1427.8820        22.5377        -590401.0889     41878.4015        54.1167         0.0000     48436.4221        -497288.5966       292.5351   -545725.0187   -497181.1185       292.3752           -140.9997      -108.6497    832353.7049        -0.0920        -0.0676

LDB: ============= START OF LOAD BALANCING ============== 816.955
LDB: ============== END OF LOAD BALANCING =============== 816.955
Info: useSync: 0 useProxySync: 0
LDB: =============== DONE WITH MIGRATION ================ 816.955
LDB: ============= START OF LOAD BALANCING ============== 817.551
LDB: TIME 817.552 LOAD: AVG 0.467958 MAX 0.492189  PROXIES: TOTAL 348 MAXPE 45 MAXPATCH 5 None MEM: 0 MB
LDB: TIME 817.552 LOAD: AVG 0.467958 MAX 0.492189  PROXIES: TOTAL 348 MAXPE 45 MAXPATCH 5 RefineTorusLB MEM: 0 MB
LDB: TIME 817.552 LOAD: AVG 0.467958 MAX 0.492189  PROXIES: TOTAL 348 MAXPE 45 MAXPATCH 5 RefineTorusLB MEM: 0 MB
LDB: ============== END OF LOAD BALANCING =============== 817.552
Info: useSync: 0 useProxySync: 0
LDB: =============== DONE WITH MIGRATION ================ 817.552
TIMING: 137000  CPU: 818.926, 0.00596708/step  Wall: 820.293, 0.00597445/step, 1.43221 hours remaining, 0.000000 MB of memory in use.
PERFORMANCE: 137000  averaging 28.8625 ns/day, 0.00598701 sec/step with standard deviation 5.76433e-05
ENERGY:  137000       322.9702       961.7142      1423.7980        29.5062        -591047.5797     42444.9094        49.6827         0.0000     48554.8008        -497260.1982       293.2500   -545814.9989   -497162.1016       292.3650             29.9503        60.7832    832320.9577         4.0873         4.0696

TIMING: 138000  CPU: 824.909, 0.00598256/step  Wall: 826.287, 0.0059943/step, 1.4353 hours remaining, 0.000000 MB of memory in use.
PERFORMANCE: 138000  averaging 28.8622 ns/day, 0.00598707 sec/step with standard deviation 5.74358e-05
ENERGY:  138000       364.2001       969.9013      1427.7531        20.6609        -590380.0953     42343.6361        56.1477         0.0000     48396.9668        -496800.8294       292.2968   -545197.7962   -496702.5131       292.5879             33.1795        64.1702    833184.8566         0.5631         0.6159

TIMING: 139000  CPU: 830.896, 0.00598685/step  Wall: 832.283, 0.00599576/step, 1.43399 hours remaining, 0.000000 MB of memory in use.
PERFORMANCE: 139000  averaging 28.8619 ns/day, 0.00598713 sec/step with standard deviation 5.72321e-05
ENERGY:  139000       338.2673       994.8652      1442.2949        20.0470        -589982.4998     41809.4357        56.2358         0.0000     48465.0617        -496856.2921       292.7081   -545321.3538   -496753.8539       292.6700           -105.4393       -77.1814    832142.7797         0.2454         0.1991

TIMING: 140000  CPU: 836.862, 0.00596663/step  Wall: 838.259, 0.005976/step, 1.4276 hours remaining, 0.000000 MB of memory in use.
PERFORMANCE: 140000  averaging 28.8623 ns/day, 0.00598705 sec/step with standard deviation 5.70336e-05
ETITLE:      TS           BOND          ANGLE          DIHED          IMPRP               ELECT            VDW       BOUNDARY           MISC        KINETIC               TOTAL           TEMP      POTENTIAL         TOTAL3        TEMPAVG            PRESSURE      GPRESSURE         VOLUME       PRESSAVG      GPRESSAVG

ENERGY:  140000       337.9361       963.8572      1449.1088        24.3851        -589828.4167     41849.9399        52.6514         0.0000     48404.4756        -496746.0625       292.3421   -545150.5382   -496646.6107       293.1645           -168.9432      -139.0351    834341.4647         0.0040         0.0022

WRITING EXTENDED SYSTEM TO RESTART FILE AT STEP 140000
WRITING COORDINATES TO DCD FILE eq1.dcd AT STEP 140000
WRITING COORDINATES TO RESTART FILE AT STEP 140000
FINISHED WRITING RESTART COORDINATES
WRITING VELOCITIES TO RESTART FILE AT STEP 140000
FINISHED WRITING RESTART VELOCITIES
LDB: ============= START OF LOAD BALANCING ============== 840.939
LDB: ============== END OF LOAD BALANCING =============== 840.939
Info: useSync: 0 useProxySync: 0
LDB: =============== DONE WITH MIGRATION ================ 840.939
LDB: ============= START OF LOAD BALANCING ============== 841.544
LDB: TIME 841.544 LOAD: AVG 0.470895 MAX 0.501635  PROXIES: TOTAL 348 MAXPE 45 MAXPATCH 5 None MEM: 0 MB
LDB: TIME 841.544 LOAD: AVG 0.470895 MAX 0.501635  PROXIES: TOTAL 348 MAXPE 45 MAXPATCH 5 RefineTorusLB MEM: 0 MB
LDB: TIME 841.544 LOAD: AVG 0.470895 MAX 0.501635  PROXIES: TOTAL 348 MAXPE 45 MAXPATCH 5 RefineTorusLB MEM: 0 MB
LDB: Reverting to original mapping
LDB: ============== END OF LOAD BALANCING =============== 841.545
Info: useSync: 0 useProxySync: 0
LDB: =============== DONE WITH MIGRATION ================ 841.545
TIMING: 141000  CPU: 842.874, 0.00601149/step  Wall: 844.292, 0.00603333/step, 1.43962 hours remaining, 0.000000 MB of memory in use.
PERFORMANCE: 141000  averaging 28.8607 ns/day, 0.00598738 sec/step with standard deviation 5.6963e-05
ENERGY:  141000       344.1254       953.6885      1433.3103        21.4996        -590246.0603     41737.2802        54.8394         0.0000     48597.4026        -497103.9143       293.5073   -545701.3169   -496983.7784       292.6154           -222.7300      -191.1015    832924.1345         1.0125         1.0734

TIMING: 142000  CPU: 848.865, 0.00599061/step  Wall: 850.294, 0.00600172/step, 1.43041 hours remaining, 0.000000 MB of memory in use.
PERFORMANCE: 142000  averaging 28.8602 ns/day, 0.00598748 sec/step with standard deviation 5.67734e-05
ENERGY:  142000       333.6948       976.6388      1433.2470        26.7034        -590830.5204     42290.6624        47.5087         0.0000     48633.5354        -497088.5298       293.7256   -545722.0652   -496984.7060       292.2893             35.0455        67.1364    832051.1377         7.4510         7.5344

TIMING: 143000  CPU: 854.823, 0.00595875/step  Wall: 856.264, 0.00596956/step, 1.42109 hours remaining, 0.000000 MB of memory in use.
PERFORMANCE: 143000  averaging 28.8608 ns/day, 0.00598735 sec/step with standard deviation 5.6593e-05
ENERGY:  143000       341.5745       976.5199      1428.8190        24.0023        -590899.0416     42440.5511        53.2883         0.0000     48670.0570        -496964.2294       293.9461   -545634.2864   -496856.3344       293.0558             72.0766       104.4681    830469.5976        -5.9147        -5.9483

TIMING: 144000  CPU: 860.806, 0.00598246/step  Wall: 862.253, 0.00598966/step, 1.42421 hours remaining, 0.000000 MB of memory in use.
PERFORMANCE: 144000  averaging 28.8608 ns/day, 0.00598737 sec/step with standard deviation 5.63951e-05
ENERGY:  144000       312.2757       978.3196      1423.6773        22.9685        -590258.6150     42221.4617        48.3952         0.0000     48155.5412        -497095.9759       290.8387   -545251.5170   -496986.1523       292.6106           -105.0926       -70.2432    834046.6347        -0.5444        -0.5345

LDB: ============= START OF LOAD BALANCING ============== 864.9
LDB: ============== END OF LOAD BALANCING =============== 864.9
Info: useSync: 0 useProxySync: 0
LDB: =============== DONE WITH MIGRATION ================ 864.9
LDB: ============= START OF LOAD BALANCING ============== 865.5
LDB: TIME 865.5 LOAD: AVG 0.468918 MAX 0.498844  PROXIES: TOTAL 348 MAXPE 45 MAXPATCH 5 None MEM: 0 MB
LDB: TIME 865.5 LOAD: AVG 0.468918 MAX 0.498844  PROXIES: TOTAL 348 MAXPE 45 MAXPATCH 5 RefineTorusLB MEM: 0 MB
LDB: TIME 865.5 LOAD: AVG 0.468918 MAX 0.498844  PROXIES: TOTAL 348 MAXPE 45 MAXPATCH 5 RefineTorusLB MEM: 0 MB
LDB: Reverting to original mapping
LDB: ============== END OF LOAD BALANCING =============== 865.501
Info: useSync: 0 useProxySync: 0
LDB: =============== DONE WITH MIGRATION ================ 865.501
TIMING: 145000  CPU: 866.794, 0.00598858/step  Wall: 868.251, 0.00599791/step, 1.4245 hours remaining, 0.000000 MB of memory in use.
PERFORMANCE: 145000  averaging 28.8604 ns/day, 0.00598744 sec/step with standard deviation 5.62058e-05
ENERGY:  145000       349.1646       946.2785      1432.3667        26.4133        -589704.2587     41424.1696        50.8216         0.0000     48544.5219        -496930.5226       293.1880   -545475.0445   -496824.8214       292.3137           -249.5620      -217.8587    834067.7228        -2.3719        -2.3223

WRITING COORDINATES TO DCD FILE eq1.dcd AT STEP 145000
TIMING: 146000  CPU: 872.779, 0.00598469/step  Wall: 874.242, 0.00599047/step, 1.42107 hours remaining, 0.000000 MB of memory in use.
PERFORMANCE: 146000  averaging 28.8603 ns/day, 0.00598746 sec/step with standard deviation 5.60122e-05
ENERGY:  146000       322.3113       973.1665      1417.4592        18.4403        -591091.3414     42361.7142        52.8121         0.0000     48519.8227        -497425.6152       293.0388   -545945.4379   -497320.5959       292.0857             69.6311       102.2171    831300.3965         2.0982         2.1477

TIMING: 147000  CPU: 878.748, 0.005969/step  Wall: 880.219, 0.00597718/step, 1.41626 hours remaining, 0.000000 MB of memory in use.
PERFORMANCE: 147000  averaging 28.8606 ns/day, 0.00598739 sec/step with standard deviation 5.58265e-05
ENERGY:  147000       351.6815       986.0326      1434.3790        21.1457        -591054.6831     42203.3354        52.9202         0.0000     48033.7866        -497971.4021       290.1033   -546005.1887   -497870.6703       291.6377            -91.5659       -55.6351    832404.7256         5.3548         5.3246

TIMING: 148000  CPU: 884.713, 0.00596542/step  Wall: 886.189, 0.0059696/step, 1.41281 hours remaining, 0.000000 MB of memory in use.
PERFORMANCE: 148000  averaging 28.8612 ns/day, 0.00598727 sec/step with standard deviation 5.56555e-05
ENERGY:  148000       311.1516       955.5317      1433.2599        25.1511        -591163.1939     42483.5943        63.1800         0.0000     47829.0297        -498062.2956       288.8667   -545891.3253   -497963.1222       290.8544             85.3917       117.4435    832688.6067        -1.9022        -1.8525

LDB: ============= START OF LOAD BALANCING ============== 888.846
LDB: ============== END OF LOAD BALANCING =============== 888.846
Info: useSync: 0 useProxySync: 0
LDB: =============== DONE WITH MIGRATION ================ 888.846
LDB: ============= START OF LOAD BALANCING ============== 889.449
LDB: TIME 889.449 LOAD: AVG 0.47037 MAX 0.501054  PROXIES: TOTAL 348 MAXPE 45 MAXPATCH 5 None MEM: 0 MB
LDB: TIME 889.449 LOAD: AVG 0.47037 MAX 0.501054  PROXIES: TOTAL 348 MAXPE 45 MAXPATCH 5 RefineTorusLB MEM: 0 MB
LDB: TIME 889.449 LOAD: AVG 0.47037 MAX 0.501054  PROXIES: TOTAL 348 MAXPE 45 MAXPATCH 5 RefineTorusLB MEM: 0 MB
LDB: Reverting to original mapping
LDB: ============== END OF LOAD BALANCING =============== 889.449
Info: useSync: 0 useProxySync: 0
LDB: =============== DONE WITH MIGRATION ================ 889.45
TIMING: 149000  CPU: 890.711, 0.00599704/step  Wall: 892.193, 0.00600486/step, 1.41948 hours remaining, 0.000000 MB of memory in use.
PERFORMANCE: 149000  averaging 28.8606 ns/day, 0.00598739 sec/step with standard deviation 5.54859e-05
ENERGY:  149000       352.8934       945.0217      1447.8842        22.8286        -591353.9299     42671.0227        52.6921         0.0000     48321.4778        -497540.1094       291.8409   -545861.5872   -497437.3087       291.0705            218.8793       252.8430    830449.2308         2.4343         2.3666

TIMING: 150000  CPU: 896.696, 0.00598509/step  Wall: 898.187, 0.00599335/step, 1.4151 hours remaining, 0.000000 MB of memory in use.
PERFORMANCE: 150000  averaging 28.8605 ns/day, 0.00598743 sec/step with standard deviation 5.53015e-05
ETITLE:      TS           BOND          ANGLE          DIHED          IMPRP               ELECT            VDW       BOUNDARY           MISC        KINETIC               TOTAL           TEMP      POTENTIAL         TOTAL3        TEMPAVG            PRESSURE      GPRESSURE         VOLUME       PRESSAVG      GPRESSAVG

ENERGY:  150000       341.8719       985.9867      1436.7533        22.7094        -590581.4757     42082.6126        47.0444         0.0000     48161.3137        -497503.1837       290.8736   -545664.4974   -497400.7858       292.0419            -81.3746       -48.8586    832157.8945         2.5312         2.5255

WRITING EXTENDED SYSTEM TO RESTART FILE AT STEP 150000
WRITING COORDINATES TO DCD FILE eq1.dcd AT STEP 150000
WRITING COORDINATES TO RESTART FILE AT STEP 150000
FINISHED WRITING RESTART COORDINATES
WRITING VELOCITIES TO RESTART FILE AT STEP 150000
FINISHED WRITING RESTART VELOCITIES
TIMING: 151000  CPU: 902.695, 0.00599912/step  Wall: 904.206, 0.00601921/step, 1.41953 hours remaining, 0.000000 MB of memory in use.
PERFORMANCE: 151000  averaging 28.8594 ns/day, 0.00598764 sec/step with standard deviation 5.51775e-05
ENERGY:  151000       328.1848       955.4914      1445.5253        20.3439        -591027.7295     42131.2460        55.8364         0.0000     48259.4626        -497831.6391       291.4663   -546091.1018   -497715.4029       291.4104           -101.5654       -70.7379    832777.5574        -1.0914        -1.1291

TIMING: 152000  CPU: 908.703, 0.00600859/step  Wall: 910.221, 0.0060147/step, 1.4168 hours remaining, 0.000000 MB of memory in use.
PERFORMANCE: 152000  averaging 28.8586 ns/day, 0.00598782 sec/step with standard deviation 5.50383e-05
ENERGY:  152000       340.2066       920.1850      1446.6097        23.2405        -590623.1951     42102.9669        51.6764         0.0000     48309.4212        -497428.8888       291.7681   -545738.3100   -497318.9659       291.7191            -82.1708       -50.5485    832860.9733         2.1454         2.1982

LDB: ============= START OF LOAD BALANCING ============== 912.872
LDB: ============== END OF LOAD BALANCING =============== 912.873
Info: useSync: 0 useProxySync: 0
LDB: =============== DONE WITH MIGRATION ================ 912.873
LDB: ============= START OF LOAD BALANCING ============== 913.472
LDB: TIME 913.472 LOAD: AVG 0.469816 MAX 0.497277  PROXIES: TOTAL 348 MAXPE 45 MAXPATCH 5 None MEM: 0 MB
LDB: TIME 913.472 LOAD: AVG 0.469816 MAX 0.497277  PROXIES: TOTAL 348 MAXPE 45 MAXPATCH 5 RefineTorusLB MEM: 0 MB
LDB: TIME 913.472 LOAD: AVG 0.469816 MAX 0.497277  PROXIES: TOTAL 348 MAXPE 45 MAXPATCH 5 RefineTorusLB MEM: 0 MB
LDB: ============== END OF LOAD BALANCING =============== 913.472
Info: useSync: 0 useProxySync: 0
LDB: =============== DONE WITH MIGRATION ================ 913.473
TIMING: 153000  CPU: 914.684, 0.00598094/step  Wall: 916.212, 0.00599129/step, 1.40962 hours remaining, 0.000000 MB of memory in use.
PERFORMANCE: 153000  averaging 28.8585 ns/day, 0.00598784 sec/step with standard deviation 5.48576e-05
ENERGY:  153000       329.6245       994.0381      1441.6124        25.9130        -590806.1108     42303.4388        52.2382         0.0000     48227.9568        -497431.2891       291.2761   -545659.2458   -497333.8122       291.9096             80.9433       114.3216    832535.9094         5.9341         5.9239

TIMING: 154000  CPU: 920.653, 0.00596923/step  Wall: 922.187, 0.00597538/step, 1.40422 hours remaining, 0.000000 MB of memory in use.
PERFORMANCE: 154000  averaging 28.8589 ns/day, 0.00598776 sec/step with standard deviation 5.46873e-05
ENERGY:  154000       337.6766       930.1166      1440.0176        22.2834        -590479.5129     42105.5637        50.4564         0.0000     48241.8444        -497351.5542       291.3599   -545593.3985   -497251.7450       291.4695            -17.5887        14.6483    831925.0378         1.1942         1.1736

TIMING: 155000  CPU: 926.643, 0.00598928/step  Wall: 928.183, 0.00599583/step, 1.40736 hours remaining, 0.000000 MB of memory in use.
PERFORMANCE: 155000  averaging 28.8586 ns/day, 0.00598781 sec/step with standard deviation 5.45133e-05
ENERGY:  155000       333.8043       943.5004      1413.8137        25.6028        -591077.9376     42344.0727        54.7679         0.0000     48186.1517        -497776.2241       291.0236   -545962.3759   -497672.9756       291.4042             23.0394        53.0106    831255.1192        -1.0090        -1.0698

WRITING COORDINATES TO DCD FILE eq1.dcd AT STEP 155000
TIMING: 156000  CPU: 932.639, 0.00599675/step  Wall: 934.186, 0.00600283/step, 1.40733 hours remaining, 0.000000 MB of memory in use.
PERFORMANCE: 156000  averaging 28.8581 ns/day, 0.00598791 sec/step with standard deviation 5.43505e-05
ENERGY:  156000       343.3047       970.5860      1427.7446        25.7686        -590807.2582     42273.0969        56.3284         0.0000     48315.7103        -497394.7186       291.8060   -545710.4289   -497289.8121       291.9111            -48.7955       -19.5851    832555.9012        -2.1420        -2.1632

LDB: ============= START OF LOAD BALANCING ============== 936.832
LDB: ============== END OF LOAD BALANCING =============== 936.832
Info: useSync: 0 useProxySync: 0
LDB: =============== DONE WITH MIGRATION ================ 936.832
LDB: ============= START OF LOAD BALANCING ============== 937.429
LDB: TIME 937.43 LOAD: AVG 0.467925 MAX 0.497566  PROXIES: TOTAL 348 MAXPE 45 MAXPATCH 5 None MEM: 0 MB
LDB: TIME 937.43 LOAD: AVG 0.467925 MAX 0.497566  PROXIES: TOTAL 348 MAXPE 45 MAXPATCH 5 RefineTorusLB MEM: 0 MB
LDB: TIME 937.43 LOAD: AVG 0.467925 MAX 0.497566  PROXIES: TOTAL 348 MAXPE 45 MAXPATCH 5 RefineTorusLB MEM: 0 MB
LDB: ============== END OF LOAD BALANCING =============== 937.43
Info: useSync: 0 useProxySync: 0
LDB: =============== DONE WITH MIGRATION ================ 937.43
TIMING: 157000  CPU: 938.632, 0.00599235/step  Wall: 940.186, 0.00600021/step, 1.40505 hours remaining, 0.000000 MB of memory in use.
PERFORMANCE: 157000  averaging 28.8578 ns/day, 0.00598799 sec/step with standard deviation 5.41849e-05
ENERGY:  157000       304.8853       962.9806      1429.2769        22.2254        -590813.0863     42311.3529        55.8276         0.0000     48460.7353        -497265.8023       292.6819   -545726.5376   -497159.7862       291.7417              3.5481        36.5054    831830.2459        -2.2222        -2.1982

TIMING: 158000  CPU: 944.625, 0.00599349/step  Wall: 946.184, 0.00599783/step, 1.40283 hours remaining, 0.000000 MB of memory in use.
PERFORMANCE: 158000  averaging 28.8575 ns/day, 0.00598805 sec/step with standard deviation 5.40177e-05
ENERGY:  158000       354.6680       937.8322      1440.6787        25.6978        -591224.8154     42793.1902        54.9057         0.0000     48573.5373        -497044.3054       293.3632   -545617.8427   -496948.8992       292.8580            118.7217       148.4632    831781.6933        -1.7317        -1.7431

TIMING: 159000  CPU: 950.602, 0.00597679/step  Wall: 952.169, 0.00598486/step, 1.39813 hours remaining, 0.000000 MB of memory in use.
PERFORMANCE: 159000  averaging 28.8576 ns/day, 0.00598803 sec/step with standard deviation 5.38471e-05
ENERGY:  159000       338.4418       958.1655      1430.2801        27.7848        -591198.5583     42544.2834        62.6603         0.0000     48898.6277        -496938.3148       295.3266   -545836.9425   -496840.7482       292.9233             42.2262        80.1994    832189.9249         1.4985         1.4450

TIMING: 160000  CPU: 956.599, 0.00599727/step  Wall: 958.173, 0.00600439/step, 1.40102 hours remaining, 0.000000 MB of memory in use.
PERFORMANCE: 160000  averaging 28.8571 ns/day, 0.00598813 sec/step with standard deviation 5.36931e-05
ETITLE:      TS           BOND          ANGLE          DIHED          IMPRP               ELECT            VDW       BOUNDARY           MISC        KINETIC               TOTAL           TEMP      POTENTIAL         TOTAL3        TEMPAVG            PRESSURE      GPRESSURE         VOLUME       PRESSAVG      GPRESSAVG

ENERGY:  160000       330.9175       934.9087      1433.0634        29.4187        -590117.8993     41883.2350        63.1137         0.0000     48391.4017        -497051.8406       292.2632   -545443.2423   -496936.8870       292.8992           -207.7948      -175.7566    834193.4515         2.9604         2.9705

WRITING EXTENDED SYSTEM TO RESTART FILE AT STEP 160000
WRITING COORDINATES TO DCD FILE eq1.dcd AT STEP 160000
WRITING COORDINATES TO RESTART FILE AT STEP 160000
FINISHED WRITING RESTART COORDINATES
WRITING VELOCITIES TO RESTART FILE AT STEP 160000
FINISHED WRITING RESTART VELOCITIES
LDB: ============= START OF LOAD BALANCING ============== 960.856
LDB: ============== END OF LOAD BALANCING =============== 960.856
Info: useSync: 0 useProxySync: 0
LDB: =============== DONE WITH MIGRATION ================ 960.856
LDB: ============= START OF LOAD BALANCING ============== 961.456
LDB: TIME 961.457 LOAD: AVG 0.468509 MAX 0.50219  PROXIES: TOTAL 348 MAXPE 45 MAXPATCH 5 None MEM: 0 MB
LDB: TIME 961.457 LOAD: AVG 0.468509 MAX 0.50219  PROXIES: TOTAL 348 MAXPE 45 MAXPATCH 5 RefineTorusLB MEM: 0 MB
LDB: TIME 961.457 LOAD: AVG 0.468509 MAX 0.50219  PROXIES: TOTAL 348 MAXPE 45 MAXPATCH 5 RefineTorusLB MEM: 0 MB
LDB: Reverting to original mapping
LDB: ============== END OF LOAD BALANCING =============== 961.457
Info: useSync: 0 useProxySync: 0
LDB: =============== DONE WITH MIGRATION ================ 961.457
TIMING: 161000  CPU: 962.622, 0.00602245/step  Wall: 964.216, 0.00604317/step, 1.40839 hours remaining, 0.000000 MB of memory in use.
PERFORMANCE: 161000  averaging 28.8554 ns/day, 0.00598847 sec/step with standard deviation 5.37005e-05
ENERGY:  161000       354.6259       952.2873      1426.6669        20.8037        -590089.5062     41870.8737        55.4844         0.0000     48564.2785        -496844.4858       293.3073   -545408.7643   -496733.8210       293.0634           -148.6866      -116.1266    833728.6910         1.6219         1.7259

TIMING: 162000  CPU: 968.613, 0.0059916/step  Wall: 970.219, 0.00600234/step, 1.39721 hours remaining, 0.000000 MB of memory in use.
PERFORMANCE: 162000  averaging 28.855 ns/day, 0.00598856 sec/step with standard deviation 5.35445e-05
ENERGY:  162000       358.6048       918.8232      1453.9332        27.0086        -590554.0160     42136.7367        58.2853         0.0000     48403.6724        -497196.9519       292.3373   -545600.6243   -497089.5899       292.5134           -124.5415       -93.7411    833968.5367         3.1364         3.1136

TIMING: 163000  CPU: 974.6, 0.00598659/step  Wall: 976.214, 0.00599547/step, 1.39395 hours remaining, 0.000000 MB of memory in use.
PERFORMANCE: 163000  averaging 28.8548 ns/day, 0.0059886 sec/step with standard deviation 5.33818e-05
ENERGY:  163000       356.3650       907.0167      1441.2455        25.5797        -591166.3968     42564.7508        52.2748         0.0000     48130.9203        -497688.2441       290.6900   -545819.1643   -497580.3754       292.3574             72.0260       103.5733    832724.6090         1.3258         1.3444

TIMING: 164000  CPU: 980.575, 0.00597488/step  Wall: 982.198, 0.00598413/step, 1.38965 hours remaining, 0.000000 MB of memory in use.
PERFORMANCE: 164000  averaging 28.8549 ns/day, 0.00598858 sec/step with standard deviation 5.32189e-05
ENERGY:  164000       354.9022       980.8355      1452.8685        22.3737        -590651.7532     42216.1132        59.2788         0.0000     48091.9916        -497473.3897       290.4549   -545565.3813   -497381.1583       291.8327            -94.2947       -63.9213    833918.7721         7.2783         7.2833

LDB: ============= START OF LOAD BALANCING ============== 984.844
LDB: ============== END OF LOAD BALANCING =============== 984.844
Info: useSync: 0 useProxySync: 0
LDB: =============== DONE WITH MIGRATION ================ 984.844
LDB: ============= START OF LOAD BALANCING ============== 985.442
LDB: TIME 985.442 LOAD: AVG 0.468642 MAX 0.496669  PROXIES: TOTAL 348 MAXPE 45 MAXPATCH 5 None MEM: 0 MB
LDB: TIME 985.442 LOAD: AVG 0.468642 MAX 0.496669  PROXIES: TOTAL 348 MAXPE 45 MAXPATCH 5 RefineTorusLB MEM: 0 MB
LDB: TIME 985.442 LOAD: AVG 0.468642 MAX 0.496669  PROXIES: TOTAL 348 MAXPE 45 MAXPATCH 5 RefineTorusLB MEM: 0 MB
LDB: ============== END OF LOAD BALANCING =============== 985.443
Info: useSync: 0 useProxySync: 0
LDB: =============== DONE WITH MIGRATION ================ 985.443
TIMING: 165000  CPU: 986.562, 0.00598702/step  Wall: 988.192, 0.00599366/step, 1.3902 hours remaining, 0.000000 MB of memory in use.
PERFORMANCE: 165000  averaging 28.8548 ns/day, 0.00598861 sec/step with standard deviation 5.30579e-05
ENERGY:  165000       337.7854       959.9305      1446.0231        25.0936        -590770.1237     42193.0814        51.2526         0.0000     48231.3054        -497525.6517       291.2963   -545756.9571   -497422.6007       291.9143            -81.7711       -51.6169    832486.0738         4.7188         4.8546

WRITING COORDINATES TO DCD FILE eq1.dcd AT STEP 165000
TIMING: 166000  CPU: 992.545, 0.00598284/step  Wall: 994.185, 0.00599306/step, 1.38839 hours remaining, 0.000000 MB of memory in use.
PERFORMANCE: 166000  averaging 28.8547 ns/day, 0.00598863 sec/step with standard deviation 5.2898e-05
ENERGY:  166000       314.2223       935.4727      1437.6782        27.1217        -591275.2458     42626.2502        48.7119         0.0000     48206.6474        -497679.1413       291.1474   -545885.7886   -497576.2737       291.9281             16.4669        48.3973    832235.9230         7.3138         7.3413

TIMING: 167000  CPU: 998.52, 0.00597536/step  Wall: 1000.17, 0.00598536/step, 1.38494 hours remaining, 0.000000 MB of memory in use.
PERFORMANCE: 167000  averaging 28.8548 ns/day, 0.00598861 sec/step with standard deviation 5.2739e-05
ENERGY:  167000       323.2797       937.3856      1436.3954        27.8259        -590878.3752     42527.3978        56.1026         0.0000     48299.5842        -497270.4040       291.7086   -545569.9881   -497170.5867       291.8834            143.5693       174.0718    831417.5892         2.0517         2.0454

TIMING: 168000  CPU: 1004.49, 0.0059736/step  Wall: 1006.15, 0.00597839/step, 1.38167 hours remaining, 0.000000 MB of memory in use.
PERFORMANCE: 168000  averaging 28.8551 ns/day, 0.00598855 sec/step with standard deviation 5.25868e-05
ENERGY:  168000       362.8611       944.4850      1437.5543        24.8892        -591004.9713     42557.5267        52.9480         0.0000     48767.4041        -496857.3028       294.5341   -545624.7069   -496750.5045       292.8592             21.7555        51.5802    832806.4830         3.8419         3.7909

LDB: ============= START OF LOAD BALANCING ============== 1008.79
LDB: ============== END OF LOAD BALANCING =============== 1008.79
Info: useSync: 0 useProxySync: 0
LDB: =============== DONE WITH MIGRATION ================ 1008.79
LDB: ============= START OF LOAD BALANCING ============== 1009.38
LDB: TIME 1009.38 LOAD: AVG 0.468917 MAX 0.495789  PROXIES: TOTAL 348 MAXPE 45 MAXPATCH 5 None MEM: 0 MB
LDB: TIME 1009.38 LOAD: AVG 0.468917 MAX 0.495789  PROXIES: TOTAL 348 MAXPE 45 MAXPATCH 5 RefineTorusLB MEM: 0 MB
LDB: TIME 1009.38 LOAD: AVG 0.468917 MAX 0.495789  PROXIES: TOTAL 348 MAXPE 45 MAXPATCH 5 RefineTorusLB MEM: 0 MB
LDB: Reverting to original mapping
LDB: ============== END OF LOAD BALANCING =============== 1009.38
Info: useSync: 0 useProxySync: 0
LDB: =============== DONE WITH MIGRATION ================ 1009.38
TIMING: 169000  CPU: 1010.46, 0.00596935/step  Wall: 1012.13, 0.00597622/step, 1.37951 hours remaining, 0.000000 MB of memory in use.
PERFORMANCE: 169000  averaging 28.8554 ns/day, 0.00598848 sec/step with standard deviation 5.24386e-05
ENERGY:  169000       325.7203       971.7438      1440.2000        21.2717        -590527.3891     42121.2772        53.0721         0.0000     48452.4597        -497141.6443       292.6320   -545594.1040   -497047.3454       293.4092            -28.2136         1.8474    831158.2710         4.3359         4.3255

TIMING: 170000  CPU: 1016.46, 0.00599864/step  Wall: 1018.13, 0.00600949/step, 1.38552 hours remaining, 0.000000 MB of memory in use.
PERFORMANCE: 170000  averaging 28.8548 ns/day, 0.0059886 sec/step with standard deviation 5.23081e-05
ETITLE:      TS           BOND          ANGLE          DIHED          IMPRP               ELECT            VDW       BOUNDARY           MISC        KINETIC               TOTAL           TEMP      POTENTIAL         TOTAL3        TEMPAVG            PRESSURE      GPRESSURE         VOLUME       PRESSAVG      GPRESSAVG

ENERGY:  170000       340.2830       955.3954      1441.8675        25.4637        -591372.3571     42537.6665        58.0770         0.0000     48499.0561        -497514.5477       292.9134   -546013.6039   -497418.0845       292.4488             87.2268       120.9665    831892.5282         5.5669         5.5587

WRITING EXTENDED SYSTEM TO RESTART FILE AT STEP 170000
WRITING COORDINATES TO DCD FILE eq1.dcd AT STEP 170000
WRITING COORDINATES TO RESTART FILE AT STEP 170000
FINISHED WRITING RESTART COORDINATES
WRITING VELOCITIES TO RESTART FILE AT STEP 170000
FINISHED WRITING RESTART VELOCITIES
TIMING: 171000  CPU: 1022.48, 0.00601438/step  Wall: 1024.17, 0.00603872/step, 1.39058 hours remaining, 0.000000 MB of memory in use.
PERFORMANCE: 171000  averaging 28.8534 ns/day, 0.0059889 sec/step with standard deviation 5.22946e-05
ENERGY:  171000       328.3316       956.4022      1434.0320        23.3346        -590924.5666     42375.3952        56.5267         0.0000     48606.5223        -497144.0221       293.5624   -545750.5443   -497026.0138       292.0375             65.8097        98.6755    832718.8827         3.3718         3.3513

TIMING: 172000  CPU: 1028.45, 0.00597771/step  Wall: 1030.16, 0.00598348/step, 1.3762 hours remaining, 0.000000 MB of memory in use.
PERFORMANCE: 172000  averaging 28.8535 ns/day, 0.00598886 sec/step with standard deviation 5.21432e-05
ENERGY:  172000       332.8594       968.9570      1435.0114        27.3838        -591297.9347     42816.8094        53.8098         0.0000     48327.2442        -497335.8598       291.8757   -545663.1040   -497231.8712       292.5247            139.0935       171.6484    832577.2884         1.9047         1.8302

LDB: ============= START OF LOAD BALANCING ============== 1032.8
LDB: ============== END OF LOAD BALANCING =============== 1032.8
Info: useSync: 0 useProxySync: 0
LDB: =============== DONE WITH MIGRATION ================ 1032.8
LDB: ============= START OF LOAD BALANCING ============== 1033.4
LDB: TIME 1033.4 LOAD: AVG 0.470578 MAX 0.499455  PROXIES: TOTAL 348 MAXPE 45 MAXPATCH 5 None MEM: 0 MB
LDB: TIME 1033.4 LOAD: AVG 0.470578 MAX 0.499455  PROXIES: TOTAL 348 MAXPE 45 MAXPATCH 5 RefineTorusLB MEM: 0 MB
LDB: TIME 1033.4 LOAD: AVG 0.470578 MAX 0.499455  PROXIES: TOTAL 348 MAXPE 45 MAXPATCH 5 RefineTorusLB MEM: 0 MB
LDB: Reverting to original mapping
LDB: ============== END OF LOAD BALANCING =============== 1033.4
Info: useSync: 0 useProxySync: 0
LDB: =============== DONE WITH MIGRATION ================ 1033.4
TIMING: 173000  CPU: 1034.44, 0.00598137/step  Wall: 1036.15, 0.00599086/step, 1.37623 hours remaining, 0.000000 MB of memory in use.
PERFORMANCE: 173000  averaging 28.8535 ns/day, 0.00598888 sec/step with standard deviation 5.19916e-05
ENERGY:  173000       339.3360       959.0101      1429.1498        22.8115        -590510.5106     42306.0762        53.0217         0.0000     48401.6223        -496999.4829       292.3249   -545401.1052   -496895.8572       291.9332             23.8111        58.5857    834117.4354        -0.2751        -0.2319

TIMING: 174000  CPU: 1040.42, 0.00598493/step  Wall: 1042.14, 0.00599031/step, 1.37444 hours remaining, 0.000000 MB of memory in use.
PERFORMANCE: 174000  averaging 28.8535 ns/day, 0.00598888 sec/step with standard deviation 5.18412e-05
ENERGY:  174000       331.0650       988.5691      1426.6520        21.7715        -591029.0836     42376.7026        58.2416         0.0000     48516.4005        -497309.6813       293.0181   -545826.0817   -497213.0539       292.7925             24.0232        59.0408    832293.9099         2.4516         2.4775

TIMING: 175000  CPU: 1046.41, 0.0059893/step  Wall: 1048.14, 0.00599788/step, 1.37451 hours remaining, 0.000000 MB of memory in use.
PERFORMANCE: 175000  averaging 28.8532 ns/day, 0.00598894 sec/step with standard deviation 5.16965e-05
ENERGY:  175000       322.8047       943.5266      1443.2051        22.7095        -590261.7447     42168.2377        61.5914         0.0000     48211.1785        -497088.4912       291.1747   -545299.6697   -496983.9305       292.6990            -54.5399       -21.6699    833382.2579        -2.3604        -2.2268

WRITING COORDINATES TO DCD FILE eq1.dcd AT STEP 175000
TIMING: 176000  CPU: 1052.38, 0.00597369/step  Wall: 1054.11, 0.00597646/step, 1.36795 hours remaining, 0.000000 MB of memory in use.
PERFORMANCE: 176000  averaging 28.8535 ns/day, 0.00598887 sec/step with standard deviation 5.15571e-05
ENERGY:  176000       362.2284       974.7607      1432.4210        27.6063        -590730.2079     42399.1474        55.9299         0.0000     48723.4083        -496754.7059       294.2684   -545478.1142   -496651.5881       292.6716             54.1591        89.0067    831691.5066         7.1104         7.1674

LDB: ============= START OF LOAD BALANCING ============== 1056.75
LDB: ============== END OF LOAD BALANCING =============== 1056.75
Info: useSync: 0 useProxySync: 0
LDB: =============== DONE WITH MIGRATION ================ 1056.75
LDB: ============= START OF LOAD BALANCING ============== 1057.35
LDB: TIME 1057.35 LOAD: AVG 0.469199 MAX 0.49932  PROXIES: TOTAL 348 MAXPE 45 MAXPATCH 5 None MEM: 0 MB
LDB: TIME 1057.35 LOAD: AVG 0.469199 MAX 0.49932  PROXIES: TOTAL 348 MAXPE 45 MAXPATCH 5 RefineTorusLB MEM: 0 MB
LDB: TIME 1057.35 LOAD: AVG 0.469199 MAX 0.49932  PROXIES: TOTAL 348 MAXPE 45 MAXPATCH 5 RefineTorusLB MEM: 0 MB
LDB: ============== END OF LOAD BALANCING =============== 1057.35
Info: useSync: 0 useProxySync: 0
LDB: =============== DONE WITH MIGRATION ================ 1057.35
TIMING: 177000  CPU: 1058.38, 0.00599348/step  Wall: 1060.11, 0.00600051/step, 1.37178 hours remaining, 0.000000 MB of memory in use.
PERFORMANCE: 177000  averaging 28.8532 ns/day, 0.00598893 sec/step with standard deviation 5.14179e-05
ENERGY:  177000       334.3884       964.3258      1439.3894        24.6666        -590334.6836     41939.7924        53.4006         0.0000     48458.3757        -497120.3446       292.6677   -545578.7203   -497013.8626       292.4877           -116.2659       -81.7022    832157.4302         4.0502         3.9878

TIMING: 178000  CPU: 1064.38, 0.006001/step  Wall: 1066.12, 0.00600771/step, 1.37176 hours remaining, 0.000000 MB of memory in use.
PERFORMANCE: 178000  averaging 28.8527 ns/day, 0.00598904 sec/step with standard deviation 5.12918e-05
ENERGY:  178000       356.9838       963.6585      1420.6753        30.3793        -590647.5191     42332.3406        54.0457         0.0000     48013.9451        -497475.4907       289.9835   -545489.4358   -497378.6689       292.3438            -61.4265       -29.3035    833576.0715         2.5056         2.5643

TIMING: 179000  CPU: 1070.38, 0.00599769/step  Wall: 1072.13, 0.00600739/step, 1.37002 hours remaining, 0.000000 MB of memory in use.
PERFORMANCE: 179000  averaging 28.8522 ns/day, 0.00598914 sec/step with standard deviation 5.11659e-05
ENERGY:  179000       334.9575       986.9256      1438.2568        26.1594        -591153.1054     42311.9457        53.8526         0.0000     48179.4764        -497821.5314       290.9833   -546001.0078   -497719.9535       291.3538            -32.3567         0.8491    833214.6192        -0.4708        -0.4675

TIMING: 180000  CPU: 1076.39, 0.00601348/step  Wall: 1078.15, 0.00601877/step, 1.37094 hours remaining, 0.000000 MB of memory in use.
PERFORMANCE: 180000  averaging 28.8514 ns/day, 0.0059893 sec/step with standard deviation 5.10706e-05
ETITLE:      TS           BOND          ANGLE          DIHED          IMPRP               ELECT            VDW       BOUNDARY           MISC        KINETIC               TOTAL           TEMP      POTENTIAL         TOTAL3        TEMPAVG            PRESSURE      GPRESSURE         VOLUME       PRESSAVG      GPRESSAVG

ENERGY:  180000       333.5830       981.5535      1437.5423        24.8776        -590691.2346     42252.8864        54.1383         0.0000     48071.9465        -497534.7070       290.3338   -545606.6535   -497430.0364       291.5574             14.8401        47.7276    832777.3378         0.1249         0.1342

WRITING EXTENDED SYSTEM TO RESTART FILE AT STEP 180000
WRITING COORDINATES TO DCD FILE eq1.dcd AT STEP 180000
WRITING COORDINATES TO RESTART FILE AT STEP 180000
FINISHED WRITING RESTART COORDINATES
WRITING VELOCITIES TO RESTART FILE AT STEP 180000
FINISHED WRITING RESTART VELOCITIES
LDB: ============= START OF LOAD BALANCING ============== 1080.83
LDB: ============== END OF LOAD BALANCING =============== 1080.83
Info: useSync: 0 useProxySync: 0
LDB: =============== DONE WITH MIGRATION ================ 1080.83
LDB: ============= START OF LOAD BALANCING ============== 1081.43
LDB: TIME 1081.43 LOAD: AVG 0.469498 MAX 0.500995  PROXIES: TOTAL 348 MAXPE 45 MAXPATCH 5 None MEM: 0 MB
LDB: TIME 1081.43 LOAD: AVG 0.469498 MAX 0.500995  PROXIES: TOTAL 348 MAXPE 45 MAXPATCH 5 RefineTorusLB MEM: 0 MB
LDB: TIME 1081.43 LOAD: AVG 0.469498 MAX 0.500995  PROXIES: TOTAL 348 MAXPE 45 MAXPATCH 5 RefineTorusLB MEM: 0 MB
LDB: Reverting to original mapping
LDB: ============== END OF LOAD BALANCING =============== 1081.43
Info: useSync: 0 useProxySync: 0
LDB: =============== DONE WITH MIGRATION ================ 1081.43
TIMING: 181000  CPU: 1082.4, 0.00601149/step  Wall: 1084.18, 0.00603192/step, 1.37226 hours remaining, 0.000000 MB of memory in use.
PERFORMANCE: 181000  averaging 28.8503 ns/day, 0.00598954 sec/step with standard deviation 5.10269e-05
ENERGY:  181000       350.1908       975.0149      1439.5625        26.5405        -591022.3898     42426.6050        63.3856         0.0000     48326.4846        -497414.6059       291.8711   -545741.0905   -497301.8022       291.8859             71.5659       101.4508    831205.3791        -0.5391        -0.4954

TIMING: 182000  CPU: 1088.38, 0.00597728/step  Wall: 1090.16, 0.0059847/step, 1.35986 hours remaining, 0.000000 MB of memory in use.
PERFORMANCE: 182000  averaging 28.8504 ns/day, 0.00598951 sec/step with standard deviation 5.0887e-05
ENERGY:  182000       364.6779       977.3853      1447.8070        21.4423        -591075.9347     42520.7841        47.2164         0.0000     48232.2253        -497464.3964       291.3018   -545696.6217   -497362.1600       292.0679            104.7524       137.4980    830313.9721         2.5983         2.6212

TIMING: 183000  CPU: 1094.38, 0.00599754/step  Wall: 1096.17, 0.00600449/step, 1.36269 hours remaining, 0.000000 MB of memory in use.
PERFORMANCE: 183000  averaging 28.85 ns/day, 0.00598959 sec/step with standard deviation 5.07591e-05
ENERGY:  183000       349.7482       964.3874      1428.6517        25.0648        -590140.9059     41822.1830        45.2668         0.0000     48300.8906        -497204.7134       291.7165   -545505.6040   -497095.9102       292.3198           -173.1519      -137.5494    833041.4480         1.0538         1.0598

TIMING: 184000  CPU: 1100.34, 0.00596949/step  Wall: 1102.14, 0.00597231/step, 1.35372 hours remaining, 0.000000 MB of memory in use.
PERFORMANCE: 184000  averaging 28.8505 ns/day, 0.0059895 sec/step with standard deviation 5.06363e-05
ENERGY:  184000       341.8551       950.4233      1445.7317        21.7993        -590718.2296     42050.9305        51.1011         0.0000     48339.2341        -497517.1543       291.9481   -545856.3885   -497410.2310       292.1227           -146.4508      -113.3817    833737.3017        10.2913        10.3743

LDB: ============= START OF LOAD BALANCING ============== 1104.78
LDB: ============== END OF LOAD BALANCING =============== 1104.78
Info: useSync: 0 useProxySync: 0
LDB: =============== DONE WITH MIGRATION ================ 1104.78
LDB: ============= START OF LOAD BALANCING ============== 1105.38
LDB: TIME 1105.38 LOAD: AVG 0.469702 MAX 0.497666  PROXIES: TOTAL 348 MAXPE 45 MAXPATCH 5 None MEM: 0 MB
LDB: TIME 1105.38 LOAD: AVG 0.469702 MAX 0.497666  PROXIES: TOTAL 348 MAXPE 45 MAXPATCH 5 RefineTorusLB MEM: 0 MB
LDB: TIME 1105.38 LOAD: AVG 0.469702 MAX 0.497666  PROXIES: TOTAL 348 MAXPE 45 MAXPATCH 5 RefineTorusLB MEM: 0 MB
LDB: Reverting to original mapping
LDB: ============== END OF LOAD BALANCING =============== 1105.38
Info: useSync: 0 useProxySync: 0
LDB: =============== DONE WITH MIGRATION ================ 1105.38
TIMING: 185000  CPU: 1106.32, 0.00597376/step  Wall: 1108.12, 0.0059817/step, 1.35419 hours remaining, 0.000000 MB of memory in use.
PERFORMANCE: 185000  averaging 28.8507 ns/day, 0.00598946 sec/step with standard deviation 5.05017e-05
ENERGY:  185000       334.7445       964.1440      1465.7498        24.3919        -590716.0564     42522.5373        50.4142         0.0000     48349.1940        -497004.8808       292.0083   -545354.0747   -496903.1849       292.0956            121.6245       156.1267    832030.2655        -1.8128        -1.8638

WRITING COORDINATES TO DCD FILE eq1.dcd AT STEP 185000
TIMING: 186000  CPU: 1112.3, 0.00597704/step  Wall: 1114.1, 0.00598243/step, 1.35269 hours remaining, 0.000000 MB of memory in use.
PERFORMANCE: 186000  averaging 28.8509 ns/day, 0.00598942 sec/step with standard deviation 5.03677e-05
ENERGY:  186000       361.7977       919.5832      1434.2273        23.0354        -590758.8860     42337.0473        43.5206         0.0000     48403.1038        -497236.5706       292.3339   -545639.6744   -497134.0612       292.4913            -17.1963        14.0921    832623.0039        -1.8178        -1.8443

TIMING: 187000  CPU: 1118.29, 0.00599294/step  Wall: 1120.11, 0.00600222/step, 1.3555 hours remaining, 0.000000 MB of memory in use.
PERFORMANCE: 187000  averaging 28.8505 ns/day, 0.00598949 sec/step with standard deviation 5.02408e-05
ENERGY:  187000       369.3782       943.8256      1443.4244        21.2650        -590596.1868     42113.4613        50.3724         0.0000     48492.5138        -497161.9461       292.8739   -545654.4599   -497052.7601       292.2020           -143.3269      -113.3747    832023.4681         1.0757         1.0502

TIMING: 188000  CPU: 1124.28, 0.00599357/step  Wall: 1126.11, 0.00600151/step, 1.35367 hours remaining, 0.000000 MB of memory in use.
PERFORMANCE: 188000  averaging 28.8502 ns/day, 0.00598955 sec/step with standard deviation 5.0114e-05
ENERGY:  188000       338.3282      1001.2372      1447.7443        24.2373        -590896.4602     42456.9959        55.4170         0.0000     48320.9313        -497251.5690       291.8376   -545572.5003   -497153.1934       292.6774             53.1137        82.4663    832887.8644         1.3158         1.3547

LDB: ============= START OF LOAD BALANCING ============== 1128.75
LDB: ============== END OF LOAD BALANCING =============== 1128.75
Info: useSync: 0 useProxySync: 0
LDB: =============== DONE WITH MIGRATION ================ 1128.75
LDB: ============= START OF LOAD BALANCING ============== 1129.35
LDB: TIME 1129.35 LOAD: AVG 0.468819 MAX 0.497745  PROXIES: TOTAL 348 MAXPE 45 MAXPATCH 5 None MEM: 0 MB
LDB: TIME 1129.35 LOAD: AVG 0.468819 MAX 0.497745  PROXIES: TOTAL 348 MAXPE 45 MAXPATCH 5 RefineTorusLB MEM: 0 MB
LDB: TIME 1129.35 LOAD: AVG 0.468819 MAX 0.497745  PROXIES: TOTAL 348 MAXPE 45 MAXPATCH 5 RefineTorusLB MEM: 0 MB
LDB: ============== END OF LOAD BALANCING =============== 1129.35
Info: useSync: 0 useProxySync: 0
LDB: =============== DONE WITH MIGRATION ================ 1129.35
TIMING: 189000  CPU: 1130.28, 0.00599369/step  Wall: 1132.11, 0.00599733/step, 1.35107 hours remaining, 0.000000 MB of memory in use.
PERFORMANCE: 189000  averaging 28.85 ns/day, 0.00598959 sec/step with standard deviation 4.99837e-05
ENERGY:  189000       334.6701       989.0723      1459.7808        25.8392        -589629.8164     41539.7322        56.5063         0.0000     48392.5831        -496831.6324       292.2703   -545224.2156   -496730.2739       292.6963           -209.0402      -179.2678    833637.5902         4.9572         4.9459

TIMING: 190000  CPU: 1136.27, 0.00599339/step  Wall: 1138.11, 0.00600059/step, 1.35013 hours remaining, 0.000000 MB of memory in use.
PERFORMANCE: 190000  averaging 28.8498 ns/day, 0.00598965 sec/step with standard deviation 4.98577e-05
ETITLE:      TS           BOND          ANGLE          DIHED          IMPRP               ELECT            VDW       BOUNDARY           MISC        KINETIC               TOTAL           TEMP      POTENTIAL         TOTAL3        TEMPAVG            PRESSURE      GPRESSURE         VOLUME       PRESSAVG      GPRESSAVG

ENERGY:  190000       357.6470       982.0267      1432.7273        20.8839        -590046.8854     41848.4318        56.5405         0.0000     48339.5054        -497009.1227       291.9498   -545348.6281   -496901.2648       293.1174           -258.1022      -229.7014    836001.9874         6.9854         6.9844

WRITING EXTENDED SYSTEM TO RESTART FILE AT STEP 190000
WRITING COORDINATES TO DCD FILE eq1.dcd AT STEP 190000
WRITING COORDINATES TO RESTART FILE AT STEP 190000
FINISHED WRITING RESTART COORDINATES
WRITING VELOCITIES TO RESTART FILE AT STEP 190000
FINISHED WRITING RESTART VELOCITIES
TIMING: 191000  CPU: 1142.29, 0.00602568/step  Wall: 1144.16, 0.00605002/step, 1.35957 hours remaining, 0.000000 MB of memory in use.
PERFORMANCE: 191000  averaging 28.8482 ns/day, 0.00598997 sec/step with standard deviation 4.99178e-05
ENERGY:  191000       340.6275       992.7299      1412.6128        24.2473        -590087.7865     41886.2143        62.7336         0.0000     48361.4269        -497007.1942       292.0822   -545368.6211   -496901.6729       292.5751            -93.9845       -65.3575    832681.5916         3.8325         3.8112

TIMING: 192000  CPU: 1148.26, 0.00596539/step  Wall: 1150.13, 0.0059719/step, 1.34036 hours remaining, 0.000000 MB of memory in use.
PERFORMANCE: 192000  averaging 28.8487 ns/day, 0.00598987 sec/step with standard deviation 4.98041e-05
ENERGY:  192000       339.0170      1010.8259      1429.4283        18.2092        -590777.6344     42493.4105        49.0429         0.0000     48554.8481        -496882.8526       293.2503   -545437.7007   -496780.0112       292.8276            127.7994       158.1943    830692.6570         3.1118         3.1335

LDB: ============= START OF LOAD BALANCING ============== 1152.77
LDB: ============== END OF LOAD BALANCING =============== 1152.77
Info: useSync: 0 useProxySync: 0
LDB: =============== DONE WITH MIGRATION ================ 1152.77
LDB: ============= START OF LOAD BALANCING ============== 1153.37
LDB: TIME 1153.37 LOAD: AVG 0.469892 MAX 0.500691  PROXIES: TOTAL 348 MAXPE 45 MAXPATCH 5 None MEM: 0 MB
LDB: TIME 1153.37 LOAD: AVG 0.469892 MAX 0.500691  PROXIES: TOTAL 348 MAXPE 45 MAXPATCH 5 RefineTorusLB MEM: 0 MB
LDB: TIME 1153.37 LOAD: AVG 0.469892 MAX 0.500691  PROXIES: TOTAL 348 MAXPE 45 MAXPATCH 5 RefineTorusLB MEM: 0 MB
LDB: Reverting to original mapping
LDB: ============== END OF LOAD BALANCING =============== 1153.38
Info: useSync: 0 useProxySync: 0
LDB: =============== DONE WITH MIGRATION ================ 1153.38
TIMING: 193000  CPU: 1154.25, 0.00599469/step  Wall: 1156.13, 0.00600338/step, 1.34576 hours remaining, 0.000000 MB of memory in use.
PERFORMANCE: 193000  averaging 28.8484 ns/day, 0.00598994 sec/step with standard deviation 4.96837e-05
ENERGY:  193000       329.0311       971.8194      1435.8953        24.3982        -590088.9123     41987.3919        54.0180         0.0000     48490.5122        -496795.8462       292.8618   -545286.3584   -496693.4220       293.3712            -37.8625        -6.0740    832977.2287         2.3115         2.3089

TIMING: 194000  CPU: 1160.24, 0.00598278/step  Wall: 1162.12, 0.00598914/step, 1.3409 hours remaining, 0.000000 MB of memory in use.
PERFORMANCE: 194000  averaging 28.8484 ns/day, 0.00598994 sec/step with standard deviation 4.95549e-05
ENERGY:  194000       336.7900       975.0418      1435.9782        24.6929        -590660.6419     42353.9470        49.3843         0.0000     48475.9775        -497008.8302       292.7740   -545484.8077   -496902.1477       292.8276             50.0324        78.8857    832946.8349         0.0786         0.1172

TIMING: 195000  CPU: 1166.21, 0.00597352/step  Wall: 1168.1, 0.00597995/step, 1.33718 hours remaining, 0.000000 MB of memory in use.
PERFORMANCE: 195000  averaging 28.8486 ns/day, 0.00598989 sec/step with standard deviation 4.94321e-05
ENERGY:  195000       327.5385       976.9581      1431.1354        21.5435        -590234.2945     42161.6026        49.5113         0.0000     48320.1292        -496945.8758       291.8327   -545266.0050   -496839.5839       292.2466            -31.6853         1.1670    832030.2946        -1.3380        -1.3056

WRITING COORDINATES TO DCD FILE eq1.dcd AT STEP 195000
TIMING: 196000  CPU: 1172.2, 0.00598548/step  Wall: 1174.1, 0.00599529/step, 1.33895 hours remaining, 0.000000 MB of memory in use.
PERFORMANCE: 196000  averaging 28.8485 ns/day, 0.00598992 sec/step with standard deviation 4.93067e-05
ENERGY:  196000       355.0345       973.0965      1459.1830        23.5336        -590854.6887     42432.4592        58.3479         0.0000     48466.7641        -497086.2699       292.7183   -545553.0340   -496978.2374       293.0256             21.0258        51.9791    832442.9879         0.2982         0.1963

LDB: ============= START OF LOAD BALANCING ============== 1176.74
LDB: ============== END OF LOAD BALANCING =============== 1176.74
Info: useSync: 0 useProxySync: 0
LDB: =============== DONE WITH MIGRATION ================ 1176.74
LDB: ============= START OF LOAD BALANCING ============== 1177.35
LDB: TIME 1177.35 LOAD: AVG 0.468945 MAX 0.502516  PROXIES: TOTAL 348 MAXPE 45 MAXPATCH 5 None MEM: 0 MB
LDB: TIME 1177.35 LOAD: AVG 0.468945 MAX 0.502516  PROXIES: TOTAL 348 MAXPE 45 MAXPATCH 5 RefineTorusLB MEM: 0 MB
LDB: TIME 1177.35 LOAD: AVG 0.468945 MAX 0.502516  PROXIES: TOTAL 348 MAXPE 45 MAXPATCH 5 RefineTorusLB MEM: 0 MB
LDB: ============== END OF LOAD BALANCING =============== 1177.35
Info: useSync: 0 useProxySync: 0
LDB: =============== DONE WITH MIGRATION ================ 1177.35
TIMING: 197000  CPU: 1178.2, 0.00600529/step  Wall: 1180.1, 0.00600919/step, 1.34038 hours remaining, 0.000000 MB of memory in use.
PERFORMANCE: 197000  averaging 28.848 ns/day, 0.00599001 sec/step with standard deviation 4.92e-05
ENERGY:  197000       344.6696       973.1730      1437.5155        20.9037        -590754.9963     42250.5024        54.9401         0.0000     48395.6903        -497277.6018       292.2891   -545673.2921   -497177.0846       292.8087             -0.9153        30.2213    832588.7116        -1.9837        -1.9449

TIMING: 198000  CPU: 1184.2, 0.0060013/step  Wall: 1186.11, 0.00600899/step, 1.33867 hours remaining, 0.000000 MB of memory in use.
PERFORMANCE: 198000  averaging 28.8476 ns/day, 0.00599011 sec/step with standard deviation 4.90935e-05
ENERGY:  198000       360.8057       946.2188      1437.9735        21.4892        -590688.8964     42271.0185        49.3516         0.0000     48262.1677        -497339.8714       291.4827   -545602.0391   -497233.4364       291.9645             19.2878        47.5013    832963.9112        -1.2730        -1.3269

TIMING: 199000  CPU: 1190.2, 0.00600112/step  Wall: 1192.12, 0.00600811/step, 1.33681 hours remaining, 0.000000 MB of memory in use.
PERFORMANCE: 199000  averaging 28.8471 ns/day, 0.0059902 sec/step with standard deviation 4.8986e-05
ENERGY:  199000       357.7081       947.0160      1445.8082        22.9249        -590113.7518     41876.3890        52.3199         0.0000     48404.7324        -497006.8534       292.3437   -545411.5858   -496903.3503       292.3515           -113.8172       -84.7635    833332.9122         1.7735         1.7632

TIMING: 200000  CPU: 1196.21, 0.00600105/step  Wall: 1198.13, 0.00600719/step, 1.33493 hours remaining, 0.000000 MB of memory in use.
PERFORMANCE: 200000  averaging 28.8467 ns/day, 0.00599028 sec/step with standard deviation 4.88775e-05
ETITLE:      TS           BOND          ANGLE          DIHED          IMPRP               ELECT            VDW       BOUNDARY           MISC        KINETIC               TOTAL           TEMP      POTENTIAL         TOTAL3        TEMPAVG            PRESSURE      GPRESSURE         VOLUME       PRESSAVG      GPRESSAVG

ENERGY:  200000       340.8708       955.5715      1447.4508        24.3399        -590572.2518     42180.8626        54.5214         0.0000     48608.1422        -496960.4925       293.5722   -545568.6347   -496855.9353       292.6685            -57.2980       -23.5306    831983.6378         1.5188         1.4181

WRITING EXTENDED SYSTEM TO RESTART FILE AT STEP 200000
WRITING COORDINATES TO DCD FILE eq1.dcd AT STEP 200000
WRITING COORDINATES TO RESTART FILE AT STEP 200000
FINISHED WRITING RESTART COORDINATES
WRITING VELOCITIES TO RESTART FILE AT STEP 200000
FINISHED WRITING RESTART VELOCITIES
LDB: ============= START OF LOAD BALANCING ============== 1200.81
LDB: ============== END OF LOAD BALANCING =============== 1200.81
Info: useSync: 0 useProxySync: 0
LDB: =============== DONE WITH MIGRATION ================ 1200.81
LDB: ============= START OF LOAD BALANCING ============== 1201.42
LDB: TIME 1201.42 LOAD: AVG 0.471581 MAX 0.503468  PROXIES: TOTAL 348 MAXPE 45 MAXPATCH 5 None MEM: 0 MB
LDB: TIME 1201.42 LOAD: AVG 0.471581 MAX 0.503468  PROXIES: TOTAL 348 MAXPE 45 MAXPATCH 5 RefineTorusLB MEM: 0 MB
LDB: TIME 1201.42 LOAD: AVG 0.471581 MAX 0.503468  PROXIES: TOTAL 348 MAXPE 45 MAXPATCH 5 RefineTorusLB MEM: 0 MB
LDB: Reverting to original mapping
LDB: ============== END OF LOAD BALANCING =============== 1201.42
Info: useSync: 0 useProxySync: 0
LDB: =============== DONE WITH MIGRATION ================ 1201.42
TIMING: 201000  CPU: 1202.25, 0.0060432/step  Wall: 1204.19, 0.00606431/step, 1.34594 hours remaining, 0.000000 MB of memory in use.
PERFORMANCE: 201000  averaging 28.8449 ns/day, 0.00599065 sec/step with standard deviation 4.90339e-05
ENERGY:  201000       359.3978       931.2223      1437.0173        18.3319        -591423.5925     42665.3124        51.7416         0.0000     48362.4050        -497598.1641       292.0881   -545960.5692   -497492.1743       292.0849             21.4108        52.9682    832669.4333         1.3640         1.3335

TIMING: 202000  CPU: 1208.25, 0.00600521/step  Wall: 1210.21, 0.00601207/step, 1.33268 hours remaining, 0.000000 MB of memory in use.
PERFORMANCE: 202000  averaging 28.8444 ns/day, 0.00599076 sec/step with standard deviation 4.8935e-05
ENERGY:  202000       330.8524       946.7595      1455.9470        25.4050        -591017.8163     42193.7820        54.3749         0.0000     48352.1997        -497658.4959       292.0264   -546010.6956   -497550.7359       291.7323            -79.1073       -45.9937    831598.8943         7.4919         7.4840

TIMING: 203000  CPU: 1214.26, 0.0060052/step  Wall: 1216.22, 0.0060123/step, 1.33106 hours remaining, 0.000000 MB of memory in use.
PERFORMANCE: 203000  averaging 28.8439 ns/day, 0.00599087 sec/step with standard deviation 4.88371e-05
ENERGY:  203000       341.7791       946.2679      1448.3608        26.4745        -591118.4072     42299.6050        50.5739         0.0000     48708.6642        -497296.6819       294.1793   -546005.3460   -497188.9581       292.4415            -74.0696       -36.5855    832583.3287         0.7047         0.7121

TIMING: 204000  CPU: 1220.26, 0.00599707/step  Wall: 1222.22, 0.00600536/step, 1.32785 hours remaining, 0.000000 MB of memory in use.
PERFORMANCE: 204000  averaging 28.8436 ns/day, 0.00599094 sec/step with standard deviation 4.87273e-05
ENERGY:  204000       328.5944       929.7733      1429.9228        24.5096        -591754.9797     43011.9141        57.4009         0.0000     48776.0402        -497196.8243       294.5862   -545972.8645   -497087.8010       292.4010            218.9587       251.8022    831549.4549         0.8224         0.8581

LDB: ============= START OF LOAD BALANCING ============== 1224.88
LDB: ============== END OF LOAD BALANCING =============== 1224.88
Info: useSync: 0 useProxySync: 0
LDB: =============== DONE WITH MIGRATION ================ 1224.88
LDB: ============= START OF LOAD BALANCING ============== 1225.48
LDB: TIME 1225.48 LOAD: AVG 0.469335 MAX 0.499432  PROXIES: TOTAL 348 MAXPE 45 MAXPATCH 5 None MEM: 0 MB
LDB: TIME 1225.48 LOAD: AVG 0.469335 MAX 0.499432  PROXIES: TOTAL 348 MAXPE 45 MAXPATCH 5 RefineTorusLB MEM: 0 MB
LDB: TIME 1225.48 LOAD: AVG 0.469335 MAX 0.499432  PROXIES: TOTAL 348 MAXPE 45 MAXPATCH 5 RefineTorusLB MEM: 0 MB
LDB: ============== END OF LOAD BALANCING =============== 1225.48
Info: useSync: 0 useProxySync: 0
LDB: =============== DONE WITH MIGRATION ================ 1225.48
TIMING: 205000  CPU: 1226.25, 0.00598937/step  Wall: 1228.22, 0.00599505/step, 1.32391 hours remaining, 0.000000 MB of memory in use.
PERFORMANCE: 205000  averaging 28.8435 ns/day, 0.00599096 sec/step with standard deviation 4.86085e-05
ENERGY:  205000       321.8063       928.3393      1427.5939        23.3062        -590376.4365     41984.7143        67.3232         0.0000     48288.5990        -497334.7543       291.6423   -545623.3533   -497231.2704       292.7876            -32.7093         2.5587    832757.1131         0.9998         0.9098

WRITING COORDINATES TO DCD FILE eq1.dcd AT STEP 205000
TIMING: 206000  CPU: 1232.25, 0.00600118/step  Wall: 1234.23, 0.00600697/step, 1.32487 hours remaining, 0.000000 MB of memory in use.
PERFORMANCE: 206000  averaging 28.8431 ns/day, 0.00599103 sec/step with standard deviation 4.85027e-05
ENERGY:  206000       307.4461       949.7879      1453.3112        24.1432        -591024.8515     42268.8736        48.2041         0.0000     48598.7471        -497374.3382       293.5155   -545973.0853   -497272.2931       292.3487             -9.8693        24.1916    833014.9271         3.8557         3.8787

TIMING: 207000  CPU: 1238.25, 0.00600099/step  Wall: 1240.23, 0.00600903/step, 1.32366 hours remaining, 0.000000 MB of memory in use.
PERFORMANCE: 207000  averaging 28.8427 ns/day, 0.00599112 sec/step with standard deviation 4.8401e-05
ENERGY:  207000       305.7028       960.2328      1439.1371        24.8610        -589975.1261     41653.9796        50.7413         0.0000     48309.5887        -497230.8827       291.7691   -545540.4714   -497136.0596       291.9248           -154.4580      -123.2521    833754.2141         2.6095         2.5977

TIMING: 208000  CPU: 1244.24, 0.00598901/step  Wall: 1246.23, 0.00599489/step, 1.31887 hours remaining, 0.000000 MB of memory in use.
PERFORMANCE: 208000  averaging 28.8426 ns/day, 0.00599114 sec/step with standard deviation 4.82846e-05
ENERGY:  208000       306.4905       980.7501      1427.6389        21.3190        -591315.5396     42516.4070        56.8436         0.0000     48255.1336        -497750.9568       291.4402   -546006.0905   -497639.3926       291.9432             49.5476        87.2707    830550.9830         3.0523         3.0628

LDB: ============= START OF LOAD BALANCING ============== 1248.87
LDB: ============== END OF LOAD BALANCING =============== 1248.87
Info: useSync: 0 useProxySync: 0
LDB: =============== DONE WITH MIGRATION ================ 1248.87
LDB: ============= START OF LOAD BALANCING ============== 1249.47
LDB: TIME 1249.47 LOAD: AVG 0.46767 MAX 0.49687  PROXIES: TOTAL 348 MAXPE 45 MAXPATCH 5 None MEM: 0 MB
LDB: TIME 1249.47 LOAD: AVG 0.46767 MAX 0.49687  PROXIES: TOTAL 348 MAXPE 45 MAXPATCH 5 RefineTorusLB MEM: 0 MB
LDB: TIME 1249.47 LOAD: AVG 0.46767 MAX 0.49687  PROXIES: TOTAL 348 MAXPE 45 MAXPATCH 5 RefineTorusLB MEM: 0 MB
LDB: Reverting to original mapping
LDB: ============== END OF LOAD BALANCING =============== 1249.47
Info: useSync: 0 useProxySync: 0
LDB: =============== DONE WITH MIGRATION ================ 1249.47
TIMING: 209000  CPU: 1250.22, 0.0059811/step  Wall: 1252.22, 0.00599019/step, 1.31618 hours remaining, 0.000000 MB of memory in use.
PERFORMANCE: 209000  averaging 28.8426 ns/day, 0.00599113 sec/step with standard deviation 4.81685e-05
ENERGY:  209000       333.5298       920.1795      1445.2877        26.0035        -590667.2032     42077.9905        59.8509         0.0000     48356.4790        -497447.8823       292.0523   -545804.3613   -497347.8448       291.7417            -90.0192       -55.4166    832374.8602        -2.7326        -2.6850

TIMING: 210000  CPU: 1256.22, 0.00599971/step  Wall: 1258.23, 0.00600727/step, 1.31826 hours remaining, 0.000000 MB of memory in use.
PERFORMANCE: 210000  averaging 28.8422 ns/day, 0.00599121 sec/step with standard deviation 4.8066e-05
ETITLE:      TS           BOND          ANGLE          DIHED          IMPRP               ELECT            VDW       BOUNDARY           MISC        KINETIC               TOTAL           TEMP      POTENTIAL         TOTAL3        TEMPAVG            PRESSURE      GPRESSURE         VOLUME       PRESSAVG      GPRESSAVG

ENERGY:  210000       333.0496       934.3343      1453.8160        24.2082        -590246.6970     42366.1762        47.2224         0.0000     48029.0316        -497058.8587       290.0746   -545087.8903   -496961.0513       292.4785            -37.6635        -2.6845    833425.3693         3.8018         3.7519

WRITING EXTENDED SYSTEM TO RESTART FILE AT STEP 210000
WRITING COORDINATES TO DCD FILE eq1.dcd AT STEP 210000
WRITING COORDINATES TO RESTART FILE AT STEP 210000
FINISHED WRITING RESTART COORDINATES
WRITING VELOCITIES TO RESTART FILE AT STEP 210000
FINISHED WRITING RESTART VELOCITIES
TIMING: 211000  CPU: 1262.21, 0.00598893/step  Wall: 1264.24, 0.00601026/step, 1.31725 hours remaining, 0.000000 MB of memory in use.
PERFORMANCE: 211000  averaging 28.8418 ns/day, 0.0059913 sec/step with standard deviation 4.79693e-05
ENERGY:  211000       320.8153       917.7831      1455.6781        24.5569        -591153.7325     42549.5299        48.8318         0.0000     48315.1837        -497521.3537       291.8029   -545836.5373   -497417.1279       291.6051             -4.9271        30.1201    831929.9027         1.3044         1.3678

TIMING: 212000  CPU: 1268.19, 0.00598687/step  Wall: 1270.23, 0.00599717/step, 1.31271 hours remaining, 0.000000 MB of memory in use.
PERFORMANCE: 212000  averaging 28.8417 ns/day, 0.00599133 sec/step with standard deviation 4.78572e-05
ENERGY:  212000       316.6577       982.6500      1432.1702        22.9150        -590958.7746     42111.5886        57.1700         0.0000     48507.7338        -497527.8892       292.9658   -546035.6230   -497423.7001       291.7880            -42.2372        -5.0046    832785.2594        -0.2217        -0.2419

LDB: ============= START OF LOAD BALANCING ============== 1272.87
LDB: ============== END OF LOAD BALANCING =============== 1272.87
Info: useSync: 0 useProxySync: 0
LDB: =============== DONE WITH MIGRATION ================ 1272.87
LDB: ============= START OF LOAD BALANCING ============== 1273.47
LDB: TIME 1273.47 LOAD: AVG 0.470586 MAX 0.50058  PROXIES: TOTAL 348 MAXPE 45 MAXPATCH 5 None MEM: 0 MB
LDB: TIME 1273.47 LOAD: AVG 0.470586 MAX 0.50058  PROXIES: TOTAL 348 MAXPE 45 MAXPATCH 5 RefineTorusLB MEM: 0 MB
LDB: TIME 1273.47 LOAD: AVG 0.470586 MAX 0.50058  PROXIES: TOTAL 348 MAXPE 45 MAXPATCH 5 RefineTorusLB MEM: 0 MB
LDB: ============== END OF LOAD BALANCING =============== 1273.47
Info: useSync: 0 useProxySync: 0
LDB: =============== DONE WITH MIGRATION ================ 1273.47
TIMING: 213000  CPU: 1274.18, 0.00598279/step  Wall: 1276.23, 0.00599235/step, 1.30999 hours remaining, 0.000000 MB of memory in use.
PERFORMANCE: 213000  averaging 28.8417 ns/day, 0.00599133 sec/step with standard deviation 4.77443e-05
ENERGY:  213000       334.1210       935.9623      1447.1313        24.9126        -590774.9708     42290.2617        48.7599         0.0000     48494.4786        -497199.3434       292.8857   -545693.8220   -497091.7377       291.9161            -58.7946       -28.0718    833164.8910        -0.0320        -0.1068

TIMING: 214000  CPU: 1280.15, 0.00597499/step  Wall: 1282.21, 0.00598398/step, 1.3065 hours remaining, 0.000000 MB of memory in use.
PERFORMANCE: 214000  averaging 28.8418 ns/day, 0.0059913 sec/step with standard deviation 4.76347e-05
ENERGY:  214000       355.4439       974.3843      1448.1152        23.9836        -590326.1975     41985.0477        50.9113         0.0000     48135.5558        -497352.7558       290.7180   -545488.3116   -497250.0608       292.2761             -8.1058        27.9532    830552.4809         2.2376         2.2614

TIMING: 215000  CPU: 1286.14, 0.00598641/step  Wall: 1288.21, 0.00599618/step, 1.3075 hours remaining, 0.000000 MB of memory in use.
PERFORMANCE: 215000  averaging 28.8417 ns/day, 0.00599132 sec/step with standard deviation 4.75244e-05
ENERGY:  215000       330.1782       952.2540      1451.5465        25.3302        -590440.0843     42280.0398        50.6973         0.0000     48582.5753        -496767.4630       293.4178   -545350.0383   -496662.4606       292.8044            -28.1443         2.0632    833160.3301        -3.8742        -3.8831

WRITING COORDINATES TO DCD FILE eq1.dcd AT STEP 215000
TIMING: 216000  CPU: 1292.19, 0.00605323/step  Wall: 1294.27, 0.00606321/step, 1.32043 hours remaining, 0.000000 MB of memory in use.
PERFORMANCE: 216000  averaging 28.8401 ns/day, 0.00599166 sec/step with standard deviation 4.76655e-05
ENERGY:  216000       348.0063       924.6714      1455.0247        21.1200        -590217.1892     42027.3164        53.5649         0.0000     48482.1138        -496905.3718       292.8110   -545387.4856   -496798.6674       292.5997            -63.9476       -29.1890    832659.9088         5.8098         5.7482

LDB: ============= START OF LOAD BALANCING ============== 1296.95
LDB: ============== END OF LOAD BALANCING =============== 1296.95
Info: useSync: 0 useProxySync: 0
LDB: =============== DONE WITH MIGRATION ================ 1296.95
LDB: ============= START OF LOAD BALANCING ============== 1297.56
LDB: TIME 1297.56 LOAD: AVG 0.470459 MAX 0.515798  PROXIES: TOTAL 348 MAXPE 45 MAXPATCH 5 None MEM: 0 MB
LDB: TIME 1297.56 LOAD: AVG 0.470459 MAX 0.515798  PROXIES: TOTAL 348 MAXPE 45 MAXPATCH 5 RefineTorusLB MEM: 0 MB
LDB: TIME 1297.56 LOAD: AVG 0.470459 MAX 0.515798  PROXIES: TOTAL 348 MAXPE 45 MAXPATCH 5 RefineTorusLB MEM: 0 MB
LDB: ============== END OF LOAD BALANCING =============== 1297.56
Info: useSync: 0 useProxySync: 0
LDB: =============== DONE WITH MIGRATION ================ 1297.56
TIMING: 217000  CPU: 1298.27, 0.00608042/step  Wall: 1300.36, 0.00609309/step, 1.32525 hours remaining, 0.000000 MB of memory in use.
PERFORMANCE: 217000  averaging 28.8379 ns/day, 0.00599212 sec/step with standard deviation 4.80509e-05
ENERGY:  217000       319.1155       954.0147      1439.1494        26.9080        -590165.6808     41612.6805        50.5377         0.0000     48331.2078        -497432.0671       291.8996   -545763.2748   -497330.3360       292.6809           -256.3125      -223.6476    833267.2330         2.2859         2.2812

TIMING: 218000  CPU: 1304.35, 0.00608008/step  Wall: 1306.45, 0.00609063/step, 1.32302 hours remaining, 0.000000 MB of memory in use.
PERFORMANCE: 218000  averaging 28.8357 ns/day, 0.00599257 sec/step with standard deviation 4.84021e-05
ENERGY:  218000       349.0021       914.9752      1447.9186        22.2612        -590884.0439     42248.4932        50.1970         0.0000     48470.3509        -497380.8457       292.7400   -545851.1966   -497278.0989       292.0065            -69.9241       -36.0247    832735.7646         0.5104         0.4593

TIMING: 219000  CPU: 1310.43, 0.0060806/step  Wall: 1312.55, 0.00609309/step, 1.32186 hours remaining, 0.000000 MB of memory in use.
PERFORMANCE: 219000  averaging 28.8335 ns/day, 0.00599303 sec/step with standard deviation 4.87663e-05
ENERGY:  219000       342.4239       948.1322      1441.1940        25.1870        -590611.5104     42068.0043        56.4362         0.0000     48418.8164        -497311.3164       292.4288   -545730.1328   -497203.7229       292.1177           -131.0274       -97.2279    833398.3263         0.6577         0.7120

TIMING: 220000  CPU: 1316.51, 0.00608067/step  Wall: 1318.64, 0.00609133/step, 1.31979 hours remaining, 0.000000 MB of memory in use.
PERFORMANCE: 220000  averaging 28.8313 ns/day, 0.00599348 sec/step with standard deviation 4.91041e-05
ETITLE:      TS           BOND          ANGLE          DIHED          IMPRP               ELECT            VDW       BOUNDARY           MISC        KINETIC               TOTAL           TEMP      POTENTIAL         TOTAL3        TEMPAVG            PRESSURE      GPRESSURE         VOLUME       PRESSAVG      GPRESSAVG

ENERGY:  220000       360.1341       999.8468      1444.8083        20.6028        -590747.3380     42308.7388        48.9493         0.0000     48490.8015        -497073.4565       292.8635   -545564.2581   -496981.3284       292.8137              7.2428        41.9735    833292.5154        -2.3105        -2.3352

WRITING EXTENDED SYSTEM TO RESTART FILE AT STEP 220000
WRITING COORDINATES TO DCD FILE eq1.dcd AT STEP 220000
WRITING COORDINATES TO RESTART FILE AT STEP 220000
FINISHED WRITING RESTART COORDINATES
WRITING VELOCITIES TO RESTART FILE AT STEP 220000
FINISHED WRITING RESTART VELOCITIES
LDB: ============= START OF LOAD BALANCING ============== 1321.34
LDB: ============== END OF LOAD BALANCING =============== 1321.34
Info: useSync: 0 useProxySync: 0
LDB: =============== DONE WITH MIGRATION ================ 1321.34
LDB: ============= START OF LOAD BALANCING ============== 1321.95
LDB: TIME 1321.95 LOAD: AVG 0.468747 MAX 0.514037  PROXIES: TOTAL 348 MAXPE 45 MAXPATCH 5 None MEM: 0 MB
LDB: TIME 1321.95 LOAD: AVG 0.468747 MAX 0.514037  PROXIES: TOTAL 348 MAXPE 45 MAXPATCH 5 RefineTorusLB MEM: 0 MB
LDB: TIME 1321.95 LOAD: AVG 0.468747 MAX 0.514037  PROXIES: TOTAL 348 MAXPE 45 MAXPATCH 5 RefineTorusLB MEM: 0 MB
LDB: Reverting to original mapping
LDB: ============== END OF LOAD BALANCING =============== 1321.95
Info: useSync: 0 useProxySync: 0
LDB: =============== DONE WITH MIGRATION ================ 1321.95
TIMING: 221000  CPU: 1322.6, 0.00609175/step  Wall: 1324.75, 0.00611624/step, 1.32349 hours remaining, 0.000000 MB of memory in use.
PERFORMANCE: 221000  averaging 28.8287 ns/day, 0.00599404 sec/step with standard deviation 4.96834e-05
ENERGY:  221000       347.6341       936.6611      1451.8095        22.4639        -589893.6470     42220.1837        57.4073         0.0000     48292.8935        -496564.5939       291.6682   -544857.4874   -496464.9599       292.6323            -34.6370        -6.6618    832921.2788        -3.4333        -3.4603

TIMING: 222000  CPU: 1328.68, 0.00607487/step  Wall: 1330.84, 0.00608238/step, 1.31447 hours remaining, 0.000000 MB of memory in use.
PERFORMANCE: 222000  averaging 28.8267 ns/day, 0.00599443 sec/step with standard deviation 4.99243e-05
ENERGY:  222000       309.2838       941.6283      1432.9851        19.2785        -590322.0639     42348.1245        57.6492         0.0000     48331.6331        -496881.4813       291.9022   -545213.1144   -496774.6312       292.5931             85.7452       117.1270    832290.9550         5.8771         5.9823

TIMING: 223000  CPU: 1334.75, 0.00607073/step  Wall: 1336.92, 0.00608102/step, 1.31249 hours remaining, 0.000000 MB of memory in use.
PERFORMANCE: 223000  averaging 28.8249 ns/day, 0.00599482 sec/step with standard deviation 5.0148e-05
ENERGY:  223000       362.1127      1000.9584      1442.8140        23.1003        -590159.8800     41656.1291        56.3476         0.0000     48821.8992        -496796.5188       294.8632   -545618.4180   -496684.6664       292.8166           -171.3658      -135.8984    831791.1020         4.1862         4.2458

TIMING: 224000  CPU: 1340.82, 0.00607125/step  Wall: 1343, 0.0060814/step, 1.31088 hours remaining, 0.000000 MB of memory in use.
PERFORMANCE: 224000  averaging 28.823 ns/day, 0.00599521 sec/step with standard deviation 5.03687e-05
ENERGY:  224000       337.4677       949.7747      1454.3923        23.3636        -590210.4891     41816.3833        60.7613         0.0000     48488.3222        -497080.0241       292.8485   -545568.3463   -496971.0360       293.3512           -146.7991      -112.1758    833076.6693         7.5558         7.5470

LDB: ============= START OF LOAD BALANCING ============== 1345.67
LDB: ============== END OF LOAD BALANCING =============== 1345.67
Info: useSync: 0 useProxySync: 0
LDB: =============== DONE WITH MIGRATION ================ 1345.67
LDB: ============= START OF LOAD BALANCING ============== 1346.28
LDB: TIME 1346.28 LOAD: AVG 0.471038 MAX 0.518209  PROXIES: TOTAL 348 MAXPE 45 MAXPATCH 5 None MEM: 0 MB
LDB: TIME 1346.28 LOAD: AVG 0.471038 MAX 0.518209  PROXIES: TOTAL 348 MAXPE 45 MAXPATCH 5 RefineTorusLB MEM: 0 MB
LDB: TIME 1346.28 LOAD: AVG 0.471038 MAX 0.518209  PROXIES: TOTAL 348 MAXPE 45 MAXPATCH 5 RefineTorusLB MEM: 0 MB
LDB: ============== END OF LOAD BALANCING =============== 1346.28
Info: useSync: 0 useProxySync: 0
LDB: =============== DONE WITH MIGRATION ================ 1346.28
TIMING: 225000  CPU: 1346.9, 0.00607909/step  Wall: 1349.09, 0.00608915/step, 1.31086 hours remaining, 0.000000 MB of memory in use.
PERFORMANCE: 225000  averaging 28.821 ns/day, 0.00599563 sec/step with standard deviation 5.06449e-05
ENERGY:  225000       332.0574       947.6932      1433.9006        23.5515        -590591.9285     42026.4156        65.9099         0.0000     48191.4938        -497570.9064       291.0558   -545762.4003   -497473.8195       292.1747           -135.2496      -101.2542    832725.4994         0.3341         0.3750

WRITING COORDINATES TO DCD FILE eq1.dcd AT STEP 225000
TIMING: 226000  CPU: 1352.98, 0.00607853/step  Wall: 1355.17, 0.00608437/step, 1.30814 hours remaining, 0.000000 MB of memory in use.
PERFORMANCE: 226000  averaging 28.8191 ns/day, 0.00599602 sec/step with standard deviation 5.08758e-05
ENERGY:  226000       318.8158       999.4366      1432.5345        23.3014        -591631.2256     42919.1416        59.5478         0.0000     48189.4939        -497688.9540       291.0438   -545878.4479   -497577.7709       291.3289            181.2636       216.7290    831834.7630         6.1050         6.0114

TIMING: 227000  CPU: 1359.05, 0.0060668/step  Wall: 1361.25, 0.00607793/step, 1.30507 hours remaining, 0.000000 MB of memory in use.
PERFORMANCE: 227000  averaging 28.8174 ns/day, 0.00599638 sec/step with standard deviation 5.10535e-05
ENERGY:  227000       344.4337       980.1400      1452.1404        24.1767        -590747.2940     41983.4564        56.6237         0.0000     48379.9257        -497526.3974       292.1939   -545906.3231   -497430.2759       291.8636           -150.0622      -114.7657    832837.6849         5.5645         5.6098

TIMING: 228000  CPU: 1365.12, 0.00607079/step  Wall: 1367.33, 0.00607952/step, 1.30372 hours remaining, 0.000000 MB of memory in use.
PERFORMANCE: 228000  averaging 28.8156 ns/day, 0.00599674 sec/step with standard deviation 5.12376e-05
ENERGY:  228000       327.9340       985.9489      1430.5957        21.6845        -590708.7661     41976.3804        58.1837         0.0000     48314.4465        -497593.5924       291.7984   -545908.0388   -497498.3177       291.4085           -148.8554      -113.3307    832699.0904         4.2889         4.3278

LDB: ============= START OF LOAD BALANCING ============== 1370
LDB: ============== END OF LOAD BALANCING =============== 1370
Info: useSync: 0 useProxySync: 0
LDB: =============== DONE WITH MIGRATION ================ 1370
LDB: ============= START OF LOAD BALANCING ============== 1370.61
LDB: TIME 1370.62 LOAD: AVG 0.468917 MAX 0.518317  PROXIES: TOTAL 348 MAXPE 45 MAXPATCH 5 None MEM: 0 MB
LDB: TIME 1370.62 LOAD: AVG 0.468917 MAX 0.518317  PROXIES: TOTAL 348 MAXPE 45 MAXPATCH 5 RefineTorusLB MEM: 0 MB
LDB: TIME 1370.62 LOAD: AVG 0.468917 MAX 0.518317  PROXIES: TOTAL 348 MAXPE 45 MAXPATCH 5 RefineTorusLB MEM: 0 MB
LDB: Reverting to original mapping
LDB: ============== END OF LOAD BALANCING =============== 1370.62
Info: useSync: 0 useProxySync: 0
LDB: =============== DONE WITH MIGRATION ================ 1370.62
TIMING: 229000  CPU: 1371.21, 0.00609092/step  Wall: 1373.43, 0.0060988/step, 1.30616 hours remaining, 0.000000 MB of memory in use.
PERFORMANCE: 229000  averaging 28.8135 ns/day, 0.00599719 sec/step with standard deviation 5.15681e-05
ENERGY:  229000       341.8205       951.6839      1443.7206        27.9413        -591058.5245     42225.8835        55.8133         0.0000     48545.1775        -497466.4840       293.1919   -546011.6615   -497367.6614       291.8716             36.3755        69.8619    830331.3765         6.3595         6.3779

TIMING: 230000  CPU: 1377.28, 0.00607388/step  Wall: 1379.51, 0.0060861/step, 1.30175 hours remaining, 0.000000 MB of memory in use.
PERFORMANCE: 230000  averaging 28.8116 ns/day, 0.00599758 sec/step with standard deviation 5.17882e-05
ETITLE:      TS           BOND          ANGLE          DIHED          IMPRP               ELECT            VDW       BOUNDARY           MISC        KINETIC               TOTAL           TEMP      POTENTIAL         TOTAL3        TEMPAVG            PRESSURE      GPRESSURE         VOLUME       PRESSAVG      GPRESSAVG

ENERGY:  230000       333.2567       961.3849      1453.0781        18.3156        -590866.6618     42211.9976        55.2140         0.0000     48368.8184        -497464.5963       292.1268   -545833.4147   -497362.5860       292.0765            -35.1488        -1.2027    832111.6576         0.0575         0.0412

WRITING EXTENDED SYSTEM TO RESTART FILE AT STEP 230000
WRITING COORDINATES TO DCD FILE eq1.dcd AT STEP 230000
WRITING COORDINATES TO RESTART FILE AT STEP 230000
FINISHED WRITING RESTART COORDINATES
WRITING VELOCITIES TO RESTART FILE AT STEP 230000
FINISHED WRITING RESTART VELOCITIES
TIMING: 231000  CPU: 1383.37, 0.00609153/step  Wall: 1385.63, 0.00611371/step, 1.30596 hours remaining, 0.000000 MB of memory in use.
PERFORMANCE: 231000  averaging 28.8092 ns/day, 0.00599808 sec/step with standard deviation 5.22374e-05
ENERGY:  231000       322.6431       934.8047      1441.7182        21.8913        -591313.7849     42473.0739        58.3612         0.0000     48493.3588        -497567.9336       292.8790   -546061.2924   -497469.6704       292.0619             97.6591       127.2311    831824.9691        -3.2702        -3.2251

TIMING: 232000  CPU: 1389.44, 0.00606525/step  Wall: 1391.71, 0.00607845/step, 1.29674 hours remaining, 0.000000 MB of memory in use.
PERFORMANCE: 232000  averaging 28.8076 ns/day, 0.00599843 sec/step with standard deviation 5.23906e-05
ENERGY:  232000       334.7667       919.8835      1458.3328        24.6435        -590536.7162     41874.2016        53.5599         0.0000     48541.6174        -497329.7108       293.1704   -545871.3281   -497222.7320       292.4336           -150.8464      -117.4871    831328.4866         2.3441         2.3410

LDB: ============= START OF LOAD BALANCING ============== 1394.38
LDB: ============== END OF LOAD BALANCING =============== 1394.38
Info: useSync: 0 useProxySync: 0
LDB: =============== DONE WITH MIGRATION ================ 1394.38
LDB: ============= START OF LOAD BALANCING ============== 1394.98
LDB: TIME 1394.98 LOAD: AVG 0.469857 MAX 0.514551  PROXIES: TOTAL 348 MAXPE 45 MAXPATCH 5 None MEM: 0 MB
LDB: TIME 1394.98 LOAD: AVG 0.469857 MAX 0.514551  PROXIES: TOTAL 348 MAXPE 45 MAXPATCH 5 RefineTorusLB MEM: 0 MB
LDB: TIME 1394.98 LOAD: AVG 0.469857 MAX 0.514551  PROXIES: TOTAL 348 MAXPE 45 MAXPATCH 5 RefineTorusLB MEM: 0 MB
LDB: Reverting to original mapping
LDB: ============== END OF LOAD BALANCING =============== 1394.99
Info: useSync: 0 useProxySync: 0
LDB: =============== DONE WITH MIGRATION ================ 1394.99
TIMING: 233000  CPU: 1395.51, 0.00606836/step  Wall: 1397.79, 0.00608013/step, 1.2954 hours remaining, 0.000000 MB of memory in use.
PERFORMANCE: 233000  averaging 28.8059 ns/day, 0.00599878 sec/step with standard deviation 5.25509e-05
ENERGY:  233000       347.3672       980.2094      1456.6202        22.6022        -590588.6838     41991.7505        42.3219         0.0000     48159.7520        -497588.0603       290.8641   -545747.8124   -497484.7925       291.8318            -88.5273       -58.6234    831588.4360         3.1235         3.1562

TIMING: 234000  CPU: 1401.57, 0.00606857/step  Wall: 1403.86, 0.00607713/step, 1.29308 hours remaining, 0.000000 MB of memory in use.
PERFORMANCE: 234000  averaging 28.8043 ns/day, 0.00599911 sec/step with standard deviation 5.26875e-05
ENERGY:  234000       320.1318       945.3398      1444.9818        24.1431        -590919.5069     42203.7172        54.2066         0.0000     48198.0012        -497728.9853       291.0951   -545926.9865   -497624.2870       291.3949           -107.8681       -74.5953    833947.6648        -2.7841        -2.7362

TIMING: 235000  CPU: 1407.64, 0.0060646/step  Wall: 1409.94, 0.00607963/step, 1.29192 hours remaining, 0.000000 MB of memory in use.
PERFORMANCE: 235000  averaging 28.8026 ns/day, 0.00599945 sec/step with standard deviation 5.28366e-05
ENERGY:  235000       323.6059       957.3525      1433.9271        22.2067        -590567.5970     41939.7214        45.2895         0.0000     48310.0999        -497535.3940       291.7722   -545845.4939   -497418.8127       291.5297           -157.4876      -124.8913    833113.1722         1.4510         1.4315

WRITING COORDINATES TO DCD FILE eq1.dcd AT STEP 235000
TIMING: 236000  CPU: 1413.71, 0.00606845/step  Wall: 1416.02, 0.00607825/step, 1.28994 hours remaining, 0.000000 MB of memory in use.
PERFORMANCE: 236000  averaging 28.801 ns/day, 0.00599979 sec/step with standard deviation 5.29729e-05
ENERGY:  236000       334.0314       941.5039      1446.4581        28.7463        -590446.9223     41871.2474        50.7441         0.0000     48242.2579        -497531.9333       291.3624   -545774.1912   -497426.7232       292.0838           -127.7986       -97.3199    832407.8218         5.1332         5.1021

LDB: ============= START OF LOAD BALANCING ============== 1418.69
LDB: ============== END OF LOAD BALANCING =============== 1418.69
Info: useSync: 0 useProxySync: 0
LDB: =============== DONE WITH MIGRATION ================ 1418.69
LDB: ============= START OF LOAD BALANCING ============== 1419.3
LDB: TIME 1419.3 LOAD: AVG 0.468765 MAX 0.510507  PROXIES: TOTAL 348 MAXPE 45 MAXPATCH 5 None MEM: 0 MB
LDB: TIME 1419.3 LOAD: AVG 0.468765 MAX 0.510507  PROXIES: TOTAL 348 MAXPE 45 MAXPATCH 5 RefineTorusLB MEM: 0 MB
LDB: TIME 1419.3 LOAD: AVG 0.468765 MAX 0.510507  PROXIES: TOTAL 348 MAXPE 45 MAXPATCH 5 RefineTorusLB MEM: 0 MB
LDB: ============== END OF LOAD BALANCING =============== 1419.3
Info: useSync: 0 useProxySync: 0
LDB: =============== DONE WITH MIGRATION ================ 1419.3
TIMING: 237000  CPU: 1419.76, 0.00605691/step  Wall: 1422.09, 0.00606835/step, 1.28615 hours remaining, 0.000000 MB of memory in use.
PERFORMANCE: 237000  averaging 28.7996 ns/day, 0.00600008 sec/step with standard deviation 5.30479e-05
ENERGY:  237000       341.2036       961.6431      1446.8922        29.1094        -590782.7580     42070.2283        53.5316         0.0000     48477.5918        -497402.5581       292.7837   -545880.1499   -497297.2004       291.5453           -111.7726       -79.6509    832912.0983         0.4398         0.3796

TIMING: 238000  CPU: 1425.84, 0.00607269/step  Wall: 1428.18, 0.00608528/step, 1.28805 hours remaining, 0.000000 MB of memory in use.
PERFORMANCE: 238000  averaging 28.7979 ns/day, 0.00600044 sec/step with standard deviation 5.32231e-05
ENERGY:  238000       335.4950       971.9678      1436.6291        33.1814        -591230.2029     42207.1333        51.1463         0.0000     48456.3259        -497738.3240       292.6553   -546194.6499   -497637.1549       291.6068            -45.0776        -9.9405    830652.0536        -3.7336        -3.7133

TIMING: 239000  CPU: 1431.91, 0.0060767/step  Wall: 1434.26, 0.00608568/step, 1.28645 hours remaining, 0.000000 MB of memory in use.
PERFORMANCE: 239000  averaging 28.7962 ns/day, 0.00600079 sec/step with standard deviation 5.33967e-05
ENERGY:  239000       330.3685      1015.6077      1432.8048        21.7754        -591112.0027     42423.5727        54.0735         0.0000     48152.8109        -497680.9893       290.8222   -545833.8002   -497571.1593       291.5864             50.9024        86.1846    830780.9053         1.9107         1.9718

TIMING: 240000  CPU: 1437.99, 0.00607642/step  Wall: 1440.35, 0.00608856/step, 1.28536 hours remaining, 0.000000 MB of memory in use.
PERFORMANCE: 240000  averaging 28.7944 ns/day, 0.00600116 sec/step with standard deviation 5.35852e-05
ETITLE:      TS           BOND          ANGLE          DIHED          IMPRP               ELECT            VDW       BOUNDARY           MISC        KINETIC               TOTAL           TEMP      POTENTIAL         TOTAL3        TEMPAVG            PRESSURE      GPRESSURE         VOLUME       PRESSAVG      GPRESSAVG

ENERGY:  240000       300.3818       973.0522      1441.1914        27.7185        -590549.5838     42248.2083        60.8329         0.0000     48408.4839        -497089.7148       292.3664   -545498.1987   -496982.5143       291.8902             31.2509        67.7845    831693.0201         2.7447         2.7901

WRITING EXTENDED SYSTEM TO RESTART FILE AT STEP 240000
WRITING COORDINATES TO DCD FILE eq1.dcd AT STEP 240000
WRITING COORDINATES TO RESTART FILE AT STEP 240000
FINISHED WRITING RESTART COORDINATES
WRITING VELOCITIES TO RESTART FILE AT STEP 240000
FINISHED WRITING RESTART VELOCITIES
LDB: ============= START OF LOAD BALANCING ============== 1443.06
LDB: ============== END OF LOAD BALANCING =============== 1443.06
Info: useSync: 0 useProxySync: 0
LDB: =============== DONE WITH MIGRATION ================ 1443.06
LDB: ============= START OF LOAD BALANCING ============== 1443.67
LDB: TIME 1443.67 LOAD: AVG 0.470573 MAX 0.516115  PROXIES: TOTAL 348 MAXPE 45 MAXPATCH 5 None MEM: 0 MB
LDB: TIME 1443.67 LOAD: AVG 0.470573 MAX 0.516115  PROXIES: TOTAL 348 MAXPE 45 MAXPATCH 5 RefineTorusLB MEM: 0 MB
LDB: TIME 1443.67 LOAD: AVG 0.470573 MAX 0.516115  PROXIES: TOTAL 348 MAXPE 45 MAXPATCH 5 RefineTorusLB MEM: 0 MB
LDB: Reverting to original mapping
LDB: ============== END OF LOAD BALANCING =============== 1443.67
Info: useSync: 0 useProxySync: 0
LDB: =============== DONE WITH MIGRATION ================ 1443.67
TIMING: 241000  CPU: 1444.09, 0.00609835/step  Wall: 1446.47, 0.00612396/step, 1.29114 hours remaining, 0.000000 MB of memory in use.
PERFORMANCE: 241000  averaging 28.792 ns/day, 0.00600167 sec/step with standard deviation 5.40554e-05
ENERGY:  241000       335.6238       929.0694      1452.3167        24.6083        -590315.2658     42146.0187        52.5943         0.0000     48143.0556        -497231.9789       290.7633   -545375.0345   -497133.2639       291.9645            -60.7702       -24.2663    832442.5897         2.9690         2.9495

TIMING: 242000  CPU: 1450.17, 0.00607694/step  Wall: 1452.56, 0.00608962/step, 1.2822 hours remaining, 0.000000 MB of memory in use.
PERFORMANCE: 242000  averaging 28.7903 ns/day, 0.00600203 sec/step with standard deviation 5.42386e-05
ENERGY:  242000       337.4406       966.3981      1430.7519        21.6558        -590782.5196     42379.8024        51.8065         0.0000     48241.2196        -497353.4449       291.3562   -545594.6644   -497253.8043       292.0185              0.9847        37.1777    832616.2989         2.2066         2.2369

TIMING: 243000  CPU: 1456.23, 0.00606461/step  Wall: 1458.64, 0.00607324/step, 1.27707 hours remaining, 0.000000 MB of memory in use.
PERFORMANCE: 243000  averaging 28.7889 ns/day, 0.00600232 sec/step with standard deviation 5.43189e-05
ENERGY:  243000       339.3846       899.4338      1435.3787        24.8512        -590395.8849     41859.5652        57.5855         0.0000     48591.5602        -497188.1257       293.4721   -545779.6859   -497090.6972       292.2294           -106.9034       -74.7075    832428.5310       -12.1154       -12.1485

TIMING: 244000  CPU: 1462.3, 0.00606908/step  Wall: 1464.72, 0.00608048/step, 1.2769 hours remaining, 0.000000 MB of memory in use.
PERFORMANCE: 244000  averaging 28.7873 ns/day, 0.00600264 sec/step with standard deviation 5.44374e-05
ENERGY:  244000       339.1188       949.4220      1448.7844        22.6200        -590760.1056     42328.7009        56.9315         0.0000     48441.5215        -497173.0064       292.5659   -545614.5279   -497067.3260       292.4674            -13.3961        23.5346    832550.2495       -10.6350       -10.6799

LDB: ============= START OF LOAD BALANCING ============== 1467.39
LDB: ============== END OF LOAD BALANCING =============== 1467.39
Info: useSync: 0 useProxySync: 0
LDB: =============== DONE WITH MIGRATION ================ 1467.39
LDB: ============= START OF LOAD BALANCING ============== 1468
LDB: TIME 1468 LOAD: AVG 0.469998 MAX 0.515689  PROXIES: TOTAL 348 MAXPE 45 MAXPATCH 5 None MEM: 0 MB
LDB: TIME 1468 LOAD: AVG 0.469998 MAX 0.515689  PROXIES: TOTAL 348 MAXPE 45 MAXPATCH 5 RefineTorusLB MEM: 0 MB
LDB: TIME 1468 LOAD: AVG 0.469998 MAX 0.515689  PROXIES: TOTAL 348 MAXPE 45 MAXPATCH 5 RefineTorusLB MEM: 0 MB
LDB: ============== END OF LOAD BALANCING =============== 1468
Info: useSync: 0 useProxySync: 0
LDB: =============== DONE WITH MIGRATION ================ 1468
TIMING: 245000  CPU: 1468.37, 0.00606913/step  Wall: 1470.8, 0.00608198/step, 1.27553 hours remaining, 0.000000 MB of memory in use.
PERFORMANCE: 245000  averaging 28.7858 ns/day, 0.00600297 sec/step with standard deviation 5.45617e-05
ENERGY:  245000       350.2051       950.0270      1442.0127        27.2815        -590367.2037     42029.0156        48.6394         0.0000     48098.3460        -497421.6763       290.4933   -545520.0223   -497319.7119       291.8860            -31.7512         0.7874    831891.1933         0.9751         1.0248

WRITING COORDINATES TO DCD FILE eq1.dcd AT STEP 245000
TIMING: 246000  CPU: 1474.44, 0.00606825/step  Wall: 1476.88, 0.00607999/step, 1.27342 hours remaining, 0.000000 MB of memory in use.
PERFORMANCE: 246000  averaging 28.7843 ns/day, 0.00600328 sec/step with standard deviation 5.46712e-05
ENERGY:  246000       365.3710       959.8919      1434.6142        21.7477        -590746.3473     42129.7200        56.4593         0.0000     48498.4372        -497280.1062       292.9096   -545778.5433   -497174.8502       292.0995            -63.5428       -33.1669    831674.7514         4.2573         4.2634

TIMING: 247000  CPU: 1480.51, 0.00607658/step  Wall: 1482.97, 0.00608707/step, 1.27321 hours remaining, 0.000000 MB of memory in use.
PERFORMANCE: 247000  averaging 28.7826 ns/day, 0.00600362 sec/step with standard deviation 5.48199e-05
ENERGY:  247000       343.8016       961.1918      1441.5857        27.7290        -591218.6339     42358.7746        64.7349         0.0000     48547.7876        -497473.0288       293.2077   -546020.8163   -497362.3427       292.5204            -63.4112       -32.9312    832661.2702         5.5787         5.5944

TIMING: 248000  CPU: 1486.59, 0.00607224/step  Wall: 1489.05, 0.00608429/step, 1.27094 hours remaining, 0.000000 MB of memory in use.
PERFORMANCE: 248000  averaging 28.7811 ns/day, 0.00600395 sec/step with standard deviation 5.49481e-05
ENERGY:  248000       336.4667       979.4618      1414.1831        32.0341        -591419.6935     42558.9016        67.2054         0.0000     48266.7016        -497764.7392       291.5101   -546031.4408   -497673.2437       291.8236            127.7502       160.7968    830833.6934        -0.0770        -0.0703

LDB: ============= START OF LOAD BALANCING ============== 1491.73
LDB: ============== END OF LOAD BALANCING =============== 1491.73
Info: useSync: 0 useProxySync: 0
LDB: =============== DONE WITH MIGRATION ================ 1491.73
LDB: ============= START OF LOAD BALANCING ============== 1492.34
LDB: TIME 1492.34 LOAD: AVG 0.471149 MAX 0.517262  PROXIES: TOTAL 348 MAXPE 45 MAXPATCH 5 None MEM: 0 MB
LDB: TIME 1492.34 LOAD: AVG 0.471149 MAX 0.517262  PROXIES: TOTAL 348 MAXPE 45 MAXPATCH 5 RefineTorusLB MEM: 0 MB
LDB: TIME 1492.34 LOAD: AVG 0.471149 MAX 0.517262  PROXIES: TOTAL 348 MAXPE 45 MAXPATCH 5 RefineTorusLB MEM: 0 MB
LDB: ============== END OF LOAD BALANCING =============== 1492.34
Info: useSync: 0 useProxySync: 0
LDB: =============== DONE WITH MIGRATION ================ 1492.34
TIMING: 249000  CPU: 1492.67, 0.00608079/step  Wall: 1495.14, 0.00609184/step, 1.27083 hours remaining, 0.000000 MB of memory in use.
PERFORMANCE: 249000  averaging 28.7794 ns/day, 0.0060043 sec/step with standard deviation 5.51193e-05
ENERGY:  249000       351.0272       944.9075      1423.1862        31.0035        -591984.6248     43069.1211        58.6453         0.0000     48473.9681        -497632.7658       292.7619   -546106.7340   -497528.0889       291.6798            230.4608       264.4462    830531.1370        -0.2837        -0.2066

TIMING: 250000  CPU: 1498.75, 0.00608123/step  Wall: 1501.24, 0.00609289/step, 1.26935 hours remaining, 0.000000 MB of memory in use.
PERFORMANCE: 250000  averaging 28.7777 ns/day, 0.00600465 sec/step with standard deviation 5.52932e-05
ETITLE:      TS           BOND          ANGLE          DIHED          IMPRP               ELECT            VDW       BOUNDARY           MISC        KINETIC               TOTAL           TEMP      POTENTIAL         TOTAL3        TEMPAVG            PRESSURE      GPRESSURE         VOLUME       PRESSAVG      GPRESSAVG

ENERGY:  250000       338.6678       962.4494      1451.8683        20.3029        -590660.1057     41996.6052        51.5380         0.0000     48265.3918        -497573.2823       291.5021   -545838.6741   -497467.5022       292.2037           -108.1751       -75.8823    831648.2176         2.5340         2.5907

WRITING EXTENDED SYSTEM TO RESTART FILE AT STEP 250000
WRITING COORDINATES TO DCD FILE eq1.dcd AT STEP 250000
WRITING COORDINATES TO RESTART FILE AT STEP 250000
FINISHED WRITING RESTART COORDINATES
WRITING VELOCITIES TO RESTART FILE AT STEP 250000
FINISHED WRITING RESTART VELOCITIES
TIMING: 251000  CPU: 1504.84, 0.00609423/step  Wall: 1507.35, 0.00611762/step, 1.2728 hours remaining, 0.000000 MB of memory in use.
PERFORMANCE: 251000  averaging 28.7755 ns/day, 0.0060051 sec/step with standard deviation 5.56413e-05
ENERGY:  251000       320.8420       957.7410      1439.5442        24.1272        -590751.4094     42069.1594        55.3731         0.0000     48461.2062        -497423.4162       292.6848   -545884.6224   -497318.3584       292.6857            -58.5197       -26.4813    831160.9421         0.1876         0.0658

TIMING: 252000  CPU: 1510.9, 0.00606056/step  Wall: 1513.43, 0.0060726/step, 1.26175 hours remaining, 0.000000 MB of memory in use.
PERFORMANCE: 252000  averaging 28.7742 ns/day, 0.00600537 sec/step with standard deviation 5.56928e-05
ENERGY:  252000       357.1186       961.4525      1448.9028        24.8182        -591231.1249     42459.0256        56.7512         0.0000     48323.3426        -497599.7134       291.8521   -545923.0560   -497492.3817       292.2173            -88.3741       -55.5670    832859.0680         4.0495         4.0415

LDB: ============= START OF LOAD BALANCING ============== 1516.1
LDB: ============== END OF LOAD BALANCING =============== 1516.1
Info: useSync: 0 useProxySync: 0
LDB: =============== DONE WITH MIGRATION ================ 1516.1
LDB: ============= START OF LOAD BALANCING ============== 1516.71
LDB: TIME 1516.71 LOAD: AVG 0.469959 MAX 0.510794  PROXIES: TOTAL 348 MAXPE 45 MAXPATCH 5 None MEM: 0 MB
LDB: TIME 1516.71 LOAD: AVG 0.469959 MAX 0.510794  PROXIES: TOTAL 348 MAXPE 45 MAXPATCH 5 RefineTorusLB MEM: 0 MB
LDB: TIME 1516.71 LOAD: AVG 0.469959 MAX 0.510794  PROXIES: TOTAL 348 MAXPE 45 MAXPATCH 5 RefineTorusLB MEM: 0 MB
LDB: ============== END OF LOAD BALANCING =============== 1516.71
Info: useSync: 0 useProxySync: 0
LDB: =============== DONE WITH MIGRATION ================ 1516.71
TIMING: 253000  CPU: 1516.97, 0.00606468/step  Wall: 1519.5, 0.00607507/step, 1.26058 hours remaining, 0.000000 MB of memory in use.
PERFORMANCE: 253000  averaging 28.7729 ns/day, 0.00600565 sec/step with standard deviation 5.57547e-05
ENERGY:  253000       338.9153       928.0226      1452.8823        25.6370        -590520.4565     41996.3675        49.1103         0.0000     48338.7849        -497390.7364       291.9454   -545729.5213   -497289.0942       291.9054           -161.6255      -127.6781    832824.7038         7.1858         7.2158

TIMING: 254000  CPU: 1523.04, 0.0060725/step  Wall: 1525.59, 0.00608512/step, 1.26097 hours remaining, 0.000000 MB of memory in use.
PERFORMANCE: 254000  averaging 28.7714 ns/day, 0.00600596 sec/step with standard deviation 5.58674e-05
ENERGY:  254000       309.2230       934.5326      1437.6174        22.8521        -591111.8437     42663.8224        57.8655         0.0000     48685.8875        -497000.0431       294.0418   -545685.9306   -496892.4815       292.2920            140.9992       170.9904    832442.5282         1.8093         1.7570

TIMING: 255000  CPU: 1529.1, 0.00606535/step  Wall: 1531.66, 0.00607792/step, 1.25779 hours remaining, 0.000000 MB of memory in use.
PERFORMANCE: 255000  averaging 28.7701 ns/day, 0.00600624 sec/step with standard deviation 5.59391e-05
ENERGY:  255000       356.3613       949.0550      1431.9585        25.2049        -590072.8415     41978.4136        56.4668         0.0000     48322.4274        -496952.9541       291.8466   -545275.3815   -496855.1654       292.6501           -174.4609      -138.6274    833194.3355        -0.1926        -0.1477

WRITING COORDINATES TO DCD FILE eq1.dcd AT STEP 255000
TIMING: 256000  CPU: 1535.18, 0.00607286/step  Wall: 1537.75, 0.00608267/step, 1.25709 hours remaining, 0.000000 MB of memory in use.
PERFORMANCE: 256000  averaging 28.7686 ns/day, 0.00600654 sec/step with standard deviation 5.60333e-05
ENERGY:  256000       336.6472       961.3044      1434.6579        21.7599        -591077.8579     42730.1538        57.1372         0.0000     48131.8895        -497404.3079       290.6958   -545536.1974   -497301.6722       292.5408             91.1521       122.9551    832838.3639        -1.2432        -1.2724

LDB: ============= START OF LOAD BALANCING ============== 1540.42
LDB: ============== END OF LOAD BALANCING =============== 1540.42
Info: useSync: 0 useProxySync: 0
LDB: =============== DONE WITH MIGRATION ================ 1540.42
LDB: ============= START OF LOAD BALANCING ============== 1541.03
LDB: TIME 1541.03 LOAD: AVG 0.468391 MAX 0.51348  PROXIES: TOTAL 348 MAXPE 45 MAXPATCH 5 None MEM: 0 MB
LDB: TIME 1541.03 LOAD: AVG 0.468391 MAX 0.51348  PROXIES: TOTAL 348 MAXPE 45 MAXPATCH 5 RefineTorusLB MEM: 0 MB
LDB: TIME 1541.03 LOAD: AVG 0.468391 MAX 0.51348  PROXIES: TOTAL 348 MAXPE 45 MAXPATCH 5 RefineTorusLB MEM: 0 MB
LDB: Reverting to original mapping
LDB: ============== END OF LOAD BALANCING =============== 1541.03
Info: useSync: 0 useProxySync: 0
LDB: =============== DONE WITH MIGRATION ================ 1541.03
TIMING: 257000  CPU: 1541.26, 0.00608062/step  Wall: 1543.84, 0.0060908/step, 1.25707 hours remaining, 0.000000 MB of memory in use.
PERFORMANCE: 257000  averaging 28.7671 ns/day, 0.00600687 sec/step with standard deviation 5.61702e-05
ENERGY:  257000       338.2302       907.3182      1432.9319        23.0950        -590897.7082     42420.2189        47.4968         0.0000     48425.0168        -497303.4005       292.4662   -545728.4173   -497192.4928       292.2223            -27.1280         5.3745    833158.4811         2.6905         2.6505

TIMING: 258000  CPU: 1547.32, 0.00606525/step  Wall: 1549.91, 0.00607768/step, 1.25268 hours remaining, 0.000000 MB of memory in use.
PERFORMANCE: 258000  averaging 28.7658 ns/day, 0.00600714 sec/step with standard deviation 5.62339e-05
ENERGY:  258000       341.5662       939.6604      1429.2606        16.7135        -590673.5836     42190.4521        54.5553         0.0000     48283.0710        -497418.3045       291.6089   -545701.3754   -497309.1579       291.5495            -15.0363        18.2558    831875.1044         0.1659         0.2478

TIMING: 259000  CPU: 1553.4, 0.00607234/step  Wall: 1556, 0.00608512/step, 1.25252 hours remaining, 0.000000 MB of memory in use.
PERFORMANCE: 259000  averaging 28.7643 ns/day, 0.00600744 sec/step with standard deviation 5.63336e-05
ENERGY:  259000       323.8941       955.6562      1441.5741        26.3938        -590530.1719     41904.0002        53.7253         0.0000     48757.6614        -497067.2666       294.4752   -545824.9281   -496956.3497       292.3183            -88.1349       -54.2046    833853.7211         1.6483         1.6157

WRITING COORDINATES TO DCD FILE eq1.dcd AT STEP 260000
WRITING COORDINATES TO RESTART FILE AT STEP 260000
FINISHED WRITING RESTART COORDINATES
TIMING: 260000  CPU: 1559.49, 0.00609715/step  Wall: 1562.11, 0.00611027/step, 1.256 hours remaining, 0.000000 MB of memory in use.
PERFORMANCE: 260000  averaging 28.7624 ns/day, 0.00600784 sec/step with standard deviation 5.65852e-05
ETITLE:      TS           BOND          ANGLE          DIHED          IMPRP               ELECT            VDW       BOUNDARY           MISC        KINETIC               TOTAL           TEMP      POTENTIAL         TOTAL3        TEMPAVG            PRESSURE      GPRESSURE         VOLUME       PRESSAVG      GPRESSAVG

ENERGY:  260000       322.6594       966.5924      1426.9396        24.2235        -589926.0396     41715.1805        48.9967         0.0000     48251.0603        -497170.3872       291.4156   -545421.4475   -497076.4534       292.7034           -194.0283      -161.3615    831816.5008        -0.4077        -0.3227

WRITING EXTENDED SYSTEM TO RESTART FILE AT STEP 260000
WRITING VELOCITIES TO RESTART FILE AT STEP 260000
FINISHED WRITING RESTART VELOCITIES
LDB: ============= START OF LOAD BALANCING ============== 1564.79
LDB: ============== END OF LOAD BALANCING =============== 1564.79
Info: useSync: 0 useProxySync: 0
LDB: =============== DONE WITH MIGRATION ================ 1564.79
LDB: ============= START OF LOAD BALANCING ============== 1565.41
LDB: TIME 1565.41 LOAD: AVG 0.470589 MAX 0.514912  PROXIES: TOTAL 348 MAXPE 45 MAXPATCH 5 None MEM: 0 MB
LDB: TIME 1565.41 LOAD: AVG 0.470589 MAX 0.514912  PROXIES: TOTAL 348 MAXPE 45 MAXPATCH 5 RefineTorusLB MEM: 0 MB
LDB: TIME 1565.41 LOAD: AVG 0.470589 MAX 0.514912  PROXIES: TOTAL 348 MAXPE 45 MAXPATCH 5 RefineTorusLB MEM: 0 MB
LDB: ============== END OF LOAD BALANCING =============== 1565.41
Info: useSync: 0 useProxySync: 0
LDB: =============== DONE WITH MIGRATION ================ 1565.41
TIMING: 261000  CPU: 1565.58, 0.00608838/step  Wall: 1568.22, 0.00610625/step, 1.25348 hours remaining, 0.000000 MB of memory in use.
PERFORMANCE: 261000  averaging 28.7606 ns/day, 0.00600822 sec/step with standard deviation 5.68039e-05
ENERGY:  261000       345.6101       950.5498      1442.8573        27.2519        -591005.0619     42144.4455        55.5028         0.0000     48498.1494        -497540.6951       292.9079   -546038.8445   -497445.7954       291.9761           -128.4128       -97.3910    832450.0898        -2.0040        -2.0319

TIMING: 262000  CPU: 1571.65, 0.00606884/step  Wall: 1574.3, 0.00608361/step, 1.24714 hours remaining, 0.000000 MB of memory in use.
PERFORMANCE: 262000  averaging 28.7592 ns/day, 0.0060085 sec/step with standard deviation 5.6886e-05
ENERGY:  262000       374.1753       920.3633      1435.6113        21.1207        -591574.1183     42425.5466        51.4847         0.0000     48322.6223        -498023.1942       291.8478   -546345.8164   -497919.8909       291.5451             35.1464        66.9605    830209.0129         2.8435         2.8120

TIMING: 263000  CPU: 1577.73, 0.0060778/step  Wall: 1580.39, 0.00608651/step, 1.24604 hours remaining, 0.000000 MB of memory in use.
PERFORMANCE: 263000  averaging 28.7578 ns/day, 0.0060088 sec/step with standard deviation 5.69808e-05
ENERGY:  263000       312.0376       974.7915      1429.0616        25.6318        -591673.0026     42555.2546        54.7789         0.0000     48245.7260        -498075.7206       291.3834   -546321.4466   -497977.5237       291.0688             68.4677        99.9517    830058.1745        -5.7660        -5.7076

TIMING: 264000  CPU: 1583.81, 0.00608308/step  Wall: 1586.48, 0.00609178/step, 1.24543 hours remaining, 0.000000 MB of memory in use.
PERFORMANCE: 264000  averaging 28.7563 ns/day, 0.00600911 sec/step with standard deviation 5.71012e-05
ENERGY:  264000       348.9144       949.3139      1442.0349        22.7730        -590604.6095     41850.9869        52.4583         0.0000     48178.5314        -497759.5967       290.9775   -545938.1280   -497659.3355       291.2797            -73.4537       -43.8985    831791.1809         2.5676         2.4758

LDB: ============= START OF LOAD BALANCING ============== 1589.15
LDB: ============== END OF LOAD BALANCING =============== 1589.15
Info: useSync: 0 useProxySync: 0
LDB: =============== DONE WITH MIGRATION ================ 1589.15
LDB: ============= START OF LOAD BALANCING ============== 1589.76
LDB: TIME 1589.76 LOAD: AVG 0.469768 MAX 0.515514  PROXIES: TOTAL 348 MAXPE 45 MAXPATCH 5 None MEM: 0 MB
LDB: TIME 1589.76 LOAD: AVG 0.469768 MAX 0.515514  PROXIES: TOTAL 348 MAXPE 45 MAXPATCH 5 RefineTorusLB MEM: 0 MB
LDB: TIME 1589.76 LOAD: AVG 0.469768 MAX 0.515514  PROXIES: TOTAL 348 MAXPE 45 MAXPATCH 5 RefineTorusLB MEM: 0 MB
LDB: ============== END OF LOAD BALANCING =============== 1589.76
Info: useSync: 0 useProxySync: 0
LDB: =============== DONE WITH MIGRATION ================ 1589.76
TIMING: 265000  CPU: 1589.89, 0.00608336/step  Wall: 1592.57, 0.00609374/step, 1.24414 hours remaining, 0.000000 MB of memory in use.
PERFORMANCE: 265000  averaging 28.7548 ns/day, 0.00600943 sec/step with standard deviation 5.72295e-05
ENERGY:  265000       319.7410       912.0935      1445.5983        22.2154        -590723.5919     42164.7277        62.7053         0.0000     48419.0885        -497377.4221       292.4304   -545796.5106   -497262.8102       291.7963           -102.0444       -71.5514    832617.7998        -8.1007        -8.0789

WRITING COORDINATES TO DCD FILE eq1.dcd AT STEP 265000
TIMING: 266000  CPU: 1595.99, 0.00609503/step  Wall: 1598.67, 0.00610184/step, 1.2441 hours remaining, 0.000000 MB of memory in use.
PERFORMANCE: 266000  averaging 28.7531 ns/day, 0.00600978 sec/step with standard deviation 5.74018e-05
ENERGY:  266000       333.9800       925.2921      1434.1348        26.2703        -590766.6877     42163.9207        53.9019         0.0000     48240.4934        -497588.6945       291.3518   -545829.1879   -497480.2107       292.1528            -33.3933        -0.4156    831893.7302         0.2845         0.2767

TIMING: 267000  CPU: 1602.05, 0.00606272/step  Wall: 1604.75, 0.00607334/step, 1.2366 hours remaining, 0.000000 MB of memory in use.
PERFORMANCE: 267000  averaging 28.752 ns/day, 0.00601002 sec/step with standard deviation 5.74256e-05
ENERGY:  267000       307.5925       969.0690      1439.8358        22.7338        -590837.0519     42124.0709        51.6851         0.0000     48658.4179        -497263.6469       293.8759   -545922.0648   -497153.8424       292.2951            -46.3442       -13.2747    830346.7911         3.7655         3.7803

TIMING: 268000  CPU: 1608.14, 0.00608301/step  Wall: 1610.84, 0.00609268/step, 1.23885 hours remaining, 0.000000 MB of memory in use.
PERFORMANCE: 268000  averaging 28.7505 ns/day, 0.00601033 sec/step with standard deviation 5.754e-05
ENERGY:  268000       315.1849       912.3712      1454.8564        25.1462        -590572.1731     42163.1405        54.6160         0.0000     48467.5200        -497179.3380       292.7229   -545646.8580   -497084.8051       292.2658             40.6157        69.7761    831417.9937         1.1524         1.1745

LDB: ============= START OF LOAD BALANCING ============== 1613.51
LDB: ============== END OF LOAD BALANCING =============== 1613.51
Info: useSync: 0 useProxySync: 0
LDB: =============== DONE WITH MIGRATION ================ 1613.51
LDB: ============= START OF LOAD BALANCING ============== 1614.11
LDB: TIME 1614.11 LOAD: AVG 0.467466 MAX 0.513048  PROXIES: TOTAL 348 MAXPE 45 MAXPATCH 5 None MEM: 0 MB
LDB: TIME 1614.11 LOAD: AVG 0.467466 MAX 0.513048  PROXIES: TOTAL 348 MAXPE 45 MAXPATCH 5 RefineTorusLB MEM: 0 MB
LDB: TIME 1614.11 LOAD: AVG 0.467466 MAX 0.513048  PROXIES: TOTAL 348 MAXPE 45 MAXPATCH 5 RefineTorusLB MEM: 0 MB
LDB: Reverting to original mapping
LDB: ============== END OF LOAD BALANCING =============== 1614.11
Info: useSync: 0 useProxySync: 0
LDB: =============== DONE WITH MIGRATION ================ 1614.11
TIMING: 269000  CPU: 1614.2, 0.00606781/step  Wall: 1616.91, 0.00607253/step, 1.23306 hours remaining, 0.000000 MB of memory in use.
PERFORMANCE: 269000  averaging 28.7494 ns/day, 0.00601056 sec/step with standard deviation 5.75576e-05
ENERGY:  269000       323.9918       991.5574      1451.4042        23.0443        -590720.3809     42269.1379        55.4317         0.0000     48444.2457        -497161.5679       292.5823   -545605.8136   -497063.1115       292.3745             25.4110        58.8170    831548.2678         0.2516         0.2252

WRITING COORDINATES TO DCD FILE eq1.dcd AT STEP 270000
WRITING COORDINATES TO RESTART FILE AT STEP 270000
FINISHED WRITING RESTART COORDINATES
TIMING: 270000  CPU: 1620.29, 0.00608628/step  Wall: 1623.01, 0.00610098/step, 1.23714 hours remaining, 0.000000 MB of memory in use.
PERFORMANCE: 270000  averaging 28.7478 ns/day, 0.00601089 sec/step with standard deviation 5.77135e-05
ETITLE:      TS           BOND          ANGLE          DIHED          IMPRP               ELECT            VDW       BOUNDARY           MISC        KINETIC               TOTAL           TEMP      POTENTIAL         TOTAL3        TEMPAVG            PRESSURE      GPRESSURE         VOLUME       PRESSAVG      GPRESSAVG

ENERGY:  270000       326.7519       955.5660      1431.9283        22.8031        -590656.2800     42217.6992        53.4557         0.0000     48562.8488        -497085.2268       293.2987   -545648.0757   -496976.1946       292.5107           -115.3096       -81.5126    833352.4692         3.9096         3.9328

WRITING EXTENDED SYSTEM TO RESTART FILE AT STEP 270000
WRITING VELOCITIES TO RESTART FILE AT STEP 270000
FINISHED WRITING RESTART VELOCITIES
TIMING: 271000  CPU: 1626.36, 0.0060703/step  Wall: 1629.1, 0.00608897/step, 1.23302 hours remaining, 0.000000 MB of memory in use.
PERFORMANCE: 271000  averaging 28.7464 ns/day, 0.00601118 sec/step with standard deviation 5.78014e-05
ENERGY:  271000       371.4016       945.2253      1452.8812        21.4992        -590536.2095     42240.5536        53.5866         0.0000     48279.2756        -497171.7864       291.5860   -545451.0620   -497064.7391       292.3782            -45.8057       -13.0332    833046.6650         5.1124         5.1177

TIMING: 272000  CPU: 1632.42, 0.00606279/step  Wall: 1635.17, 0.00607131/step, 1.22775 hours remaining, 0.000000 MB of memory in use.
PERFORMANCE: 272000  averaging 28.7454 ns/day, 0.0060114 sec/step with standard deviation 5.78097e-05
ENERGY:  272000       340.3250       943.0967      1436.3266        23.5427        -590787.6101     42254.5468        55.6343         0.0000     48360.9843        -497373.1537       292.0795   -545734.1380   -497277.6460       292.0422             -3.1953        29.0905    832396.4448         3.5364         3.5732

LDB: ============= START OF LOAD BALANCING ============== 1637.84
LDB: ============== END OF LOAD BALANCING =============== 1637.84
Info: useSync: 0 useProxySync: 0
LDB: =============== DONE WITH MIGRATION ================ 1637.84
LDB: ============= START OF LOAD BALANCING ============== 1638.45
LDB: TIME 1638.45 LOAD: AVG 0.469437 MAX 0.517592  PROXIES: TOTAL 348 MAXPE 45 MAXPATCH 5 None MEM: 0 MB
LDB: TIME 1638.45 LOAD: AVG 0.469437 MAX 0.517592  PROXIES: TOTAL 348 MAXPE 45 MAXPATCH 5 RefineTorusLB MEM: 0 MB
LDB: TIME 1638.45 LOAD: AVG 0.469437 MAX 0.517592  PROXIES: TOTAL 348 MAXPE 45 MAXPATCH 5 RefineTorusLB MEM: 0 MB
LDB: Reverting to original mapping
LDB: ============== END OF LOAD BALANCING =============== 1638.46
Info: useSync: 0 useProxySync: 0
LDB: =============== DONE WITH MIGRATION ================ 1638.46
TIMING: 273000  CPU: 1638.49, 0.00607078/step  Wall: 1641.25, 0.00607903/step, 1.22763 hours remaining, 0.000000 MB of memory in use.
PERFORMANCE: 273000  averaging 28.7442 ns/day, 0.00601165 sec/step with standard deviation 5.78483e-05
ENERGY:  273000       343.8237       928.6991      1452.5582        25.9595        -590179.2375     41922.1276        47.5145         0.0000     48402.9505        -497055.6045       292.3329   -545458.5549   -496944.4651       292.2528           -137.6368      -101.8584    834293.3660         0.4787         0.5519

TIMING: 274000  CPU: 1644.56, 0.00607084/step  Wall: 1647.33, 0.0060806/step, 1.22625 hours remaining, 0.000000 MB of memory in use.
PERFORMANCE: 274000  averaging 28.743 ns/day, 0.0060119 sec/step with standard deviation 5.78923e-05
ENERGY:  274000       354.5519       935.0844      1443.5646        24.9714        -591003.3692     42468.4411        48.4630         0.0000     48200.2626        -497528.0303       291.1088   -545728.2929   -497424.3792       292.0245             76.4924       110.3891    832044.0729         1.2215         1.2422

TIMING: 275000  CPU: 1650.64, 0.00607965/step  Wall: 1653.42, 0.0060881/step, 1.22608 hours remaining, 0.000000 MB of memory in use.
PERFORMANCE: 275000  averaging 28.7417 ns/day, 0.00601218 sec/step with standard deviation 5.7969e-05
ENERGY:  275000       344.9273       953.4310      1431.3793        21.7566        -590808.7793     42266.4454        59.0602         0.0000     48407.5516        -497324.2279       292.3607   -545731.7796   -497215.6145       292.2511             -9.8769        26.6883    831938.5914         3.1675         3.1752

WRITING COORDINATES TO DCD FILE eq1.dcd AT STEP 275000
TIMING: 276000  CPU: 1656.74, 0.00609481/step  Wall: 1659.53, 0.00610438/step, 1.22766 hours remaining, 0.000000 MB of memory in use.
PERFORMANCE: 276000  averaging 28.7401 ns/day, 0.00601251 sec/step with standard deviation 5.81291e-05
ENERGY:  276000       342.8711       916.9945      1442.6634        22.7232        -590724.0636     42196.1002        47.4031         0.0000     48420.2226        -497335.0857       292.4373   -545755.3083   -497230.5811       292.4574            -23.3812         9.2558    833704.8380        -1.4001        -1.4495

LDB: ============= START OF LOAD BALANCING ============== 1662.2
LDB: ============== END OF LOAD BALANCING =============== 1662.2
Info: useSync: 0 useProxySync: 0
LDB: =============== DONE WITH MIGRATION ================ 1662.2
LDB: ============= START OF LOAD BALANCING ============== 1662.81
LDB: TIME 1662.81 LOAD: AVG 0.469338 MAX 0.51558  PROXIES: TOTAL 348 MAXPE 45 MAXPATCH 5 None MEM: 0 MB
LDB: TIME 1662.81 LOAD: AVG 0.469338 MAX 0.51558  PROXIES: TOTAL 348 MAXPE 45 MAXPATCH 5 RefineTorusLB MEM: 0 MB
LDB: TIME 1662.81 LOAD: AVG 0.469338 MAX 0.51558  PROXIES: TOTAL 348 MAXPE 45 MAXPATCH 5 RefineTorusLB MEM: 0 MB
LDB: ============== END OF LOAD BALANCING =============== 1662.81
Info: useSync: 0 useProxySync: 0
LDB: =============== DONE WITH MIGRATION ================ 1662.81
TIMING: 277000  CPU: 1662.81, 0.00607463/step  Wall: 1665.61, 0.00608532/step, 1.22214 hours remaining, 0.000000 MB of memory in use.
PERFORMANCE: 277000  averaging 28.7388 ns/day, 0.00601278 sec/step with standard deviation 5.81884e-05
ENERGY:  277000       324.8301       937.1102      1458.1936        23.5541        -590794.5037     42233.1289        46.2496         0.0000     48519.0257        -497252.4114       293.0340   -545771.4371   -497152.0257       292.5231             -8.0618        23.7975    832595.7571         1.0658         1.0731

TIMING: 278000  CPU: 1668.9, 0.0060873/step  Wall: 1671.71, 0.0060963/step, 1.22265 hours remaining, 0.000000 MB of memory in use.
PERFORMANCE: 278000  averaging 28.7374 ns/day, 0.00601308 sec/step with standard deviation 5.82989e-05
ENERGY:  278000       352.5097       978.5003      1440.7035        21.1872        -591170.0808     42667.8636        60.6509         0.0000     48334.8922        -497313.7734       291.9219   -545648.6656   -497205.0898       292.3950            178.6723       211.1774    831636.4688         2.9793         2.9053

TIMING: 279000  CPU: 1674.97, 0.00607104/step  Wall: 1677.79, 0.00607944/step, 1.21758 hours remaining, 0.000000 MB of memory in use.
PERFORMANCE: 279000  averaging 28.7362 ns/day, 0.00601331 sec/step with standard deviation 5.83294e-05
ENERGY:  279000       354.0701       952.1307      1427.1754        27.2005        -590616.5980     42185.3642        58.6036         0.0000     48492.9764        -497119.0771       292.8767   -545612.0536   -497015.2065       292.2232             10.4631        45.6127    832698.8568        -0.3157        -0.3502

WRITING COORDINATES TO DCD FILE eq1.dcd AT STEP 280000
WRITING COORDINATES TO RESTART FILE AT STEP 280000
FINISHED WRITING RESTART COORDINATES
TIMING: 280000  CPU: 1681.07, 0.00609365/step  Wall: 1683.89, 0.00610679/step, 1.22136 hours remaining, 0.000000 MB of memory in use.
PERFORMANCE: 280000  averaging 28.7346 ns/day, 0.00601365 sec/step with standard deviation 5.84921e-05
ETITLE:      TS           BOND          ANGLE          DIHED          IMPRP               ELECT            VDW       BOUNDARY           MISC        KINETIC               TOTAL           TEMP      POTENTIAL         TOTAL3        TEMPAVG            PRESSURE      GPRESSURE         VOLUME       PRESSAVG      GPRESSAVG

ENERGY:  280000       339.1238       932.0600      1435.2584        26.9266        -590485.8874     41958.0400        51.7819         0.0000     48430.0538        -497312.6429       292.4966   -545742.6968   -497202.5113       292.5094           -135.5843      -103.7936    832185.2935         3.5160         3.5401

WRITING EXTENDED SYSTEM TO RESTART FILE AT STEP 280000
WRITING VELOCITIES TO RESTART FILE AT STEP 280000
FINISHED WRITING RESTART VELOCITIES
LDB: ============= START OF LOAD BALANCING ============== 1686.57
LDB: ============== END OF LOAD BALANCING =============== 1686.57
Info: useSync: 0 useProxySync: 0
LDB: =============== DONE WITH MIGRATION ================ 1686.57
LDB: ============= START OF LOAD BALANCING ============== 1687.18
LDB: TIME 1687.18 LOAD: AVG 0.470389 MAX 0.514116  PROXIES: TOTAL 348 MAXPE 45 MAXPATCH 5 None MEM: 0 MB
LDB: TIME 1687.18 LOAD: AVG 0.470389 MAX 0.514116  PROXIES: TOTAL 348 MAXPE 45 MAXPATCH 5 RefineTorusLB MEM: 0 MB
LDB: TIME 1687.18 LOAD: AVG 0.470389 MAX 0.514116  PROXIES: TOTAL 348 MAXPE 45 MAXPATCH 5 RefineTorusLB MEM: 0 MB
LDB: Reverting to original mapping
LDB: ============== END OF LOAD BALANCING =============== 1687.18
Info: useSync: 0 useProxySync: 0
LDB: =============== DONE WITH MIGRATION ================ 1687.18
TIMING: 281000  CPU: 1687.13, 0.00606875/step  Wall: 1689.98, 0.00608554/step, 1.21542 hours remaining, 0.000000 MB of memory in use.
PERFORMANCE: 281000  averaging 28.7334 ns/day, 0.0060139 sec/step with standard deviation 5.85448e-05
ENERGY:  281000       321.2362       958.5416      1439.7823        26.3199        -590595.8083     41978.8580        52.1311         0.0000     48241.8677        -497577.0714       291.3601   -545818.9391   -497476.0727       291.6002           -177.1645      -141.7529    833951.0997         0.4402         0.3649

TIMING: 282000  CPU: 1693.2, 0.00606305/step  Wall: 1696.05, 0.00607189/step, 1.211 hours remaining, 0.000000 MB of memory in use.
PERFORMANCE: 282000  averaging 28.7324 ns/day, 0.00601411 sec/step with standard deviation 5.85425e-05
ENERGY:  282000       361.6383       936.3555      1437.5196        23.9861        -590309.5948     42016.3468        49.8417         0.0000     48408.3112        -497075.5954       292.3653   -545483.9066   -496970.7119       292.3173            -89.5635       -56.1348    833120.0481         5.9511         5.8882

TIMING: 283000  CPU: 1699.25, 0.00605475/step  Wall: 1702.12, 0.006065/step, 1.20795 hours remaining, 0.000000 MB of memory in use.
PERFORMANCE: 283000  averaging 28.7316 ns/day, 0.00601429 sec/step with standard deviation 5.85168e-05
ENERGY:  283000       357.4822       949.3649      1452.5879        31.8942        -590436.2039     42035.2253        52.8790         0.0000     48212.2371        -497344.5333       291.1811   -545556.7704   -497239.8978       292.1651            -89.7134       -57.5818    832436.8700         4.3136         4.3833

TIMING: 284000  CPU: 1705.33, 0.00607933/step  Wall: 1708.2, 0.00608418/step, 1.21008 hours remaining, 0.000000 MB of memory in use.
PERFORMANCE: 284000  averaging 28.7304 ns/day, 0.00601454 sec/step with standard deviation 5.85604e-05
ENERGY:  284000       332.2476       947.8694      1448.2075        19.6485        -591107.4332     42297.8647        62.3694         0.0000     48287.9110        -497711.3151       291.6381   -545999.2261   -497609.0803       291.8123             68.1375       100.1130    831179.5898        -0.5375        -0.4140

LDB: ============= START OF LOAD BALANCING ============== 1710.88
LDB: ============== END OF LOAD BALANCING =============== 1710.88
Info: useSync: 0 useProxySync: 0
LDB: =============== DONE WITH MIGRATION ================ 1710.88
LDB: ============= START OF LOAD BALANCING ============== 1711.49
LDB: TIME 1711.49 LOAD: AVG 0.471201 MAX 0.521607  PROXIES: TOTAL 348 MAXPE 45 MAXPATCH 5 None MEM: 0 MB
LDB: TIME 1711.49 LOAD: AVG 0.471201 MAX 0.521607  PROXIES: TOTAL 348 MAXPE 45 MAXPATCH 5 RefineTorusLB MEM: 0 MB
LDB: TIME 1711.49 LOAD: AVG 0.471201 MAX 0.521607  PROXIES: TOTAL 348 MAXPE 45 MAXPATCH 5 RefineTorusLB MEM: 0 MB
LDB: ============== END OF LOAD BALANCING =============== 1711.49
Info: useSync: 0 useProxySync: 0
LDB: =============== DONE WITH MIGRATION ================ 1711.49
TIMING: 285000  CPU: 1711.42, 0.00608743/step  Wall: 1714.3, 0.00609821/step, 1.21117 hours remaining, 0.000000 MB of memory in use.
PERFORMANCE: 285000  averaging 28.729 ns/day, 0.00601483 sec/step with standard deviation 5.86669e-05
ENERGY:  285000       355.1278       981.0280      1449.5092        23.7162        -591184.3948     42531.1078        41.9137         0.0000     48304.4430        -497497.5492       291.7380   -545801.9921   -497391.0464       291.8317             83.0710       118.3555    831236.2266        -2.7729        -2.7052

WRITING COORDINATES TO DCD FILE eq1.dcd AT STEP 285000
TIMING: 286000  CPU: 1717.51, 0.00608668/step  Wall: 1720.39, 0.00609591/step, 1.20902 hours remaining, 0.000000 MB of memory in use.
PERFORMANCE: 286000  averaging 28.7276 ns/day, 0.00601511 sec/step with standard deviation 5.87598e-05
ENERGY:  286000       363.1006       935.8373      1441.9254        18.9847        -590947.1293     42296.3263        46.7976         0.0000     48397.9001        -497446.2573       292.3024   -545844.1575   -497343.6616       292.3075            -35.3943        -0.4128    832839.7593         4.5120         4.5181

TIMING: 287000  CPU: 1723.58, 0.00607492/step  Wall: 1726.48, 0.00608492/step, 1.20515 hours remaining, 0.000000 MB of memory in use.
PERFORMANCE: 287000  averaging 28.7265 ns/day, 0.00601536 sec/step with standard deviation 5.88016e-05
ENERGY:  287000       329.0069       959.9148      1441.7932        28.9346        -590707.3097     42025.0348        52.6767         0.0000     48526.3076        -497343.6411       293.0780   -545869.9487   -497243.6914       292.4380            -71.9838       -41.5547    832441.2337         2.9098         2.9124

TIMING: 288000  CPU: 1729.66, 0.00608325/step  Wall: 1732.57, 0.00609206/step, 1.20487 hours remaining, 0.000000 MB of memory in use.
PERFORMANCE: 288000  averaging 28.7252 ns/day, 0.00601562 sec/step with standard deviation 5.88728e-05
ENERGY:  288000       353.3071       967.0632      1449.6711        27.3957        -590919.3618     42385.1531        56.4531         0.0000     48320.6516        -497359.6668       291.8359   -545680.3184   -497255.2142       292.1354            137.0226       170.7528    830266.7567        -5.2574        -5.3072

LDB: ============= START OF LOAD BALANCING ============== 1735.24
LDB: ============== END OF LOAD BALANCING =============== 1735.24
Info: useSync: 0 useProxySync: 0
LDB: =============== DONE WITH MIGRATION ================ 1735.24
LDB: ============= START OF LOAD BALANCING ============== 1735.85
LDB: TIME 1735.85 LOAD: AVG 0.470638 MAX 0.516287  PROXIES: TOTAL 348 MAXPE 45 MAXPATCH 5 None MEM: 0 MB
LDB: TIME 1735.85 LOAD: AVG 0.470638 MAX 0.516288  PROXIES: TOTAL 348 MAXPE 45 MAXPATCH 5 RefineTorusLB MEM: 0 MB
LDB: TIME 1735.85 LOAD: AVG 0.470638 MAX 0.516288  PROXIES: TOTAL 348 MAXPE 45 MAXPATCH 5 RefineTorusLB MEM: 0 MB
LDB: Reverting to original mapping
LDB: ============== END OF LOAD BALANCING =============== 1735.85
Info: useSync: 0 useProxySync: 0
LDB: =============== DONE WITH MIGRATION ================ 1735.85
TIMING: 289000  CPU: 1735.73, 0.00606705/step  Wall: 1738.65, 0.00607473/step, 1.19976 hours remaining, 0.000000 MB of memory in use.
PERFORMANCE: 289000  averaging 28.7242 ns/day, 0.00601583 sec/step with standard deviation 5.88733e-05
ENERGY:  289000       324.6473       958.3779      1454.1853        25.8155        -590674.8495     42089.2828        45.3410         0.0000     48504.2068        -497272.9928       292.9445   -545777.1996   -497165.8309       292.2009           -141.8470      -108.8673    831583.1290        -1.9428        -1.9691

TIMING: 290000  CPU: 1741.81, 0.0060754/step  Wall: 1744.73, 0.0060845/step, 1.2 hours remaining, 0.000000 MB of memory in use.
PERFORMANCE: 290000  averaging 28.7231 ns/day, 0.00601606 sec/step with standard deviation 5.89095e-05
ETITLE:      TS           BOND          ANGLE          DIHED          IMPRP               ELECT            VDW       BOUNDARY           MISC        KINETIC               TOTAL           TEMP      POTENTIAL         TOTAL3        TEMPAVG            PRESSURE      GPRESSURE         VOLUME       PRESSAVG      GPRESSAVG

ENERGY:  290000       344.2521       957.0007      1448.2087        21.3805        -590571.8063     42071.1562        43.8932         0.0000     48159.2631        -497526.6517       290.8612   -545685.9148   -497419.7908       292.8630            -53.1402       -20.7856    831080.8628         5.3410         5.3690

WRITING EXTENDED SYSTEM TO RESTART FILE AT STEP 290000
WRITING COORDINATES TO DCD FILE eq1.dcd AT STEP 290000
WRITING COORDINATES TO RESTART FILE AT STEP 290000
FINISHED WRITING RESTART COORDINATES
WRITING VELOCITIES TO RESTART FILE AT STEP 290000
FINISHED WRITING RESTART VELOCITIES
TIMING: 291000  CPU: 1747.89, 0.00608887/step  Wall: 1750.84, 0.00611248/step, 1.20382 hours remaining, 0.000000 MB of memory in use.
PERFORMANCE: 291000  averaging 28.7215 ns/day, 0.0060164 sec/step with standard deviation 5.90788e-05
ENERGY:  291000       327.9772       976.5287      1437.8330        22.2644        -591792.4100     42736.9625        59.0174         0.0000     48312.1309        -497919.6960       291.7844   -546231.8269   -497816.7424       291.2693            111.5814       147.0748    829394.6430        -2.1617        -2.2161

TIMING: 292000  CPU: 1753.97, 0.00607865/step  Wall: 1756.93, 0.00608547/step, 1.19681 hours remaining, 0.000000 MB of memory in use.
PERFORMANCE: 292000  averaging 28.7204 ns/day, 0.00601663 sec/step with standard deviation 5.91156e-05
ENERGY:  292000       336.5332       955.4730      1430.2666        23.6326        -591175.0353     42435.4189        56.6968         0.0000     48267.7041        -497669.3101       291.5161   -545937.0142   -497566.0669       291.5149             42.5413        78.4451    832550.9593         2.4527         2.4722

LDB: ============= START OF LOAD BALANCING ============== 1759.61
LDB: ============== END OF LOAD BALANCING =============== 1759.61
Info: useSync: 0 useProxySync: 0
LDB: =============== DONE WITH MIGRATION ================ 1759.61
LDB: ============= START OF LOAD BALANCING ============== 1760.22
LDB: TIME 1760.22 LOAD: AVG 0.470058 MAX 0.516256  PROXIES: TOTAL 348 MAXPE 45 MAXPATCH 5 None MEM: 0 MB
LDB: TIME 1760.22 LOAD: AVG 0.470058 MAX 0.516256  PROXIES: TOTAL 348 MAXPE 45 MAXPATCH 5 RefineTorusLB MEM: 0 MB
LDB: TIME 1760.22 LOAD: AVG 0.470058 MAX 0.516256  PROXIES: TOTAL 348 MAXPE 45 MAXPATCH 5 RefineTorusLB MEM: 0 MB
LDB: Reverting to original mapping
LDB: ============== END OF LOAD BALANCING =============== 1760.22
Info: useSync: 0 useProxySync: 0
LDB: =============== DONE WITH MIGRATION ================ 1760.22
TIMING: 293000  CPU: 1760.06, 0.00608299/step  Wall: 1763.02, 0.00609504/step, 1.197 hours remaining, 0.000000 MB of memory in use.
PERFORMANCE: 293000  averaging 28.7191 ns/day, 0.0060169 sec/step with standard deviation 5.91918e-05
ENERGY:  293000       318.1484       962.2104      1450.2704        16.0829        -591401.2978     42379.5853        53.2511         0.0000     48428.5922        -497793.1570       292.4878   -546221.7492   -497693.8781       291.3470            -35.4558        -3.7537    832526.1470        -3.1049        -3.1431

TIMING: 294000  CPU: 1766.13, 0.00607155/step  Wall: 1769.1, 0.0060783/step, 1.19202 hours remaining, 0.000000 MB of memory in use.
PERFORMANCE: 294000  averaging 28.7181 ns/day, 0.00601711 sec/step with standard deviation 5.91991e-05
ENERGY:  294000       349.6466       916.1082      1441.0528        20.8270        -591138.9319     42363.0418        46.8570         0.0000     48478.2246        -497523.1738       292.7876   -546001.3985   -497425.7604       291.3946             73.6060       108.7553    832147.2127        -0.3004        -0.2630

TIMING: 295000  CPU: 1772.21, 0.00607918/step  Wall: 1775.19, 0.0060884/step, 1.19231 hours remaining, 0.000000 MB of memory in use.
PERFORMANCE: 295000  averaging 28.717 ns/day, 0.00601735 sec/step with standard deviation 5.92439e-05
ENERGY:  295000       329.1100       939.7582      1446.8224        20.1535        -591038.5184     42180.8113        67.0880         0.0000     48358.9749        -497695.8001       292.0673   -546054.7750   -497591.2564       291.7024            -66.1062       -30.0388    831928.1089         7.4381         7.4637

WRITING COORDINATES TO DCD FILE eq1.dcd AT STEP 295000
TIMING: 296000  CPU: 1778.29, 0.00607908/step  Wall: 1781.28, 0.00608632/step, 1.19021 hours remaining, 0.000000 MB of memory in use.
PERFORMANCE: 296000  averaging 28.7158 ns/day, 0.00601758 sec/step with standard deviation 5.92791e-05
ENERGY:  296000       330.4906       967.3549      1441.1819        22.9804        -590855.8803     42430.2890        61.0758         0.0000     48223.4334        -497379.0742       291.2487   -545602.5076   -497283.1121       291.8932             71.8042       107.9183    832962.9851        -0.6205        -0.5679

LDB: ============= START OF LOAD BALANCING ============== 1783.95
LDB: ============== END OF LOAD BALANCING =============== 1783.95
Info: useSync: 0 useProxySync: 0
LDB: =============== DONE WITH MIGRATION ================ 1783.95
LDB: ============= START OF LOAD BALANCING ============== 1784.55
LDB: TIME 1784.55 LOAD: AVG 0.46982 MAX 0.51315  PROXIES: TOTAL 348 MAXPE 45 MAXPATCH 5 None MEM: 0 MB
LDB: TIME 1784.55 LOAD: AVG 0.46982 MAX 0.51315  PROXIES: TOTAL 348 MAXPE 45 MAXPATCH 5 RefineTorusLB MEM: 0 MB
LDB: TIME 1784.55 LOAD: AVG 0.46982 MAX 0.51315  PROXIES: TOTAL 348 MAXPE 45 MAXPATCH 5 RefineTorusLB MEM: 0 MB
LDB: ============== END OF LOAD BALANCING =============== 1784.55
Info: useSync: 0 useProxySync: 0
LDB: =============== DONE WITH MIGRATION ================ 1784.55
TIMING: 297000  CPU: 1784.36, 0.00607047/step  Wall: 1787.36, 0.00607967/step, 1.18722 hours remaining, 0.000000 MB of memory in use.
PERFORMANCE: 297000  averaging 28.7149 ns/day, 0.00601779 sec/step with standard deviation 5.92885e-05
ENERGY:  297000       351.0411       980.4947      1438.4468        22.3420        -590417.8451     41964.8972        56.8742         0.0000     48263.1219        -497340.6271       291.4884   -545603.7490   -497237.2300       291.9729           -154.7029      -121.9319    832426.5178         2.8279         2.7949

TIMING: 298000  CPU: 1790.43, 0.00607058/step  Wall: 1793.44, 0.00608189/step, 1.18597 hours remaining, 0.000000 MB of memory in use.
PERFORMANCE: 298000  averaging 28.7138 ns/day, 0.00601801 sec/step with standard deviation 5.9305e-05
ENERGY:  298000       345.4708       927.7219      1458.8831        28.3579        -590760.8334     42249.2444        48.4091         0.0000     48515.5127        -497187.2334       293.0128   -545702.7461   -497077.6645       291.9693             -0.7158        32.2312    833019.6434        -5.7020        -5.7407

TIMING: 299000  CPU: 1796.5, 0.00607523/step  Wall: 1799.52, 0.00608238/step, 1.18437 hours remaining, 0.000000 MB of memory in use.
PERFORMANCE: 299000  averaging 28.7128 ns/day, 0.00601822 sec/step with standard deviation 5.93223e-05
ENERGY:  299000       368.1838       936.4201      1449.8809        23.1534        -591180.7539     42513.0197        48.7340         0.0000     48361.7409        -497479.6212       292.0840   -545841.3621   -497376.5832       291.7624            -12.5618        22.8448    832248.5314         0.5439         0.4618

WRITING COORDINATES TO DCD FILE eq1.dcd AT STEP 300000
WRITING COORDINATES TO RESTART FILE AT STEP 300000
FINISHED WRITING RESTART COORDINATES
TIMING: 300000  CPU: 1802.6, 0.0060949/step  Wall: 1805.63, 0.00611177/step, 1.1884 hours remaining, 0.000000 MB of memory in use.
PERFORMANCE: 300000  averaging 28.7113 ns/day, 0.00601853 sec/step with standard deviation 5.94688e-05
ETITLE:      TS           BOND          ANGLE          DIHED          IMPRP               ELECT            VDW       BOUNDARY           MISC        KINETIC               TOTAL           TEMP      POTENTIAL         TOTAL3        TEMPAVG            PRESSURE      GPRESSURE         VOLUME       PRESSAVG      GPRESSAVG

ENERGY:  300000       334.2475       982.7841      1433.5392        22.0188        -590700.5558     42500.3399        45.8463         0.0000     48393.5016        -496988.2786       292.2759   -545381.7802   -496885.6636       292.3120             65.0075       101.4048    832920.1043        -7.1553        -7.1912

WRITING EXTENDED SYSTEM TO RESTART FILE AT STEP 300000
WRITING VELOCITIES TO RESTART FILE AT STEP 300000
FINISHED WRITING RESTART VELOCITIES
LDB: ============= START OF LOAD BALANCING ============== 1808.31
LDB: ============== END OF LOAD BALANCING =============== 1808.31
Info: useSync: 0 useProxySync: 0
LDB: =============== DONE WITH MIGRATION ================ 1808.31
LDB: ============= START OF LOAD BALANCING ============== 1808.92
LDB: TIME 1808.92 LOAD: AVG 0.468215 MAX 0.513611  PROXIES: TOTAL 348 MAXPE 45 MAXPATCH 5 None MEM: 0 MB
LDB: TIME 1808.92 LOAD: AVG 0.468215 MAX 0.513611  PROXIES: TOTAL 348 MAXPE 45 MAXPATCH 5 RefineTorusLB MEM: 0 MB
LDB: TIME 1808.92 LOAD: AVG 0.468215 MAX 0.513611  PROXIES: TOTAL 348 MAXPE 45 MAXPATCH 5 RefineTorusLB MEM: 0 MB
LDB: Reverting to original mapping
LDB: ============== END OF LOAD BALANCING =============== 1808.92
Info: useSync: 0 useProxySync: 0
LDB: =============== DONE WITH MIGRATION ================ 1808.92
TIMING: 301000  CPU: 1808.66, 0.00606246/step  Wall: 1811.71, 0.00608238/step, 1.181 hours remaining, 0.000000 MB of memory in use.
PERFORMANCE: 301000  averaging 28.7103 ns/day, 0.00601875 sec/step with standard deviation 5.94835e-05
ENERGY:  301000       347.2925       913.1584      1435.5979        23.1120        -590693.8247     42526.8099        56.5266         0.0000     48295.2216        -497096.1057       291.6823   -545391.3273   -496988.2636       292.6491            110.9515       141.9539    832082.6549         3.3612         3.3830

TIMING: 302000  CPU: 1814.73, 0.00606798/step  Wall: 1817.79, 0.00607876/step, 1.1786 hours remaining, 0.000000 MB of memory in use.
PERFORMANCE: 302000  averaging 28.7094 ns/day, 0.00601894 sec/step with standard deviation 5.94849e-05
ENERGY:  302000       311.0943       951.6507      1447.2817        28.2192        -589981.0548     41996.8989        50.1289         0.0000     48270.0093        -496925.7719       291.5300   -545195.7812   -496817.4323       292.6370            -84.8576       -53.6514    833856.8309         1.4308         1.3671

TIMING: 303000  CPU: 1820.78, 0.00605663/step  Wall: 1823.86, 0.00607052/step, 1.17532 hours remaining, 0.000000 MB of memory in use.
PERFORMANCE: 303000  averaging 28.7085 ns/day, 0.00601912 sec/step with standard deviation 5.94602e-05
ENERGY:  303000       315.4253       977.7545      1441.8238        22.3787        -590268.3946     42179.2256        55.8455         0.0000     48495.5440        -496780.3973       292.8922   -545275.9413   -496680.0845       293.0746             29.4033        61.8631    833320.5477        -2.8711        -2.8084

TIMING: 304000  CPU: 1826.84, 0.00605652/step  Wall: 1829.93, 0.00606632/step, 1.17282 hours remaining, 0.000000 MB of memory in use.
PERFORMANCE: 304000  averaging 28.7078 ns/day, 0.00601927 sec/step with standard deviation 5.94238e-05
ENERGY:  304000       334.4103       929.7742      1450.3160        26.2479        -590164.2764     42105.5507        48.0957         0.0000     48633.6646        -496636.2170       293.7264   -545269.8816   -496531.8096       293.3973            -97.2250       -66.4388    834448.1789         2.8939         2.9218

LDB: ============= START OF LOAD BALANCING ============== 1832.61
LDB: ============== END OF LOAD BALANCING =============== 1832.61
Info: useSync: 0 useProxySync: 0
LDB: =============== DONE WITH MIGRATION ================ 1832.61
LDB: ============= START OF LOAD BALANCING ============== 1833.22
LDB: TIME 1833.22 LOAD: AVG 0.472107 MAX 0.521215  PROXIES: TOTAL 348 MAXPE 45 MAXPATCH 5 None MEM: 0 MB
LDB: TIME 1833.22 LOAD: AVG 0.472107 MAX 0.521215  PROXIES: TOTAL 348 MAXPE 45 MAXPATCH 5 RefineTorusLB MEM: 0 MB
LDB: TIME 1833.22 LOAD: AVG 0.472107 MAX 0.521215  PROXIES: TOTAL 348 MAXPE 45 MAXPATCH 5 RefineTorusLB MEM: 0 MB
LDB: Reverting to original mapping
LDB: ============== END OF LOAD BALANCING =============== 1833.22
Info: useSync: 0 useProxySync: 0
LDB: =============== DONE WITH MIGRATION ================ 1833.22
TIMING: 305000  CPU: 1832.93, 0.00609093/step  Wall: 1836.03, 0.00609962/step, 1.17757 hours remaining, 0.000000 MB of memory in use.
PERFORMANCE: 305000  averaging 28.7065 ns/day, 0.00601953 sec/step with standard deviation 5.95041e-05
ENERGY:  305000       357.8932       924.5979      1446.7630        22.3493        -590482.4586     42221.4384        55.7913         0.0000     48517.2037        -496936.4216       293.0230   -545453.6254   -496823.3570       292.9103            105.8244       139.5323    831282.9068         4.5891         4.5713

WRITING COORDINATES TO DCD FILE eq1.dcd AT STEP 305000
TIMING: 306000  CPU: 1839.01, 0.00607435/step  Wall: 1842.12, 0.0060852/step, 1.17309 hours remaining, 0.000000 MB of memory in use.
PERFORMANCE: 306000  averaging 28.7055 ns/day, 0.00601975 sec/step with standard deviation 5.95249e-05
ENERGY:  306000       332.3034       925.7148      1429.7396        18.6936        -590565.7126     42390.3234        57.7518         0.0000     48359.2932        -497051.8930       292.0693   -545411.1862   -496945.2160       292.8199            -27.5386         7.7441    834465.6902         2.4984         2.5082

TIMING: 307000  CPU: 1845.07, 0.0060682/step  Wall: 1848.19, 0.00607761/step, 1.16994 hours remaining, 0.000000 MB of memory in use.
PERFORMANCE: 307000  averaging 28.7046 ns/day, 0.00601994 sec/step with standard deviation 5.95193e-05
ENERGY:  307000       334.9333       957.8497      1440.8827        20.9781        -590484.4335     42412.9909        52.6880         0.0000     48373.8575        -496890.2532       292.1572   -545264.1107   -496784.2034       292.7562             84.4184       116.6994    832377.6322         5.3718         5.3697

TIMING: 308000  CPU: 1851.15, 0.00607867/step  Wall: 1854.28, 0.0060913/step, 1.17088 hours remaining, 0.000000 MB of memory in use.
PERFORMANCE: 308000  averaging 28.7035 ns/day, 0.00602017 sec/step with standard deviation 5.95612e-05
ENERGY:  308000       356.4047       953.2660      1434.1437        21.5569        -590788.0826     41992.4176        51.0846         0.0000     48356.6374        -497622.5718       292.0532   -545979.2091   -497523.8410       292.0098           -109.6655       -79.0275    830749.1656         8.0215         8.0348

LDB: ============= START OF LOAD BALANCING ============== 1856.96
LDB: ============== END OF LOAD BALANCING =============== 1856.96
Info: useSync: 0 useProxySync: 0
LDB: =============== DONE WITH MIGRATION ================ 1856.96
LDB: ============= START OF LOAD BALANCING ============== 1857.57
LDB: TIME 1857.57 LOAD: AVG 0.469028 MAX 0.516755  PROXIES: TOTAL 348 MAXPE 45 MAXPATCH 5 None MEM: 0 MB
LDB: TIME 1857.57 LOAD: AVG 0.469028 MAX 0.516755  PROXIES: TOTAL 348 MAXPE 45 MAXPATCH 5 RefineTorusLB MEM: 0 MB
LDB: TIME 1857.57 LOAD: AVG 0.469028 MAX 0.516755  PROXIES: TOTAL 348 MAXPE 45 MAXPATCH 5 RefineTorusLB MEM: 0 MB
LDB: ============== END OF LOAD BALANCING =============== 1857.57
Info: useSync: 0 useProxySync: 0
LDB: =============== DONE WITH MIGRATION ================ 1857.57
TIMING: 309000  CPU: 1857.24, 0.00608221/step  Wall: 1860.38, 0.00609139/step, 1.16921 hours remaining, 0.000000 MB of memory in use.
PERFORMANCE: 309000  averaging 28.7024 ns/day, 0.0060204 sec/step with standard deviation 5.96023e-05
ENERGY:  309000       332.0158       959.2961      1447.7586        23.8746        -590958.1715     42439.8407        50.9293         0.0000     48310.5939        -497393.8625       291.7751   -545704.4564   -497290.4685       291.7844            -13.9377        19.4022    833210.4246         2.2935         2.2937

TIMING: 310000  CPU: 1863.33, 0.00609069/step  Wall: 1866.48, 0.00610038/step, 1.16924 hours remaining, 0.000000 MB of memory in use.
PERFORMANCE: 310000  averaging 28.7012 ns/day, 0.00602066 sec/step with standard deviation 5.96789e-05
ETITLE:      TS           BOND          ANGLE          DIHED          IMPRP               ELECT            VDW       BOUNDARY           MISC        KINETIC               TOTAL           TEMP      POTENTIAL         TOTAL3        TEMPAVG            PRESSURE      GPRESSURE         VOLUME       PRESSAVG      GPRESSAVG

ENERGY:  310000       336.8184       950.1379      1443.1693        27.0434        -590463.8914     42155.7385        57.6992         0.0000     48454.9567        -497038.3280       292.6470   -545493.2847   -496929.7537       292.5488             35.4615        67.7959    831440.8194        -3.3584        -3.2678

WRITING EXTENDED SYSTEM TO RESTART FILE AT STEP 310000
WRITING COORDINATES TO DCD FILE eq1.dcd AT STEP 310000
WRITING COORDINATES TO RESTART FILE AT STEP 310000
FINISHED WRITING RESTART COORDINATES
WRITING VELOCITIES TO RESTART FILE AT STEP 310000
FINISHED WRITING RESTART VELOCITIES
TIMING: 311000  CPU: 1869.42, 0.00609366/step  Wall: 1872.6, 0.00611986/step, 1.17127 hours remaining, 0.000000 MB of memory in use.
PERFORMANCE: 311000  averaging 28.6997 ns/day, 0.00602098 sec/step with standard deviation 5.98476e-05
ENERGY:  311000       328.2746       957.6549      1435.6498        24.3240        -589997.4468     42095.1269        59.5066         0.0000     48429.8200        -496667.0900       292.4952   -545096.9100   -496555.3773       292.3135             19.2793        50.8814    832731.5912         0.2687         0.2882

TIMING: 312000  CPU: 1875.49, 0.00607251/step  Wall: 1878.68, 0.00608434/step, 1.16279 hours remaining, 0.000000 MB of memory in use.
PERFORMANCE: 312000  averaging 28.6987 ns/day, 0.00602118 sec/step with standard deviation 5.98588e-05
ENERGY:  312000       340.4802       954.4185      1440.8506        21.4808        -590343.5127     42121.4314        59.7325         0.0000     48593.6116        -496811.5070       293.4844   -545405.1186   -496703.1191       293.1973            -87.7405       -55.2487    833208.3139         2.6372         2.7348

LDB: ============= START OF LOAD BALANCING ============== 1881.35
LDB: ============== END OF LOAD BALANCING =============== 1881.35
Info: useSync: 0 useProxySync: 0
LDB: =============== DONE WITH MIGRATION ================ 1881.35
LDB: ============= START OF LOAD BALANCING ============== 1881.96
LDB: TIME 1881.96 LOAD: AVG 0.466954 MAX 0.511627  PROXIES: TOTAL 348 MAXPE 45 MAXPATCH 5 None MEM: 0 MB
LDB: TIME 1881.96 LOAD: AVG 0.466954 MAX 0.511627  PROXIES: TOTAL 348 MAXPE 45 MAXPATCH 5 RefineTorusLB MEM: 0 MB
LDB: TIME 1881.96 LOAD: AVG 0.466954 MAX 0.511627  PROXIES: TOTAL 348 MAXPE 45 MAXPATCH 5 RefineTorusLB MEM: 0 MB
LDB: ============== END OF LOAD BALANCING =============== 1881.96
Info: useSync: 0 useProxySync: 0
LDB: =============== DONE WITH MIGRATION ================ 1881.96
TIMING: 313000  CPU: 1881.56, 0.00606865/step  Wall: 1884.76, 0.00607994/step, 1.16025 hours remaining, 0.000000 MB of memory in use.
PERFORMANCE: 313000  averaging 28.6978 ns/day, 0.00602137 sec/step with standard deviation 5.98551e-05
ENERGY:  313000       354.1219       976.1050      1437.0202        21.2995        -590863.5815     42253.7145        51.5665         0.0000     48332.0408        -497437.7131       291.9047   -545769.7539   -497324.2750       292.1576            -67.7268       -35.9405    832959.0399        -0.4310        -0.3854

TIMING: 314000  CPU: 1887.64, 0.00608405/step  Wall: 1890.85, 0.00609257/step, 1.16097 hours remaining, 0.000000 MB of memory in use.
PERFORMANCE: 314000  averaging 28.6967 ns/day, 0.00602159 sec/step with standard deviation 5.98943e-05
ENERGY:  314000       357.7741       946.1081      1461.4051        28.4169        -590899.1162     42132.7924        54.2225         0.0000     48073.1887        -497845.2084       290.3413   -545918.3971   -497743.6694       291.7046            -47.5307       -12.3591    832416.4992         2.1341         2.1074

TIMING: 315000  CPU: 1893.72, 0.00607792/step  Wall: 1896.94, 0.00608864/step, 1.15853 hours remaining, 0.000000 MB of memory in use.
PERFORMANCE: 315000  averaging 28.6957 ns/day, 0.00602181 sec/step with standard deviation 5.99181e-05
ENERGY:  315000       342.0531       968.6497      1453.7374        28.7438        -591231.7642     42365.1449        46.3036         0.0000     48389.8246        -497637.3072       292.2537   -546027.1318   -497530.1845       291.3788            -32.0300        -0.1470    832505.2217         1.6575         1.6855

WRITING COORDINATES TO DCD FILE eq1.dcd AT STEP 315000
TIMING: 316000  CPU: 1899.81, 0.00608241/step  Wall: 1903.03, 0.00609301/step, 1.15767 hours remaining, 0.000000 MB of memory in use.
PERFORMANCE: 316000  averaging 28.6946 ns/day, 0.00602203 sec/step with standard deviation 5.99568e-05
ENERGY:  316000       339.1140       968.1717      1450.1720        24.9567        -591206.1610     42525.2697        56.3114         0.0000     47933.7861        -497908.3794       289.4994   -545842.1655   -497807.1002       291.5943            110.8280       142.9741    832652.7189         2.7840         2.7445

LDB: ============= START OF LOAD BALANCING ============== 1905.71
LDB: ============== END OF LOAD BALANCING =============== 1905.71
Info: useSync: 0 useProxySync: 0
LDB: =============== DONE WITH MIGRATION ================ 1905.71
LDB: ============= START OF LOAD BALANCING ============== 1906.32
LDB: TIME 1906.32 LOAD: AVG 0.469108 MAX 0.516315  PROXIES: TOTAL 348 MAXPE 45 MAXPATCH 5 None MEM: 0 MB
LDB: TIME 1906.32 LOAD: AVG 0.469108 MAX 0.516315  PROXIES: TOTAL 348 MAXPE 45 MAXPATCH 5 RefineTorusLB MEM: 0 MB
LDB: TIME 1906.32 LOAD: AVG 0.469108 MAX 0.516315  PROXIES: TOTAL 348 MAXPE 45 MAXPATCH 5 RefineTorusLB MEM: 0 MB
LDB: Reverting to original mapping
LDB: ============== END OF LOAD BALANCING =============== 1906.32
Info: useSync: 0 useProxySync: 0
LDB: =============== DONE WITH MIGRATION ================ 1906.32
TIMING: 317000  CPU: 1905.88, 0.00607903/step  Wall: 1909.12, 0.00608758/step, 1.15495 hours remaining, 0.000000 MB of memory in use.
PERFORMANCE: 317000  averaging 28.6936 ns/day, 0.00602224 sec/step with standard deviation 5.9975e-05
ENERGY:  317000       341.9533       969.4938      1439.3778        30.2221        -591002.3727     42376.6449        53.5160         0.0000     48150.9439        -497640.2209       290.8109   -545791.1648   -497537.5368       291.3613             71.1535       106.7824    830724.9007        -4.8166        -4.7827

TIMING: 318000  CPU: 1911.96, 0.00607456/step  Wall: 1915.2, 0.00608328/step, 1.15244 hours remaining, 0.000000 MB of memory in use.
PERFORMANCE: 318000  averaging 28.6927 ns/day, 0.00602243 sec/step with standard deviation 5.99781e-05
ENERGY:  318000       353.4227       959.3750      1437.5839        24.7847        -590269.9919     41734.7467        61.0795         0.0000     48062.4939        -497636.5054       290.2767   -545698.9993   -497526.4866       291.5324           -240.7474      -208.9036    833850.5372         3.2397         3.2071

TIMING: 319000  CPU: 1918.04, 0.00607899/step  Wall: 1921.29, 0.00608933/step, 1.1519 hours remaining, 0.000000 MB of memory in use.
PERFORMANCE: 319000  averaging 28.6917 ns/day, 0.00602264 sec/step with standard deviation 6.00007e-05
ENERGY:  319000       341.7197       977.3428      1438.4208        20.2948        -590861.2882     42159.1656        64.1549         0.0000     48340.6468        -497519.5427       291.9566   -545860.1895   -497417.4318       291.9955           -126.8241       -93.9344    833420.8533         2.5466         2.5553

TIMING: 320000  CPU: 1924.11, 0.00607082/step  Wall: 1927.38, 0.00608118/step, 1.14867 hours remaining, 0.000000 MB of memory in use.
PERFORMANCE: 320000  averaging 28.6909 ns/day, 0.00602282 sec/step with standard deviation 5.99959e-05
ETITLE:      TS           BOND          ANGLE          DIHED          IMPRP               ELECT            VDW       BOUNDARY           MISC        KINETIC               TOTAL           TEMP      POTENTIAL         TOTAL3        TEMPAVG            PRESSURE      GPRESSURE         VOLUME       PRESSAVG      GPRESSAVG

ENERGY:  320000       356.3165       961.5434      1444.4383        28.1753        -590709.0508     42026.9537        45.9859         0.0000     48466.9191        -497378.7185       292.7193   -545845.6376   -497269.8390       291.9517            -56.1525       -25.6044    833190.3742         7.6727         7.5916

WRITING EXTENDED SYSTEM TO RESTART FILE AT STEP 320000
WRITING COORDINATES TO DCD FILE eq1.dcd AT STEP 320000
WRITING COORDINATES TO RESTART FILE AT STEP 320000
FINISHED WRITING RESTART COORDINATES
WRITING VELOCITIES TO RESTART FILE AT STEP 320000
FINISHED WRITING RESTART VELOCITIES
LDB: ============= START OF LOAD BALANCING ============== 1930.08
LDB: ============== END OF LOAD BALANCING =============== 1930.08
Info: useSync: 0 useProxySync: 0
LDB: =============== DONE WITH MIGRATION ================ 1930.08
LDB: ============= START OF LOAD BALANCING ============== 1930.69
LDB: TIME 1930.69 LOAD: AVG 0.468286 MAX 0.516196  PROXIES: TOTAL 348 MAXPE 45 MAXPATCH 5 None MEM: 0 MB
LDB: TIME 1930.69 LOAD: AVG 0.468286 MAX 0.516196  PROXIES: TOTAL 348 MAXPE 45 MAXPATCH 5 RefineTorusLB MEM: 0 MB
LDB: TIME 1930.69 LOAD: AVG 0.468286 MAX 0.516196  PROXIES: TOTAL 348 MAXPE 45 MAXPATCH 5 RefineTorusLB MEM: 0 MB
LDB: Reverting to original mapping
LDB: ============== END OF LOAD BALANCING =============== 1930.69
Info: useSync: 0 useProxySync: 0
LDB: =============== DONE WITH MIGRATION ================ 1930.69
TIMING: 321000  CPU: 1930.21, 0.00610143/step  Wall: 1933.5, 0.00612206/step, 1.15469 hours remaining, 0.000000 MB of memory in use.
PERFORMANCE: 321000  averaging 28.6894 ns/day, 0.00602313 sec/step with standard deviation 6.01576e-05
ENERGY:  321000       326.3887       957.3234      1430.1670        20.4089        -591429.2950     42579.8672        48.4901         0.0000     48311.3596        -497755.2900       291.7798   -546066.6497   -497645.5055       291.7028            127.6813       162.3287    830845.4386         2.8042         2.8501

TIMING: 322000  CPU: 1936.27, 0.00605934/step  Wall: 1939.57, 0.00606752/step, 1.14272 hours remaining, 0.000000 MB of memory in use.
PERFORMANCE: 322000  averaging 28.6887 ns/day, 0.00602327 sec/step with standard deviation 6.01148e-05
ENERGY:  322000       328.8990       963.6976      1449.1097        27.3430        -590921.3077     41939.7987        60.7070         0.0000     48255.1315        -497896.6212       291.4402   -546151.7527   -497793.4686       291.3368           -193.3651      -160.1548    831079.3227         4.4986         4.5085

TIMING: 323000  CPU: 1942.32, 0.00604689/step  Wall: 1945.62, 0.00605796/step, 1.13923 hours remaining, 0.000000 MB of memory in use.
PERFORMANCE: 323000  averaging 28.6882 ns/day, 0.00602338 sec/step with standard deviation 6.00524e-05
ENERGY:  323000       330.5161       909.1822      1431.8791        20.9255        -591170.0009     42389.0409        48.0093         0.0000     47910.2026        -498130.2452       289.3570   -546040.4478   -498022.8844       291.0012             -8.4729        24.4137    832521.4848         9.1622         9.2217

TIMING: 324000  CPU: 1948.37, 0.00605096/step  Wall: 1951.68, 0.00605756/step, 1.13748 hours remaining, 0.000000 MB of memory in use.
PERFORMANCE: 324000  averaging 28.6877 ns/day, 0.00602348 sec/step with standard deviation 5.99894e-05
ENERGY:  324000       347.4231       930.3301      1433.2622        23.3712        -591522.8414     42300.8735        57.9022         0.0000     48293.4648        -498136.2143       291.6717   -546429.6791   -498030.1497       290.8606              0.2219        31.2692    830861.4095        -0.7817        -0.7999

LDB: ============= START OF LOAD BALANCING ============== 1954.35
LDB: ============== END OF LOAD BALANCING =============== 1954.35
Info: useSync: 0 useProxySync: 0
LDB: =============== DONE WITH MIGRATION ================ 1954.35
LDB: ============= START OF LOAD BALANCING ============== 1954.96
LDB: TIME 1954.96 LOAD: AVG 0.466531 MAX 0.509031  PROXIES: TOTAL 348 MAXPE 45 MAXPATCH 5 None MEM: 0 MB
LDB: TIME 1954.96 LOAD: AVG 0.466531 MAX 0.509031  PROXIES: TOTAL 348 MAXPE 45 MAXPATCH 5 RefineTorusLB MEM: 0 MB
LDB: TIME 1954.96 LOAD: AVG 0.466531 MAX 0.509031  PROXIES: TOTAL 348 MAXPE 45 MAXPATCH 5 RefineTorusLB MEM: 0 MB
LDB: Reverting to original mapping
LDB: ============== END OF LOAD BALANCING =============== 1954.96
Info: useSync: 0 useProxySync: 0
LDB: =============== DONE WITH MIGRATION ================ 1954.96
TIMING: 325000  CPU: 1954.43, 0.00606316/step  Wall: 1957.75, 0.00607243/step, 1.13858 hours remaining, 0.000000 MB of memory in use.
PERFORMANCE: 325000  averaging 28.687 ns/day, 0.00602363 sec/step with standard deviation 5.99583e-05
ENERGY:  325000       338.3927       951.3696      1443.4197        23.9545        -591008.2400     42374.2501        58.5226         0.0000     47991.1067        -497827.2241       289.8456   -545818.3308   -497730.8399       291.0747              1.5542        26.9942    832628.7086        -0.9012        -0.8551

WRITING COORDINATES TO DCD FILE eq1.dcd AT STEP 325000
TIMING: 326000  CPU: 1960.49, 0.00605869/step  Wall: 1963.82, 0.00606754/step, 1.13598 hours remaining, 0.000000 MB of memory in use.
PERFORMANCE: 326000  averaging 28.6864 ns/day, 0.00602377 sec/step with standard deviation 5.99153e-05
ENERGY:  326000       343.6455       911.3136      1455.1421        24.0168        -590291.2611     41862.4340        53.6976         0.0000     48094.1227        -497546.8887       290.4678   -545641.0114   -497450.6927       291.9658           -175.1031      -139.0940    833332.1936        -1.3639        -1.3173

TIMING: 327000  CPU: 1966.55, 0.00605924/step  Wall: 1969.89, 0.0060715/step, 1.13503 hours remaining, 0.000000 MB of memory in use.
PERFORMANCE: 327000  averaging 28.6857 ns/day, 0.00602391 sec/step with standard deviation 5.98816e-05
ENERGY:  327000       338.6558       959.9656      1447.6245        19.4393        -590559.5945     41831.0313        58.6182         0.0000     48201.7350        -497702.5247       291.1177   -545904.2597   -497594.6739       291.8815           -126.0751       -90.0719    831476.6182         3.3991         3.4187

TIMING: 328000  CPU: 1972.61, 0.0060593/step  Wall: 1975.96, 0.00606736/step, 1.13257 hours remaining, 0.000000 MB of memory in use.
PERFORMANCE: 328000  averaging 28.685 ns/day, 0.00602405 sec/step with standard deviation 5.9838e-05
ENERGY:  328000       331.3560       904.5108      1441.9784        25.0624        -590626.4361     42189.8020        59.9349         0.0000     48641.5386        -497032.2530       293.7739   -545673.7915   -496928.7355       292.0849            -44.9967       -10.0278    831800.8632        -2.3228        -2.4230

LDB: ============= START OF LOAD BALANCING ============== 1978.63
LDB: ============== END OF LOAD BALANCING =============== 1978.63
Info: useSync: 0 useProxySync: 0
LDB: =============== DONE WITH MIGRATION ================ 1978.63
LDB: ============= START OF LOAD BALANCING ============== 1979.23
LDB: TIME 1979.23 LOAD: AVG 0.467077 MAX 0.509608  PROXIES: TOTAL 348 MAXPE 45 MAXPATCH 5 None MEM: 0 MB
LDB: TIME 1979.23 LOAD: AVG 0.467077 MAX 0.509608  PROXIES: TOTAL 348 MAXPE 45 MAXPATCH 5 RefineTorusLB MEM: 0 MB
LDB: TIME 1979.23 LOAD: AVG 0.467077 MAX 0.509608  PROXIES: TOTAL 348 MAXPE 45 MAXPATCH 5 RefineTorusLB MEM: 0 MB
LDB: ============== END OF LOAD BALANCING =============== 1979.23
Info: useSync: 0 useProxySync: 0
LDB: =============== DONE WITH MIGRATION ================ 1979.23
TIMING: 329000  CPU: 1978.66, 0.00605489/step  Wall: 1982.02, 0.00606308/step, 1.13009 hours remaining, 0.000000 MB of memory in use.
PERFORMANCE: 329000  averaging 28.6845 ns/day, 0.00602417 sec/step with standard deviation 5.97855e-05
ENERGY:  329000       309.2350       935.0595      1451.6821        25.2284        -590697.2574     42177.1584        49.2368         0.0000     48422.9637        -497326.6936       292.4538   -545749.6573   -497221.6752       292.5051             15.8743        49.8300    831109.8205         3.3787         3.3916

TIMING: 330000  CPU: 1984.73, 0.00606708/step  Wall: 1988.1, 0.00607463/step, 1.13056 hours remaining, 0.000000 MB of memory in use.
PERFORMANCE: 330000  averaging 28.6837 ns/day, 0.00602432 sec/step with standard deviation 5.97592e-05
ETITLE:      TS           BOND          ANGLE          DIHED          IMPRP               ELECT            VDW       BOUNDARY           MISC        KINETIC               TOTAL           TEMP      POTENTIAL         TOTAL3        TEMPAVG            PRESSURE      GPRESSURE         VOLUME       PRESSAVG      GPRESSAVG

ENERGY:  330000       345.3678       942.1710      1433.1312        25.6970        -590608.3221     41835.8511        52.8190         0.0000     48375.4755        -497597.8096       292.1670   -545973.2851   -497481.7118       292.4176           -154.9835      -126.0858    831654.7981         2.8221         2.7318

WRITING EXTENDED SYSTEM TO RESTART FILE AT STEP 330000
WRITING COORDINATES TO DCD FILE eq1.dcd AT STEP 330000
WRITING COORDINATES TO RESTART FILE AT STEP 330000
FINISHED WRITING RESTART COORDINATES
WRITING VELOCITIES TO RESTART FILE AT STEP 330000
FINISHED WRITING RESTART VELOCITIES
TIMING: 331000  CPU: 1990.8, 0.00606575/step  Wall: 1994.19, 0.00608855/step, 1.13146 hours remaining, 0.000000 MB of memory in use.
PERFORMANCE: 331000  averaging 28.6828 ns/day, 0.00602451 sec/step with standard deviation 5.97729e-05
ENERGY:  331000       343.9603       974.7893      1430.2844        20.4447        -589936.2253     41723.0779        58.9204         0.0000     48409.5727        -496975.1756       292.3729   -545384.7483   -496864.3182       292.2535            -95.2654       -61.2936    832990.6409        -4.1734        -4.1371

TIMING: 332000  CPU: 1996.84, 0.00604719/step  Wall: 2000.24, 0.00605812/step, 1.12412 hours remaining, 0.000000 MB of memory in use.
PERFORMANCE: 332000  averaging 28.6823 ns/day, 0.00602461 sec/step with standard deviation 5.97111e-05
ENERGY:  332000       326.5796       941.7999      1444.5733        32.2326        -590702.1946     42251.4298        48.8462         0.0000     48461.9289        -497194.8042       292.6891   -545656.7331   -497088.1078       292.6386            -35.6621        -1.4282    832821.1908         2.1982         2.1419

LDB: ============= START OF LOAD BALANCING ============== 2002.91
LDB: ============== END OF LOAD BALANCING =============== 2002.91
Info: useSync: 0 useProxySync: 0
LDB: =============== DONE WITH MIGRATION ================ 2002.91
LDB: ============= START OF LOAD BALANCING ============== 2003.52
LDB: TIME 2003.52 LOAD: AVG 0.469139 MAX 0.512488  PROXIES: TOTAL 348 MAXPE 45 MAXPATCH 5 None MEM: 0 MB
LDB: TIME 2003.52 LOAD: AVG 0.469139 MAX 0.512488  PROXIES: TOTAL 348 MAXPE 45 MAXPATCH 5 RefineTorusLB MEM: 0 MB
LDB: TIME 2003.52 LOAD: AVG 0.469139 MAX 0.512488  PROXIES: TOTAL 348 MAXPE 45 MAXPATCH 5 RefineTorusLB MEM: 0 MB
LDB: ============== END OF LOAD BALANCING =============== 2003.52
Info: useSync: 0 useProxySync: 0
LDB: =============== DONE WITH MIGRATION ================ 2003.52
TIMING: 333000  CPU: 2002.9, 0.00605525/step  Wall: 2006.3, 0.00606053/step, 1.12288 hours remaining, 0.000000 MB of memory in use.
PERFORMANCE: 333000  averaging 28.6818 ns/day, 0.00602472 sec/step with standard deviation 5.96535e-05
ENERGY:  333000       339.4912       937.0799      1445.0093        23.8474        -590991.6404     42248.5305        49.5747         0.0000     48381.2066        -497566.9007       292.2016   -545948.1073   -497462.7496       292.2875            -80.9262       -49.8781    832265.3014         4.6586         4.6376

TIMING: 334000  CPU: 2008.95, 0.00605495/step  Wall: 2012.37, 0.00606644/step, 1.12229 hours remaining, 0.000000 MB of memory in use.
PERFORMANCE: 334000  averaging 28.6812 ns/day, 0.00602485 sec/step with standard deviation 5.96076e-05
ENERGY:  334000       341.4077       959.3118      1434.7530        22.0986        -590732.3017     42101.1268        56.7022         0.0000     48315.2282        -497501.6735       291.8031   -545816.9017   -497404.8061       291.8140            -44.3975       -12.5036    830817.8788         0.5423         0.5735

TIMING: 335000  CPU: 2015, 0.00605108/step  Wall: 2018.43, 0.00605954/step, 1.11933 hours remaining, 0.000000 MB of memory in use.
PERFORMANCE: 335000  averaging 28.6807 ns/day, 0.00602495 sec/step with standard deviation 5.95485e-05
ENERGY:  335000       339.1131       950.3152      1434.5532        26.6804        -590397.2749     41877.9890        58.1052         0.0000     48338.8509        -497371.6678       291.9458   -545710.5187   -497269.4522       292.0645           -148.5365      -115.2478    831868.9709         5.5583         5.5537

WRITING COORDINATES TO DCD FILE eq1.dcd AT STEP 335000
TIMING: 336000  CPU: 2021.04, 0.00603903/step  Wall: 2024.48, 0.00604862/step, 1.11563 hours remaining, 0.000000 MB of memory in use.
PERFORMANCE: 336000  averaging 28.6804 ns/day, 0.00602502 sec/step with standard deviation 5.94736e-05
ENERGY:  336000       319.1026       935.4433      1430.5069        23.2542        -590753.5503     42454.3642        56.5851         0.0000     48506.1488        -497028.1452       292.9562   -545534.2939   -496918.5477       292.3470             68.9096       103.5616    832108.9738        -3.9752        -3.9540

LDB: ============= START OF LOAD BALANCING ============== 2027.14
LDB: ============== END OF LOAD BALANCING =============== 2027.14
Info: useSync: 0 useProxySync: 0
LDB: =============== DONE WITH MIGRATION ================ 2027.14
LDB: ============= START OF LOAD BALANCING ============== 2027.76
LDB: TIME 2027.76 LOAD: AVG 0.470773 MAX 0.508945  PROXIES: TOTAL 348 MAXPE 45 MAXPATCH 5 None MEM: 0 MB
LDB: TIME 2027.76 LOAD: AVG 0.470773 MAX 0.508945  PROXIES: TOTAL 348 MAXPE 45 MAXPATCH 5 RefineTorusLB MEM: 0 MB
LDB: TIME 2027.76 LOAD: AVG 0.470773 MAX 0.508945  PROXIES: TOTAL 348 MAXPE 45 MAXPATCH 5 RefineTorusLB MEM: 0 MB
LDB: Reverting to original mapping
LDB: ============== END OF LOAD BALANCING =============== 2027.76
Info: useSync: 0 useProxySync: 0
LDB: =============== DONE WITH MIGRATION ================ 2027.76
TIMING: 337000  CPU: 2027.11, 0.0060666/step  Wall: 2030.56, 0.00607621/step, 1.11904 hours remaining, 0.000000 MB of memory in use.
PERFORMANCE: 337000  averaging 28.6797 ns/day, 0.00602517 sec/step with standard deviation 5.94505e-05
ENERGY:  337000       351.2216       953.2354      1440.2690        24.4075        -590894.5959     42371.5669        54.3919         0.0000     48412.7411        -497286.7625       292.3921   -545699.5036   -497179.5350       292.2704             85.9132       119.7960    830635.8273         2.2975         2.3646

TIMING: 338000  CPU: 2033.16, 0.00605104/step  Wall: 2036.61, 0.0060594/step, 1.11426 hours remaining, 0.000000 MB of memory in use.
PERFORMANCE: 338000  averaging 28.6792 ns/day, 0.00602527 sec/step with standard deviation 5.93914e-05
ENERGY:  338000       352.6728       942.5345      1441.4145        24.3260        -590705.9628     42280.3889        54.1638         0.0000     48641.3281        -496969.1341       293.7726   -545610.4622   -496862.2251       293.0229             10.6525        48.2702    830553.8048         7.0466         7.0544

TIMING: 339000  CPU: 2039.21, 0.00604626/step  Wall: 2042.67, 0.00605503/step, 1.11177 hours remaining, 0.000000 MB of memory in use.
PERFORMANCE: 339000  averaging 28.6788 ns/day, 0.00602536 sec/step with standard deviation 5.93255e-05
ENERGY:  339000       323.1624       928.9591      1459.9314        24.6003        -590736.3318     42315.7998        51.6280         0.0000     48091.2567        -497540.9942       290.4504   -545632.2509   -497440.7928       292.2562            -14.9967        19.9425    833938.8542        -5.1178        -5.2086

TIMING: 340000  CPU: 2045.27, 0.00606051/step  Wall: 2048.74, 0.00607108/step, 1.11303 hours remaining, 0.000000 MB of memory in use.
PERFORMANCE: 340000  averaging 28.6781 ns/day, 0.0060255 sec/step with standard deviation 5.92898e-05
ETITLE:      TS           BOND          ANGLE          DIHED          IMPRP               ELECT            VDW       BOUNDARY           MISC        KINETIC               TOTAL           TEMP      POTENTIAL         TOTAL3        TEMPAVG            PRESSURE      GPRESSURE         VOLUME       PRESSAVG      GPRESSAVG

ENERGY:  340000       350.1301       950.0023      1448.5603        21.7908        -590245.6500     41823.2377        55.2232         0.0000     48199.8982        -497396.8075       291.1066   -545596.7057   -497285.7504       291.8537           -163.8064      -134.5824    831826.4357         0.9696         0.9520

WRITING EXTENDED SYSTEM TO RESTART FILE AT STEP 340000
WRITING COORDINATES TO DCD FILE eq1.dcd AT STEP 340000
WRITING COORDINATES TO RESTART FILE AT STEP 340000
FINISHED WRITING RESTART COORDINATES
WRITING VELOCITIES TO RESTART FILE AT STEP 340000
FINISHED WRITING RESTART VELOCITIES
LDB: ============= START OF LOAD BALANCING ============== 2051.43
LDB: ============== END OF LOAD BALANCING =============== 2051.43
Info: useSync: 0 useProxySync: 0
LDB: =============== DONE WITH MIGRATION ================ 2051.43
LDB: ============= START OF LOAD BALANCING ============== 2052.04
LDB: TIME 2052.04 LOAD: AVG 0.468006 MAX 0.507932  PROXIES: TOTAL 348 MAXPE 45 MAXPATCH 5 None MEM: 0 MB
LDB: TIME 2052.04 LOAD: AVG 0.468006 MAX 0.507932  PROXIES: TOTAL 348 MAXPE 45 MAXPATCH 5 RefineTorusLB MEM: 0 MB
LDB: TIME 2052.04 LOAD: AVG 0.468006 MAX 0.507932  PROXIES: TOTAL 348 MAXPE 45 MAXPATCH 5 RefineTorusLB MEM: 0 MB
LDB: ============== END OF LOAD BALANCING =============== 2052.04
Info: useSync: 0 useProxySync: 0
LDB: =============== DONE WITH MIGRATION ================ 2052.04
TIMING: 341000  CPU: 2051.33, 0.00606221/step  Wall: 2054.83, 0.00609059/step, 1.11492 hours remaining, 0.000000 MB of memory in use.
PERFORMANCE: 341000  averaging 28.6772 ns/day, 0.00602569 sec/step with standard deviation 5.93074e-05
ENERGY:  341000       344.6683       996.7692      1439.3552        20.8873        -590516.9058     41962.6193        57.8008         0.0000     48474.9222        -497219.8835       292.7676   -545694.8057   -497115.1907       292.3957           -112.0096       -81.2854    831852.8748         0.1097         0.1373

TIMING: 342000  CPU: 2057.38, 0.00604846/step  Wall: 2060.89, 0.00605975/step, 1.10759 hours remaining, 0.000000 MB of memory in use.
PERFORMANCE: 342000  averaging 28.6768 ns/day, 0.00602579 sec/step with standard deviation 5.9249e-05
ENERGY:  342000       325.0102       935.1327      1444.7818        28.0830        -590179.2638     41879.7152        52.8055         0.0000     48638.6918        -496875.0437       293.7567   -545513.7355   -496773.6524       293.0600            -87.5316       -52.1402    832042.9808        -2.2621        -2.3280

TIMING: 343000  CPU: 2063.43, 0.00604853/step  Wall: 2066.95, 0.00605839/step, 1.10566 hours remaining, 0.000000 MB of memory in use.
PERFORMANCE: 343000  averaging 28.6763 ns/day, 0.00602588 sec/step with standard deviation 5.91885e-05
ENERGY:  343000       313.2803       932.1867      1437.9041        23.9235        -590092.3600     41766.2824        51.5418         0.0000     48445.5488        -497121.6924       292.5902   -545567.2412   -497010.5146       292.8949           -128.6547       -96.9561    831972.6844        -2.7556        -2.7459

TIMING: 344000  CPU: 2069.47, 0.00604017/step  Wall: 2073, 0.00605296/step, 1.10298 hours remaining, 0.000000 MB of memory in use.
PERFORMANCE: 344000  averaging 28.6759 ns/day, 0.00602596 sec/step with standard deviation 5.91201e-05
ENERGY:  344000       345.4408       957.4366      1429.7142        22.8964        -590824.5010     41963.9114        59.8697         0.0000     48480.6434        -497564.5885       292.8022   -546045.2319   -497451.4748       292.3511           -162.2756      -128.4632    832084.5515         2.7849         2.7006

LDB: ============= START OF LOAD BALANCING ============== 2075.67
LDB: ============== END OF LOAD BALANCING =============== 2075.67
Info: useSync: 0 useProxySync: 0
LDB: =============== DONE WITH MIGRATION ================ 2075.67
LDB: ============= START OF LOAD BALANCING ============== 2076.27
LDB: TIME 2076.27 LOAD: AVG 0.468949 MAX 0.509953  PROXIES: TOTAL 348 MAXPE 45 MAXPATCH 5 None MEM: 0 MB
LDB: TIME 2076.28 LOAD: AVG 0.468949 MAX 0.509953  PROXIES: TOTAL 348 MAXPE 45 MAXPATCH 5 RefineTorusLB MEM: 0 MB
LDB: TIME 2076.28 LOAD: AVG 0.468949 MAX 0.509953  PROXIES: TOTAL 348 MAXPE 45 MAXPATCH 5 RefineTorusLB MEM: 0 MB
LDB: Reverting to original mapping
LDB: ============== END OF LOAD BALANCING =============== 2076.28
Info: useSync: 0 useProxySync: 0
LDB: =============== DONE WITH MIGRATION ================ 2076.28
TIMING: 345000  CPU: 2075.52, 0.00605438/step  Wall: 2079.07, 0.00606442/step, 1.10339 hours remaining, 0.000000 MB of memory in use.
PERFORMANCE: 345000  averaging 28.6754 ns/day, 0.00602607 sec/step with standard deviation 5.90704e-05
ENERGY:  345000       316.3064       975.6586      1428.9231        17.9094        -591004.0341     42281.0374        57.5729         0.0000     48388.7532        -497537.8732       292.2472   -545926.6263   -497434.6664       292.3819             27.7738        58.0686    831576.1678        -3.6321        -3.6318

WRITING COORDINATES TO DCD FILE eq1.dcd AT STEP 345000
TIMING: 346000  CPU: 2081.57, 0.00604633/step  Wall: 2085.12, 0.00605698/step, 1.10035 hours remaining, 0.000000 MB of memory in use.
PERFORMANCE: 346000  averaging 28.675 ns/day, 0.00602616 sec/step with standard deviation 5.90082e-05
ENERGY:  346000       329.9256       994.7655      1436.9701        25.4449        -590497.0775     42009.9747        58.1967         0.0000     48388.2943        -497253.5057       292.2444   -545641.8000   -497158.7031       292.2106            -20.7608        11.5644    831185.0502         2.1163         2.0649

TIMING: 347000  CPU: 2087.63, 0.00606233/step  Wall: 2091.19, 0.00606948/step, 1.10094 hours remaining, 0.000000 MB of memory in use.
PERFORMANCE: 347000  averaging 28.6744 ns/day, 0.00602629 sec/step with standard deviation 5.89687e-05
ENERGY:  347000       367.3493       983.9281      1435.1136        26.0451        -590179.3734     41609.4980        51.4983         0.0000     48569.7622        -497136.1787       293.3404   -545705.9409   -497028.6113       292.4409           -166.1029      -133.8694    831480.7537        -1.2565        -1.2589

TIMING: 348000  CPU: 2093.68, 0.00604669/step  Wall: 2097.25, 0.00605526/step, 1.09667 hours remaining, 0.000000 MB of memory in use.
PERFORMANCE: 348000  averaging 28.674 ns/day, 0.00602637 sec/step with standard deviation 5.89042e-05
ENERGY:  348000       330.1215       914.3363      1443.3645        24.5900        -590996.6379     42672.8046        53.6216         0.0000     48464.4235        -497093.3759       292.7042   -545557.7994   -496990.2558       292.7430            153.3609       183.8144    831931.2138         1.3666         1.4392

LDB: ============= START OF LOAD BALANCING ============== 2099.92
LDB: ============== END OF LOAD BALANCING =============== 2099.92
Info: useSync: 0 useProxySync: 0
LDB: =============== DONE WITH MIGRATION ================ 2099.92
LDB: ============= START OF LOAD BALANCING ============== 2100.53
LDB: TIME 2100.53 LOAD: AVG 0.467092 MAX 0.512444  PROXIES: TOTAL 348 MAXPE 45 MAXPATCH 5 None MEM: 0 MB
LDB: TIME 2100.53 LOAD: AVG 0.467092 MAX 0.512444  PROXIES: TOTAL 348 MAXPE 45 MAXPATCH 5 RefineTorusLB MEM: 0 MB
LDB: TIME 2100.53 LOAD: AVG 0.467092 MAX 0.512444  PROXIES: TOTAL 348 MAXPE 45 MAXPATCH 5 RefineTorusLB MEM: 0 MB
LDB: ============== END OF LOAD BALANCING =============== 2100.53
Info: useSync: 0 useProxySync: 0
LDB: =============== DONE WITH MIGRATION ================ 2100.53
TIMING: 349000  CPU: 2099.74, 0.00606638/step  Wall: 2103.32, 0.00607609/step, 1.09876 hours remaining, 0.000000 MB of memory in use.
PERFORMANCE: 349000  averaging 28.6733 ns/day, 0.00602651 sec/step with standard deviation 5.88797e-05
ENERGY:  349000       351.2137       960.8796      1430.7076        24.7551        -590823.2836     42279.5738        61.5057         0.0000     48540.2609        -497174.3871       293.1622   -545714.6480   -497065.5750       292.4305             -4.6094        28.3656    831380.2167         0.8759         0.8098

TIMING: 350000  CPU: 2105.79, 0.00604644/step  Wall: 2109.38, 0.00605606/step, 1.09345 hours remaining, 0.000000 MB of memory in use.
PERFORMANCE: 350000  averaging 28.6729 ns/day, 0.0060266 sec/step with standard deviation 5.88164e-05
ETITLE:      TS           BOND          ANGLE          DIHED          IMPRP               ELECT            VDW       BOUNDARY           MISC        KINETIC               TOTAL           TEMP      POTENTIAL         TOTAL3        TEMPAVG            PRESSURE      GPRESSURE         VOLUME       PRESSAVG      GPRESSAVG

ENERGY:  350000       341.2736       947.5664      1431.8688        25.0291        -590305.3912     42008.7997        50.6762         0.0000     48256.0844        -497244.0930       291.4459   -545500.1774   -497143.2687       292.4132           -113.3755       -83.4049    833170.9769         3.5381         3.5050

WRITING EXTENDED SYSTEM TO RESTART FILE AT STEP 350000
WRITING COORDINATES TO DCD FILE eq1.dcd AT STEP 350000
WRITING COORDINATES TO RESTART FILE AT STEP 350000
FINISHED WRITING RESTART COORDINATES
WRITING VELOCITIES TO RESTART FILE AT STEP 350000
FINISHED WRITING RESTART VELOCITIES
TIMING: 351000  CPU: 2111.86, 0.00607141/step  Wall: 2115.48, 0.00609787/step, 1.09931 hours remaining, 0.000000 MB of memory in use.
PERFORMANCE: 351000  averaging 28.6719 ns/day, 0.0060268 sec/step with standard deviation 5.88555e-05
ENERGY:  351000       346.5950       954.6927      1440.6561        25.0519        -590561.6788     42135.0717        52.1463         0.0000     48532.4025        -497075.0627       293.1148   -545607.4651   -496973.8815       292.9628            -90.9448       -58.3965    833509.1714         1.3671         1.3018

TIMING: 352000  CPU: 2117.91, 0.0060508/step  Wall: 2121.54, 0.00606079/step, 1.09094 hours remaining, 0.000000 MB of memory in use.
PERFORMANCE: 352000  averaging 28.6715 ns/day, 0.0060269 sec/step with standard deviation 5.87995e-05
ENERGY:  352000       306.2284       987.6082      1437.2784        23.2384        -590817.5572     42473.4144        55.9399         0.0000     48338.0088        -497195.8408       291.9407   -545533.8496   -497088.3083       292.4328              3.2752        36.3338    832758.5082         1.2246         1.1978

LDB: ============= START OF LOAD BALANCING ============== 2124.2
LDB: ============== END OF LOAD BALANCING =============== 2124.2
Info: useSync: 0 useProxySync: 0
LDB: =============== DONE WITH MIGRATION ================ 2124.2
LDB: ============= START OF LOAD BALANCING ============== 2124.81
LDB: TIME 2124.81 LOAD: AVG 0.466451 MAX 0.509136  PROXIES: TOTAL 348 MAXPE 45 MAXPATCH 5 None MEM: 0 MB
LDB: TIME 2124.81 LOAD: AVG 0.466451 MAX 0.509136  PROXIES: TOTAL 348 MAXPE 45 MAXPATCH 5 RefineTorusLB MEM: 0 MB
LDB: TIME 2124.81 LOAD: AVG 0.466451 MAX 0.509136  PROXIES: TOTAL 348 MAXPE 45 MAXPATCH 5 RefineTorusLB MEM: 0 MB
LDB: ============== END OF LOAD BALANCING =============== 2124.81
Info: useSync: 0 useProxySync: 0
LDB: =============== DONE WITH MIGRATION ================ 2124.81
TIMING: 353000  CPU: 2123.96, 0.00605075/step  Wall: 2127.6, 0.00605977/step, 1.08908 hours remaining, 0.000000 MB of memory in use.
PERFORMANCE: 353000  averaging 28.671 ns/day, 0.00602699 sec/step with standard deviation 5.87419e-05
ENERGY:  353000       328.0135       978.7398      1433.2576        16.7057        -590336.5089     41700.8297        53.5625         0.0000     48581.0145        -497244.3856       293.4084   -545825.4001   -497136.8748       292.8580           -173.3895      -142.5911    832577.2678         1.0441         1.0859

TIMING: 354000  CPU: 2130, 0.00603553/step  Wall: 2133.64, 0.00604425/step, 1.08461 hours remaining, 0.000000 MB of memory in use.
PERFORMANCE: 354000  averaging 28.6708 ns/day, 0.00602704 sec/step with standard deviation 5.86659e-05
ENERGY:  354000       338.8897       943.0321      1451.2089        28.9616        -590481.4390     41968.0939        52.1456         0.0000     48341.6585        -497357.4487       291.9628   -545699.1073   -497249.0893       292.1034            -82.2332       -46.0894    832125.8307        -2.0201        -1.9040

TIMING: 355000  CPU: 2136.05, 0.0060513/step  Wall: 2139.7, 0.00605805/step, 1.0854 hours remaining, 0.000000 MB of memory in use.
PERFORMANCE: 355000  averaging 28.6704 ns/day, 0.00602712 sec/step with standard deviation 5.86061e-05
ENERGY:  355000       326.7615       971.0352      1465.7373        26.4275        -590616.6170     41784.1639        63.3662         0.0000     48157.4148        -497821.7107       290.8500   -545979.1254   -497723.1940       291.7490           -283.8439      -252.0004    833192.4389         2.3327         2.3228

WRITING COORDINATES TO DCD FILE eq1.dcd AT STEP 355000
TIMING: 356000  CPU: 2142.1, 0.0060509/step  Wall: 2145.76, 0.00605942/step, 1.08396 hours remaining, 0.000000 MB of memory in use.
PERFORMANCE: 356000  averaging 28.67 ns/day, 0.00602722 sec/step with standard deviation 5.85485e-05
ENERGY:  356000       322.7558       938.5628      1431.3379        22.5889        -590688.1981     42176.0867        53.6200         0.0000     47957.0127        -497786.2334       289.6397   -545743.2461   -497683.7210       291.4092            -69.3310       -35.9203    832777.2872        -1.0533        -1.1328

LDB: ============= START OF LOAD BALANCING ============== 2148.43
LDB: ============== END OF LOAD BALANCING =============== 2148.43
Info: useSync: 0 useProxySync: 0
LDB: =============== DONE WITH MIGRATION ================ 2148.43
LDB: ============= START OF LOAD BALANCING ============== 2149.04
LDB: TIME 2149.04 LOAD: AVG 0.467186 MAX 0.509356  PROXIES: TOTAL 348 MAXPE 45 MAXPATCH 5 None MEM: 0 MB
LDB: TIME 2149.04 LOAD: AVG 0.467186 MAX 0.509356  PROXIES: TOTAL 348 MAXPE 45 MAXPATCH 5 RefineTorusLB MEM: 0 MB
LDB: TIME 2149.04 LOAD: AVG 0.467186 MAX 0.509356  PROXIES: TOTAL 348 MAXPE 45 MAXPATCH 5 RefineTorusLB MEM: 0 MB
LDB: ============== END OF LOAD BALANCING =============== 2149.04
Info: useSync: 0 useProxySync: 0
LDB: =============== DONE WITH MIGRATION ================ 2149.04
TIMING: 357000  CPU: 2148.16, 0.00606269/step  Wall: 2151.84, 0.00607475/step, 1.08502 hours remaining, 0.000000 MB of memory in use.
PERFORMANCE: 357000  averaging 28.6693 ns/day, 0.00602735 sec/step with standard deviation 5.85203e-05
ENERGY:  357000       354.2219       951.8299      1435.9586        23.8518        -591054.0210     42392.8235        58.6479         0.0000     48296.6808        -497540.0066       291.6911   -545836.6874   -497435.5076       291.4068             30.1757        63.3601    832270.6336         1.1822         1.0890

TIMING: 358000  CPU: 2154.22, 0.0060596/step  Wall: 2157.9, 0.00606591/step, 1.08175 hours remaining, 0.000000 MB of memory in use.
PERFORMANCE: 358000  averaging 28.6688 ns/day, 0.00602746 sec/step with standard deviation 5.84738e-05
ENERGY:  358000       368.4061       960.5787      1423.3766        22.0018        -590824.6283     41788.4068        59.5300         0.0000     48390.0049        -497812.3234       292.2548   -546202.3283   -497710.3876       291.6750           -181.3862      -146.6897    831553.7397        -5.9955        -6.0239

TIMING: 359000  CPU: 2160.29, 0.00606299/step  Wall: 2163.97, 0.00607173/step, 1.0811 hours remaining, 0.000000 MB of memory in use.
PERFORMANCE: 359000  averaging 28.6682 ns/day, 0.00602758 sec/step with standard deviation 5.84388e-05
ENERGY:  359000       340.7259       942.8094      1425.1859        19.0944        -590886.8671     42093.9247        49.8116         0.0000     48454.6965        -497560.6188       292.6455   -546015.3153   -497463.6636       291.2899             35.9481        65.6639    830332.6799         3.6791         3.6503

TIMING: 360000  CPU: 2166.34, 0.00605111/step  Wall: 2170.03, 0.00606133/step, 1.07757 hours remaining, 0.000000 MB of memory in use.
PERFORMANCE: 360000  averaging 28.6678 ns/day, 0.00602767 sec/step with standard deviation 5.83845e-05
ETITLE:      TS           BOND          ANGLE          DIHED          IMPRP               ELECT            VDW       BOUNDARY           MISC        KINETIC               TOTAL           TEMP      POTENTIAL         TOTAL3        TEMPAVG            PRESSURE      GPRESSURE         VOLUME       PRESSAVG      GPRESSAVG

ENERGY:  360000       359.5519       933.4455      1423.6592        23.3232        -591420.9035     42606.4517        51.1274         0.0000     48416.8773        -497606.4672       292.4170   -546023.3445   -497496.8343       291.8684             43.0631        74.4748    832592.2786         1.9046         1.8853

WRITING EXTENDED SYSTEM TO RESTART FILE AT STEP 360000
WRITING COORDINATES TO DCD FILE eq1.dcd AT STEP 360000
WRITING COORDINATES TO RESTART FILE AT STEP 360000
FINISHED WRITING RESTART COORDINATES
WRITING VELOCITIES TO RESTART FILE AT STEP 360000
FINISHED WRITING RESTART VELOCITIES
LDB: ============= START OF LOAD BALANCING ============== 2172.74
LDB: ============== END OF LOAD BALANCING =============== 2172.74
Info: useSync: 0 useProxySync: 0
LDB: =============== DONE WITH MIGRATION ================ 2172.74
LDB: ============= START OF LOAD BALANCING ============== 2173.34
LDB: TIME 2173.34 LOAD: AVG 0.467326 MAX 0.509546  PROXIES: TOTAL 348 MAXPE 45 MAXPATCH 5 None MEM: 0 MB
LDB: TIME 2173.34 LOAD: AVG 0.467326 MAX 0.509546  PROXIES: TOTAL 348 MAXPE 45 MAXPATCH 5 RefineTorusLB MEM: 0 MB
LDB: TIME 2173.34 LOAD: AVG 0.467326 MAX 0.509546  PROXIES: TOTAL 348 MAXPE 45 MAXPATCH 5 RefineTorusLB MEM: 0 MB
LDB: ============== END OF LOAD BALANCING =============== 2173.34
Info: useSync: 0 useProxySync: 0
LDB: =============== DONE WITH MIGRATION ================ 2173.34
TIMING: 361000  CPU: 2172.42, 0.0060819/step  Wall: 2176.14, 0.0061034/step, 1.08335 hours remaining, 0.000000 MB of memory in use.
PERFORMANCE: 361000  averaging 28.6668 ns/day, 0.00602788 sec/step with standard deviation 5.84394e-05
ENERGY:  361000       350.8985       962.4827      1420.5514        19.3362        -590249.7030     41968.8329        59.3909         0.0000     48332.2302        -497135.9802       291.9058   -545468.2105   -497040.0061       291.9591           -146.8039      -114.0182    833072.4497         4.5455         4.5023

TIMING: 362000  CPU: 2178.47, 0.00605079/step  Wall: 2182.2, 0.0060607/step, 1.07409 hours remaining, 0.000000 MB of memory in use.
PERFORMANCE: 362000  averaging 28.6663 ns/day, 0.00602797 sec/step with standard deviation 5.83839e-05
ENERGY:  362000       338.1423       934.7070      1450.2680        25.4763        -590621.0664     42196.3535        56.0792         0.0000     48153.5203        -497466.5199       290.8265   -545620.0402   -497367.5396       292.1302            -10.5899        20.8983    832148.1139         5.5356         5.5810

TIMING: 363000  CPU: 2184.5, 0.00602696/step  Wall: 2188.23, 0.00603611/step, 1.06806 hours remaining, 0.000000 MB of memory in use.
PERFORMANCE: 363000  averaging 28.6662 ns/day, 0.006028 sec/step with standard deviation 5.83047e-05
ENERGY:  363000       330.5960       968.2847      1428.6626        26.3181        -590805.6684     42125.4694        63.4965         0.0000     48270.7750        -497592.0660       291.5347   -545862.8411   -497489.1753       291.7205            -86.0821       -52.6896    832656.8940         5.5536         5.5622

TIMING: 364000  CPU: 2190.55, 0.00605525/step  Wall: 2194.3, 0.00606179/step, 1.07092 hours remaining, 0.000000 MB of memory in use.
PERFORMANCE: 364000  averaging 28.6658 ns/day, 0.00602809 sec/step with standard deviation 5.82513e-05
ENERGY:  364000       336.4363       943.4469      1441.1983        26.0611        -591157.9823     42320.8683        55.9474         0.0000     48450.1090        -497583.9150       292.6178   -546034.0240   -497479.5115       292.1132            -28.0831         3.5391    831940.0993        -5.7794        -5.7644

LDB: ============= START OF LOAD BALANCING ============== 2196.96
LDB: ============== END OF LOAD BALANCING =============== 2196.96
Info: useSync: 0 useProxySync: 0
LDB: =============== DONE WITH MIGRATION ================ 2196.96
LDB: ============= START OF LOAD BALANCING ============== 2197.57
LDB: TIME 2197.57 LOAD: AVG 0.468993 MAX 0.509838  PROXIES: TOTAL 348 MAXPE 45 MAXPATCH 5 None MEM: 0 MB
LDB: TIME 2197.57 LOAD: AVG 0.468993 MAX 0.509838  PROXIES: TOTAL 348 MAXPE 45 MAXPATCH 5 RefineTorusLB MEM: 0 MB
LDB: TIME 2197.57 LOAD: AVG 0.468993 MAX 0.509838  PROXIES: TOTAL 348 MAXPE 45 MAXPATCH 5 RefineTorusLB MEM: 0 MB
LDB: ============== END OF LOAD BALANCING =============== 2197.57
Info: useSync: 0 useProxySync: 0
LDB: =============== DONE WITH MIGRATION ================ 2197.57
TIMING: 365000  CPU: 2196.59, 0.00603887/step  Wall: 2200.35, 0.00605156/step, 1.06743 hours remaining, 0.000000 MB of memory in use.
PERFORMANCE: 365000  averaging 28.6655 ns/day, 0.00602815 sec/step with standard deviation 5.81842e-05
ENERGY:  365000       374.4694       982.7279      1446.7390        29.7249        -591150.4345     42229.6461        56.4072         0.0000     48542.6840        -497488.0361       293.1769   -546030.7201   -497381.5069       292.0140            -59.8188       -26.9488    832757.1219         1.2708         1.2353

WRITING COORDINATES TO DCD FILE eq1.dcd AT STEP 365000
TIMING: 366000  CPU: 2202.62, 0.00603455/step  Wall: 2206.39, 0.00604379/step, 1.06438 hours remaining, 0.000000 MB of memory in use.
PERFORMANCE: 366000  averaging 28.6653 ns/day, 0.0060282 sec/step with standard deviation 5.81102e-05
ENERGY:  366000       351.6733       977.9842      1436.5336        29.4905        -591234.6544     42223.4853        60.0427         0.0000     48449.1392        -497706.3055       292.6119   -546155.4448   -497600.4311       291.8027            -86.4137       -56.1455    832507.5255        -3.1312        -3.1440

TIMING: 367000  CPU: 2208.67, 0.00604351/step  Wall: 2212.44, 0.00605129/step, 1.06402 hours remaining, 0.000000 MB of memory in use.
PERFORMANCE: 367000  averaging 28.665 ns/day, 0.00602826 sec/step with standard deviation 5.80433e-05
ENERGY:  367000       349.9912       944.9204      1427.5602        24.6845        -590970.5987     42229.7374        53.8060         0.0000     48410.9363        -497528.9628       292.3812   -545939.8991   -497418.0749       292.2064             -6.6529        26.8453    831232.7986         0.9145         0.8569

TIMING: 368000  CPU: 2214.71, 0.00604684/step  Wall: 2218.5, 0.00605413/step, 1.06284 hours remaining, 0.000000 MB of memory in use.
PERFORMANCE: 368000  averaging 28.6647 ns/day, 0.00602833 sec/step with standard deviation 5.79798e-05
ENERGY:  368000       330.7334       932.6129      1453.4282        26.1662        -590866.5445     42316.5661        54.3298         0.0000     48390.2163        -497362.4917       292.2560   -545752.7080   -497265.4639       292.2161             62.8794        98.0435    831114.4371        -2.7521        -2.8306

LDB: ============= START OF LOAD BALANCING ============== 2221.16
LDB: ============== END OF LOAD BALANCING =============== 2221.16
Info: useSync: 0 useProxySync: 0
LDB: =============== DONE WITH MIGRATION ================ 2221.16
LDB: ============= START OF LOAD BALANCING ============== 2221.76
LDB: TIME 2221.76 LOAD: AVG 0.466658 MAX 0.509665  PROXIES: TOTAL 348 MAXPE 45 MAXPATCH 5 None MEM: 0 MB
LDB: TIME 2221.76 LOAD: AVG 0.466658 MAX 0.509665  PROXIES: TOTAL 348 MAXPE 45 MAXPATCH 5 RefineTorusLB MEM: 0 MB
LDB: TIME 2221.76 LOAD: AVG 0.466658 MAX 0.509665  PROXIES: TOTAL 348 MAXPE 45 MAXPATCH 5 RefineTorusLB MEM: 0 MB
LDB: ============== END OF LOAD BALANCING =============== 2221.76
Info: useSync: 0 useProxySync: 0
LDB: =============== DONE WITH MIGRATION ================ 2221.76
TIMING: 369000  CPU: 2220.77, 0.00605504/step  Wall: 2224.56, 0.00606378/step, 1.06285 hours remaining, 0.000000 MB of memory in use.
PERFORMANCE: 369000  averaging 28.6642 ns/day, 0.00602843 sec/step with standard deviation 5.79304e-05
ENERGY:  369000       314.1306      1031.3225      1439.6100        23.4835        -590705.7665     42093.2831        57.2805         0.0000     48106.8520        -497639.8043       290.5446   -545746.6562   -497543.7703       292.4052            -86.2076       -54.8163    831611.2139         1.3089         1.3581

TIMING: 370000  CPU: 2226.82, 0.00605097/step  Wall: 2230.62, 0.00605944/step, 1.0604 hours remaining, 0.000000 MB of memory in use.
PERFORMANCE: 370000  averaging 28.6638 ns/day, 0.00602851 sec/step with standard deviation 5.78743e-05
ETITLE:      TS           BOND          ANGLE          DIHED          IMPRP               ELECT            VDW       BOUNDARY           MISC        KINETIC               TOTAL           TEMP      POTENTIAL         TOTAL3        TEMPAVG            PRESSURE      GPRESSURE         VOLUME       PRESSAVG      GPRESSAVG

ENERGY:  370000       339.3985       966.0214      1457.0388        23.9551        -591324.1384     42620.2181        51.4470         0.0000     48396.6114        -497469.4480       292.2947   -545866.0594   -497368.2239       291.8947              3.4951        35.8390    831994.3302         4.8929         4.9128

WRITING EXTENDED SYSTEM TO RESTART FILE AT STEP 370000
WRITING COORDINATES TO DCD FILE eq1.dcd AT STEP 370000
WRITING COORDINATES TO RESTART FILE AT STEP 370000
FINISHED WRITING RESTART COORDINATES
WRITING VELOCITIES TO RESTART FILE AT STEP 370000
FINISHED WRITING RESTART VELOCITIES
TIMING: 371000  CPU: 2232.88, 0.00605622/step  Wall: 2236.7, 0.00608335/step, 1.0629 hours remaining, 0.000000 MB of memory in use.
PERFORMANCE: 371000  averaging 28.6631 ns/day, 0.00602866 sec/step with standard deviation 5.78661e-05
ENERGY:  371000       339.0901       981.3104      1443.4720        22.9492        -590812.6046     42146.7146        53.9161         0.0000     48359.0352        -497466.1169       292.0677   -545825.1522   -497358.8054       292.1271            -88.9281       -54.5331    832277.8911         0.0758         0.1560

TIMING: 372000  CPU: 2238.92, 0.00604299/step  Wall: 2242.76, 0.00605225/step, 1.05578 hours remaining, 0.000000 MB of memory in use.
PERFORMANCE: 372000  averaging 28.6628 ns/day, 0.00602872 sec/step with standard deviation 5.7801e-05
ENERGY:  372000       361.8444       963.9307      1458.3365        23.6765        -590444.0596     41825.0884        61.7591         0.0000     48199.8282        -497549.5958       291.1062   -545749.4240   -497445.9376       292.4045           -174.9107      -139.9982    832513.0223         2.3612         2.3668

LDB: ============= START OF LOAD BALANCING ============== 2245.42
LDB: ============== END OF LOAD BALANCING =============== 2245.42
Info: useSync: 0 useProxySync: 0
LDB: =============== DONE WITH MIGRATION ================ 2245.42
LDB: ============= START OF LOAD BALANCING ============== 2246.02
LDB: TIME 2246.02 LOAD: AVG 0.467098 MAX 0.508264  PROXIES: TOTAL 348 MAXPE 45 MAXPATCH 5 None MEM: 0 MB
LDB: TIME 2246.02 LOAD: AVG 0.467098 MAX 0.508264  PROXIES: TOTAL 348 MAXPE 45 MAXPATCH 5 RefineTorusLB MEM: 0 MB
LDB: TIME 2246.02 LOAD: AVG 0.467098 MAX 0.508264  PROXIES: TOTAL 348 MAXPE 45 MAXPATCH 5 RefineTorusLB MEM: 0 MB
LDB: ============== END OF LOAD BALANCING =============== 2246.02
Info: useSync: 0 useProxySync: 0
LDB: =============== DONE WITH MIGRATION ================ 2246.02
TIMING: 373000  CPU: 2244.96, 0.00604385/step  Wall: 2248.81, 0.00605076/step, 1.05384 hours remaining, 0.000000 MB of memory in use.
PERFORMANCE: 373000  averaging 28.6625 ns/day, 0.00602878 sec/step with standard deviation 5.77346e-05
ENERGY:  373000       310.8079       946.8335      1448.2966        22.5361        -590982.4098     42518.7856        57.6787         0.0000     48449.9672        -497227.5042       292.6169   -545677.4715   -497118.7988       292.1459            -16.0455        16.1873    832981.5487        -2.9581        -3.0086

TIMING: 374000  CPU: 2251.02, 0.00605146/step  Wall: 2254.87, 0.00605959/step, 1.0537 hours remaining, 0.000000 MB of memory in use.
PERFORMANCE: 374000  averaging 28.6621 ns/day, 0.00602886 sec/step with standard deviation 5.76791e-05
ENERGY:  374000       319.1281       921.1034      1438.6067        29.9251        -590978.2755     42486.2489        54.7353         0.0000     48428.8390        -497299.6891       292.4893   -545728.5282   -497184.5263       292.6626             79.6088       108.8338    831638.2838        -0.5101        -0.5049

TIMING: 375000  CPU: 2257.06, 0.00604329/step  Wall: 2260.92, 0.00605276/step, 1.05083 hours remaining, 0.000000 MB of memory in use.
PERFORMANCE: 375000  averaging 28.6618 ns/day, 0.00602893 sec/step with standard deviation 5.76152e-05
ENERGY:  375000       324.1167       970.8308      1425.4948        25.3838        -590081.0776     41723.1604        59.3440         0.0000     48163.0393        -497389.7080       290.8840   -545552.7472   -497289.7523       291.9297           -262.3319      -229.1935    834373.2159        -0.9989        -0.9805

WRITING COORDINATES TO DCD FILE eq1.dcd AT STEP 375000
TIMING: 376000  CPU: 2263.12, 0.00606303/step  Wall: 2266.99, 0.00606954/step, 1.05205 hours remaining, 0.000000 MB of memory in use.
PERFORMANCE: 376000  averaging 28.6613 ns/day, 0.00602903 sec/step with standard deviation 5.75764e-05
ENERGY:  376000       377.1109       918.8070      1440.0981        22.4466        -591121.1735     42355.7190        54.9237         0.0000     48578.0347        -497374.0335       293.3904   -545952.0682   -497277.3088       291.9114            -96.2437       -63.1233    832191.4865         5.0469         5.0174

LDB: ============= START OF LOAD BALANCING ============== 2269.65
LDB: ============== END OF LOAD BALANCING =============== 2269.65
Info: useSync: 0 useProxySync: 0
LDB: =============== DONE WITH MIGRATION ================ 2269.65
LDB: ============= START OF LOAD BALANCING ============== 2270.26
LDB: TIME 2270.26 LOAD: AVG 0.469353 MAX 0.51194  PROXIES: TOTAL 348 MAXPE 45 MAXPATCH 5 None MEM: 0 MB
LDB: TIME 2270.26 LOAD: AVG 0.469353 MAX 0.51194  PROXIES: TOTAL 348 MAXPE 45 MAXPATCH 5 RefineTorusLB MEM: 0 MB
LDB: TIME 2270.26 LOAD: AVG 0.469353 MAX 0.51194  PROXIES: TOTAL 348 MAXPE 45 MAXPATCH 5 RefineTorusLB MEM: 0 MB
LDB: ============== END OF LOAD BALANCING =============== 2270.26
Info: useSync: 0 useProxySync: 0
LDB: =============== DONE WITH MIGRATION ================ 2270.26
TIMING: 377000  CPU: 2269.2, 0.00607942/step  Wall: 2273.08, 0.00609067/step, 1.05402 hours remaining, 0.000000 MB of memory in use.
PERFORMANCE: 377000  averaging 28.6605 ns/day, 0.0060292 sec/step with standard deviation 5.75874e-05
ENERGY:  377000       342.2569       956.1541      1448.0668        21.5235        -591266.4402     42524.0018        60.3324         0.0000     48173.8618        -497740.2427       290.9493   -545914.1045   -497641.1341       291.3342             25.1982        61.1292    832324.1190        -0.3162        -0.3193

TIMING: 378000  CPU: 2275.27, 0.00606739/step  Wall: 2279.15, 0.00607421/step, 1.04949 hours remaining, 0.000000 MB of memory in use.
PERFORMANCE: 378000  averaging 28.66 ns/day, 0.00602932 sec/step with standard deviation 5.75576e-05
ENERGY:  378000       334.5444       955.0923      1428.6953        21.7890        -591260.9479     42338.1612        55.5929         0.0000     48330.9715        -497796.1012       291.8982   -546127.0727   -497689.4501       291.6587            -25.6639        11.3510    831525.5137         3.0313         3.0754

TIMING: 379000  CPU: 2281.32, 0.00604669/step  Wall: 2285.21, 0.00605604/step, 1.04467 hours remaining, 0.000000 MB of memory in use.
PERFORMANCE: 379000  averaging 28.6596 ns/day, 0.00602939 sec/step with standard deviation 5.74978e-05
ENERGY:  379000       352.5616       933.1770      1437.5838        20.9393        -590927.9663     42301.2926        58.8346         0.0000     48496.6391        -497326.9384       292.8988   -545823.5775   -497216.9237       292.3468            -19.6765        13.7490    832978.0381         0.8422         0.7973

TIMING: 380000  CPU: 2287.38, 0.00605979/step  Wall: 2291.28, 0.00607027/step, 1.04544 hours remaining, 0.000000 MB of memory in use.
PERFORMANCE: 380000  averaging 28.6591 ns/day, 0.00602949 sec/step with standard deviation 5.74601e-05
ETITLE:      TS           BOND          ANGLE          DIHED          IMPRP               ELECT            VDW       BOUNDARY           MISC        KINETIC               TOTAL           TEMP      POTENTIAL         TOTAL3        TEMPAVG            PRESSURE      GPRESSURE         VOLUME       PRESSAVG      GPRESSAVG

ENERGY:  380000       321.1658       912.8226      1442.1794        21.7423        -591243.1406     42430.8671        58.7479         0.0000     48681.1758        -497374.4398       294.0133   -546055.6155   -497281.3735       292.4099             66.9507        99.0632    830573.7793         4.5292         4.4705

WRITING EXTENDED SYSTEM TO RESTART FILE AT STEP 380000
WRITING COORDINATES TO DCD FILE eq1.dcd AT STEP 380000
WRITING COORDINATES TO RESTART FILE AT STEP 380000
FINISHED WRITING RESTART COORDINATES
WRITING VELOCITIES TO RESTART FILE AT STEP 380000
FINISHED WRITING RESTART VELOCITIES
LDB: ============= START OF LOAD BALANCING ============== 2293.98
LDB: ============== END OF LOAD BALANCING =============== 2293.98
Info: useSync: 0 useProxySync: 0
LDB: =============== DONE WITH MIGRATION ================ 2293.98
LDB: ============= START OF LOAD BALANCING ============== 2294.58
LDB: TIME 2294.58 LOAD: AVG 0.467308 MAX 0.510613  PROXIES: TOTAL 348 MAXPE 45 MAXPATCH 5 None MEM: 0 MB
LDB: TIME 2294.58 LOAD: AVG 0.467308 MAX 0.510613  PROXIES: TOTAL 348 MAXPE 45 MAXPATCH 5 RefineTorusLB MEM: 0 MB
LDB: TIME 2294.58 LOAD: AVG 0.467308 MAX 0.510613  PROXIES: TOTAL 348 MAXPE 45 MAXPATCH 5 RefineTorusLB MEM: 0 MB
LDB: Reverting to original mapping
LDB: ============== END OF LOAD BALANCING =============== 2294.58
Info: useSync: 0 useProxySync: 0
LDB: =============== DONE WITH MIGRATION ================ 2294.58
TIMING: 381000  CPU: 2293.45, 0.00607441/step  Wall: 2297.37, 0.00609399/step, 1.04783 hours remaining, 0.000000 MB of memory in use.
PERFORMANCE: 381000  averaging 28.6583 ns/day, 0.00602966 sec/step with standard deviation 5.74795e-05
ENERGY:  381000       324.7142       973.0594      1441.4818        23.2525        -591149.1501     42355.0874        46.3183         0.0000     48658.0421        -497327.1943       293.8736   -545985.2364   -497213.9697       292.1743            -40.0395        -8.8811    832397.2035         5.8736         5.8331

TIMING: 382000  CPU: 2299.49, 0.00603981/step  Wall: 2303.42, 0.00604882/step, 1.03838 hours remaining, 0.000000 MB of memory in use.
PERFORMANCE: 382000  averaging 28.6581 ns/day, 0.00602971 sec/step with standard deviation 5.74124e-05
ENERGY:  382000       331.3690       944.2927      1430.2016        21.3879        -590436.1023     41697.9288        53.9588         0.0000     48303.1527        -497653.8108       291.7302   -545956.9635   -497548.6764       292.0715           -248.9004      -218.8547    833059.8536        -5.1455        -5.1779

TIMING: 383000  CPU: 2305.54, 0.00604712/step  Wall: 2309.48, 0.00605429/step, 1.03764 hours remaining, 0.000000 MB of memory in use.
PERFORMANCE: 383000  averaging 28.6578 ns/day, 0.00602978 sec/step with standard deviation 5.7351e-05
ENERGY:  383000       337.5947       936.5064      1435.9805        23.2085        -591069.8378     42368.5494        56.3459         0.0000     48408.7230        -497502.9294       292.3678   -545911.6523   -497397.7136       291.8173             94.2743       124.2962    831481.7582         0.1631         0.1210

TIMING: 384000  CPU: 2311.59, 0.00605518/step  Wall: 2315.54, 0.00606594/step, 1.03795 hours remaining, 0.000000 MB of memory in use.
PERFORMANCE: 384000  averaging 28.6573 ns/day, 0.00602987 sec/step with standard deviation 5.73058e-05
ENERGY:  384000       319.7265       980.2971      1428.2607        24.4512        -590555.8156     41909.5024        53.7648         0.0000     48486.7676        -497353.0454       292.8392   -545839.8130   -497241.5990       292.5148           -112.8767       -79.2019    832740.6433         7.0619         7.0821

LDB: ============= START OF LOAD BALANCING ============== 2318.21
LDB: ============== END OF LOAD BALANCING =============== 2318.21
Info: useSync: 0 useProxySync: 0
LDB: =============== DONE WITH MIGRATION ================ 2318.21
LDB: ============= START OF LOAD BALANCING ============== 2318.82
LDB: TIME 2318.82 LOAD: AVG 0.467156 MAX 0.508831  PROXIES: TOTAL 348 MAXPE 45 MAXPATCH 5 None MEM: 0 MB
LDB: TIME 2318.82 LOAD: AVG 0.467156 MAX 0.508831  PROXIES: TOTAL 348 MAXPE 45 MAXPATCH 5 RefineTorusLB MEM: 0 MB
LDB: TIME 2318.82 LOAD: AVG 0.467156 MAX 0.508831  PROXIES: TOTAL 348 MAXPE 45 MAXPATCH 5 RefineTorusLB MEM: 0 MB
LDB: Reverting to original mapping
LDB: ============== END OF LOAD BALANCING =============== 2318.82
Info: useSync: 0 useProxySync: 0
LDB: =============== DONE WITH MIGRATION ================ 2318.82
TIMING: 385000  CPU: 2317.64, 0.00604711/step  Wall: 2321.6, 0.00605319/step, 1.03409 hours remaining, 0.000000 MB of memory in use.
PERFORMANCE: 385000  averaging 28.657 ns/day, 0.00602993 sec/step with standard deviation 5.72435e-05
ENERGY:  385000       312.8037       971.7936      1424.2479        26.9083        -591157.3954     42656.6374        52.9919         0.0000     48233.1821        -497478.8306       291.3076   -545712.0127   -497370.9127       292.4731            124.8075       152.1012    831865.3316         2.0250         2.0349

WRITING COORDINATES TO DCD FILE eq1.dcd AT STEP 385000
TIMING: 386000  CPU: 2323.67, 0.00603438/step  Wall: 2327.64, 0.00604571/step, 1.03113 hours remaining, 0.000000 MB of memory in use.
PERFORMANCE: 386000  averaging 28.6568 ns/day, 0.00602997 sec/step with standard deviation 5.71747e-05
ENERGY:  386000       350.2988       971.7855      1425.8977        28.4870        -590616.8369     41902.5624        52.1087         0.0000     48609.9921        -497275.7047       293.5834   -545885.6968   -497177.9505       291.7625           -174.1063      -141.5047    832287.4406        -0.0220         0.0460

TIMING: 387000  CPU: 2329.72, 0.00604268/step  Wall: 2333.69, 0.00605229/step, 1.03057 hours remaining, 0.000000 MB of memory in use.
PERFORMANCE: 387000  averaging 28.6566 ns/day, 0.00603003 sec/step with standard deviation 5.71119e-05
ENERGY:  387000       350.6373       969.1295      1455.4578        31.3673        -591063.2899     42382.8066        53.4566         0.0000     48384.5216        -497435.9133       292.2216   -545820.4349   -497330.3024       292.5322             36.1064        69.9869    831183.2618        -0.0409        -0.0512

TIMING: 388000  CPU: 2335.77, 0.00605134/step  Wall: 2339.75, 0.00605835/step, 1.02992 hours remaining, 0.000000 MB of memory in use.
PERFORMANCE: 388000  averaging 28.6562 ns/day, 0.0060301 sec/step with standard deviation 5.70562e-05
ENERGY:  388000       333.6457       967.2340      1444.0677        23.4195        -590753.4906     42190.8727        52.3282         0.0000     48198.8125        -497543.1103       291.1000   -545741.9227   -497441.2414       292.0734             21.3441        54.8520    832261.1732         3.7537         3.7095

LDB: ============= START OF LOAD BALANCING ============== 2342.41
LDB: ============== END OF LOAD BALANCING =============== 2342.41
Info: useSync: 0 useProxySync: 0
LDB: =============== DONE WITH MIGRATION ================ 2342.41
LDB: ============= START OF LOAD BALANCING ============== 2343.02
LDB: TIME 2343.02 LOAD: AVG 0.468708 MAX 0.508694  PROXIES: TOTAL 348 MAXPE 45 MAXPATCH 5 None MEM: 0 MB
LDB: TIME 2343.02 LOAD: AVG 0.468708 MAX 0.508694  PROXIES: TOTAL 348 MAXPE 45 MAXPATCH 5 RefineTorusLB MEM: 0 MB
LDB: TIME 2343.02 LOAD: AVG 0.468708 MAX 0.508694  PROXIES: TOTAL 348 MAXPE 45 MAXPATCH 5 RefineTorusLB MEM: 0 MB
LDB: Reverting to original mapping
LDB: ============== END OF LOAD BALANCING =============== 2343.02
Info: useSync: 0 useProxySync: 0
LDB: =============== DONE WITH MIGRATION ================ 2343.02
TIMING: 389000  CPU: 2341.81, 0.00604349/step  Wall: 2345.81, 0.00605463/step, 1.02761 hours remaining, 0.000000 MB of memory in use.
PERFORMANCE: 389000  averaging 28.6559 ns/day, 0.00603017 sec/step with standard deviation 5.69962e-05
ENERGY:  389000       358.8796       922.0397      1459.5005        27.1580        -590667.2961     42029.2216        48.4652         0.0000     48516.8344        -497305.1970       293.0207   -545822.0314   -497200.3250       291.9818            -78.7617       -42.6744    832488.5182         1.3097         1.2903

WRITING COORDINATES TO DCD FILE eq1.dcd AT STEP 390000
WRITING COORDINATES TO RESTART FILE AT STEP 390000
FINISHED WRITING RESTART COORDINATES
TIMING: 390000  CPU: 2347.86, 0.00604479/step  Wall: 2351.86, 0.00605652/step, 1.02624 hours remaining, 0.000000 MB of memory in use.
PERFORMANCE: 390000  averaging 28.6556 ns/day, 0.00603023 sec/step with standard deviation 5.69385e-05
ETITLE:      TS           BOND          ANGLE          DIHED          IMPRP               ELECT            VDW       BOUNDARY           MISC        KINETIC               TOTAL           TEMP      POTENTIAL         TOTAL3        TEMPAVG            PRESSURE      GPRESSURE         VOLUME       PRESSAVG      GPRESSAVG

ENERGY:  390000       319.2193       917.8864      1430.6402        22.9058        -590690.7333     42078.1256        49.2490         0.0000     48392.8726        -497479.8344       292.2721   -545872.7070   -497380.9323       292.3397             45.7085        74.5697    829017.9353        -0.4793        -0.4546

WRITING EXTENDED SYSTEM TO RESTART FILE AT STEP 390000
WRITING VELOCITIES TO RESTART FILE AT STEP 390000
FINISHED WRITING RESTART VELOCITIES
TIMING: 391000  CPU: 2353.9, 0.00604682/step  Wall: 2357.93, 0.00606754/step, 1.02643 hours remaining, 0.000000 MB of memory in use.
PERFORMANCE: 391000  averaging 28.6551 ns/day, 0.00603033 sec/step with standard deviation 5.68967e-05
ENERGY:  391000       345.7477       954.0716      1461.0773        28.6542        -590460.3571     42077.3960        57.5020         0.0000     48306.2728        -497229.6355       291.7490   -545535.9084   -497123.0172       292.0703            -41.4016        -6.5735    833612.4598         4.0480         3.9779

TIMING: 392000  CPU: 2359.96, 0.00605491/step  Wall: 2363.99, 0.00606096/step, 1.02363 hours remaining, 0.000000 MB of memory in use.
PERFORMANCE: 392000  averaging 28.6548 ns/day, 0.00603041 sec/step with standard deviation 5.6845e-05
ENERGY:  392000       341.6305       920.6559      1452.7859        18.3916        -590487.2628     41879.7284        52.0544         0.0000     48373.9866        -497448.0295       292.1580   -545822.0161   -497332.8001       292.1162           -119.7793       -84.9131    832088.8959        -3.6419        -3.5736

LDB: ============= START OF LOAD BALANCING ============== 2366.65
LDB: ============== END OF LOAD BALANCING =============== 2366.65
Info: useSync: 0 useProxySync: 0
LDB: =============== DONE WITH MIGRATION ================ 2366.65
LDB: ============= START OF LOAD BALANCING ============== 2367.26
LDB: TIME 2367.26 LOAD: AVG 0.467629 MAX 0.510307  PROXIES: TOTAL 348 MAXPE 45 MAXPATCH 5 None MEM: 0 MB
LDB: TIME 2367.26 LOAD: AVG 0.467629 MAX 0.510307  PROXIES: TOTAL 348 MAXPE 45 MAXPATCH 5 RefineTorusLB MEM: 0 MB
LDB: TIME 2367.26 LOAD: AVG 0.467629 MAX 0.510307  PROXIES: TOTAL 348 MAXPE 45 MAXPATCH 5 RefineTorusLB MEM: 0 MB
LDB: Reverting to original mapping
LDB: ============== END OF LOAD BALANCING =============== 2367.26
Info: useSync: 0 useProxySync: 0
LDB: =============== DONE WITH MIGRATION ================ 2367.26
TIMING: 393000  CPU: 2366, 0.00604287/step  Wall: 2370.04, 0.00605203/step, 1.02044 hours remaining, 0.000000 MB of memory in use.
PERFORMANCE: 393000  averaging 28.6545 ns/day, 0.00603046 sec/step with standard deviation 5.67829e-05
ENERGY:  393000       336.3183       982.3669      1441.0957        25.6399        -591217.0391     42625.1871        44.6072         0.0000     48353.3040        -497408.5199       292.0331   -545761.8240   -497306.6528       291.7163            237.9052       271.0123    829481.5356        -1.8223        -1.8135

TIMING: 394000  CPU: 2372.05, 0.00605082/step  Wall: 2376.11, 0.00606173/step, 1.02039 hours remaining, 0.000000 MB of memory in use.
PERFORMANCE: 394000  averaging 28.6541 ns/day, 0.00603054 sec/step with standard deviation 5.67325e-05
ENERGY:  394000       352.2229       958.0585      1452.2329        23.6821        -590191.7250     41838.7395        50.1735         0.0000     48134.5244        -497382.0912       290.7118   -545516.6156   -497280.2962       292.0673           -172.1302      -137.6547    832412.8047        -5.5496        -5.5377

TIMING: 395000  CPU: 2378.1, 0.0060485/step  Wall: 2382.17, 0.0060608/step, 1.01855 hours remaining, 0.000000 MB of memory in use.
PERFORMANCE: 395000  averaging 28.6538 ns/day, 0.00603062 sec/step with standard deviation 5.66809e-05
ENERGY:  395000       323.7421       933.1512      1427.6873        26.1518        -591094.1136     42524.7246        49.9504         0.0000     48385.6731        -497423.0331       292.2286   -545808.7062   -497312.3933       292.1755            104.9568       141.1483    831234.9177         3.3922         3.4439

WRITING COORDINATES TO DCD FILE eq1.dcd AT STEP 395000
TIMING: 396000  CPU: 2384.15, 0.00605213/step  Wall: 2388.23, 0.0060621/step, 1.01709 hours remaining, 0.000000 MB of memory in use.
PERFORMANCE: 396000  averaging 28.6534 ns/day, 0.0060307 sec/step with standard deviation 5.66312e-05
ENERGY:  396000       341.8989       952.4603      1449.0967        24.2964        -590580.3951     42250.4182        52.7977         0.0000     48292.2555        -497217.1714       291.6644   -545509.4269   -497104.3359       292.0223            -74.8283       -42.9170    832841.5564        -1.7935        -1.7267

LDB: ============= START OF LOAD BALANCING ============== 2390.89
LDB: ============== END OF LOAD BALANCING =============== 2390.89
Info: useSync: 0 useProxySync: 0
LDB: =============== DONE WITH MIGRATION ================ 2390.89
LDB: ============= START OF LOAD BALANCING ============== 2391.51
LDB: TIME 2391.51 LOAD: AVG 0.474699 MAX 0.516193  PROXIES: TOTAL 348 MAXPE 45 MAXPATCH 5 None MEM: 0 MB
LDB: TIME 2391.51 LOAD: AVG 0.474699 MAX 0.516193  PROXIES: TOTAL 348 MAXPE 45 MAXPATCH 5 RefineTorusLB MEM: 0 MB
LDB: TIME 2391.51 LOAD: AVG 0.474699 MAX 0.516193  PROXIES: TOTAL 348 MAXPE 45 MAXPATCH 5 RefineTorusLB MEM: 0 MB
LDB: Reverting to original mapping
LDB: ============== END OF LOAD BALANCING =============== 2391.51
Info: useSync: 0 useProxySync: 0
LDB: =============== DONE WITH MIGRATION ================ 2391.51
TIMING: 397000  CPU: 2390.21, 0.00605616/step  Wall: 2394.3, 0.00607099/step, 1.01689 hours remaining, 0.000000 MB of memory in use.
PERFORMANCE: 397000  averaging 28.6529 ns/day, 0.0060308 sec/step with standard deviation 5.65958e-05
ENERGY:  397000       326.9502       935.2182      1452.3305        29.5952        -591122.1480     42435.2761        56.0341         0.0000     48489.4472        -497397.2964       292.8553   -545886.7436   -497292.6152       292.2836            -13.6563        18.0301    832382.4675        -0.2203        -0.2065

TIMING: 398000  CPU: 2396.24, 0.00603289/step  Wall: 2400.34, 0.00604253/step, 1.01045 hours remaining, 0.000000 MB of memory in use.
PERFORMANCE: 398000  averaging 28.6528 ns/day, 0.00603083 sec/step with standard deviation 5.65275e-05
ENERGY:  398000       323.4995       963.4386      1435.6926        23.5584        -590516.3660     41958.6745        49.7051         0.0000     48438.2137        -497323.5837       292.5459   -545761.7973   -497210.4231       291.7418           -119.9419       -85.6662    833318.5818        -0.1035        -0.0992

TIMING: 399000  CPU: 2402.29, 0.00605269/step  Wall: 2406.41, 0.00606291/step, 1.01217 hours remaining, 0.000000 MB of memory in use.
PERFORMANCE: 399000  averaging 28.6524 ns/day, 0.00603091 sec/step with standard deviation 5.64793e-05
ENERGY:  399000       345.6658       966.8329      1447.4775        24.6294        -591027.7740     42770.5626        55.0002         0.0000     48107.8815        -497309.7241       290.5508   -545417.6056   -497206.8586       292.1602            126.5362       155.8652    831797.9459         3.0288         3.0370

TIMING: 400000  CPU: 2408.36, 0.00606353/step  Wall: 2412.48, 0.00607433/step, 1.01239 hours remaining, 0.000000 MB of memory in use.
PERFORMANCE: 400000  averaging 28.6519 ns/day, 0.00603102 sec/step with standard deviation 5.64503e-05
ETITLE:      TS           BOND          ANGLE          DIHED          IMPRP               ELECT            VDW       BOUNDARY           MISC        KINETIC               TOTAL           TEMP      POTENTIAL         TOTAL3        TEMPAVG            PRESSURE      GPRESSURE         VOLUME       PRESSAVG      GPRESSAVG

ENERGY:  400000       327.5866       974.3940      1440.3289        26.8630        -591121.5094     42463.7720        56.9245         0.0000     48359.7939        -497471.8465       292.0723   -545831.6404   -497370.3064       291.6432             28.2547        62.6367    832365.5335         1.7329         1.7728

WRITING EXTENDED SYSTEM TO RESTART FILE AT STEP 400000
WRITING COORDINATES TO DCD FILE eq1.dcd AT STEP 400000
WRITING COORDINATES TO RESTART FILE AT STEP 400000
FINISHED WRITING RESTART COORDINATES
WRITING VELOCITIES TO RESTART FILE AT STEP 400000
FINISHED WRITING RESTART VELOCITIES
LDB: ============= START OF LOAD BALANCING ============== 2415.19
LDB: ============== END OF LOAD BALANCING =============== 2415.19
Info: useSync: 0 useProxySync: 0
LDB: =============== DONE WITH MIGRATION ================ 2415.19
LDB: ============= START OF LOAD BALANCING ============== 2415.79
LDB: TIME 2415.79 LOAD: AVG 0.468979 MAX 0.51392  PROXIES: TOTAL 348 MAXPE 45 MAXPATCH 5 None MEM: 0 MB
LDB: TIME 2415.79 LOAD: AVG 0.468979 MAX 0.51392  PROXIES: TOTAL 348 MAXPE 45 MAXPATCH 5 RefineTorusLB MEM: 0 MB
LDB: TIME 2415.79 LOAD: AVG 0.468979 MAX 0.51392  PROXIES: TOTAL 348 MAXPE 45 MAXPATCH 5 RefineTorusLB MEM: 0 MB
LDB: ============== END OF LOAD BALANCING =============== 2415.79
Info: useSync: 0 useProxySync: 0
LDB: =============== DONE WITH MIGRATION ================ 2415.79
TIMING: 401000  CPU: 2414.44, 0.0060841/step  Wall: 2418.59, 0.00610803/step, 1.01631 hours remaining, 0.000000 MB of memory in use.
PERFORMANCE: 401000  averaging 28.651 ns/day, 0.00603121 sec/step with standard deviation 5.65107e-05
ENERGY:  401000       342.0039       944.4777      1447.2897        19.9879        -590669.2212     42009.2761        52.6212         0.0000     48346.8662        -497506.6985       291.9942   -545853.5647   -497397.1859       291.6828           -119.4767       -86.8648    832110.5045        -2.9195        -2.9690

TIMING: 402000  CPU: 2420.47, 0.00603148/step  Wall: 2424.63, 0.00603869/step, 1.00309 hours remaining, 0.000000 MB of memory in use.
PERFORMANCE: 402000  averaging 28.6509 ns/day, 0.00603123 sec/step with standard deviation 5.64414e-05
ENERGY:  402000       327.0873       967.1862      1441.8985        25.2924        -591548.8627     42523.7009        48.0443         0.0000     48410.9840        -497804.6691       292.3815   -546215.6531   -497691.5590       291.5189             76.7683       105.6821    832172.6194        -1.2532        -1.2441

TIMING: 403000  CPU: 2426.51, 0.00603927/step  Wall: 2430.67, 0.00604597/step, 1.00262 hours remaining, 0.000000 MB of memory in use.
PERFORMANCE: 403000  averaging 28.6507 ns/day, 0.00603127 sec/step with standard deviation 5.63759e-05
ENERGY:  403000       325.8550       963.0677      1462.8340        25.3556        -591045.4217     42399.9252        51.2168         0.0000     48067.2508        -497749.9165       290.3055   -545817.1673   -497657.6353       291.4344             92.4536       126.0641    831370.7924         0.2235         0.2369

TIMING: 404000  CPU: 2432.55, 0.00603898/step  Wall: 2436.72, 0.00605127/step, 1.00182 hours remaining, 0.000000 MB of memory in use.
PERFORMANCE: 404000  averaging 28.6505 ns/day, 0.00603132 sec/step with standard deviation 5.63147e-05
ENERGY:  404000       337.6083       938.3982      1438.1224        22.7416        -590814.8186     42135.1099        62.6345         0.0000     47991.9932        -497888.2103       289.8509   -545880.2035   -497791.5878       291.3016            -43.9708       -12.4055    832164.0768        -0.8106        -0.8157

LDB: ============= START OF LOAD BALANCING ============== 2439.39
LDB: ============== END OF LOAD BALANCING =============== 2439.39
Info: useSync: 0 useProxySync: 0
LDB: =============== DONE WITH MIGRATION ================ 2439.39
LDB: ============= START OF LOAD BALANCING ============== 2439.99
LDB: TIME 2439.99 LOAD: AVG 0.468351 MAX 0.507582  PROXIES: TOTAL 348 MAXPE 45 MAXPATCH 5 None MEM: 0 MB
LDB: TIME 2439.99 LOAD: AVG 0.468351 MAX 0.507582  PROXIES: TOTAL 348 MAXPE 45 MAXPATCH 5 RefineTorusLB MEM: 0 MB
LDB: TIME 2439.99 LOAD: AVG 0.468351 MAX 0.507582  PROXIES: TOTAL 348 MAXPE 45 MAXPATCH 5 RefineTorusLB MEM: 0 MB
LDB: ============== END OF LOAD BALANCING =============== 2439.99
Info: useSync: 0 useProxySync: 0
LDB: =============== DONE WITH MIGRATION ================ 2439.99
TIMING: 405000  CPU: 2438.59, 0.00604272/step  Wall: 2442.78, 0.00605251/step, 1.00035 hours remaining, 0.000000 MB of memory in use.
PERFORMANCE: 405000  averaging 28.6502 ns/day, 0.00603137 sec/step with standard deviation 5.62548e-05
ENERGY:  405000       315.0353       938.9147      1434.5798        28.9327        -591131.3784     42374.3719        53.0755         0.0000     48548.0798        -497438.3888       293.2095   -545986.4686   -497331.2016       291.6984             56.2578        89.5113    830524.6039         0.5730         0.5760

WRITING COORDINATES TO DCD FILE eq1.dcd AT STEP 405000
TIMING: 406000  CPU: 2444.64, 0.00605091/step  Wall: 2448.83, 0.00605836/step, 0.99963 hours remaining, 0.000000 MB of memory in use.
PERFORMANCE: 406000  averaging 28.6499 ns/day, 0.00603143 sec/step with standard deviation 5.62013e-05
ENERGY:  406000       335.9997       934.3823      1444.9276        21.7597        -590451.7873     41823.2661        60.8780         0.0000     48558.6091        -497271.9648       293.2730   -545830.5739   -497163.9210       291.7948           -221.5890      -190.5642    833231.2311         2.9313         3.0219

TIMING: 407000  CPU: 2450.69, 0.00604767/step  Wall: 2454.89, 0.00605681/step, 0.997691 hours remaining, 0.000000 MB of memory in use.
PERFORMANCE: 407000  averaging 28.6496 ns/day, 0.0060315 sec/step with standard deviation 5.61462e-05
ENERGY:  407000       332.8575       943.4114      1448.3274        22.5556        -590550.6254     42219.4706        62.9006         0.0000     48438.8279        -497082.2745       292.5496   -545521.1024   -496977.6096       292.8677            -68.7531       -36.5047    833382.5788         3.7680         3.7845

TIMING: 408000  CPU: 2456.74, 0.00604696/step  Wall: 2460.95, 0.00605387/step, 0.995525 hours remaining, 0.000000 MB of memory in use.
PERFORMANCE: 408000  averaging 28.6493 ns/day, 0.00603155 sec/step with standard deviation 5.60881e-05
ENERGY:  408000       346.6388       914.1330      1446.1014        24.6457        -590339.0694     41682.8062        58.8369         0.0000     48438.3631        -497427.5442       292.5468   -545865.9074   -497311.4329       292.5680           -176.9640      -144.8857    831869.3126        -1.2568        -1.1927

LDB: ============= START OF LOAD BALANCING ============== 2463.61
LDB: ============== END OF LOAD BALANCING =============== 2463.61
Info: useSync: 0 useProxySync: 0
LDB: =============== DONE WITH MIGRATION ================ 2463.61
LDB: ============= START OF LOAD BALANCING ============== 2464.22
LDB: TIME 2464.22 LOAD: AVG 0.46747 MAX 0.509198  PROXIES: TOTAL 348 MAXPE 45 MAXPATCH 5 None MEM: 0 MB
LDB: TIME 2464.22 LOAD: AVG 0.46747 MAX 0.509198  PROXIES: TOTAL 348 MAXPE 45 MAXPATCH 5 RefineTorusLB MEM: 0 MB
LDB: TIME 2464.22 LOAD: AVG 0.46747 MAX 0.509198  PROXIES: TOTAL 348 MAXPE 45 MAXPATCH 5 RefineTorusLB MEM: 0 MB
LDB: ============== END OF LOAD BALANCING =============== 2464.22
Info: useSync: 0 useProxySync: 0
LDB: =============== DONE WITH MIGRATION ================ 2464.22
TIMING: 409000  CPU: 2462.79, 0.00605552/step  Wall: 2467.01, 0.006063/step, 0.995342 hours remaining, 0.000000 MB of memory in use.
PERFORMANCE: 409000  averaging 28.649 ns/day, 0.00603163 sec/step with standard deviation 5.60409e-05
ENERGY:  409000       333.5199       955.3375      1435.1093        24.3389        -590978.5122     42031.8109        66.4706         0.0000     48699.8364        -497432.0886       294.1260   -546131.9251   -497331.4396       291.9927           -133.0005       -98.7031    832284.5684        -3.9226        -3.8794

TIMING: 410000  CPU: 2468.84, 0.00604719/step  Wall: 2473.07, 0.00605701/step, 0.992676 hours remaining, 0.000000 MB of memory in use.
PERFORMANCE: 410000  averaging 28.6487 ns/day, 0.00603169 sec/step with standard deviation 5.59864e-05
ETITLE:      TS           BOND          ANGLE          DIHED          IMPRP               ELECT            VDW       BOUNDARY           MISC        KINETIC               TOTAL           TEMP      POTENTIAL         TOTAL3        TEMPAVG            PRESSURE      GPRESSURE         VOLUME       PRESSAVG      GPRESSAVG

ENERGY:  410000       331.6045       915.7723      1452.4938        22.3369        -590028.8249     42126.0155        59.6544         0.0000     48312.9030        -496808.0445       291.7891   -545120.9475   -496705.2611       292.8661            -39.6244       -10.5120    833230.1636        -0.8569        -0.8614

WRITING EXTENDED SYSTEM TO RESTART FILE AT STEP 410000
WRITING COORDINATES TO DCD FILE eq1.dcd AT STEP 410000
WRITING COORDINATES TO RESTART FILE AT STEP 410000
FINISHED WRITING RESTART COORDINATES
WRITING VELOCITIES TO RESTART FILE AT STEP 410000
FINISHED WRITING RESTART VELOCITIES
TIMING: 411000  CPU: 2474.91, 0.00606642/step  Wall: 2479.16, 0.00609129/step, 0.996602 hours remaining, 0.000000 MB of memory in use.
PERFORMANCE: 411000  averaging 28.648 ns/day, 0.00603184 sec/step with standard deviation 5.59953e-05
ENERGY:  411000       321.0839       994.0393      1447.4844        23.7410        -590137.0991     42207.3138        57.8742         0.0000     48361.1838        -496724.3788       292.0807   -545085.5625   -496621.1546       292.7750            -18.0699        15.7787    833965.5270        -3.5693        -3.5776

TIMING: 412000  CPU: 2480.95, 0.00603868/step  Wall: 2485.21, 0.00605093/step, 0.988318 hours remaining, 0.000000 MB of memory in use.
PERFORMANCE: 412000  averaging 28.6478 ns/day, 0.00603188 sec/step with standard deviation 5.5935e-05
ENERGY:  412000       333.2585       964.2166      1428.9011        20.9522        -590190.7763     41916.4534        56.6723         0.0000     48355.0734        -497115.2487       292.0438   -545470.3221   -496999.6067       292.9326           -163.1335      -133.9675    834364.0173        -2.0319        -2.0060

LDB: ============= START OF LOAD BALANCING ============== 2487.87
LDB: ============== END OF LOAD BALANCING =============== 2487.87
Info: useSync: 0 useProxySync: 0
LDB: =============== DONE WITH MIGRATION ================ 2487.87
LDB: ============= START OF LOAD BALANCING ============== 2488.48
LDB: TIME 2488.48 LOAD: AVG 0.468043 MAX 0.507725  PROXIES: TOTAL 348 MAXPE 45 MAXPATCH 5 None MEM: 0 MB
LDB: TIME 2488.48 LOAD: AVG 0.468043 MAX 0.507725  PROXIES: TOTAL 348 MAXPE 45 MAXPATCH 5 RefineTorusLB MEM: 0 MB
LDB: TIME 2488.48 LOAD: AVG 0.468043 MAX 0.507725  PROXIES: TOTAL 348 MAXPE 45 MAXPATCH 5 RefineTorusLB MEM: 0 MB
LDB: ============== END OF LOAD BALANCING =============== 2488.48
Info: useSync: 0 useProxySync: 0
LDB: =============== DONE WITH MIGRATION ================ 2488.48
TIMING: 413000  CPU: 2486.99, 0.00604707/step  Wall: 2491.26, 0.00605503/step, 0.987307 hours remaining, 0.000000 MB of memory in use.
PERFORMANCE: 413000  averaging 28.6475 ns/day, 0.00603194 sec/step with standard deviation 5.58787e-05
ENERGY:  413000       345.3500       980.6335      1455.6272        27.4746        -590852.1225     42183.3095        48.2811         0.0000     48451.9414        -497359.5051       292.6288   -545811.4465   -497254.5617       292.2297            -79.9617       -48.1142    832635.9708        -2.5096        -2.4836

TIMING: 414000  CPU: 2493.03, 0.00603903/step  Wall: 2497.31, 0.00604674/step, 0.984275 hours remaining, 0.000000 MB of memory in use.
PERFORMANCE: 414000  averaging 28.6473 ns/day, 0.00603197 sec/step with standard deviation 5.58157e-05
ENERGY:  414000       369.5558       940.1859      1424.3649        21.0555        -590551.6889     42251.7545        51.9318         0.0000     48423.4625        -497069.3779       292.4568   -545492.8404   -496957.6267       292.5314             11.3592        41.8008    832571.6427        -3.1997        -3.2145

TIMING: 415000  CPU: 2499.09, 0.00605544/step  Wall: 2503.37, 0.00606561/step, 0.985661 hours remaining, 0.000000 MB of memory in use.
PERFORMANCE: 415000  averaging 28.647 ns/day, 0.00603205 sec/step with standard deviation 5.57727e-05
ENERGY:  415000       315.6916       963.0692      1431.4514        22.0862        -590784.7107     42350.5602        62.3565         0.0000     48713.7708        -496925.7248       294.2102   -545639.4957   -496818.2506       293.2626            -46.9900       -17.3971    833363.7799        -4.8782        -4.9044

WRITING COORDINATES TO DCD FILE eq1.dcd AT STEP 415000
TIMING: 416000  CPU: 2505.13, 0.0060432/step  Wall: 2509.43, 0.00605052/step, 0.981528 hours remaining, 0.000000 MB of memory in use.
PERFORMANCE: 416000  averaging 28.6467 ns/day, 0.0060321 sec/step with standard deviation 5.57129e-05
ENERGY:  416000       320.5639       942.2575      1461.3700        20.3539        -590625.1358     42486.1200        58.8519         0.0000     48241.5602        -497094.0586       291.3582   -545335.6187   -496991.9669       292.5757              8.2372        40.9996    833085.7407         4.6455         4.6775

LDB: ============= START OF LOAD BALANCING ============== 2512.1
LDB: ============== END OF LOAD BALANCING =============== 2512.1
Info: useSync: 0 useProxySync: 0
LDB: =============== DONE WITH MIGRATION ================ 2512.1
LDB: ============= START OF LOAD BALANCING ============== 2512.7
LDB: TIME 2512.7 LOAD: AVG 0.467628 MAX 0.506535  PROXIES: TOTAL 348 MAXPE 45 MAXPATCH 5 None MEM: 0 MB
LDB: TIME 2512.7 LOAD: AVG 0.467628 MAX 0.506535  PROXIES: TOTAL 348 MAXPE 45 MAXPATCH 5 RefineTorusLB MEM: 0 MB
LDB: TIME 2512.7 LOAD: AVG 0.467628 MAX 0.506535  PROXIES: TOTAL 348 MAXPE 45 MAXPATCH 5 RefineTorusLB MEM: 0 MB
LDB: Reverting to original mapping
LDB: ============== END OF LOAD BALANCING =============== 2512.7
Info: useSync: 0 useProxySync: 0
LDB: =============== DONE WITH MIGRATION ================ 2512.7
TIMING: 417000  CPU: 2511.17, 0.00603826/step  Wall: 2515.47, 0.006048/step, 0.979441 hours remaining, 0.000000 MB of memory in use.
PERFORMANCE: 417000  averaging 28.6466 ns/day, 0.00603214 sec/step with standard deviation 5.56513e-05
ENERGY:  417000       330.1939       933.9653      1455.5177        20.4978        -591038.0917     42649.2472        65.5850         0.0000     48216.5396        -497366.5452       291.2071   -545583.0847   -497265.5951       292.3584            226.3242       256.7403    830648.4917         2.2634         2.2973

TIMING: 418000  CPU: 2517.22, 0.00605138/step  Wall: 2521.54, 0.00606259/step, 0.980119 hours remaining, 0.000000 MB of memory in use.
PERFORMANCE: 418000  averaging 28.6462 ns/day, 0.00603221 sec/step with standard deviation 5.56045e-05
ENERGY:  418000       340.9824       969.4171      1457.2726        21.9246        -591201.4330     42359.0392        50.5927         0.0000     48514.6309        -497487.5736       293.0074   -546002.2045   -497384.1245       291.7072            -56.1196       -22.9276    832398.9918         4.8672         4.7918

TIMING: 419000  CPU: 2523.27, 0.00605107/step  Wall: 2527.6, 0.00605928/step, 0.9779 hours remaining, 0.000000 MB of memory in use.
PERFORMANCE: 419000  averaging 28.6459 ns/day, 0.00603227 sec/step with standard deviation 5.55537e-05
ENERGY:  419000       337.2097       952.0371      1442.6818        21.2504        -591084.4818     42405.3942        51.8036         0.0000     48274.9296        -497599.1753       291.5597   -545874.1049   -497492.9224       291.4566            -30.3779         1.1240    832706.7829         4.2012         4.1574

TIMING: 420000  CPU: 2529.32, 0.00605085/step  Wall: 2533.65, 0.0060595/step, 0.976253 hours remaining, 0.000000 MB of memory in use.
PERFORMANCE: 420000  averaging 28.6456 ns/day, 0.00603234 sec/step with standard deviation 5.55032e-05
ETITLE:      TS           BOND          ANGLE          DIHED          IMPRP               ELECT            VDW       BOUNDARY           MISC        KINETIC               TOTAL           TEMP      POTENTIAL         TOTAL3        TEMPAVG            PRESSURE      GPRESSURE         VOLUME       PRESSAVG      GPRESSAVG

ENERGY:  420000       313.6421       923.7925      1445.9936        33.4877        -591135.5540     42359.1572        58.5810         0.0000     48678.4806        -497322.4195       293.9970   -546000.9000   -497217.0136       291.5659             27.3822        58.7327    832951.2589         1.8237         1.9147

WRITING EXTENDED SYSTEM TO RESTART FILE AT STEP 420000
WRITING COORDINATES TO DCD FILE eq1.dcd AT STEP 420000
WRITING COORDINATES TO RESTART FILE AT STEP 420000
FINISHED WRITING RESTART COORDINATES
WRITING VELOCITIES TO RESTART FILE AT STEP 420000
FINISHED WRITING RESTART VELOCITIES
LDB: ============= START OF LOAD BALANCING ============== 2536.35
LDB: ============== END OF LOAD BALANCING =============== 2536.35
Info: useSync: 0 useProxySync: 0
LDB: =============== DONE WITH MIGRATION ================ 2536.35
LDB: ============= START OF LOAD BALANCING ============== 2536.96
LDB: TIME 2536.96 LOAD: AVG 0.467993 MAX 0.507401  PROXIES: TOTAL 348 MAXPE 45 MAXPATCH 5 None MEM: 0 MB
LDB: TIME 2536.96 LOAD: AVG 0.467993 MAX 0.507401  PROXIES: TOTAL 348 MAXPE 45 MAXPATCH 5 RefineTorusLB MEM: 0 MB
LDB: TIME 2536.96 LOAD: AVG 0.467993 MAX 0.507401  PROXIES: TOTAL 348 MAXPE 45 MAXPATCH 5 RefineTorusLB MEM: 0 MB
LDB: Reverting to original mapping
LDB: ============== END OF LOAD BALANCING =============== 2536.96
Info: useSync: 0 useProxySync: 0
LDB: =============== DONE WITH MIGRATION ================ 2536.96
TIMING: 421000  CPU: 2535.38, 0.00606055/step  Wall: 2539.74, 0.0060848/step, 0.978639 hours remaining, 0.000000 MB of memory in use.
PERFORMANCE: 421000  averaging 28.645 ns/day, 0.00603246 sec/step with standard deviation 5.54961e-05
ENERGY:  421000       343.4686       952.5303      1427.8768        21.2931        -590781.1533     42143.5758        48.7544         0.0000     48654.4679        -497189.1863       293.8520   -545843.6543   -497076.8641       292.1496            -69.3018       -39.7968    832071.4480         1.7583         1.8088

TIMING: 422000  CPU: 2541.4, 0.00601881/step  Wall: 2545.77, 0.00602844/step, 0.9679 hours remaining, 0.000000 MB of memory in use.
PERFORMANCE: 422000  averaging 28.6451 ns/day, 0.00603245 sec/step with standard deviation 5.54305e-05
ENERGY:  422000       335.9322       949.1070      1445.4095        26.8841        -590648.0680     42156.0669        49.3561         0.0000     48227.5332        -497457.7790       291.2735   -545685.3122   -497345.2801       292.3919            -76.0049       -39.0939    831834.4890         1.4568         1.4603

TIMING: 423000  CPU: 2547.45, 0.00604669/step  Wall: 2551.82, 0.0060523/step, 0.97005 hours remaining, 0.000000 MB of memory in use.
PERFORMANCE: 423000  averaging 28.6448 ns/day, 0.0060325 sec/step with standard deviation 5.53731e-05
ENERGY:  423000       350.4590       942.8368      1430.0972        19.2634        -590874.0011     42349.6034        48.9810         0.0000     48363.0434        -497369.7170       292.0919   -545732.7604   -497258.2173       292.0474             -2.4515        31.5065    831834.7166         0.7079         0.7366

TIMING: 424000  CPU: 2553.5, 0.00605044/step  Wall: 2557.88, 0.00606081/step, 0.969729 hours remaining, 0.000000 MB of memory in use.
PERFORMANCE: 424000  averaging 28.6445 ns/day, 0.00603257 sec/step with standard deviation 5.53247e-05
ENERGY:  424000       316.9887       932.9894      1439.1427        24.6232        -590472.4772     42203.3249        48.9919         0.0000     48276.7494        -497229.6670       291.5707   -545506.4164   -497133.5132       292.0989           -143.6902      -107.5182    834807.0941         5.7585         5.7796

LDB: ============= START OF LOAD BALANCING ============== 2560.55
LDB: ============== END OF LOAD BALANCING =============== 2560.55
Info: useSync: 0 useProxySync: 0
LDB: =============== DONE WITH MIGRATION ================ 2560.55
LDB: ============= START OF LOAD BALANCING ============== 2561.15
LDB: TIME 2561.15 LOAD: AVG 0.465975 MAX 0.508065  PROXIES: TOTAL 348 MAXPE 45 MAXPATCH 5 None MEM: 0 MB
LDB: TIME 2561.15 LOAD: AVG 0.465975 MAX 0.508065  PROXIES: TOTAL 348 MAXPE 45 MAXPATCH 5 RefineTorusLB MEM: 0 MB
LDB: TIME 2561.15 LOAD: AVG 0.465975 MAX 0.508065  PROXIES: TOTAL 348 MAXPE 45 MAXPATCH 5 RefineTorusLB MEM: 0 MB
LDB: Reverting to original mapping
LDB: ============== END OF LOAD BALANCING =============== 2561.15
Info: useSync: 0 useProxySync: 0
LDB: =============== DONE WITH MIGRATION ================ 2561.15
TIMING: 425000  CPU: 2559.54, 0.00603872/step  Wall: 2563.93, 0.00605003/step, 0.966324 hours remaining, 0.000000 MB of memory in use.
PERFORMANCE: 425000  averaging 28.6443 ns/day, 0.00603261 sec/step with standard deviation 5.52659e-05
ENERGY:  425000       329.8075       944.2819      1437.4029        24.2352        -590721.6234     42345.7060        58.2357         0.0000     48295.6749        -497286.2793       291.6850   -545581.9542   -497176.4880       292.1415             33.6232        68.2944    830292.1948         4.5008         4.5022

WRITING COORDINATES TO DCD FILE eq1.dcd AT STEP 425000
TIMING: 426000  CPU: 2565.58, 0.00604244/step  Wall: 2569.98, 0.00605117/step, 0.964826 hours remaining, 0.000000 MB of memory in use.
PERFORMANCE: 426000  averaging 28.6441 ns/day, 0.00603265 sec/step with standard deviation 5.52082e-05
ENERGY:  426000       330.2884       988.6134      1436.5984        21.5655        -590783.2376     42216.2572        51.2741         0.0000     48389.0486        -497349.5920       292.2490   -545738.6406   -497251.4566       292.3191            -48.7993       -10.2729    831499.9816         0.0469        -0.0268

TIMING: 427000  CPU: 2571.63, 0.00604638/step  Wall: 2576.04, 0.0060565/step, 0.963994 hours remaining, 0.000000 MB of memory in use.
PERFORMANCE: 427000  averaging 28.6439 ns/day, 0.00603271 sec/step with standard deviation 5.51555e-05
ENERGY:  427000       334.1656       932.1371      1443.4257        22.5988        -589998.7730     41677.4070        55.1764         0.0000     48326.6873        -497207.1751       291.8723   -545533.8624   -497102.1359       291.8776           -175.9714      -143.3579    833131.2798         1.3629         1.2981

TIMING: 428000  CPU: 2577.66, 0.00603076/step  Wall: 2582.08, 0.00604113/step, 0.959868 hours remaining, 0.000000 MB of memory in use.
PERFORMANCE: 428000  averaging 28.6438 ns/day, 0.00603273 sec/step with standard deviation 5.50923e-05
ENERGY:  428000       342.0222       950.9100      1435.7681        22.5272        -590196.4042     41693.2925        57.5565         0.0000     48482.7947        -497211.5330       292.8152   -545694.3277   -497099.3416       292.3963           -210.0085      -179.4620    833058.3821        -4.2115        -4.1592

LDB: ============= START OF LOAD BALANCING ============== 2584.75
LDB: ============== END OF LOAD BALANCING =============== 2584.75
Info: useSync: 0 useProxySync: 0
LDB: =============== DONE WITH MIGRATION ================ 2584.75
LDB: ============= START OF LOAD BALANCING ============== 2585.35
LDB: TIME 2585.35 LOAD: AVG 0.467548 MAX 0.508604  PROXIES: TOTAL 348 MAXPE 45 MAXPATCH 5 None MEM: 0 MB
LDB: TIME 2585.35 LOAD: AVG 0.467548 MAX 0.508604  PROXIES: TOTAL 348 MAXPE 45 MAXPATCH 5 RefineTorusLB MEM: 0 MB
LDB: TIME 2585.35 LOAD: AVG 0.467548 MAX 0.508604  PROXIES: TOTAL 348 MAXPE 45 MAXPATCH 5 RefineTorusLB MEM: 0 MB
LDB: ============== END OF LOAD BALANCING =============== 2585.35
Info: useSync: 0 useProxySync: 0
LDB: =============== DONE WITH MIGRATION ================ 2585.35
TIMING: 429000  CPU: 2583.72, 0.00606304/step  Wall: 2588.15, 0.00606945/step, 0.962682 hours remaining, 0.000000 MB of memory in use.
PERFORMANCE: 429000  averaging 28.6434 ns/day, 0.00603281 sec/step with standard deviation 5.50565e-05
ENERGY:  429000       345.7087       961.0451      1440.8322        24.4835        -590990.2699     42449.2066        54.8382         0.0000     48447.2791        -497266.8765       292.6007   -545714.1556   -497164.2611       292.5759             67.4873       100.5297    831693.2038        -1.7467        -1.8002

WRITING COORDINATES TO DCD FILE eq1.dcd AT STEP 430000
WRITING COORDINATES TO RESTART FILE AT STEP 430000
FINISHED WRITING RESTART COORDINATES
TIMING: 430000  CPU: 2589.79, 0.00607065/step  Wall: 2594.23, 0.00608532/step, 0.963509 hours remaining, 0.000000 MB of memory in use.
PERFORMANCE: 430000  averaging 28.6428 ns/day, 0.00603294 sec/step with standard deviation 5.50506e-05
ETITLE:      TS           BOND          ANGLE          DIHED          IMPRP               ELECT            VDW       BOUNDARY           MISC        KINETIC               TOTAL           TEMP      POTENTIAL         TOTAL3        TEMPAVG            PRESSURE      GPRESSURE         VOLUME       PRESSAVG      GPRESSAVG

ENERGY:  430000       339.2410       941.9145      1441.2169        25.2062        -590388.0275     41852.9470        58.6476         0.0000     48338.6597        -497390.1947       291.9446   -545728.8544   -497284.1944       292.1083           -234.9802      -203.3071    833075.1703         0.1304         0.0921

WRITING EXTENDED SYSTEM TO RESTART FILE AT STEP 430000
WRITING VELOCITIES TO RESTART FILE AT STEP 430000
FINISHED WRITING RESTART VELOCITIES
TIMING: 431000  CPU: 2595.83, 0.00603968/step  Wall: 2600.29, 0.00605876/step, 0.95762 hours remaining, 0.000000 MB of memory in use.
PERFORMANCE: 431000  averaging 28.6425 ns/day, 0.006033 sec/step with standard deviation 5.50006e-05
ENERGY:  431000       346.5841       905.3084      1440.6635        23.2327        -590948.8004     42402.3185        60.3290         0.0000     48403.3894        -497366.9750       292.3356   -545770.3644   -497273.3220       292.2851            -17.4905        15.9648    832866.9817         0.7762         0.7169

TIMING: 432000  CPU: 2601.88, 0.00604516/step  Wall: 2606.35, 0.00605725/step, 0.955699 hours remaining, 0.000000 MB of memory in use.
PERFORMANCE: 432000  averaging 28.6422 ns/day, 0.00603305 sec/step with standard deviation 5.49491e-05
ENERGY:  432000       329.5697       938.4438      1443.6589        25.5401        -590592.9117     42118.9590        50.8235         0.0000     48422.2899        -497263.6267       292.4497   -545685.9166   -497161.3043       292.5158            -47.9913       -12.9484    833170.6805         5.0948         5.1375

LDB: ============= START OF LOAD BALANCING ============== 2609.02
LDB: ============== END OF LOAD BALANCING =============== 2609.02
Info: useSync: 0 useProxySync: 0
LDB: =============== DONE WITH MIGRATION ================ 2609.02
LDB: ============= START OF LOAD BALANCING ============== 2609.63
LDB: TIME 2609.63 LOAD: AVG 0.468793 MAX 0.508675  PROXIES: TOTAL 348 MAXPE 45 MAXPATCH 5 None MEM: 0 MB
LDB: TIME 2609.63 LOAD: AVG 0.468793 MAX 0.508675  PROXIES: TOTAL 348 MAXPE 45 MAXPATCH 5 RefineTorusLB MEM: 0 MB
LDB: TIME 2609.63 LOAD: AVG 0.468793 MAX 0.508675  PROXIES: TOTAL 348 MAXPE 45 MAXPATCH 5 RefineTorusLB MEM: 0 MB
LDB: ============== END OF LOAD BALANCING =============== 2609.63
Info: useSync: 0 useProxySync: 0
LDB: =============== DONE WITH MIGRATION ================ 2609.63
TIMING: 433000  CPU: 2607.93, 0.00605865/step  Wall: 2612.42, 0.00606855/step, 0.955796 hours remaining, 0.000000 MB of memory in use.
PERFORMANCE: 433000  averaging 28.6418 ns/day, 0.00603313 sec/step with standard deviation 5.4912e-05
ENERGY:  433000       315.2520       994.2614      1456.3648        24.4987        -591042.4489     42356.0530        57.7067         0.0000     48302.2359        -497536.0766       291.7247   -545838.3124   -497423.8254       292.6219             12.6825        44.0524    831068.5495         5.5545         5.5155

TIMING: 434000  CPU: 2613.99, 0.00605914/step  Wall: 2618.49, 0.00606712/step, 0.953886 hours remaining, 0.000000 MB of memory in use.
PERFORMANCE: 434000  averaging 28.6415 ns/day, 0.00603321 sec/step with standard deviation 5.48728e-05
ENERGY:  434000       331.9952       945.1055      1442.9967        20.4376        -590720.4677     42010.5622        53.2328         0.0000     48415.4694        -497500.6684       292.4085   -545916.1378   -497399.2490       291.5787            -87.7568       -55.5620    831073.5130         2.7665         2.7128

TIMING: 435000  CPU: 2620.04, 0.00604303/step  Wall: 2624.54, 0.00605251/step, 0.949908 hours remaining, 0.000000 MB of memory in use.
PERFORMANCE: 435000  averaging 28.6412 ns/day, 0.00603326 sec/step with standard deviation 5.48173e-05
ENERGY:  435000       336.3757       963.5513      1451.8755        23.3574        -589727.9930     41619.3245        51.8755         0.0000     47955.4800        -497326.1531       289.6304   -545281.6331   -497216.4320       292.4914           -210.2238      -174.6399    832913.4532        -2.1143        -2.1095

WRITING COORDINATES TO DCD FILE eq1.dcd AT STEP 435000
TIMING: 436000  CPU: 2626.09, 0.00605464/step  Wall: 2630.6, 0.00606302/step, 0.949873 hours remaining, 0.000000 MB of memory in use.
PERFORMANCE: 436000  averaging 28.6409 ns/day, 0.00603332 sec/step with standard deviation 5.47728e-05
ENERGY:  436000       349.2133       956.8481      1434.4307        25.6933        -591347.0857     42545.9845        52.6096         0.0000     48371.7766        -497610.5296       292.1447   -545982.3062   -497508.6823       291.9665             46.9640        77.6495    831759.6097        -1.8322        -1.8866

LDB: ============= START OF LOAD BALANCING ============== 2633.27
LDB: ============== END OF LOAD BALANCING =============== 2633.27
Info: useSync: 0 useProxySync: 0
LDB: =============== DONE WITH MIGRATION ================ 2633.27
LDB: ============= START OF LOAD BALANCING ============== 2633.88
LDB: TIME 2633.88 LOAD: AVG 0.468465 MAX 0.510665  PROXIES: TOTAL 348 MAXPE 45 MAXPATCH 5 None MEM: 0 MB
LDB: TIME 2633.88 LOAD: AVG 0.468465 MAX 0.510665  PROXIES: TOTAL 348 MAXPE 45 MAXPATCH 5 RefineTorusLB MEM: 0 MB
LDB: TIME 2633.88 LOAD: AVG 0.468465 MAX 0.510665  PROXIES: TOTAL 348 MAXPE 45 MAXPATCH 5 RefineTorusLB MEM: 0 MB
LDB: ============== END OF LOAD BALANCING =============== 2633.88
Info: useSync: 0 useProxySync: 0
LDB: =============== DONE WITH MIGRATION ================ 2633.88
TIMING: 437000  CPU: 2632.15, 0.0060546/step  Wall: 2636.66, 0.00606327/step, 0.948229 hours remaining, 0.000000 MB of memory in use.
PERFORMANCE: 437000  averaging 28.6406 ns/day, 0.00603339 sec/step with standard deviation 5.47288e-05
ENERGY:  437000       336.4419       943.4702      1441.0047        25.8975        -591194.8883     42569.6810        60.7343         0.0000     48263.7786        -497553.8800       291.4924   -545817.6586   -497454.2524       291.5207            140.3025       173.9620    830929.4138        -0.4762        -0.4379

TIMING: 438000  CPU: 2638.19, 0.00604303/step  Wall: 2642.72, 0.00605365/step, 0.945042 hours remaining, 0.000000 MB of memory in use.
PERFORMANCE: 438000  averaging 28.6404 ns/day, 0.00603344 sec/step with standard deviation 5.46747e-05
ENERGY:  438000       335.7343       942.8284      1433.8568        23.3326        -590555.7208     42089.2305        65.4805         0.0000     48375.3036        -497289.9540       292.1660   -545665.2577   -497186.5786       292.1699           -135.2597      -103.9012    832239.1439        -0.0685        -0.0439

TIMING: 439000  CPU: 2644.24, 0.00605452/step  Wall: 2648.78, 0.00606178/step, 0.944627 hours remaining, 0.000000 MB of memory in use.
PERFORMANCE: 439000  averaging 28.6401 ns/day, 0.0060335 sec/step with standard deviation 5.4629e-05
ENERGY:  439000       327.4958       952.2971      1446.1506        21.4494        -590606.4266     42351.3168        57.8379         0.0000     48372.3683        -497077.5108       292.1482   -545449.8791   -496968.5073       292.2434            -11.0606        20.7897    834438.2084         3.3144         3.3220

TIMING: 440000  CPU: 2650.31, 0.00606275/step  Wall: 2654.85, 0.00607437/step, 0.944902 hours remaining, 0.000000 MB of memory in use.
PERFORMANCE: 440000  averaging 28.6396 ns/day, 0.0060336 sec/step with standard deviation 5.46015e-05
ETITLE:      TS           BOND          ANGLE          DIHED          IMPRP               ELECT            VDW       BOUNDARY           MISC        KINETIC               TOTAL           TEMP      POTENTIAL         TOTAL3        TEMPAVG            PRESSURE      GPRESSURE         VOLUME       PRESSAVG      GPRESSAVG

ENERGY:  440000       333.1973       957.5519      1437.2507        20.8280        -590797.4957     42317.1977        56.6966         0.0000     48647.6286        -497027.1450       293.8107   -545674.7735   -496929.7742       292.7212             32.3869        65.4609    832715.7514         6.5200         6.4754

WRITING EXTENDED SYSTEM TO RESTART FILE AT STEP 440000
WRITING COORDINATES TO DCD FILE eq1.dcd AT STEP 440000
WRITING COORDINATES TO RESTART FILE AT STEP 440000
FINISHED WRITING RESTART COORDINATES
WRITING VELOCITIES TO RESTART FILE AT STEP 440000
FINISHED WRITING RESTART VELOCITIES
LDB: ============= START OF LOAD BALANCING ============== 2657.55
LDB: ============== END OF LOAD BALANCING =============== 2657.55
Info: useSync: 0 useProxySync: 0
LDB: =============== DONE WITH MIGRATION ================ 2657.55
LDB: ============= START OF LOAD BALANCING ============== 2658.16
LDB: TIME 2658.16 LOAD: AVG 0.470315 MAX 0.509649  PROXIES: TOTAL 348 MAXPE 45 MAXPATCH 5 None MEM: 0 MB
LDB: TIME 2658.16 LOAD: AVG 0.470315 MAX 0.509649  PROXIES: TOTAL 348 MAXPE 45 MAXPATCH 5 RefineTorusLB MEM: 0 MB
LDB: TIME 2658.16 LOAD: AVG 0.470315 MAX 0.509649  PROXIES: TOTAL 348 MAXPE 45 MAXPATCH 5 RefineTorusLB MEM: 0 MB
LDB: ============== END OF LOAD BALANCING =============== 2658.16
Info: useSync: 0 useProxySync: 0
LDB: =============== DONE WITH MIGRATION ================ 2658.16
TIMING: 441000  CPU: 2656.38, 0.00607701/step  Wall: 2660.95, 0.00609743/step, 0.946795 hours remaining, 0.000000 MB of memory in use.
PERFORMANCE: 441000  averaging 28.6389 ns/day, 0.00603374 sec/step with standard deviation 5.4624e-05
ENERGY:  441000       347.6949       946.2594      1427.2170        22.7775        -590281.4164     42281.6348        62.6129         0.0000     48260.9350        -496932.2849       291.4752   -545193.2199   -496832.2182       292.4710            -52.4495       -16.7574    833906.3875         2.6693         2.6288

TIMING: 442000  CPU: 2662.43, 0.00604725/step  Wall: 2667.01, 0.00605732/step, 0.938885 hours remaining, 0.000000 MB of memory in use.
PERFORMANCE: 442000  averaging 28.6387 ns/day, 0.0060338 sec/step with standard deviation 5.45736e-05
ENERGY:  442000       335.3619       931.3679      1437.5030        23.2291        -590395.6579     42046.9151        56.7696         0.0000     48280.6019        -497283.9092       291.5940   -545564.5112   -497182.2549       292.7847            -94.9990       -62.2399    831846.6631        -4.2572        -4.1895

TIMING: 443000  CPU: 2668.46, 0.00603104/step  Wall: 2673.05, 0.00604139/step, 0.934737 hours remaining, 0.000000 MB of memory in use.
PERFORMANCE: 443000  averaging 28.6386 ns/day, 0.00603381 sec/step with standard deviation 5.4513e-05
ENERGY:  443000       345.3654       933.4804      1450.5715        20.2127        -590391.3343     41998.8528        57.4015         0.0000     48446.0526        -497139.3973       292.5933   -545585.4499   -497042.5006       292.5529            -28.3529         5.3000    832198.8927         5.8789         5.8808

TIMING: 444000  CPU: 2674.52, 0.00605488/step  Wall: 2679.11, 0.00606189/step, 0.936225 hours remaining, 0.000000 MB of memory in use.
PERFORMANCE: 444000  averaging 28.6383 ns/day, 0.00603388 sec/step with standard deviation 5.44677e-05
ENERGY:  444000       320.7056       904.8061      1439.5097        20.6735        -590550.8593     42271.2614        57.6305         0.0000     48454.6691        -497081.6033       292.6453   -545536.2725   -496973.2054       292.5684             47.3727        84.7589    832016.8500        -0.2063        -0.0820

LDB: ============= START OF LOAD BALANCING ============== 2681.78
LDB: ============== END OF LOAD BALANCING =============== 2681.78
Info: useSync: 0 useProxySync: 0
LDB: =============== DONE WITH MIGRATION ================ 2681.78
LDB: ============= START OF LOAD BALANCING ============== 2682.39
LDB: TIME 2682.39 LOAD: AVG 0.468293 MAX 0.509283  PROXIES: TOTAL 348 MAXPE 45 MAXPATCH 5 None MEM: 0 MB
LDB: TIME 2682.39 LOAD: AVG 0.468293 MAX 0.509283  PROXIES: TOTAL 348 MAXPE 45 MAXPATCH 5 RefineTorusLB MEM: 0 MB
LDB: TIME 2682.39 LOAD: AVG 0.468293 MAX 0.509283  PROXIES: TOTAL 348 MAXPE 45 MAXPATCH 5 RefineTorusLB MEM: 0 MB
LDB: Reverting to original mapping
LDB: ============== END OF LOAD BALANCING =============== 2682.39
Info: useSync: 0 useProxySync: 0
LDB: =============== DONE WITH MIGRATION ================ 2682.39
TIMING: 445000  CPU: 2680.56, 0.00604304/step  Wall: 2685.17, 0.00605454/step, 0.933408 hours remaining, 0.000000 MB of memory in use.
PERFORMANCE: 445000  averaging 28.6381 ns/day, 0.00603392 sec/step with standard deviation 5.44152e-05
ENERGY:  445000       332.9020       966.4654      1428.9884        21.8354        -591138.3629     42759.8223        59.8360         0.0000     48419.0030        -497149.5104       292.4299   -545568.5134   -497038.1541       292.4401            116.8255       148.8287    831563.5267         4.8414         4.7868

WRITING COORDINATES TO DCD FILE eq1.dcd AT STEP 445000
TIMING: 446000  CPU: 2686.61, 0.00605099/step  Wall: 2691.23, 0.00605909/step, 0.932426 hours remaining, 0.000000 MB of memory in use.
PERFORMANCE: 446000  averaging 28.6378 ns/day, 0.00603398 sec/step with standard deviation 5.43671e-05
ENERGY:  446000       318.6305       954.8369      1425.9609        21.8978        -590642.8725     41933.2764        66.8281         0.0000     48615.1235        -497306.3183       293.6144   -545921.4418   -497197.1165       292.6983            -90.0287       -57.6729    831994.4882         4.6851         4.7367

TIMING: 447000  CPU: 2692.65, 0.00604331/step  Wall: 2697.28, 0.00605146/step, 0.929571 hours remaining, 0.000000 MB of memory in use.
PERFORMANCE: 447000  averaging 28.6376 ns/day, 0.00603402 sec/step with standard deviation 5.43124e-05
ENERGY:  447000       332.1914       943.9856      1440.6286        21.8242        -590065.7132     41784.4244        63.4079         0.0000     48431.9874        -497047.2638       292.5083   -545479.2511   -496949.5417       292.6559           -166.8407      -133.3379    832856.7558        -1.5901        -1.6704

TIMING: 448000  CPU: 2698.7, 0.00604306/step  Wall: 2703.33, 0.00605272/step, 0.928084 hours remaining, 0.000000 MB of memory in use.
PERFORMANCE: 448000  averaging 28.6374 ns/day, 0.00603406 sec/step with standard deviation 5.42588e-05
ENERGY:  448000       327.9426       924.4172      1415.9180        24.8486        -590673.2055     42152.9655        60.7547         0.0000     48238.6540        -497527.7050       291.3407   -545766.3590   -497426.7169       292.1663            -15.4167        17.1349    832857.6288        -3.2947        -3.3400

LDB: ============= START OF LOAD BALANCING ============== 2705.99
LDB: ============== END OF LOAD BALANCING =============== 2705.99
Info: useSync: 0 useProxySync: 0
LDB: =============== DONE WITH MIGRATION ================ 2705.99
LDB: ============= START OF LOAD BALANCING ============== 2706.6
LDB: TIME 2706.6 LOAD: AVG 0.467438 MAX 0.511221  PROXIES: TOTAL 348 MAXPE 45 MAXPATCH 5 None MEM: 0 MB
LDB: TIME 2706.6 LOAD: AVG 0.467438 MAX 0.511221  PROXIES: TOTAL 348 MAXPE 45 MAXPATCH 5 RefineTorusLB MEM: 0 MB
LDB: TIME 2706.6 LOAD: AVG 0.467438 MAX 0.511221  PROXIES: TOTAL 348 MAXPE 45 MAXPATCH 5 RefineTorusLB MEM: 0 MB
LDB: ============== END OF LOAD BALANCING =============== 2706.6
Info: useSync: 0 useProxySync: 0
LDB: =============== DONE WITH MIGRATION ================ 2706.6
TIMING: 449000  CPU: 2704.75, 0.00605139/step  Wall: 2709.39, 0.0060575/step, 0.927134 hours remaining, 0.000000 MB of memory in use.
PERFORMANCE: 449000  averaging 28.6372 ns/day, 0.00603411 sec/step with standard deviation 5.42095e-05
ENERGY:  449000       326.2570       956.7444      1425.2384        22.4437        -591085.4254     42300.0179        59.3554         0.0000     48256.9131        -497738.4554       291.4509   -545995.3685   -497634.2024       291.9802             28.3759        55.8507    829968.6119         3.3547         3.3040

TIMING: 450000  CPU: 2710.8, 0.00605165/step  Wall: 2715.45, 0.00606009/step, 0.925847 hours remaining, 0.000000 MB of memory in use.
PERFORMANCE: 450000  averaging 28.6369 ns/day, 0.00603417 sec/step with standard deviation 5.41629e-05
ETITLE:      TS           BOND          ANGLE          DIHED          IMPRP               ELECT            VDW       BOUNDARY           MISC        KINETIC               TOTAL           TEMP      POTENTIAL         TOTAL3        TEMPAVG            PRESSURE      GPRESSURE         VOLUME       PRESSAVG      GPRESSAVG

ENERGY:  450000       324.2273       968.9055      1432.2396        22.9242        -590848.8338     42133.6321        56.0712         0.0000     48613.6589        -497297.1751       293.6055   -545910.8340   -497182.8323       292.3012            -84.1638       -50.2610    831299.5987        -3.4543        -3.5207

WRITING EXTENDED SYSTEM TO RESTART FILE AT STEP 450000
WRITING COORDINATES TO DCD FILE eq1.dcd AT STEP 450000
WRITING COORDINATES TO RESTART FILE AT STEP 450000
FINISHED WRITING RESTART COORDINATES
WRITING VELOCITIES TO RESTART FILE AT STEP 450000
FINISHED WRITING RESTART VELOCITIES
TIMING: 451000  CPU: 2716.88, 0.00607545/step  Wall: 2721.55, 0.00610184/step, 0.93053 hours remaining, 0.000000 MB of memory in use.
PERFORMANCE: 451000  averaging 28.6362 ns/day, 0.00603432 sec/step with standard deviation 5.41965e-05
ENERGY:  451000       349.2600       919.7096      1432.6699        23.1809        -590790.5711     42357.6769        54.7002         0.0000     48440.1751        -497213.1986       292.5578   -545653.3737   -497121.0267       292.7957             95.0164       126.0400    831691.5854         2.2027         2.2466

TIMING: 452000  CPU: 2722.93, 0.0060592/step  Wall: 2727.62, 0.00606793/step, 0.923675 hours remaining, 0.000000 MB of memory in use.
PERFORMANCE: 452000  averaging 28.6359 ns/day, 0.00603439 sec/step with standard deviation 5.41594e-05
ENERGY:  452000       342.0352       950.8457      1430.7037        25.9413        -590274.6918     41984.5524        54.6749         0.0000     48598.0733        -496887.8655       293.5114   -545485.9388   -496786.5716       293.0394            -89.1607       -54.4710    832219.1653         0.4455         0.5085

LDB: ============= START OF LOAD BALANCING ============== 2730.29
LDB: ============== END OF LOAD BALANCING =============== 2730.29
Info: useSync: 0 useProxySync: 0
LDB: =============== DONE WITH MIGRATION ================ 2730.29
LDB: ============= START OF LOAD BALANCING ============== 2730.9
LDB: TIME 2730.9 LOAD: AVG 0.468805 MAX 0.510386  PROXIES: TOTAL 348 MAXPE 45 MAXPATCH 5 None MEM: 0 MB
LDB: TIME 2730.9 LOAD: AVG 0.468805 MAX 0.510386  PROXIES: TOTAL 348 MAXPE 45 MAXPATCH 5 RefineTorusLB MEM: 0 MB
LDB: TIME 2730.9 LOAD: AVG 0.468805 MAX 0.510386  PROXIES: TOTAL 348 MAXPE 45 MAXPATCH 5 RefineTorusLB MEM: 0 MB
LDB: Reverting to original mapping
LDB: ============== END OF LOAD BALANCING =============== 2730.9
Info: useSync: 0 useProxySync: 0
LDB: =============== DONE WITH MIGRATION ================ 2730.9
TIMING: 453000  CPU: 2729, 0.00606328/step  Wall: 2733.69, 0.00607015/step, 0.922326 hours remaining, 0.000000 MB of memory in use.
PERFORMANCE: 453000  averaging 28.6355 ns/day, 0.00603447 sec/step with standard deviation 5.41256e-05
ENERGY:  453000       334.1367       921.8064      1434.8484        24.6610        -590370.5890     42194.2622        66.0999         0.0000     48529.3097        -496865.4648       293.0961   -545394.7745   -496754.1499       293.3011             10.4556        43.8624    833370.3985         3.1691         3.1019

TIMING: 454000  CPU: 2735.05, 0.00605483/step  Wall: 2739.75, 0.00606518/step, 0.919885 hours remaining, 0.000000 MB of memory in use.
PERFORMANCE: 454000  averaging 28.6352 ns/day, 0.00603454 sec/step with standard deviation 5.4085e-05
ENERGY:  454000       325.7361       942.6841      1422.6737        23.2062        -590615.2706     42278.9509        59.7805         0.0000     48193.5116        -497368.7276       291.0680   -545562.2392   -497258.4989       292.6249             49.1250        78.7852    832296.7170         1.2852         1.2673

TIMING: 455000  CPU: 2741.11, 0.00605485/step  Wall: 2745.83, 0.00607972/step, 0.920402 hours remaining, 0.000000 MB of memory in use.
PERFORMANCE: 455000  averaging 28.6347 ns/day, 0.00603464 sec/step with standard deviation 5.40669e-05
ENERGY:  455000       315.0732       942.9419      1442.5808        20.5288        -590676.7644     42547.9066        56.0929         0.0000     48352.9424        -496998.6978       292.0309   -545351.6402   -496895.2134       292.4187            103.0808       134.3687    832222.6870        -1.4110        -1.4178

WRITING COORDINATES TO DCD FILE eq1.dcd AT STEP 455000
TIMING: 456000  CPU: 2747.16, 0.00605711/step  Wall: 2751.9, 0.00606706/step, 0.916801 hours remaining, 0.000000 MB of memory in use.
PERFORMANCE: 456000  averaging 28.6343 ns/day, 0.00603471 sec/step with standard deviation 5.40288e-05
ENERGY:  456000       342.4442       952.5799      1417.1853        20.8667        -590668.7136     42110.7194        60.3727         0.0000     48528.3581        -497236.1872       293.0903   -545764.5453   -497126.7451       292.5306            -89.2966       -57.0493    832101.1248         1.0671         1.0895

LDB: ============= START OF LOAD BALANCING ============== 2754.56
LDB: ============== END OF LOAD BALANCING =============== 2754.56
Info: useSync: 0 useProxySync: 0
LDB: =============== DONE WITH MIGRATION ================ 2754.56
LDB: ============= START OF LOAD BALANCING ============== 2755.17
LDB: TIME 2755.17 LOAD: AVG 0.467302 MAX 0.510693  PROXIES: TOTAL 348 MAXPE 45 MAXPATCH 5 None MEM: 0 MB
LDB: TIME 2755.17 LOAD: AVG 0.467302 MAX 0.510693  PROXIES: TOTAL 348 MAXPE 45 MAXPATCH 5 RefineTorusLB MEM: 0 MB
LDB: TIME 2755.17 LOAD: AVG 0.467302 MAX 0.510693  PROXIES: TOTAL 348 MAXPE 45 MAXPATCH 5 RefineTorusLB MEM: 0 MB
LDB: Reverting to original mapping
LDB: ============== END OF LOAD BALANCING =============== 2755.17
Info: useSync: 0 useProxySync: 0
LDB: =============== DONE WITH MIGRATION ================ 2755.17
TIMING: 457000  CPU: 2753.21, 0.00604193/step  Wall: 2757.95, 0.00605445/step, 0.913213 hours remaining, 0.000000 MB of memory in use.
PERFORMANCE: 457000  averaging 28.6341 ns/day, 0.00603475 sec/step with standard deviation 5.39774e-05
ENERGY:  457000       337.3400       984.3635      1427.8193        20.7335        -591521.3018     42742.6611        52.8982         0.0000     48289.2965        -497666.1897       291.6465   -545955.4862   -497559.9753       292.4192            141.9145       174.0900    829519.8051         0.3205         0.3516

TIMING: 458000  CPU: 2759.25, 0.00604158/step  Wall: 2764.01, 0.00605206/step, 0.911171 hours remaining, 0.000000 MB of memory in use.
PERFORMANCE: 458000  averaging 28.634 ns/day, 0.00603479 sec/step with standard deviation 5.39244e-05
ENERGY:  458000       331.6309       967.7081      1432.0480        24.0266        -591366.4263     42358.2192        50.4087         0.0000     48521.7298        -497680.6551       293.0503   -546202.3849   -497576.6559       292.2961            -23.4218         6.9595    830964.1179         5.3046         5.3167

TIMING: 459000  CPU: 2765.28, 0.00602943/step  Wall: 2770.05, 0.00604066/step, 0.907776 hours remaining, 0.000000 MB of memory in use.
PERFORMANCE: 459000  averaging 28.6339 ns/day, 0.0060348 sec/step with standard deviation 5.38662e-05
ENERGY:  459000       314.9880      1006.6023      1429.7633        27.2716        -591062.6084     42233.6188        49.2421         0.0000     48553.3743        -497447.7479       293.2414   -546001.1222   -497349.0274       292.0168             31.6438        64.3430    830283.0231         3.1978         3.1781

WRITING COORDINATES TO DCD FILE eq1.dcd AT STEP 460000
WRITING COORDINATES TO RESTART FILE AT STEP 460000
FINISHED WRITING RESTART COORDINATES
TIMING: 460000  CPU: 2771.34, 0.0060615/step  Wall: 2776.12, 0.00607546/step, 0.911319 hours remaining, 0.000000 MB of memory in use.
PERFORMANCE: 460000  averaging 28.6335 ns/day, 0.00603489 sec/step with standard deviation 5.38409e-05
ETITLE:      TS           BOND          ANGLE          DIHED          IMPRP               ELECT            VDW       BOUNDARY           MISC        KINETIC               TOTAL           TEMP      POTENTIAL         TOTAL3        TEMPAVG            PRESSURE      GPRESSURE         VOLUME       PRESSAVG      GPRESSAVG

ENERGY:  460000       340.0364       930.0244      1439.3203        25.3760        -590337.2621     42101.6849        54.4750         0.0000     48277.6260        -497168.7190       291.5760   -545446.3450   -497062.8661       292.5390             17.8402        47.1960    830570.5785         5.0372         5.0170

WRITING EXTENDED SYSTEM TO RESTART FILE AT STEP 460000
WRITING VELOCITIES TO RESTART FILE AT STEP 460000
FINISHED WRITING RESTART VELOCITIES
LDB: ============= START OF LOAD BALANCING ============== 2778.8
LDB: ============== END OF LOAD BALANCING =============== 2778.8
Info: useSync: 0 useProxySync: 0
LDB: =============== DONE WITH MIGRATION ================ 2778.8
LDB: ============= START OF LOAD BALANCING ============== 2779.4
LDB: TIME 2779.4 LOAD: AVG 0.468235 MAX 0.506991  PROXIES: TOTAL 348 MAXPE 45 MAXPATCH 5 None MEM: 0 MB
LDB: TIME 2779.4 LOAD: AVG 0.468235 MAX 0.506991  PROXIES: TOTAL 348 MAXPE 45 MAXPATCH 5 RefineTorusLB MEM: 0 MB
LDB: TIME 2779.4 LOAD: AVG 0.468235 MAX 0.506991  PROXIES: TOTAL 348 MAXPE 45 MAXPATCH 5 RefineTorusLB MEM: 0 MB
LDB: ============== END OF LOAD BALANCING =============== 2779.41
Info: useSync: 0 useProxySync: 0
LDB: =============== DONE WITH MIGRATION ================ 2779.41
TIMING: 461000  CPU: 2777.39, 0.00604859/step  Wall: 2782.19, 0.00606623/step, 0.90825 hours remaining, 0.000000 MB of memory in use.
PERFORMANCE: 461000  averaging 28.6332 ns/day, 0.00603496 sec/step with standard deviation 5.38021e-05
ENERGY:  461000       329.0696       963.3428      1451.3828        22.0933        -590753.2894     42334.0901        54.7475         0.0000     48241.3199        -497357.2434       291.3568   -545598.5633   -497245.8933       292.3512             32.4449        66.0869    833283.4369        -0.7723        -0.7188

TIMING: 462000  CPU: 2783.42, 0.00602993/step  Wall: 2788.23, 0.00604054/step, 0.902725 hours remaining, 0.000000 MB of memory in use.
PERFORMANCE: 462000  averaging 28.6331 ns/day, 0.00603497 sec/step with standard deviation 5.37443e-05
ENERGY:  462000       362.2933       963.2894      1433.9607        28.2398        -590576.1401     41990.3501        53.3373         0.0000     48701.5982        -497043.0711       294.1366   -545744.6693   -496935.8369       292.6856            -79.5605       -47.8213    831654.4050         4.1301         4.0731

TIMING: 463000  CPU: 2789.46, 0.0060413/step  Wall: 2794.28, 0.00605075/step, 0.902571 hours remaining, 0.000000 MB of memory in use.
PERFORMANCE: 463000  averaging 28.6329 ns/day, 0.00603501 sec/step with standard deviation 5.36912e-05
ENERGY:  463000       342.5883       914.2907      1449.4342        23.4190        -590469.1597     41985.7982        45.3859         0.0000     48479.9567        -497228.2867       292.7980   -545708.2434   -497128.0107       293.1645            -41.4952        -7.1077    833816.9973         3.7294         3.7841

TIMING: 464000  CPU: 2795.5, 0.00604205/step  Wall: 2800.33, 0.00605226/step, 0.901114 hours remaining, 0.000000 MB of memory in use.
PERFORMANCE: 464000  averaging 28.6328 ns/day, 0.00603504 sec/step with standard deviation 5.36391e-05
ENERGY:  464000       310.3001       956.2244      1431.8570        26.5670        -590693.7845     42140.5194        58.9358         0.0000     48435.9121        -497333.4688       292.5320   -545769.3809   -497229.6570       292.4191            -80.8324       -51.0880    832794.6740         3.4262         3.3821

LDB: ============= START OF LOAD BALANCING ============== 2802.99
LDB: ============== END OF LOAD BALANCING =============== 2802.99
Info: useSync: 0 useProxySync: 0
LDB: =============== DONE WITH MIGRATION ================ 2802.99
LDB: ============= START OF LOAD BALANCING ============== 2803.61
LDB: TIME 2803.61 LOAD: AVG 0.470783 MAX 0.512999  PROXIES: TOTAL 348 MAXPE 45 MAXPATCH 5 None MEM: 0 MB
LDB: TIME 2803.61 LOAD: AVG 0.470783 MAX 0.512999  PROXIES: TOTAL 348 MAXPE 45 MAXPATCH 5 RefineTorusLB MEM: 0 MB
LDB: TIME 2803.61 LOAD: AVG 0.470783 MAX 0.512999  PROXIES: TOTAL 348 MAXPE 45 MAXPATCH 5 RefineTorusLB MEM: 0 MB
LDB: Reverting to original mapping
LDB: ============== END OF LOAD BALANCING =============== 2803.61
Info: useSync: 0 useProxySync: 0
LDB: =============== DONE WITH MIGRATION ================ 2803.61
TIMING: 465000  CPU: 2801.55, 0.00604487/step  Wall: 2806.39, 0.00605786/step, 0.900265 hours remaining, 0.000000 MB of memory in use.
PERFORMANCE: 465000  averaging 28.6325 ns/day, 0.00603509 sec/step with standard deviation 5.35917e-05
ENERGY:  465000       303.7261       967.4250      1437.4597        20.8333        -591559.4481     42634.4940        50.3437         0.0000     48616.7318        -497528.4345       293.6241   -546145.1663   -497423.6770       292.2173             71.4792       102.3725    831867.1163        -3.4158        -3.4093

WRITING COORDINATES TO DCD FILE eq1.dcd AT STEP 465000
TIMING: 466000  CPU: 2807.59, 0.00604543/step  Wall: 2812.45, 0.00605678/step, 0.898422 hours remaining, 0.000000 MB of memory in use.
PERFORMANCE: 466000  averaging 28.6323 ns/day, 0.00603514 sec/step with standard deviation 5.35435e-05
ENERGY:  466000       351.2838       944.2954      1436.1670        23.0197        -590612.6108     42051.2228        52.1447         0.0000     48162.4438        -497592.0336       290.8804   -545754.4773   -497482.7756       291.9054            -94.9748       -59.1949    831872.5860         7.5944         7.5539

TIMING: 467000  CPU: 2813.63, 0.00603424/step  Wall: 2818.49, 0.00604284/step, 0.894676 hours remaining, 0.000000 MB of memory in use.
PERFORMANCE: 467000  averaging 28.6322 ns/day, 0.00603516 sec/step with standard deviation 5.34872e-05
ENERGY:  467000       328.9811       995.1322      1438.7372        25.1329        -590754.4867     42158.5569        53.3787         0.0000     48405.0506        -497349.5172       292.3456   -545754.5677   -497241.7991       291.9807            -74.0667       -35.5700    833244.9336        -2.3672        -2.4351

TIMING: 468000  CPU: 2819.64, 0.00601819/step  Wall: 2824.52, 0.00602923/step, 0.890986 hours remaining, 0.000000 MB of memory in use.
PERFORMANCE: 468000  averaging 28.6323 ns/day, 0.00603514 sec/step with standard deviation 5.34306e-05
ENERGY:  468000       337.8404       932.7269      1449.6807        23.5608        -591233.0969     42573.1990        49.7790         0.0000     48215.9054        -497650.4046       291.2033   -545866.3100   -497548.6513       291.7556             98.3548       132.1613    831950.9918        -2.9048        -2.8672

LDB: ============= START OF LOAD BALANCING ============== 2827.19
LDB: ============== END OF LOAD BALANCING =============== 2827.19
Info: useSync: 0 useProxySync: 0
LDB: =============== DONE WITH MIGRATION ================ 2827.19
LDB: ============= START OF LOAD BALANCING ============== 2827.8
LDB: TIME 2827.8 LOAD: AVG 0.468108 MAX 0.511852  PROXIES: TOTAL 348 MAXPE 45 MAXPATCH 5 None MEM: 0 MB
LDB: TIME 2827.8 LOAD: AVG 0.468108 MAX 0.511852  PROXIES: TOTAL 348 MAXPE 45 MAXPATCH 5 RefineTorusLB MEM: 0 MB
LDB: TIME 2827.8 LOAD: AVG 0.468108 MAX 0.511852  PROXIES: TOTAL 348 MAXPE 45 MAXPATCH 5 RefineTorusLB MEM: 0 MB
LDB: ============== END OF LOAD BALANCING =============== 2827.8
Info: useSync: 0 useProxySync: 0
LDB: =============== DONE WITH MIGRATION ================ 2827.8
TIMING: 469000  CPU: 2825.7, 0.00605762/step  Wall: 2830.58, 0.0060657/step, 0.894691 hours remaining, 0.000000 MB of memory in use.
PERFORMANCE: 469000  averaging 28.632 ns/day, 0.00603521 sec/step with standard deviation 5.33921e-05
ENERGY:  469000       340.5571       953.2924      1437.9755        24.6428        -591033.4174     42695.3228        58.7742         0.0000     48352.2008        -497170.6518       292.0264   -545522.8526   -497070.6043       291.8906            163.9870       198.0797    832705.3460         3.1290         3.1420

TIMING: 470000  CPU: 2831.74, 0.00603768/step  Wall: 2836.63, 0.00604896/step, 0.890541 hours remaining, 0.000000 MB of memory in use.
PERFORMANCE: 470000  averaging 28.6318 ns/day, 0.00603524 sec/step with standard deviation 5.3339e-05
ETITLE:      TS           BOND          ANGLE          DIHED          IMPRP               ELECT            VDW       BOUNDARY           MISC        KINETIC               TOTAL           TEMP      POTENTIAL         TOTAL3        TEMPAVG            PRESSURE      GPRESSURE         VOLUME       PRESSAVG      GPRESSAVG

ENERGY:  470000       333.7765       957.6357      1450.4526        26.0079        -590906.3998     42477.3105        53.2032         0.0000     48440.9441        -497167.0692       292.5624   -545608.0134   -497064.6907       292.6785             43.3477        76.3379    832386.7629         1.8729         1.8570

WRITING EXTENDED SYSTEM TO RESTART FILE AT STEP 470000
WRITING COORDINATES TO DCD FILE eq1.dcd AT STEP 470000
WRITING COORDINATES TO RESTART FILE AT STEP 470000
FINISHED WRITING RESTART COORDINATES
WRITING VELOCITIES TO RESTART FILE AT STEP 470000
FINISHED WRITING RESTART VELOCITIES
TIMING: 471000  CPU: 2837.79, 0.00604656/step  Wall: 2842.71, 0.00607167/step, 0.892198 hours remaining, 0.000000 MB of memory in use.
PERFORMANCE: 471000  averaging 28.6315 ns/day, 0.00603532 sec/step with standard deviation 5.33086e-05
ENERGY:  471000       328.2091       936.7102      1455.8778        24.0820        -590849.0441     42396.9155        50.5189         0.0000     48133.8122        -497522.9184       290.7075   -545656.7307   -497421.3108       291.8137             -9.5027        22.1470    832749.1643        -6.7717        -6.7406

TIMING: 472000  CPU: 2843.82, 0.0060358/step  Wall: 2848.75, 0.00604265/step, 0.886256 hours remaining, 0.000000 MB of memory in use.
PERFORMANCE: 472000  averaging 28.6314 ns/day, 0.00603533 sec/step with standard deviation 5.32531e-05
ENERGY:  472000       321.8934       909.3193      1453.8044        27.7534        -591183.1420     42326.6361        57.2533         0.0000     48371.3538        -497715.1283       292.1421   -546086.4821   -497609.0750       292.3075            -52.6163       -18.8685    832834.3764         2.1152         2.1000

LDB: ============= START OF LOAD BALANCING ============== 2851.4
LDB: ============== END OF LOAD BALANCING =============== 2851.4
Info: useSync: 0 useProxySync: 0
LDB: =============== DONE WITH MIGRATION ================ 2851.4
LDB: ============= START OF LOAD BALANCING ============== 2852
LDB: TIME 2852.01 LOAD: AVG 0.467246 MAX 0.509947  PROXIES: TOTAL 348 MAXPE 45 MAXPATCH 5 None MEM: 0 MB
LDB: TIME 2852.01 LOAD: AVG 0.467246 MAX 0.509947  PROXIES: TOTAL 348 MAXPE 45 MAXPATCH 5 RefineTorusLB MEM: 0 MB
LDB: TIME 2852.01 LOAD: AVG 0.467246 MAX 0.509947  PROXIES: TOTAL 348 MAXPE 45 MAXPATCH 5 RefineTorusLB MEM: 0 MB
LDB: ============== END OF LOAD BALANCING =============== 2852.01
Info: useSync: 0 useProxySync: 0
LDB: =============== DONE WITH MIGRATION ================ 2852.01
TIMING: 473000  CPU: 2849.85, 0.00603207/step  Wall: 2854.79, 0.00604268/step, 0.884582 hours remaining, 0.000000 MB of memory in use.
PERFORMANCE: 473000  averaging 28.6313 ns/day, 0.00603535 sec/step with standard deviation 5.31977e-05
ENERGY:  473000       322.8776       927.1069      1444.0186        20.5717        -591227.6745     42245.3558        55.3763         0.0000     47878.3821        -498333.9855       289.1648   -546212.3676   -498236.9122       290.8556           -105.6016       -71.2798    831841.3338         2.2053         2.2176

TIMING: 474000  CPU: 2855.89, 0.00603976/step  Wall: 2860.84, 0.00604531/step, 0.883287 hours remaining, 0.000000 MB of memory in use.
PERFORMANCE: 474000  averaging 28.6312 ns/day, 0.00603537 sec/step with standard deviation 5.31434e-05
ENERGY:  474000       349.3233       959.4697      1452.1135        21.3563        -591831.7619     42625.9266        51.0427         0.0000     47981.9269        -498390.6029       289.7901   -546372.5298   -498274.0801       290.3570             42.7206        71.8271    830673.7715         2.8008         2.7971

TIMING: 475000  CPU: 2861.95, 0.00605614/step  Wall: 2866.9, 0.0060643/step, 0.884378 hours remaining, 0.000000 MB of memory in use.
PERFORMANCE: 475000  averaging 28.6309 ns/day, 0.00603543 sec/step with standard deviation 5.31039e-05
ENERGY:  475000       305.9701       931.4961      1438.2185        26.1398        -591368.8793     42341.6711        56.8085         0.0000     48183.9815        -498084.5937       291.0105   -546268.5752   -497977.0698       290.3340            -97.8907       -61.1743    832070.4776         3.2042         3.2120

WRITING COORDINATES TO DCD FILE eq1.dcd AT STEP 475000
TIMING: 476000  CPU: 2868, 0.00605164/step  Wall: 2872.96, 0.00605985/step, 0.882045 hours remaining, 0.000000 MB of memory in use.
PERFORMANCE: 476000  averaging 28.6307 ns/day, 0.00603548 sec/step with standard deviation 5.30598e-05
ENERGY:  476000       333.6942       985.3846      1445.4680        22.1704        -591478.1849     42394.9145        53.2757         0.0000     48491.6661        -497751.6115       292.8687   -546243.2776   -497640.7690       291.2084            -18.7581        19.4140    830903.5263         1.0044         1.0019

LDB: ============= START OF LOAD BALANCING ============== 2875.62
LDB: ============== END OF LOAD BALANCING =============== 2875.62
Info: useSync: 0 useProxySync: 0
LDB: =============== DONE WITH MIGRATION ================ 2875.62
LDB: ============= START OF LOAD BALANCING ============== 2876.23
LDB: TIME 2876.23 LOAD: AVG 0.467556 MAX 0.508404  PROXIES: TOTAL 348 MAXPE 45 MAXPATCH 5 None MEM: 0 MB
LDB: TIME 2876.23 LOAD: AVG 0.467556 MAX 0.508404  PROXIES: TOTAL 348 MAXPE 45 MAXPATCH 5 RefineTorusLB MEM: 0 MB
LDB: TIME 2876.23 LOAD: AVG 0.467556 MAX 0.508404  PROXIES: TOTAL 348 MAXPE 45 MAXPATCH 5 RefineTorusLB MEM: 0 MB
LDB: ============== END OF LOAD BALANCING =============== 2876.23
Info: useSync: 0 useProxySync: 0
LDB: =============== DONE WITH MIGRATION ================ 2876.23
TIMING: 477000  CPU: 2874.04, 0.00604355/step  Wall: 2879.01, 0.00605311/step, 0.879383 hours remaining, 0.000000 MB of memory in use.
PERFORMANCE: 477000  averaging 28.6305 ns/day, 0.00603552 sec/step with standard deviation 5.30102e-05
ENERGY:  477000       336.8271       941.4659      1448.7917        23.7644        -590753.2026     41956.3910        56.3398         0.0000     48308.4178        -497681.2051       291.7620   -545989.6229   -497573.6525       291.3385           -141.1153      -107.4356    832074.1359         1.2973         1.2403

TIMING: 478000  CPU: 2880.07, 0.00602381/step  Wall: 2885.05, 0.00603214/step, 0.874661 hours remaining, 0.000000 MB of memory in use.
PERFORMANCE: 478000  averaging 28.6306 ns/day, 0.00603551 sec/step with standard deviation 5.29548e-05
ENERGY:  478000       314.8458       955.1009      1453.2034        22.0017        -590971.2864     42595.9053        48.0478         0.0000     48033.0856        -497549.0959       290.0991   -545582.1815   -497437.1379       291.6038             94.7848       129.7901    832689.8169         0.0137         0.0688

TIMING: 479000  CPU: 2886.09, 0.00602006/step  Wall: 2891.07, 0.00602735/step, 0.872291 hours remaining, 0.000000 MB of memory in use.
PERFORMANCE: 479000  averaging 28.6306 ns/day, 0.00603549 sec/step with standard deviation 5.29007e-05
ENERGY:  479000       339.3932       970.2578      1429.4509        21.7770        -590717.0890     42238.4276        46.3378         0.0000     48430.2162        -497241.2285       292.4976   -545671.4447   -497140.9744       291.9637              6.4207        36.1594    832839.0912         0.3743         0.3371

WRITING COORDINATES TO DCD FILE eq1.dcd AT STEP 480000
WRITING COORDINATES TO RESTART FILE AT STEP 480000
FINISHED WRITING RESTART COORDINATES
TIMING: 480000  CPU: 2892.13, 0.00603891/step  Wall: 2897.13, 0.00605261/step, 0.874266 hours remaining, 0.000000 MB of memory in use.
PERFORMANCE: 480000  averaging 28.6305 ns/day, 0.00603553 sec/step with standard deviation 5.28512e-05
ETITLE:      TS           BOND          ANGLE          DIHED          IMPRP               ELECT            VDW       BOUNDARY           MISC        KINETIC               TOTAL           TEMP      POTENTIAL         TOTAL3        TEMPAVG            PRESSURE      GPRESSURE         VOLUME       PRESSAVG      GPRESSAVG

ENERGY:  480000       356.3726       976.3172      1449.6705        27.8900        -590665.3440     42225.6004        54.1713         0.0000     48272.0478        -497303.2741       291.5423   -545575.3219   -497187.9470       291.8648              9.6818        42.4023    832041.5716         6.0602         6.0816

WRITING EXTENDED SYSTEM TO RESTART FILE AT STEP 480000
WRITING VELOCITIES TO RESTART FILE AT STEP 480000
FINISHED WRITING RESTART VELOCITIES
LDB: ============= START OF LOAD BALANCING ============== 2899.79
LDB: ============== END OF LOAD BALANCING =============== 2899.79
Info: useSync: 0 useProxySync: 0
LDB: =============== DONE WITH MIGRATION ================ 2899.79
LDB: ============= START OF LOAD BALANCING ============== 2900.39
LDB: TIME 2900.39 LOAD: AVG 0.466152 MAX 0.50402  PROXIES: TOTAL 348 MAXPE 45 MAXPATCH 5 None MEM: 0 MB
LDB: TIME 2900.39 LOAD: AVG 0.466152 MAX 0.50402  PROXIES: TOTAL 348 MAXPE 45 MAXPATCH 5 RefineTorusLB MEM: 0 MB
LDB: TIME 2900.39 LOAD: AVG 0.466152 MAX 0.50402  PROXIES: TOTAL 348 MAXPE 45 MAXPATCH 5 RefineTorusLB MEM: 0 MB
LDB: Reverting to original mapping
LDB: ============== END OF LOAD BALANCING =============== 2900.39
Info: useSync: 0 useProxySync: 0
LDB: =============== DONE WITH MIGRATION ================ 2900.39
TIMING: 481000  CPU: 2898.15, 0.00602369/step  Wall: 2903.16, 0.00603906/step, 0.870631 hours remaining, 0.000000 MB of memory in use.
PERFORMANCE: 481000  averaging 28.6304 ns/day, 0.00603554 sec/step with standard deviation 5.27964e-05
ENERGY:  481000       352.3789       951.2954      1437.1139        20.1844        -590314.1320     42048.5339        59.4394         0.0000     48394.6422        -497050.5439       292.2828   -545445.1862   -496940.8318       292.0212            -96.6455       -63.6764    833197.7324         2.4152         2.3608

TIMING: 482000  CPU: 2904.18, 0.00603168/step  Wall: 2909.21, 0.00604123/step, 0.869266 hours remaining, 0.000000 MB of memory in use.
PERFORMANCE: 482000  averaging 28.6304 ns/day, 0.00603555 sec/step with standard deviation 5.27421e-05
ENERGY:  482000       327.5699       960.0496      1430.8875        20.0025        -590857.8135     42224.3699        49.5929         0.0000     48700.3322        -497145.0089       294.1290   -545845.3411   -497039.2326       292.8820            -56.9249       -21.7033    833560.6356         3.9332         3.9113

TIMING: 483000  CPU: 2910.21, 0.00602428/step  Wall: 2915.24, 0.00603072/step, 0.866078 hours remaining, 0.000000 MB of memory in use.
PERFORMANCE: 483000  averaging 28.6304 ns/day, 0.00603554 sec/step with standard deviation 5.26879e-05
ENERGY:  483000       343.2598       977.7175      1457.3567        23.8852        -590611.5707     42456.2687        59.2797         0.0000     48052.4135        -497241.3896       290.2158   -545293.8031   -497150.9295       292.4344             -6.0244        26.8040    833170.4702         4.5757         4.6079

TIMING: 484000  CPU: 2916.22, 0.00601599/step  Wall: 2921.26, 0.00602725/step, 0.863906 hours remaining, 0.000000 MB of memory in use.
PERFORMANCE: 484000  averaging 28.6305 ns/day, 0.00603552 sec/step with standard deviation 5.26346e-05
ENERGY:  484000       342.6591       961.0716      1454.9975        25.3386        -590631.9727     42153.7869        61.8090         0.0000     48318.1467        -497314.1633       291.8208   -545632.3099   -497209.0351       292.1226            -60.4149       -29.3386    833083.2341         5.6142         5.5428

LDB: ============= START OF LOAD BALANCING ============== 2923.93
LDB: ============== END OF LOAD BALANCING =============== 2923.93
Info: useSync: 0 useProxySync: 0
LDB: =============== DONE WITH MIGRATION ================ 2923.93
LDB: ============= START OF LOAD BALANCING ============== 2924.53
LDB: TIME 2924.53 LOAD: AVG 0.465926 MAX 0.506492  PROXIES: TOTAL 348 MAXPE 45 MAXPATCH 5 None MEM: 0 MB
LDB: TIME 2924.53 LOAD: AVG 0.465926 MAX 0.506492  PROXIES: TOTAL 348 MAXPE 45 MAXPATCH 5 RefineTorusLB MEM: 0 MB
LDB: TIME 2924.53 LOAD: AVG 0.465926 MAX 0.506492  PROXIES: TOTAL 348 MAXPE 45 MAXPATCH 5 RefineTorusLB MEM: 0 MB
LDB: ============== END OF LOAD BALANCING =============== 2924.53
Info: useSync: 0 useProxySync: 0
LDB: =============== DONE WITH MIGRATION ================ 2924.53
TIMING: 485000  CPU: 2922.27, 0.00604808/step  Wall: 2927.32, 0.00605614/step, 0.866365 hours remaining, 0.000000 MB of memory in use.
PERFORMANCE: 485000  averaging 28.6303 ns/day, 0.00603556 sec/step with standard deviation 5.25886e-05
ENERGY:  485000       314.1285       918.6105      1455.2469        23.7385        -589570.0840     41342.0185        50.2657         0.0000     48476.4903        -496989.5851       292.7771   -545466.0754   -496892.6266       292.4699           -283.7689      -253.9119    833663.6239        -0.0118        -0.0553

WRITING COORDINATES TO DCD FILE eq1.dcd AT STEP 485000
TIMING: 486000  CPU: 2928.31, 0.00603627/step  Wall: 2933.36, 0.00604068/step, 0.862475 hours remaining, 0.000000 MB of memory in use.
PERFORMANCE: 486000  averaging 28.6303 ns/day, 0.00603557 sec/step with standard deviation 5.25348e-05
ENERGY:  486000       343.8891       960.7529      1424.9132        22.5822        -590828.0090     42378.7957        57.6082         0.0000     48456.8843        -497182.5835       292.6587   -545639.4678   -497078.6910       292.5248              9.2264        40.9716    831929.9588        -1.2497        -1.2354

TIMING: 487000  CPU: 2934.33, 0.00602493/step  Wall: 2939.39, 0.00603199/step, 0.859558 hours remaining, 0.000000 MB of memory in use.
PERFORMANCE: 487000  averaging 28.6303 ns/day, 0.00603557 sec/step with standard deviation 5.2481e-05
ENERGY:  487000       328.3590       926.0365      1440.9448        22.6865        -590859.3644     42485.4651        53.0591         0.0000     48804.5650        -496798.2484       294.7585   -545602.8134   -496689.8279       292.8894             86.7785       119.4102    832526.4903        -2.0919        -2.1355

TIMING: 488000  CPU: 2940.36, 0.00602758/step  Wall: 2945.43, 0.00603818/step, 0.858763 hours remaining, 0.000000 MB of memory in use.
PERFORMANCE: 488000  averaging 28.6303 ns/day, 0.00603557 sec/step with standard deviation 5.24272e-05
ENERGY:  488000       348.9144       932.6714      1440.3590        20.2977        -590353.8027     42132.4321        53.7835         0.0000     48828.9308        -496596.4138       294.9057   -545425.3446   -496491.0538       292.7435            -46.4099       -15.0963    832869.8483        -3.7221        -3.7798

LDB: ============= START OF LOAD BALANCING ============== 2948.09
LDB: ============== END OF LOAD BALANCING =============== 2948.09
Info: useSync: 0 useProxySync: 0
LDB: =============== DONE WITH MIGRATION ================ 2948.09
LDB: ============= START OF LOAD BALANCING ============== 2948.7
LDB: TIME 2948.7 LOAD: AVG 0.467655 MAX 0.504665  PROXIES: TOTAL 348 MAXPE 45 MAXPATCH 5 None MEM: 0 MB
LDB: TIME 2948.7 LOAD: AVG 0.467655 MAX 0.504665  PROXIES: TOTAL 348 MAXPE 45 MAXPATCH 5 RefineTorusLB MEM: 0 MB
LDB: TIME 2948.7 LOAD: AVG 0.467655 MAX 0.504665  PROXIES: TOTAL 348 MAXPE 45 MAXPATCH 5 RefineTorusLB MEM: 0 MB
LDB: Reverting to original mapping
LDB: ============== END OF LOAD BALANCING =============== 2948.7
Info: useSync: 0 useProxySync: 0
LDB: =============== DONE WITH MIGRATION ================ 2948.7
TIMING: 489000  CPU: 2946.39, 0.00602809/step  Wall: 2951.47, 0.00603525/step, 0.85667 hours remaining, 0.000000 MB of memory in use.
PERFORMANCE: 489000  averaging 28.6303 ns/day, 0.00603557 sec/step with standard deviation 5.23735e-05
ENERGY:  489000       338.8601       917.0748      1433.1510        21.6531        -590814.8290     42410.1158        54.3431         0.0000     48561.2420        -497078.3892       293.2889   -545639.6312   -496962.5254       293.3412             51.8907        84.1954    832734.5267         2.0035         2.0339

TIMING: 490000  CPU: 2952.42, 0.00603636/step  Wall: 2957.51, 0.00604453/step, 0.856308 hours remaining, 0.000000 MB of memory in use.
PERFORMANCE: 490000  averaging 28.6302 ns/day, 0.00603559 sec/step with standard deviation 5.23215e-05
ETITLE:      TS           BOND          ANGLE          DIHED          IMPRP               ELECT            VDW       BOUNDARY           MISC        KINETIC               TOTAL           TEMP      POTENTIAL         TOTAL3        TEMPAVG            PRESSURE      GPRESSURE         VOLUME       PRESSAVG      GPRESSAVG

ENERGY:  490000       356.5050       937.0691      1429.4454        27.4464        -590306.4097     42140.8922        55.2478         0.0000     48196.1288        -497163.6750       291.0838   -545359.8038   -497056.7231       292.5853           -145.9869      -114.0264    833767.0959         4.5034         4.4354

WRITING EXTENDED SYSTEM TO RESTART FILE AT STEP 490000
WRITING COORDINATES TO DCD FILE eq1.dcd AT STEP 490000
WRITING COORDINATES TO RESTART FILE AT STEP 490000
FINISHED WRITING RESTART COORDINATES
WRITING VELOCITIES TO RESTART FILE AT STEP 490000
FINISHED WRITING RESTART VELOCITIES
TIMING: 491000  CPU: 2958.47, 0.00604939/step  Wall: 2963.59, 0.00607594/step, 0.859071 hours remaining, 0.000000 MB of memory in use.
PERFORMANCE: 491000  averaging 28.6298 ns/day, 0.00603567 sec/step with standard deviation 5.22998e-05
ENERGY:  491000       310.3012       950.0803      1445.4714        23.0660        -590682.4535     42037.9091        59.2952         0.0000     48496.3148        -497360.0155       292.8968   -545856.3303   -497259.6398       292.6675            -90.4359       -57.6552    829891.8793         1.5884         1.6509

TIMING: 492000  CPU: 2964.5, 0.00602585/step  Wall: 2969.62, 0.00603727/step, 0.851926 hours remaining, 0.000000 MB of memory in use.
PERFORMANCE: 492000  averaging 28.6298 ns/day, 0.00603567 sec/step with standard deviation 5.22465e-05
ENERGY:  492000       355.9628       934.8670      1426.8230        26.6185        -590063.2766     41683.0731        58.1632         0.0000     48332.9137        -497244.8551       291.9099   -545577.7688   -497144.8147       292.5944           -238.7909      -208.9244    833020.9471        -2.7582        -2.7347

LDB: ============= START OF LOAD BALANCING ============== 2972.28
LDB: ============== END OF LOAD BALANCING =============== 2972.28
Info: useSync: 0 useProxySync: 0
LDB: =============== DONE WITH MIGRATION ================ 2972.28
LDB: ============= START OF LOAD BALANCING ============== 2972.89
LDB: TIME 2972.89 LOAD: AVG 0.470988 MAX 0.511304  PROXIES: TOTAL 348 MAXPE 45 MAXPATCH 5 None MEM: 0 MB
LDB: TIME 2972.89 LOAD: AVG 0.470988 MAX 0.511304  PROXIES: TOTAL 348 MAXPE 45 MAXPATCH 5 RefineTorusLB MEM: 0 MB
LDB: TIME 2972.89 LOAD: AVG 0.470988 MAX 0.511304  PROXIES: TOTAL 348 MAXPE 45 MAXPATCH 5 RefineTorusLB MEM: 0 MB
LDB: ============== END OF LOAD BALANCING =============== 2972.89
Info: useSync: 0 useProxySync: 0
LDB: =============== DONE WITH MIGRATION ================ 2972.89
TIMING: 493000  CPU: 2970.53, 0.00602578/step  Wall: 2975.66, 0.00603362/step, 0.849735 hours remaining, 0.000000 MB of memory in use.
PERFORMANCE: 493000  averaging 28.6298 ns/day, 0.00603567 sec/step with standard deviation 5.21935e-05
ENERGY:  493000       322.8922       980.3886      1432.7921        23.9055        -590977.1191     42426.3130        53.8360         0.0000     48207.4057        -497529.5859       291.1519   -545736.9916   -497425.9046       291.6437             57.7810        88.4725    831004.3093        -5.1388        -5.1558

TIMING: 494000  CPU: 2976.55, 0.00602549/step  Wall: 2981.69, 0.00603494/step, 0.848244 hours remaining, 0.000000 MB of memory in use.
PERFORMANCE: 494000  averaging 28.6298 ns/day, 0.00603567 sec/step with standard deviation 5.21406e-05
ENERGY:  494000       331.6694       932.2442      1441.5118        26.9648        -590428.2006     41875.4515        56.0386         0.0000     48612.6212        -497151.6991       293.5993   -545764.3204   -497055.6697       292.2995           -227.4779      -193.8743    833918.0983        -4.4548        -4.4558

TIMING: 495000  CPU: 2982.57, 0.00601852/step  Wall: 2987.72, 0.0060279/step, 0.84558 hours remaining, 0.000000 MB of memory in use.
PERFORMANCE: 495000  averaging 28.6299 ns/day, 0.00603565 sec/step with standard deviation 5.20889e-05
ENERGY:  495000       331.6924       958.5687      1432.5613        22.6700        -591062.5932     42547.6763        53.8078         0.0000     48612.5134        -497103.1033       293.5986   -545715.6167   -497002.0635       292.6916            148.9124       179.6355    831374.2445        -7.4201        -7.3650

WRITING COORDINATES TO DCD FILE eq1.dcd AT STEP 495000
TIMING: 496000  CPU: 2988.61, 0.00604049/step  Wall: 2993.77, 0.00604917/step, 0.846884 hours remaining, 0.000000 MB of memory in use.
PERFORMANCE: 496000  averaging 28.6297 ns/day, 0.00603568 sec/step with standard deviation 5.20398e-05
ENERGY:  496000       326.5753       956.6542      1442.9445        19.8253        -590390.7694     41915.5350        44.6635         0.0000     48324.5691        -497360.0024       291.8595   -545684.5715   -497256.3216       292.1288            -43.7384       -13.6619    831204.1280        -1.8638        -1.8287

LDB: ============= START OF LOAD BALANCING ============== 2996.42
LDB: ============== END OF LOAD BALANCING =============== 2996.42
Info: useSync: 0 useProxySync: 0
LDB: =============== DONE WITH MIGRATION ================ 2996.43
LDB: ============= START OF LOAD BALANCING ============== 2997.03
LDB: TIME 2997.03 LOAD: AVG 0.467831 MAX 0.51042  PROXIES: TOTAL 348 MAXPE 45 MAXPATCH 5 None MEM: 0 MB
LDB: TIME 2997.03 LOAD: AVG 0.467831 MAX 0.51042  PROXIES: TOTAL 348 MAXPE 45 MAXPATCH 5 RefineTorusLB MEM: 0 MB
LDB: TIME 2997.03 LOAD: AVG 0.467831 MAX 0.51042  PROXIES: TOTAL 348 MAXPE 45 MAXPATCH 5 RefineTorusLB MEM: 0 MB
LDB: ============== END OF LOAD BALANCING =============== 2997.03
Info: useSync: 0 useProxySync: 0
LDB: =============== DONE WITH MIGRATION ================ 2997.03
TIMING: 497000  CPU: 2994.63, 0.00602404/step  Wall: 2999.8, 0.00603267/step, 0.842898 hours remaining, 0.000000 MB of memory in use.
PERFORMANCE: 497000  averaging 28.6298 ns/day, 0.00603567 sec/step with standard deviation 5.19875e-05
ENERGY:  497000       369.2960       915.4541      1436.1659        24.0715        -590205.4896     41777.3972        49.1937         0.0000     48271.0586        -497362.8526       291.5364   -545633.9111   -497258.4580       291.8784           -218.0545      -186.3145    833426.0134         3.5825         3.5959

TIMING: 498000  CPU: 3000.66, 0.00602808/step  Wall: 3005.84, 0.00603604/step, 0.841692 hours remaining, 0.000000 MB of memory in use.
PERFORMANCE: 498000  averaging 28.6298 ns/day, 0.00603567 sec/step with standard deviation 5.19352e-05
ENERGY:  498000       355.9762       938.2122      1438.5018        25.8019        -591223.9747     42773.7901        39.5119         0.0000     48485.4669        -497166.7135       292.8313   -545652.1805   -497062.8316       292.5498            178.2625       210.5885    832589.3964        -2.3699        -2.3339

TIMING: 499000  CPU: 3006.69, 0.00603189/step  Wall: 3011.88, 0.00603992/step, 0.840555 hours remaining, 0.000000 MB of memory in use.
PERFORMANCE: 499000  averaging 28.6297 ns/day, 0.00603568 sec/step with standard deviation 5.18834e-05
ENERGY:  499000       364.5171       895.8418      1449.7320        22.4921        -590228.4443     41844.3569        54.2633         0.0000     48337.0662        -497260.1749       291.9350   -545597.2411   -497157.0455       292.2894           -238.6258      -208.0137    833085.0804        -1.4902        -1.4371

WRITING COORDINATES TO DCD FILE eq1.dcd AT STEP 500000
WRITING COORDINATES TO RESTART FILE AT STEP 500000
FINISHED WRITING RESTART COORDINATES
TIMING: 500000  CPU: 3012.76, 0.00606239/step  Wall: 3017.95, 0.00607517/step, 0.843774 hours remaining, 0.000000 MB of memory in use.
PERFORMANCE: 500000  averaging 28.6294 ns/day, 0.00603576 sec/step with standard deviation 5.18614e-05
ETITLE:      TS           BOND          ANGLE          DIHED          IMPRP               ELECT            VDW       BOUNDARY           MISC        KINETIC               TOTAL           TEMP      POTENTIAL         TOTAL3        TEMPAVG            PRESSURE      GPRESSURE         VOLUME       PRESSAVG      GPRESSAVG

ENERGY:  500000       322.5071       944.9612      1432.4126        18.3249        -590500.6274     42127.8036        47.5997         0.0000     48285.8248        -497321.1936       291.6255   -545607.0184   -497212.3224       292.3226            -28.4747         3.3712    831793.5371         1.9535         1.9143

WRITING EXTENDED SYSTEM TO RESTART FILE AT STEP 500000
WRITING VELOCITIES TO RESTART FILE AT STEP 500000
FINISHED WRITING RESTART VELOCITIES
LDB: ============= START OF LOAD BALANCING ============== 3020.63
LDB: ============== END OF LOAD BALANCING =============== 3020.63
Info: useSync: 0 useProxySync: 0
LDB: =============== DONE WITH MIGRATION ================ 3020.63
LDB: ============= START OF LOAD BALANCING ============== 3021.23
LDB: TIME 3021.24 LOAD: AVG 0.465902 MAX 0.507528  PROXIES: TOTAL 348 MAXPE 45 MAXPATCH 5 None MEM: 0 MB
LDB: TIME 3021.24 LOAD: AVG 0.465902 MAX 0.507528  PROXIES: TOTAL 348 MAXPE 45 MAXPATCH 5 RefineTorusLB MEM: 0 MB
LDB: TIME 3021.24 LOAD: AVG 0.465902 MAX 0.507528  PROXIES: TOTAL 348 MAXPE 45 MAXPATCH 5 RefineTorusLB MEM: 0 MB
LDB: Reverting to original mapping
LDB: ============== END OF LOAD BALANCING =============== 3021.24
Info: useSync: 0 useProxySync: 0
LDB: =============== DONE WITH MIGRATION ================ 3021.24
TIMING: 501000  CPU: 3018.79, 0.00603555/step  Wall: 3024, 0.00605096/step, 0.83873 hours remaining, 0.000000 MB of memory in use.
PERFORMANCE: 501000  averaging 28.6292 ns/day, 0.00603579 sec/step with standard deviation 5.1814e-05
ENERGY:  501000       338.5706       968.7885      1440.8877        26.3785        -590999.3678     42467.7587        58.4343         0.0000     48333.1765        -497365.3731       291.9115   -545698.5496   -497257.1202       292.1563             75.4486       107.8871    831700.9804        -1.5051        -1.4349

TIMING: 502000  CPU: 3024.82, 0.00602443/step  Wall: 3030.04, 0.0060342/step, 0.834731 hours remaining, 0.000000 MB of memory in use.
PERFORMANCE: 502000  averaging 28.6292 ns/day, 0.00603579 sec/step with standard deviation 5.17623e-05
ENERGY:  502000       351.1130       987.3320      1423.0302        21.3068        -590129.2547     41824.9523        47.8550         0.0000     48364.5967        -497109.0685       292.1013   -545473.6653   -496999.1176       292.2222           -119.8272       -87.0488    832284.2840         7.3971         7.3589

TIMING: 503000  CPU: 3030.83, 0.00601672/step  Wall: 3036.06, 0.00602295/step, 0.831501 hours remaining, 0.000000 MB of memory in use.
PERFORMANCE: 503000  averaging 28.6294 ns/day, 0.00603576 sec/step with standard deviation 5.17139e-05
ENERGY:  503000       324.7705       991.6503      1432.6130        27.3299        -590224.8674     42248.0320        54.9012         0.0000     48311.7619        -496833.8086       291.7822   -545145.5705   -496728.1761       292.9884            -21.2527         9.9342    833919.9862        -0.6060        -0.5999

TIMING: 504000  CPU: 3036.85, 0.00601653/step  Wall: 3042.09, 0.00602487/step, 0.830094 hours remaining, 0.000000 MB of memory in use.
PERFORMANCE: 504000  averaging 28.6295 ns/day, 0.00603574 sec/step with standard deviation 5.16647e-05
ENERGY:  504000       334.4156       964.4947      1437.5160        31.0099        -590703.5615     42400.4765        52.8963         0.0000     48581.1202        -496901.6322       293.4090   -545482.7524   -496803.7456       293.1586             73.7494       108.5476    832618.0795         0.7049         0.6551

LDB: ============= START OF LOAD BALANCING ============== 3044.74
LDB: ============== END OF LOAD BALANCING =============== 3044.74
Info: useSync: 0 useProxySync: 0
LDB: =============== DONE WITH MIGRATION ================ 3044.74
LDB: ============= START OF LOAD BALANCING ============== 3045.35
LDB: TIME 3045.35 LOAD: AVG 0.468417 MAX 0.506698  PROXIES: TOTAL 348 MAXPE 45 MAXPATCH 5 None MEM: 0 MB
LDB: TIME 3045.35 LOAD: AVG 0.468417 MAX 0.506698  PROXIES: TOTAL 348 MAXPE 45 MAXPATCH 5 RefineTorusLB MEM: 0 MB
LDB: TIME 3045.35 LOAD: AVG 0.468417 MAX 0.506698  PROXIES: TOTAL 348 MAXPE 45 MAXPATCH 5 RefineTorusLB MEM: 0 MB
LDB: Reverting to original mapping
LDB: ============== END OF LOAD BALANCING =============== 3045.35
Info: useSync: 0 useProxySync: 0
LDB: =============== DONE WITH MIGRATION ================ 3045.35
TIMING: 505000  CPU: 3042.87, 0.00602053/step  Wall: 3048.11, 0.00602611/step, 0.82859 hours remaining, 0.000000 MB of memory in use.
PERFORMANCE: 505000  averaging 28.6295 ns/day, 0.00603572 sec/step with standard deviation 5.16152e-05
ENERGY:  505000       347.6162       961.9653      1433.5337        19.6047        -590100.6732     41624.0121        53.7150         0.0000     48671.8204        -496988.4057       293.9568   -545660.2261   -496873.9615       292.9191           -243.1686      -211.1984    833628.6399        -2.2091        -2.2094

WRITING COORDINATES TO DCD FILE eq1.dcd AT STEP 505000
TIMING: 506000  CPU: 3048.92, 0.00605197/step  Wall: 3054.17, 0.00606246/step, 0.831905 hours remaining, 0.000000 MB of memory in use.
PERFORMANCE: 506000  averaging 28.6293 ns/day, 0.00603578 sec/step with standard deviation 5.15778e-05
ENERGY:  506000       341.5530       978.9217      1443.7984        25.3157        -590469.6783     42306.9549        56.5900         0.0000     48367.4496        -496949.0949       292.1185   -545316.5445   -496844.8379       292.8862             29.3741        60.1688    832919.2750         2.2471         2.3442

TIMING: 507000  CPU: 3054.97, 0.00604422/step  Wall: 3060.23, 0.00605092/step, 0.82864 hours remaining, 0.000000 MB of memory in use.
PERFORMANCE: 507000  averaging 28.6292 ns/day, 0.00603581 sec/step with standard deviation 5.15312e-05
ENERGY:  507000       328.3906       966.6265      1433.4415        24.2704        -590472.9653     42033.8289        53.2556         0.0000     48275.5307        -497357.6212       291.5634   -545633.1519   -497253.0546       292.6139            -82.7563       -50.5859    833369.8687        -2.0072        -2.0740

TIMING: 508000  CPU: 3061.01, 0.00604418/step  Wall: 3066.28, 0.00605044/step, 0.826893 hours remaining, 0.000000 MB of memory in use.
PERFORMANCE: 508000  averaging 28.629 ns/day, 0.00603583 sec/step with standard deviation 5.14845e-05
ENERGY:  508000       311.9931       949.2200      1443.2550        29.1600        -590725.0180     42168.9856        51.4502         0.0000     48426.6337        -497344.3204       292.4760   -545770.9541   -497242.8036       291.8202           -106.0212       -71.3395    832549.0594        -3.0159        -2.9875

LDB: ============= START OF LOAD BALANCING ============== 3068.93
LDB: ============== END OF LOAD BALANCING =============== 3068.93
Info: useSync: 0 useProxySync: 0
LDB: =============== DONE WITH MIGRATION ================ 3068.93
LDB: ============= START OF LOAD BALANCING ============== 3069.54
LDB: TIME 3069.54 LOAD: AVG 0.466746 MAX 0.50199  PROXIES: TOTAL 348 MAXPE 45 MAXPATCH 5 None MEM: 0 MB
LDB: TIME 3069.54 LOAD: AVG 0.466746 MAX 0.50199  PROXIES: TOTAL 348 MAXPE 45 MAXPATCH 5 RefineTorusLB MEM: 0 MB
LDB: TIME 3069.54 LOAD: AVG 0.466746 MAX 0.50199  PROXIES: TOTAL 348 MAXPE 45 MAXPATCH 5 RefineTorusLB MEM: 0 MB
LDB: Reverting to original mapping
LDB: ============== END OF LOAD BALANCING =============== 3069.54
Info: useSync: 0 useProxySync: 0
LDB: =============== DONE WITH MIGRATION ================ 3069.54
TIMING: 509000  CPU: 3067.03, 0.00601958/step  Wall: 3072.31, 0.00603184/step, 0.822676 hours remaining, 0.000000 MB of memory in use.
PERFORMANCE: 509000  averaging 28.6291 ns/day, 0.00603583 sec/step with standard deviation 5.14341e-05
ENERGY:  509000       296.7999       964.5275      1436.6665        21.8604        -591025.3135     42608.7122        50.7012         0.0000     48351.9076        -497294.1383       292.0247   -545646.0459   -497187.8831       292.2912            216.4215       246.2142    830773.2954         0.9807         0.9821

TIMING: 510000  CPU: 3073.07, 0.00603981/step  Wall: 3078.35, 0.00604514/step, 0.822811 hours remaining, 0.000000 MB of memory in use.
PERFORMANCE: 510000  averaging 28.629 ns/day, 0.00603585 sec/step with standard deviation 5.13852e-05
ETITLE:      TS           BOND          ANGLE          DIHED          IMPRP               ELECT            VDW       BOUNDARY           MISC        KINETIC               TOTAL           TEMP      POTENTIAL         TOTAL3        TEMPAVG            PRESSURE      GPRESSURE         VOLUME       PRESSAVG      GPRESSAVG

ENERGY:  510000       324.0889       970.1433      1443.3555        24.2672        -590182.9262     41927.8786        46.5740         0.0000     48551.9071        -496894.7115       293.2326   -545446.6186   -496797.8720       292.3108           -131.4284      -103.7544    831400.8208         3.9643         3.9308

WRITING EXTENDED SYSTEM TO RESTART FILE AT STEP 510000
WRITING COORDINATES TO DCD FILE eq1.dcd AT STEP 510000
WRITING COORDINATES TO RESTART FILE AT STEP 510000
FINISHED WRITING RESTART COORDINATES
WRITING VELOCITIES TO RESTART FILE AT STEP 510000
FINISHED WRITING RESTART VELOCITIES
TIMING: 511000  CPU: 3079.11, 0.00603915/step  Wall: 3084.42, 0.00606517/step, 0.823852 hours remaining, 0.000000 MB of memory in use.
PERFORMANCE: 511000  averaging 28.6287 ns/day, 0.0060359 sec/step with standard deviation 5.13512e-05
ENERGY:  511000       341.2441       919.9879      1436.1985        18.7586        -590450.4161     42128.1155        51.3410         0.0000     48443.4875        -497111.2830       292.5778   -545554.7705   -497002.1114       293.1862            -99.9251       -69.9311    832649.0930        -6.9353        -6.8807

TIMING: 512000  CPU: 3085.15, 0.00604025/step  Wall: 3090.46, 0.00604588/step, 0.819553 hours remaining, 0.000000 MB of memory in use.
PERFORMANCE: 512000  averaging 28.6286 ns/day, 0.00603592 sec/step with standard deviation 5.13028e-05
ENERGY:  512000       308.8629       978.8596      1423.2262        23.5358        -590912.5485     42227.5484        50.9552         0.0000     48308.8361        -497590.7243       291.7645   -545899.5604   -497484.4755       292.4496             59.5573        91.3273    830956.3706         3.2777         3.3097

LDB: ============= START OF LOAD BALANCING ============== 3093.13
LDB: ============== END OF LOAD BALANCING =============== 3093.13
Info: useSync: 0 useProxySync: 0
LDB: =============== DONE WITH MIGRATION ================ 3093.13
LDB: ============= START OF LOAD BALANCING ============== 3093.73
LDB: TIME 3093.73 LOAD: AVG 0.467345 MAX 0.507712  PROXIES: TOTAL 348 MAXPE 45 MAXPATCH 5 None MEM: 0 MB
LDB: TIME 3093.73 LOAD: AVG 0.467345 MAX 0.507712  PROXIES: TOTAL 348 MAXPE 45 MAXPATCH 5 RefineTorusLB MEM: 0 MB
LDB: TIME 3093.73 LOAD: AVG 0.467345 MAX 0.507712  PROXIES: TOTAL 348 MAXPE 45 MAXPATCH 5 RefineTorusLB MEM: 0 MB
LDB: Reverting to original mapping
LDB: ============== END OF LOAD BALANCING =============== 3093.73
Info: useSync: 0 useProxySync: 0
LDB: =============== DONE WITH MIGRATION ================ 3093.73
TIMING: 513000  CPU: 3091.19, 0.00604341/step  Wall: 3096.52, 0.00605253/step, 0.818773 hours remaining, 0.000000 MB of memory in use.
PERFORMANCE: 513000  averaging 28.6284 ns/day, 0.00603595 sec/step with standard deviation 5.12579e-05
ENERGY:  513000       331.1116       959.7947      1437.6867        30.3832        -590507.1135     42133.8421        54.1458         0.0000     48147.3104        -497412.8390       290.7890   -545560.1494   -497309.9623       292.2514            -12.8045        22.2285    830855.1568         0.0791        -0.0040

TIMING: 514000  CPU: 3097.23, 0.00603952/step  Wall: 3102.57, 0.00605074/step, 0.81685 hours remaining, 0.000000 MB of memory in use.
PERFORMANCE: 514000  averaging 28.6283 ns/day, 0.00603598 sec/step with standard deviation 5.12121e-05
ENERGY:  514000       359.0775       947.8606      1449.6171        26.8492        -590843.2318     42345.8402        49.3234         0.0000     48457.5168        -497207.1469       292.6625   -545664.6637   -497107.2385       292.2343            -59.0787       -24.9763    832276.0105         1.8431         1.7699

TIMING: 515000  CPU: 3103.27, 0.00603988/step  Wall: 3108.61, 0.0060467/step, 0.814624 hours remaining, 0.000000 MB of memory in use.
PERFORMANCE: 515000  averaging 28.6282 ns/day, 0.006036 sec/step with standard deviation 5.11644e-05
ENERGY:  515000       368.6601       925.2173      1441.4310        23.2161        -590982.1244     42333.6331        44.2724         0.0000     48405.4094        -497440.2849       292.3478   -545845.6943   -497338.5079       292.7201             16.0192        43.7899    831971.3503         1.5330         1.5178

WRITING COORDINATES TO DCD FILE eq1.dcd AT STEP 515000
TIMING: 516000  CPU: 3109.32, 0.00605194/step  Wall: 3114.67, 0.00605979/step, 0.814705 hours remaining, 0.000000 MB of memory in use.
PERFORMANCE: 516000  averaging 28.628 ns/day, 0.00603605 sec/step with standard deviation 5.11254e-05
ENERGY:  516000       362.0362       963.3615      1447.5071        24.5559        -590427.2774     42276.9666        49.6532         0.0000     48184.0422        -497119.1547       291.0108   -545303.1969   -497020.8064       292.4572             45.3697        80.5362    832507.6385        -3.0159        -3.1294

LDB: ============= START OF LOAD BALANCING ============== 3117.33
LDB: ============== END OF LOAD BALANCING =============== 3117.33
Info: useSync: 0 useProxySync: 0
LDB: =============== DONE WITH MIGRATION ================ 3117.33
LDB: ============= START OF LOAD BALANCING ============== 3117.94
LDB: TIME 3117.94 LOAD: AVG 0.46876 MAX 0.511477  PROXIES: TOTAL 348 MAXPE 45 MAXPATCH 5 None MEM: 0 MB
LDB: TIME 3117.94 LOAD: AVG 0.46876 MAX 0.511477  PROXIES: TOTAL 348 MAXPE 45 MAXPATCH 5 RefineTorusLB MEM: 0 MB
LDB: TIME 3117.94 LOAD: AVG 0.46876 MAX 0.511477  PROXIES: TOTAL 348 MAXPE 45 MAXPATCH 5 RefineTorusLB MEM: 0 MB
LDB: ============== END OF LOAD BALANCING =============== 3117.94
Info: useSync: 0 useProxySync: 0
LDB: =============== DONE WITH MIGRATION ================ 3117.94
TIMING: 517000  CPU: 3115.36, 0.00604004/step  Wall: 3120.72, 0.00604957/step, 0.811651 hours remaining, 0.000000 MB of memory in use.
PERFORMANCE: 517000  averaging 28.6279 ns/day, 0.00603608 sec/step with standard deviation 5.10793e-05
ENERGY:  517000       352.5519       911.6969      1416.9617        23.7727        -589888.0140     41695.6930        53.3197         0.0000     48326.0409        -497107.9774       291.8684   -545434.0182   -497002.1433       292.7758           -170.1862      -137.8809    833099.9611        -3.0123        -3.0460

TIMING: 518000  CPU: 3121.38, 0.00602005/step  Wall: 3126.75, 0.0060246/step, 0.806627 hours remaining, 0.000000 MB of memory in use.
PERFORMANCE: 518000  averaging 28.628 ns/day, 0.00603605 sec/step with standard deviation 5.10324e-05
ENERGY:  518000       341.5538       934.7889      1433.5649        24.6629        -590686.5974     42311.8967        46.6296         0.0000     48513.8660        -497079.6347       293.0028   -545593.5006   -496964.5162       293.0608            -26.5578         4.6588    832466.3579        -3.4001        -3.4477

TIMING: 519000  CPU: 3127.4, 0.00601871/step  Wall: 3132.78, 0.00602956/step, 0.805616 hours remaining, 0.000000 MB of memory in use.
PERFORMANCE: 519000  averaging 28.628 ns/day, 0.00603604 sec/step with standard deviation 5.09839e-05
ENERGY:  519000       321.9788       971.9762      1422.3051        26.7140        -590595.4262     42282.8082        55.7231         0.0000     48492.1492        -497021.7715       292.8717   -545513.9207   -496916.6712       292.5979             45.4641        79.4142    831791.7284         5.1501         5.2176

TIMING: 520000  CPU: 3133.43, 0.00602979/step  Wall: 3138.82, 0.00603933/step, 0.805244 hours remaining, 0.000000 MB of memory in use.
PERFORMANCE: 520000  averaging 28.628 ns/day, 0.00603605 sec/step with standard deviation 5.0935e-05
ETITLE:      TS           BOND          ANGLE          DIHED          IMPRP               ELECT            VDW       BOUNDARY           MISC        KINETIC               TOTAL           TEMP      POTENTIAL         TOTAL3        TEMPAVG            PRESSURE      GPRESSURE         VOLUME       PRESSAVG      GPRESSAVG

ENERGY:  520000       367.7792       918.2014      1432.9578        23.5793        -590147.2528     41940.0241        49.0084         0.0000     48602.4023        -496813.3004       293.5375   -545415.7027   -496707.4066       292.9025            -40.0733        -9.2283    830981.6161         3.0443         3.1084

WRITING EXTENDED SYSTEM TO RESTART FILE AT STEP 520000
WRITING COORDINATES TO DCD FILE eq1.dcd AT STEP 520000
WRITING COORDINATES TO RESTART FILE AT STEP 520000
FINISHED WRITING RESTART COORDINATES
WRITING VELOCITIES TO RESTART FILE AT STEP 520000
FINISHED WRITING RESTART VELOCITIES
LDB: ============= START OF LOAD BALANCING ============== 3141.52
LDB: ============== END OF LOAD BALANCING =============== 3141.52
Info: useSync: 0 useProxySync: 0
LDB: =============== DONE WITH MIGRATION ================ 3141.52
LDB: ============= START OF LOAD BALANCING ============== 3142.13
LDB: TIME 3142.13 LOAD: AVG 0.468559 MAX 0.507635  PROXIES: TOTAL 348 MAXPE 45 MAXPATCH 5 None MEM: 0 MB
LDB: TIME 3142.13 LOAD: AVG 0.468559 MAX 0.507635  PROXIES: TOTAL 348 MAXPE 45 MAXPATCH 5 RefineTorusLB MEM: 0 MB
LDB: TIME 3142.13 LOAD: AVG 0.468559 MAX 0.507635  PROXIES: TOTAL 348 MAXPE 45 MAXPATCH 5 RefineTorusLB MEM: 0 MB
LDB: Reverting to original mapping
LDB: ============== END OF LOAD BALANCING =============== 3142.13
Info: useSync: 0 useProxySync: 0
LDB: =============== DONE WITH MIGRATION ================ 3142.13
TIMING: 521000  CPU: 3139.47, 0.00604116/step  Wall: 3144.89, 0.00607728/step, 0.808616 hours remaining, 0.000000 MB of memory in use.
PERFORMANCE: 521000  averaging 28.6276 ns/day, 0.00603613 sec/step with standard deviation 5.0918e-05
ENERGY:  521000       352.5002       952.1967      1436.5286        25.3777        -590369.1525     42260.8730        60.7457         0.0000     48551.3549        -496729.5758       293.2292   -545280.9306   -496625.6621       292.9581             -6.4960        27.1790    832201.3934         1.0057         0.9838

TIMING: 522000  CPU: 3145.51, 0.00603345/step  Wall: 3150.94, 0.00604223/step, 0.802274 hours remaining, 0.000000 MB of memory in use.
PERFORMANCE: 522000  averaging 28.6276 ns/day, 0.00603614 sec/step with standard deviation 5.08698e-05
ENERGY:  522000       351.9924       939.2208      1421.9970        18.6637        -590370.4196     42260.5194        48.2650         0.0000     48212.1188        -497117.6426       291.1804   -545329.7614   -497014.7644       292.9079             13.5671        42.3581    833808.9801         3.0760         3.1068

TIMING: 523000  CPU: 3151.55, 0.00604139/step  Wall: 3156.99, 0.00605351/step, 0.80209 hours remaining, 0.000000 MB of memory in use.
PERFORMANCE: 523000  averaging 28.6274 ns/day, 0.00603617 sec/step with standard deviation 5.08268e-05
ENERGY:  523000       359.9444       921.6934      1441.6151        23.3708        -591269.6576     42607.6013        47.6571         0.0000     48410.5638        -497457.2116       292.3789   -545867.7754   -497349.1165       291.8451            107.6292       143.8324    831149.4285        -3.4342        -3.4356

TIMING: 524000  CPU: 3157.58, 0.00602767/step  Wall: 3163.03, 0.00603654/step, 0.798165 hours remaining, 0.000000 MB of memory in use.
PERFORMANCE: 524000  averaging 28.6274 ns/day, 0.00603617 sec/step with standard deviation 5.07782e-05
ENERGY:  524000       346.2866       973.1532      1439.2289        19.2647        -590843.5229     42372.6272        52.1811         0.0000     48280.8044        -497359.9768       291.5952   -545640.7813   -497252.9473       291.7634             46.4384        80.6866    830919.5082        -3.0776        -3.1331

LDB: ============= START OF LOAD BALANCING ============== 3165.68
LDB: ============== END OF LOAD BALANCING =============== 3165.68
Info: useSync: 0 useProxySync: 0
LDB: =============== DONE WITH MIGRATION ================ 3165.68
LDB: ============= START OF LOAD BALANCING ============== 3166.29
LDB: TIME 3166.29 LOAD: AVG 0.466735 MAX 0.504001  PROXIES: TOTAL 348 MAXPE 45 MAXPATCH 5 None MEM: 0 MB
LDB: TIME 3166.29 LOAD: AVG 0.466735 MAX 0.504001  PROXIES: TOTAL 348 MAXPE 45 MAXPATCH 5 RefineTorusLB MEM: 0 MB
LDB: TIME 3166.29 LOAD: AVG 0.466735 MAX 0.504001  PROXIES: TOTAL 348 MAXPE 45 MAXPATCH 5 RefineTorusLB MEM: 0 MB
LDB: Reverting to original mapping
LDB: ============== END OF LOAD BALANCING =============== 3166.29
Info: useSync: 0 useProxySync: 0
LDB: =============== DONE WITH MIGRATION ================ 3166.29
TIMING: 525000  CPU: 3163.62, 0.00604016/step  Wall: 3169.07, 0.00604608/step, 0.797747 hours remaining, 0.000000 MB of memory in use.
PERFORMANCE: 525000  averaging 28.6273 ns/day, 0.00603619 sec/step with standard deviation 5.07315e-05
ENERGY:  525000       312.1471       923.7724      1431.3808        24.4332        -590505.1833     42326.4558        52.3248         0.0000     48191.7625        -497242.9067       291.0575   -545434.6693   -497130.3140       292.2409              6.2805        37.7031    833905.1832         5.6741         5.6596

WRITING COORDINATES TO DCD FILE eq1.dcd AT STEP 525000
TIMING: 526000  CPU: 3169.66, 0.00604798/step  Wall: 3175.13, 0.00605876/step, 0.797737 hours remaining, 0.000000 MB of memory in use.
PERFORMANCE: 526000  averaging 28.6271 ns/day, 0.00603623 sec/step with standard deviation 5.06927e-05
ENERGY:  526000       335.1737       939.0119      1436.2886        18.4521        -590328.6473     41857.3957        59.2191         0.0000     48574.5500        -497108.5563       293.3693   -545683.1063   -497004.6164       291.8758           -196.1161      -160.9427    833509.2056        -0.9024        -0.9509

TIMING: 527000  CPU: 3175.7, 0.00603981/step  Wall: 3181.18, 0.0060462/step, 0.794404 hours remaining, 0.000000 MB of memory in use.
PERFORMANCE: 527000  averaging 28.627 ns/day, 0.00603625 sec/step with standard deviation 5.06464e-05
ENERGY:  527000       351.6136       968.1990      1434.6540        23.7602        -590605.0437     42440.4444        61.9494         0.0000     48645.8081        -496678.6151       293.7997   -545324.4232   -496571.3570       292.8587            -17.0789        13.8739    834162.5265         3.6368         3.7068

TIMING: 528000  CPU: 3181.75, 0.00604411/step  Wall: 3187.23, 0.00605271/step, 0.793577 hours remaining, 0.000000 MB of memory in use.
PERFORMANCE: 528000  averaging 28.6269 ns/day, 0.00603628 sec/step with standard deviation 5.06034e-05
ENERGY:  528000       367.6369       978.8701      1450.5585        18.4887        -590676.1759     42185.0382        58.1419         0.0000     48447.4960        -497169.9456       292.6020   -545617.4415   -497067.3587       292.5423            -89.8224       -56.0802    833134.7601        -2.0666        -2.1225

LDB: ============= START OF LOAD BALANCING ============== 3189.9
LDB: ============== END OF LOAD BALANCING =============== 3189.9
Info: useSync: 0 useProxySync: 0
LDB: =============== DONE WITH MIGRATION ================ 3189.9
LDB: ============= START OF LOAD BALANCING ============== 3190.51
LDB: TIME 3190.51 LOAD: AVG 0.468402 MAX 0.509681  PROXIES: TOTAL 348 MAXPE 45 MAXPATCH 5 None MEM: 0 MB
LDB: TIME 3190.51 LOAD: AVG 0.468402 MAX 0.509681  PROXIES: TOTAL 348 MAXPE 45 MAXPATCH 5 RefineTorusLB MEM: 0 MB
LDB: TIME 3190.51 LOAD: AVG 0.468402 MAX 0.509681  PROXIES: TOTAL 348 MAXPE 45 MAXPATCH 5 RefineTorusLB MEM: 0 MB
LDB: Reverting to original mapping
LDB: ============== END OF LOAD BALANCING =============== 3190.51
Info: useSync: 0 useProxySync: 0
LDB: =============== DONE WITH MIGRATION ================ 3190.51
TIMING: 529000  CPU: 3187.81, 0.00606015/step  Wall: 3193.3, 0.0060694/step, 0.79408 hours remaining, 0.000000 MB of memory in use.
PERFORMANCE: 529000  averaging 28.6266 ns/day, 0.00603635 sec/step with standard deviation 5.05759e-05
ENERGY:  529000       321.8440       945.8458      1440.6000        24.6624        -591066.4168     42615.8320        53.0995         0.0000     48361.2408        -497303.2923       292.0810   -545664.5331   -497202.9044       292.4322            166.7617       204.0702    832132.8312        -2.2693        -2.2661

TIMING: 530000  CPU: 3193.86, 0.00604809/step  Wall: 3199.35, 0.00605284/step, 0.790232 hours remaining, 0.000000 MB of memory in use.
PERFORMANCE: 530000  averaging 28.6264 ns/day, 0.00603638 sec/step with standard deviation 5.05332e-05
ETITLE:      TS           BOND          ANGLE          DIHED          IMPRP               ELECT            VDW       BOUNDARY           MISC        KINETIC               TOTAL           TEMP      POTENTIAL         TOTAL3        TEMPAVG            PRESSURE      GPRESSURE         VOLUME       PRESSAVG      GPRESSAVG

ENERGY:  530000       374.8783      1007.9569      1431.5598        22.8261        -591131.2757     42303.5752        50.6669         0.0000     48339.5593        -497600.2532       291.9501   -545939.8124   -497498.2692       291.7130            -58.7200       -21.9358    831503.3160         2.9352         2.9514

WRITING EXTENDED SYSTEM TO RESTART FILE AT STEP 530000
WRITING COORDINATES TO DCD FILE eq1.dcd AT STEP 530000
WRITING COORDINATES TO RESTART FILE AT STEP 530000
FINISHED WRITING RESTART COORDINATES
WRITING VELOCITIES TO RESTART FILE AT STEP 530000
FINISHED WRITING RESTART VELOCITIES
TIMING: 531000  CPU: 3199.92, 0.00606334/step  Wall: 3205.44, 0.00609003/step, 0.793395 hours remaining, 0.000000 MB of memory in use.
PERFORMANCE: 531000  averaging 28.626 ns/day, 0.00603648 sec/step with standard deviation 5.05392e-05
ENERGY:  531000       331.3495       965.2571      1439.2774        27.7919        -591454.2950     42743.4940        55.6509         0.0000     48500.7390        -497390.7352       292.9235   -545891.4742   -497277.8665       291.6566             71.6760       106.1663    832763.4975         0.2682         0.2445

TIMING: 532000  CPU: 3205.96, 0.0060441/step  Wall: 3211.5, 0.00605267/step, 0.786848 hours remaining, 0.000000 MB of memory in use.
PERFORMANCE: 532000  averaging 28.6258 ns/day, 0.00603651 sec/step with standard deviation 5.04964e-05
ENERGY:  532000       346.6365       946.3243      1443.1791        25.9423        -590920.1500     42503.8432        51.0235         0.0000     48353.8118        -497249.3892       292.0362   -545603.2010   -497157.4793       292.3491             98.2226       133.8011    831975.3959         2.5830         2.5880

LDB: ============= START OF LOAD BALANCING ============== 3214.16
LDB: ============== END OF LOAD BALANCING =============== 3214.16
Info: useSync: 0 useProxySync: 0
LDB: =============== DONE WITH MIGRATION ================ 3214.16
LDB: ============= START OF LOAD BALANCING ============== 3214.76
LDB: TIME 3214.76 LOAD: AVG 0.466948 MAX 0.508089  PROXIES: TOTAL 348 MAXPE 45 MAXPATCH 5 None MEM: 0 MB
LDB: TIME 3214.76 LOAD: AVG 0.466948 MAX 0.508089  PROXIES: TOTAL 348 MAXPE 45 MAXPATCH 5 RefineTorusLB MEM: 0 MB
LDB: TIME 3214.76 LOAD: AVG 0.466948 MAX 0.508089  PROXIES: TOTAL 348 MAXPE 45 MAXPATCH 5 RefineTorusLB MEM: 0 MB
LDB: ============== END OF LOAD BALANCING =============== 3214.76
Info: useSync: 0 useProxySync: 0
LDB: =============== DONE WITH MIGRATION ================ 3214.76
TIMING: 533000  CPU: 3212.01, 0.00604837/step  Wall: 3217.55, 0.00605501/step, 0.78547 hours remaining, 0.000000 MB of memory in use.
PERFORMANCE: 533000  averaging 28.6256 ns/day, 0.00603654 sec/step with standard deviation 5.04553e-05
ENERGY:  533000       362.3258       954.8794      1440.9922        23.7650        -590761.6805     42526.5143        45.1588         0.0000     48329.1468        -497078.8983       291.8872   -545408.0451   -496974.6771       292.3694             41.8537        73.6572    831849.0373         0.9591         0.9872

TIMING: 534000  CPU: 3218.05, 0.00604054/step  Wall: 3223.6, 0.00604584/step, 0.7826 hours remaining, 0.000000 MB of memory in use.
PERFORMANCE: 534000  averaging 28.6256 ns/day, 0.00603656 sec/step with standard deviation 5.04096e-05
ENERGY:  534000       345.6324       938.7159      1446.5084        19.9939        -590089.8316     42152.2690        56.0096         0.0000     48288.4123        -496842.2901       291.6412   -545130.7023   -496745.5241       292.6148             -5.8001        28.6949    831725.9584         4.8501         4.9133

TIMING: 535000  CPU: 3224.09, 0.0060363/step  Wall: 3229.64, 0.00604646/step, 0.781001 hours remaining, 0.000000 MB of memory in use.
PERFORMANCE: 535000  averaging 28.6255 ns/day, 0.00603658 sec/step with standard deviation 5.03642e-05
ENERGY:  535000       314.6343       917.8565      1437.4912        23.7164        -589737.8379     41771.6590        48.0937         0.0000     48395.8726        -496828.5142       292.2902   -545224.3869   -496728.9106       293.1350           -135.1963      -101.0302    833937.4452        -0.6964        -0.7842

WRITING COORDINATES TO DCD FILE eq1.dcd AT STEP 535000
TIMING: 536000  CPU: 3230.14, 0.0060481/step  Wall: 3235.7, 0.00605367/step, 0.78025 hours remaining, 0.000000 MB of memory in use.
PERFORMANCE: 536000  averaging 28.6253 ns/day, 0.00603661 sec/step with standard deviation 5.03225e-05
ENERGY:  536000       337.2208       970.0627      1439.8023        20.3863        -590180.8591     42068.7127        52.1637         0.0000     48214.7107        -497077.8001       291.1961   -545292.5107   -496976.4565       293.0060           -111.5476       -77.3610    834135.0576         3.1045         3.0652

LDB: ============= START OF LOAD BALANCING ============== 3238.35
LDB: ============== END OF LOAD BALANCING =============== 3238.35
Info: useSync: 0 useProxySync: 0
LDB: =============== DONE WITH MIGRATION ================ 3238.35
LDB: ============= START OF LOAD BALANCING ============== 3238.96
LDB: TIME 3238.96 LOAD: AVG 0.46734 MAX 0.509159  PROXIES: TOTAL 348 MAXPE 45 MAXPATCH 5 None MEM: 0 MB
LDB: TIME 3238.96 LOAD: AVG 0.46734 MAX 0.509159  PROXIES: TOTAL 348 MAXPE 45 MAXPATCH 5 RefineTorusLB MEM: 0 MB
LDB: TIME 3238.96 LOAD: AVG 0.46734 MAX 0.509159  PROXIES: TOTAL 348 MAXPE 45 MAXPATCH 5 RefineTorusLB MEM: 0 MB
LDB: Reverting to original mapping
LDB: ============== END OF LOAD BALANCING =============== 3238.96
Info: useSync: 0 useProxySync: 0
LDB: =============== DONE WITH MIGRATION ================ 3238.96
TIMING: 537000  CPU: 3236.16, 0.00602084/step  Wall: 3241.73, 0.00603008/step, 0.775536 hours remaining, 0.000000 MB of memory in use.
PERFORMANCE: 537000  averaging 28.6254 ns/day, 0.0060366 sec/step with standard deviation 5.02763e-05
ENERGY:  537000       344.1440       948.2332      1444.9073        32.7872        -590581.8626     41976.3506        50.8196         0.0000     48733.2407        -497051.3799       294.3277   -545784.6205   -496935.8163       292.3181            -91.3751       -59.9766    832084.6862         6.0564         6.0109

TIMING: 538000  CPU: 3242.19, 0.0060321/step  Wall: 3247.77, 0.00604085/step, 0.775243 hours remaining, 0.000000 MB of memory in use.
PERFORMANCE: 538000  averaging 28.6253 ns/day, 0.00603661 sec/step with standard deviation 5.02298e-05
ENERGY:  538000       349.4992       994.3013      1426.0601        25.8297        -590312.2555     42059.5914        51.7810         0.0000     48650.8047        -496754.3880       293.8299   -545405.1927   -496657.5875       293.0233              0.2429        32.9542    831971.6911         3.3954         3.4671

TIMING: 539000  CPU: 3248.21, 0.00602426/step  Wall: 3253.8, 0.00603118/step, 0.772326 hours remaining, 0.000000 MB of memory in use.
PERFORMANCE: 539000  averaging 28.6254 ns/day, 0.0060366 sec/step with standard deviation 5.01836e-05
ENERGY:  539000       323.3834       950.8384      1440.8439        29.0954        -590206.5194     42048.1353        44.2605         0.0000     48396.4190        -496973.5435       292.2935   -545369.9625   -496871.3510       293.3143            -51.8813       -16.0388    833239.9638         3.7944         3.7898

TIMING: 540000  CPU: 3254.26, 0.00604796/step  Wall: 3259.85, 0.00605572/step, 0.773787 hours remaining, 0.000000 MB of memory in use.
PERFORMANCE: 540000  averaging 28.6252 ns/day, 0.00603663 sec/step with standard deviation 5.01438e-05
ETITLE:      TS           BOND          ANGLE          DIHED          IMPRP               ELECT            VDW       BOUNDARY           MISC        KINETIC               TOTAL           TEMP      POTENTIAL         TOTAL3        TEMPAVG            PRESSURE      GPRESSURE         VOLUME       PRESSAVG      GPRESSAVG

ENERGY:  540000       335.6938       938.7412      1436.7367        19.9283        -590953.9247     42326.5554        55.6034         0.0000     48379.5808        -497461.0850       292.1918   -545840.6658   -497362.5189       292.3268             19.0573        49.9601    830548.6435        -0.2466        -0.2370

WRITING EXTENDED SYSTEM TO RESTART FILE AT STEP 540000
WRITING COORDINATES TO DCD FILE eq1.dcd AT STEP 540000
WRITING COORDINATES TO RESTART FILE AT STEP 540000
FINISHED WRITING RESTART COORDINATES
WRITING VELOCITIES TO RESTART FILE AT STEP 540000
FINISHED WRITING RESTART VELOCITIES
LDB: ============= START OF LOAD BALANCING ============== 3262.55
LDB: ============== END OF LOAD BALANCING =============== 3262.55
Info: useSync: 0 useProxySync: 0
LDB: =============== DONE WITH MIGRATION ================ 3262.55
LDB: ============= START OF LOAD BALANCING ============== 3263.16
LDB: TIME 3263.16 LOAD: AVG 0.469383 MAX 0.512036  PROXIES: TOTAL 348 MAXPE 45 MAXPATCH 5 None MEM: 0 MB
LDB: TIME 3263.16 LOAD: AVG 0.469383 MAX 0.512036  PROXIES: TOTAL 348 MAXPE 45 MAXPATCH 5 RefineTorusLB MEM: 0 MB
LDB: TIME 3263.16 LOAD: AVG 0.469383 MAX 0.512036  PROXIES: TOTAL 348 MAXPE 45 MAXPATCH 5 RefineTorusLB MEM: 0 MB
LDB: ============== END OF LOAD BALANCING =============== 3263.16
Info: useSync: 0 useProxySync: 0
LDB: =============== DONE WITH MIGRATION ================ 3263.16
TIMING: 541000  CPU: 3260.32, 0.00605603/step  Wall: 3265.94, 0.00608335/step, 0.775627 hours remaining, 0.000000 MB of memory in use.
PERFORMANCE: 541000  averaging 28.6248 ns/day, 0.00603672 sec/step with standard deviation 5.01376e-05
ENERGY:  541000       364.0906       931.2599      1450.9868        23.7669        -590704.1753     41948.9789        50.8397         0.0000     48482.3240        -497451.9286       292.8123   -545934.2525   -497350.0324       292.4025           -118.8474       -84.5633    831287.7697         3.0250         3.0480

TIMING: 542000  CPU: 3266.35, 0.00602831/step  Wall: 3271.97, 0.00603674/step, 0.768008 hours remaining, 0.000000 MB of memory in use.
PERFORMANCE: 542000  averaging 28.6248 ns/day, 0.00603672 sec/step with standard deviation 5.00913e-05
ENERGY:  542000       358.2396       968.7355      1436.2539        28.9398        -590441.7185     41999.0254        61.6077         0.0000     48418.0833        -497170.8334       292.4243   -545588.9167   -497066.4551       292.6255           -143.9689      -112.2575    835122.0093        -1.6629        -1.7007

TIMING: 543000  CPU: 3272.38, 0.00602843/step  Wall: 3278.01, 0.00603595/step, 0.76623 hours remaining, 0.000000 MB of memory in use.
PERFORMANCE: 543000  averaging 28.6248 ns/day, 0.00603672 sec/step with standard deviation 5.0045e-05
ENERGY:  543000       368.2880       930.0095      1447.3621        22.6106        -590550.7256     42301.8607        58.3564         0.0000     48496.9426        -496925.2955       292.9006   -545422.2382   -496818.7489       293.2309            -30.7286         3.1661    833485.9666         0.2259         0.2357

TIMING: 544000  CPU: 3278.41, 0.00603583/step  Wall: 3284.05, 0.00604232/step, 0.765361 hours remaining, 0.000000 MB of memory in use.
PERFORMANCE: 544000  averaging 28.6248 ns/day, 0.00603673 sec/step with standard deviation 4.99995e-05
ENERGY:  544000       331.2719       999.4160      1450.0330        27.9331        -590795.3820     42233.6100        56.4950         0.0000     48691.7320        -497004.8910       294.0771   -545696.6229   -496909.3805       293.0101            -12.1850        22.8800    831766.9892         1.9286         1.9592

LDB: ============= START OF LOAD BALANCING ============== 3286.71
LDB: ============== END OF LOAD BALANCING =============== 3286.71
Info: useSync: 0 useProxySync: 0
LDB: =============== DONE WITH MIGRATION ================ 3286.71
LDB: ============= START OF LOAD BALANCING ============== 3287.31
LDB: TIME 3287.31 LOAD: AVG 0.468503 MAX 0.507872  PROXIES: TOTAL 348 MAXPE 45 MAXPATCH 5 None MEM: 0 MB
LDB: TIME 3287.31 LOAD: AVG 0.468503 MAX 0.507872  PROXIES: TOTAL 348 MAXPE 45 MAXPATCH 5 RefineTorusLB MEM: 0 MB
LDB: TIME 3287.31 LOAD: AVG 0.468503 MAX 0.507872  PROXIES: TOTAL 348 MAXPE 45 MAXPATCH 5 RefineTorusLB MEM: 0 MB
LDB: Reverting to original mapping
LDB: ============== END OF LOAD BALANCING =============== 3287.31
Info: useSync: 0 useProxySync: 0
LDB: =============== DONE WITH MIGRATION ================ 3287.32
TIMING: 545000  CPU: 3284.44, 0.0060285/step  Wall: 3290.09, 0.00603892/step, 0.763252 hours remaining, 0.000000 MB of memory in use.
PERFORMANCE: 545000  averaging 28.6248 ns/day, 0.00603673 sec/step with standard deviation 4.99536e-05
ENERGY:  545000       357.5059      1006.0392      1418.4931        26.0440        -590986.7340     42283.0897        50.3509         0.0000     48489.0991        -497356.1119       292.8532   -545845.2110   -497239.5314       292.6490            -39.8888        -3.9320    833654.4397        -6.5143        -6.4705

WRITING COORDINATES TO DCD FILE eq1.dcd AT STEP 545000
TIMING: 546000  CPU: 3290.5, 0.00605602/step  Wall: 3296.15, 0.00606232/step, 0.764526 hours remaining, 0.000000 MB of memory in use.
PERFORMANCE: 546000  averaging 28.6245 ns/day, 0.00603678 sec/step with standard deviation 4.99198e-05
ENERGY:  546000       326.2514       980.8883      1428.7394        31.8583        -590729.4569     42245.3791        57.9731         0.0000     48398.0029        -497260.3642       292.3031   -545658.3671   -497158.4333       293.1343            -84.4668       -54.2159    832839.0227         3.5751         3.5974

TIMING: 547000  CPU: 3296.54, 0.00604457/step  Wall: 3302.2, 0.00605089/step, 0.761404 hours remaining, 0.000000 MB of memory in use.
PERFORMANCE: 547000  averaging 28.6244 ns/day, 0.00603681 sec/step with standard deviation 4.98777e-05
ENERGY:  547000       325.2003       942.6451      1437.1949        26.1510        -590607.1569     42057.6879        56.5636         0.0000     48434.1807        -497327.5336       292.5216   -545761.7142   -497223.5384       292.1818           -105.5018       -70.3278    832050.9648        -3.6499        -3.6916

TIMING: 548000  CPU: 3302.57, 0.0060296/step  Wall: 3308.25, 0.00604091/step, 0.75847 hours remaining, 0.000000 MB of memory in use.
PERFORMANCE: 548000  averaging 28.6244 ns/day, 0.00603681 sec/step with standard deviation 4.98324e-05
ENERGY:  548000       332.0282       934.9416      1420.1199        22.5067        -590585.7501     42195.1089        56.0710         0.0000     48243.6898        -497381.2840       291.3711   -545624.9738   -497276.0210       291.9339            -32.6311         3.6295    832257.3475         1.8396         1.8426

LDB: ============= START OF LOAD BALANCING ============== 3310.91
LDB: ============== END OF LOAD BALANCING =============== 3310.91
Info: useSync: 0 useProxySync: 0
LDB: =============== DONE WITH MIGRATION ================ 3310.91
LDB: ============= START OF LOAD BALANCING ============== 3311.51
LDB: TIME 3311.51 LOAD: AVG 0.468184 MAX 0.509022  PROXIES: TOTAL 348 MAXPE 45 MAXPATCH 5 None MEM: 0 MB
LDB: TIME 3311.51 LOAD: AVG 0.468184 MAX 0.509022  PROXIES: TOTAL 348 MAXPE 45 MAXPATCH 5 RefineTorusLB MEM: 0 MB
LDB: TIME 3311.51 LOAD: AVG 0.468184 MAX 0.509022  PROXIES: TOTAL 348 MAXPE 45 MAXPATCH 5 RefineTorusLB MEM: 0 MB
LDB: Reverting to original mapping
LDB: ============== END OF LOAD BALANCING =============== 3311.51
Info: useSync: 0 useProxySync: 0
LDB: =============== DONE WITH MIGRATION ================ 3311.51
TIMING: 549000  CPU: 3308.62, 0.00604549/step  Wall: 3314.3, 0.00605543/step, 0.75861 hours remaining, 0.000000 MB of memory in use.
PERFORMANCE: 549000  averaging 28.6242 ns/day, 0.00603685 sec/step with standard deviation 4.97932e-05
ENERGY:  549000       353.8976       985.2046      1420.7094        23.6393        -590546.9184     42145.8958        42.0910         0.0000     48518.1008        -497057.3798       293.0284   -545575.4805   -496955.2798       291.9838            -79.9152       -48.0496    833086.1920        -0.2348        -0.2895

WRITING COORDINATES TO DCD FILE eq1.dcd AT STEP 550000
WRITING COORDINATES TO RESTART FILE AT STEP 550000
FINISHED WRITING RESTART COORDINATES
TIMING: 550000  CPU: 3314.67, 0.00605728/step  Wall: 3320.37, 0.0060724/step, 0.75905 hours remaining, 0.000000 MB of memory in use.
PERFORMANCE: 550000  averaging 28.6239 ns/day, 0.00603691 sec/step with standard deviation 4.9771e-05
ETITLE:      TS           BOND          ANGLE          DIHED          IMPRP               ELECT            VDW       BOUNDARY           MISC        KINETIC               TOTAL           TEMP      POTENTIAL         TOTAL3        TEMPAVG            PRESSURE      GPRESSURE         VOLUME       PRESSAVG      GPRESSAVG

ENERGY:  550000       347.2286       991.3025      1433.3180        21.0529        -590244.9124     42082.4016        58.5219         0.0000     48760.8341        -496550.2527       294.4944   -545311.0868   -496444.7244       292.8069           -137.5470      -102.9655    833830.1078        -0.8109        -0.8128

WRITING EXTENDED SYSTEM TO RESTART FILE AT STEP 550000
WRITING VELOCITIES TO RESTART FILE AT STEP 550000
FINISHED WRITING RESTART VELOCITIES
TIMING: 551000  CPU: 3320.72, 0.00604849/step  Wall: 3326.44, 0.00606648/step, 0.756625 hours remaining, 0.000000 MB of memory in use.
PERFORMANCE: 551000  averaging 28.6237 ns/day, 0.00603696 sec/step with standard deviation 4.97416e-05
ENERGY:  551000       347.1656       975.5893      1434.7970        24.0547        -590374.6887     42298.9781        53.2580         0.0000     48233.8184        -497007.0276       291.3115   -545240.8460   -496909.1857       293.0470             56.2357        89.5851    831478.6550         7.2339         7.2166

TIMING: 552000  CPU: 3326.76, 0.00604/step  Wall: 3332.49, 0.00604713/step, 0.752532 hours remaining, 0.000000 MB of memory in use.
PERFORMANCE: 552000  averaging 28.6236 ns/day, 0.00603698 sec/step with standard deviation 4.96984e-05
ENERGY:  552000       338.0558       968.6927      1439.7259        25.8244        -590323.4656     42173.8616        51.0158         0.0000     48500.5566        -496825.7328       292.9224   -545326.2894   -496724.9629       292.8565              8.4241        38.4746    832607.0800        -2.4107        -2.4287

LDB: ============= START OF LOAD BALANCING ============== 3335.15
LDB: ============== END OF LOAD BALANCING =============== 3335.15
Info: useSync: 0 useProxySync: 0
LDB: =============== DONE WITH MIGRATION ================ 3335.15
LDB: ============= START OF LOAD BALANCING ============== 3335.75
LDB: TIME 3335.75 LOAD: AVG 0.467664 MAX 0.509652  PROXIES: TOTAL 348 MAXPE 45 MAXPATCH 5 None MEM: 0 MB
LDB: TIME 3335.75 LOAD: AVG 0.467664 MAX 0.509652  PROXIES: TOTAL 348 MAXPE 45 MAXPATCH 5 RefineTorusLB MEM: 0 MB
LDB: TIME 3335.75 LOAD: AVG 0.467664 MAX 0.509652  PROXIES: TOTAL 348 MAXPE 45 MAXPATCH 5 RefineTorusLB MEM: 0 MB
LDB: Reverting to original mapping
LDB: ============== END OF LOAD BALANCING =============== 3335.75
Info: useSync: 0 useProxySync: 0
LDB: =============== DONE WITH MIGRATION ================ 3335.75
TIMING: 553000  CPU: 3332.8, 0.00604058/step  Wall: 3338.54, 0.00604866/step, 0.751042 hours remaining, 0.000000 MB of memory in use.
PERFORMANCE: 553000  averaging 28.6235 ns/day, 0.006037 sec/step with standard deviation 4.96558e-05
ENERGY:  553000       327.9770       941.6235      1435.1247        22.0613        -590925.8960     42558.1766        55.6983         0.0000     48595.7853        -496989.4493       293.4976   -545585.2346   -496880.0140       292.5613            100.9907       134.4437    832963.1247         2.2933         2.3338

TIMING: 554000  CPU: 3338.83, 0.00603237/step  Wall: 3344.57, 0.00603934/step, 0.748207 hours remaining, 0.000000 MB of memory in use.
PERFORMANCE: 554000  averaging 28.6234 ns/day, 0.00603701 sec/step with standard deviation 4.9611e-05
ENERGY:  554000       330.2065       946.4781      1430.6387        20.9165        -590963.2488     42421.9808        53.1312         0.0000     48500.7555        -497259.1415       292.9236   -545759.8971   -497151.8899       293.0456             51.8757        83.3178    833218.3363         0.1482         0.1588

TIMING: 555000  CPU: 3344.88, 0.00604451/step  Wall: 3350.63, 0.00605146/step, 0.748028 hours remaining, 0.000000 MB of memory in use.
PERFORMANCE: 555000  averaging 28.6233 ns/day, 0.00603703 sec/step with standard deviation 4.957e-05
ENERGY:  555000       327.3240       969.0468      1427.7268        25.4752        -590467.2342     42253.3769        57.9013         0.0000     48362.8443        -497043.5388       292.0907   -545406.3832   -496931.1066       292.5047             30.7593        60.6158    832274.5772        -3.9412        -3.9203

WRITING COORDINATES TO DCD FILE eq1.dcd AT STEP 555000
TIMING: 556000  CPU: 3350.91, 0.00603191/step  Wall: 3356.67, 0.00604072/step, 0.745022 hours remaining, 0.000000 MB of memory in use.
PERFORMANCE: 556000  averaging 28.6233 ns/day, 0.00603704 sec/step with standard deviation 4.95256e-05
ENERGY:  556000       352.0270       967.0351      1439.2508        24.5584        -590508.8785     42144.4691        59.2350         0.0000     48296.7753        -497225.5278       291.6917   -545522.3031   -497121.5173       292.0416           -111.0493       -77.0869    834764.1465        -3.6060        -3.5315

LDB: ============= START OF LOAD BALANCING ============== 3359.33
LDB: ============== END OF LOAD BALANCING =============== 3359.33
Info: useSync: 0 useProxySync: 0
LDB: =============== DONE WITH MIGRATION ================ 3359.33
LDB: ============= START OF LOAD BALANCING ============== 3359.94
LDB: TIME 3359.94 LOAD: AVG 0.469302 MAX 0.510981  PROXIES: TOTAL 348 MAXPE 45 MAXPATCH 5 None MEM: 0 MB
LDB: TIME 3359.94 LOAD: AVG 0.469302 MAX 0.510981  PROXIES: TOTAL 348 MAXPE 45 MAXPATCH 5 RefineTorusLB MEM: 0 MB
LDB: TIME 3359.94 LOAD: AVG 0.469302 MAX 0.510981  PROXIES: TOTAL 348 MAXPE 45 MAXPATCH 5 RefineTorusLB MEM: 0 MB
LDB: Reverting to original mapping
LDB: ============== END OF LOAD BALANCING =============== 3359.94
Info: useSync: 0 useProxySync: 0
LDB: =============== DONE WITH MIGRATION ================ 3359.94
TIMING: 557000  CPU: 3356.95, 0.0060441/step  Wall: 3362.72, 0.0060519/step, 0.74472 hours remaining, 0.000000 MB of memory in use.
PERFORMANCE: 557000  averaging 28.6232 ns/day, 0.00603707 sec/step with standard deviation 4.9485e-05
ENERGY:  557000       357.5327       965.7893      1432.9154        25.1801        -591009.6295     42276.7273        58.1251         0.0000     48427.1761        -497466.1835       292.4792   -545893.3596   -497363.1249       292.2185            -39.4277        -3.6275    830501.7392         2.6480         2.6628

TIMING: 558000  CPU: 3362.98, 0.00602429/step  Wall: 3368.75, 0.00603234/step, 0.740637 hours remaining, 0.000000 MB of memory in use.
PERFORMANCE: 558000  averaging 28.6232 ns/day, 0.00603706 sec/step with standard deviation 4.9441e-05
ENERGY:  558000       356.8531       935.1901      1432.8793        18.6004        -590689.1657     42101.8673        60.3468         0.0000     48242.0882        -497541.3406       291.3614   -545783.4288   -497438.1971       291.9307           -145.9281      -115.5058    833830.7836         1.6510         1.6148

TIMING: 559000  CPU: 3368.99, 0.00600835/step  Wall: 3374.77, 0.00601618/step, 0.736982 hours remaining, 0.000000 MB of memory in use.
PERFORMANCE: 559000  averaging 28.6234 ns/day, 0.00603702 sec/step with standard deviation 4.94046e-05
ENERGY:  559000       345.8857       949.5350      1417.5778        23.3683        -590451.5970     41756.8812        53.5022         0.0000     48354.0750        -497550.7716       292.0378   -545904.8467   -497444.9558       292.0975           -247.6507      -215.4603    831922.2727        -0.2942        -0.2726

TIMING: 560000  CPU: 3375.02, 0.00603601/step  Wall: 3380.81, 0.00604115/step, 0.738363 hours remaining, 0.000000 MB of memory in use.
PERFORMANCE: 560000  averaging 28.6233 ns/day, 0.00603703 sec/step with standard deviation 4.93607e-05
ETITLE:      TS           BOND          ANGLE          DIHED          IMPRP               ELECT            VDW       BOUNDARY           MISC        KINETIC               TOTAL           TEMP      POTENTIAL         TOTAL3        TEMPAVG            PRESSURE      GPRESSURE         VOLUME       PRESSAVG      GPRESSAVG

ENERGY:  560000       342.0009      1004.6695      1420.8093        26.9151        -591358.0523     42798.6265        55.4989         0.0000     48079.0658        -497630.4663       290.3768   -545709.5321   -497529.6145       291.2893             56.3753        90.8606    832991.4667         4.4135         4.3675

WRITING EXTENDED SYSTEM TO RESTART FILE AT STEP 560000
WRITING COORDINATES TO DCD FILE eq1.dcd AT STEP 560000
WRITING COORDINATES TO RESTART FILE AT STEP 560000
FINISHED WRITING RESTART COORDINATES
WRITING VELOCITIES TO RESTART FILE AT STEP 560000
FINISHED WRITING RESTART VELOCITIES
LDB: ============= START OF LOAD BALANCING ============== 3383.5
LDB: ============== END OF LOAD BALANCING =============== 3383.5
Info: useSync: 0 useProxySync: 0
LDB: =============== DONE WITH MIGRATION ================ 3383.5
LDB: ============= START OF LOAD BALANCING ============== 3384.1
LDB: TIME 3384.11 LOAD: AVG 0.469014 MAX 0.508185  PROXIES: TOTAL 348 MAXPE 45 MAXPATCH 5 None MEM: 0 MB
LDB: TIME 3384.11 LOAD: AVG 0.469014 MAX 0.508185  PROXIES: TOTAL 348 MAXPE 45 MAXPATCH 5 RefineTorusLB MEM: 0 MB
LDB: TIME 3384.11 LOAD: AVG 0.469014 MAX 0.508185  PROXIES: TOTAL 348 MAXPE 45 MAXPATCH 5 RefineTorusLB MEM: 0 MB
LDB: Reverting to original mapping
LDB: ============== END OF LOAD BALANCING =============== 3384.11
Info: useSync: 0 useProxySync: 0
LDB: =============== DONE WITH MIGRATION ================ 3384.11
TIMING: 561000  CPU: 3381.06, 0.00603396/step  Wall: 3386.87, 0.00605676/step, 0.738588 hours remaining, 0.000000 MB of memory in use.
PERFORMANCE: 561000  averaging 28.6232 ns/day, 0.00603706 sec/step with standard deviation 4.93236e-05
ENERGY:  561000       346.7698       945.0307      1441.8779        18.8118        -590891.4176     42540.7291        52.5380         0.0000     48458.3430        -497087.3172       292.6675   -545545.6602   -496981.7997       292.3462            106.6792       139.1026    831283.6659         1.5819         1.5627

TIMING: 562000  CPU: 3387.08, 0.00601809/step  Wall: 3392.9, 0.00603042/step, 0.733701 hours remaining, 0.000000 MB of memory in use.
PERFORMANCE: 562000  averaging 28.6232 ns/day, 0.00603705 sec/step with standard deviation 4.92804e-05
ENERGY:  562000       344.2430       951.8464      1449.8070        24.5611        -590516.3501     42191.9496        56.1897         0.0000     48663.3780        -496834.3753       293.9058   -545497.7533   -496728.8977       293.2394            -21.7268         9.9943    834820.2752        -0.6295        -0.6520

TIMING: 563000  CPU: 3393.12, 0.00604949/step  Wall: 3398.95, 0.00605873/step, 0.735462 hours remaining, 0.000000 MB of memory in use.
PERFORMANCE: 563000  averaging 28.6231 ns/day, 0.00603709 sec/step with standard deviation 4.9245e-05
ENERGY:  563000       327.7241       957.6155      1432.4784        23.7415        -590131.1121     41954.2068        57.0105         0.0000     48406.7787        -496971.5566       292.3561   -545378.3353   -496863.9129       292.8019           -129.9013       -99.8038    834417.7136         4.5864         4.5960

TIMING: 564000  CPU: 3399.16, 0.00603364/step  Wall: 3405, 0.0060446/step, 0.732068 hours remaining, 0.000000 MB of memory in use.
PERFORMANCE: 564000  averaging 28.623 ns/day, 0.0060371 sec/step with standard deviation 4.92023e-05
ENERGY:  564000       294.2641       953.0265      1428.0879        20.0921        -590986.6073     42603.0846        61.6802         0.0000     48628.5371        -496997.8348       293.6954   -545626.3719   -496885.9519       292.6790            108.5987       140.5658    833424.8500         1.1389         1.1202

LDB: ============= START OF LOAD BALANCING ============== 3407.66
LDB: ============== END OF LOAD BALANCING =============== 3407.66
Info: useSync: 0 useProxySync: 0
LDB: =============== DONE WITH MIGRATION ================ 3407.66
LDB: ============= START OF LOAD BALANCING ============== 3408.27
LDB: TIME 3408.27 LOAD: AVG 0.466727 MAX 0.510893  PROXIES: TOTAL 348 MAXPE 45 MAXPATCH 5 None MEM: 0 MB
LDB: TIME 3408.27 LOAD: AVG 0.466727 MAX 0.510893  PROXIES: TOTAL 348 MAXPE 45 MAXPATCH 5 RefineTorusLB MEM: 0 MB
LDB: TIME 3408.27 LOAD: AVG 0.466727 MAX 0.510893  PROXIES: TOTAL 348 MAXPE 45 MAXPATCH 5 RefineTorusLB MEM: 0 MB
LDB: ============== END OF LOAD BALANCING =============== 3408.27
Info: useSync: 0 useProxySync: 0
LDB: =============== DONE WITH MIGRATION ================ 3408.27
TIMING: 565000  CPU: 3405.21, 0.00605334/step  Wall: 3411.06, 0.00606277/step, 0.732585 hours remaining, 0.000000 MB of memory in use.
PERFORMANCE: 565000  averaging 28.6228 ns/day, 0.00603715 sec/step with standard deviation 4.91705e-05
ENERGY:  565000       354.2583       925.3747      1428.1034        21.7305        -590747.9916     41987.0849        53.5964         0.0000     48517.6436        -497460.1997       293.0256   -545977.8433   -497348.1409       292.4103           -152.8272      -118.9349    833113.1511        -0.9529        -0.9358

WRITING COORDINATES TO DCD FILE eq1.dcd AT STEP 565000
TIMING: 566000  CPU: 3411.26, 0.00605321/step  Wall: 3417.13, 0.00606527/step, 0.731202 hours remaining, 0.000000 MB of memory in use.
PERFORMANCE: 566000  averaging 28.6225 ns/day, 0.0060372 sec/step with standard deviation 4.91412e-05
ENERGY:  566000       344.8508       958.2528      1445.1235        29.1564        -590632.8201     41973.3419        55.4039         0.0000     48259.6098        -497567.0810       291.4672   -545826.6908   -497462.6330       292.0516           -168.5465      -134.7650    833526.8534         0.0391         0.0505

TIMING: 567000  CPU: 3417.3, 0.00603711/step  Wall: 3423.17, 0.00604644/step, 0.727253 hours remaining, 0.000000 MB of memory in use.
PERFORMANCE: 567000  averaging 28.6225 ns/day, 0.00603722 sec/step with standard deviation 4.90993e-05
ENERGY:  567000       342.1404       908.1828      1454.6448        28.0779        -590317.8916     42007.3575        60.2106         0.0000     48415.9406        -497101.3370       292.4114   -545517.2776   -496994.3307       292.0031            -93.4635       -59.6046    833222.8376        -0.1239        -0.0917

TIMING: 568000  CPU: 3423.34, 0.00604277/step  Wall: 3429.23, 0.00605412/step, 0.726494 hours remaining, 0.000000 MB of memory in use.
PERFORMANCE: 568000  averaging 28.6223 ns/day, 0.00603725 sec/step with standard deviation 4.90611e-05
ENERGY:  568000       330.5198       957.4702      1429.7382        26.1162        -590168.0753     41898.7281        57.3311         0.0000     48580.2487        -496887.9231       293.4037   -545468.1718   -496786.3383       292.9501           -148.3433      -117.0819    834675.0833        -5.9844        -5.9613

LDB: ============= START OF LOAD BALANCING ============== 3431.89
LDB: ============== END OF LOAD BALANCING =============== 3431.89
Info: useSync: 0 useProxySync: 0
LDB: =============== DONE WITH MIGRATION ================ 3431.89
LDB: ============= START OF LOAD BALANCING ============== 3432.5
LDB: TIME 3432.5 LOAD: AVG 0.46799 MAX 0.509361  PROXIES: TOTAL 348 MAXPE 45 MAXPATCH 5 None MEM: 0 MB
LDB: TIME 3432.5 LOAD: AVG 0.46799 MAX 0.509361  PROXIES: TOTAL 348 MAXPE 45 MAXPATCH 5 RefineTorusLB MEM: 0 MB
LDB: TIME 3432.5 LOAD: AVG 0.46799 MAX 0.509361  PROXIES: TOTAL 348 MAXPE 45 MAXPATCH 5 RefineTorusLB MEM: 0 MB
LDB: ============== END OF LOAD BALANCING =============== 3432.5
Info: useSync: 0 useProxySync: 0
LDB: =============== DONE WITH MIGRATION ================ 3432.5
TIMING: 569000  CPU: 3429.4, 0.00605558/step  Wall: 3435.29, 0.00606338/step, 0.725921 hours remaining, 0.000000 MB of memory in use.
PERFORMANCE: 569000  averaging 28.6221 ns/day, 0.00603729 sec/step with standard deviation 4.90301e-05
ENERGY:  569000       340.6321       925.3140      1438.3123        21.9290        -591148.1117     42657.8375        57.6212         0.0000     48506.3335        -497200.1321       292.9573   -545706.4656   -497094.3527       293.1242            183.3324       215.6743    830901.9832         2.2480         2.1161

TIMING: 570000  CPU: 3435.44, 0.00604356/step  Wall: 3441.34, 0.00604996/step, 0.722634 hours remaining, 0.000000 MB of memory in use.
PERFORMANCE: 570000  averaging 28.622 ns/day, 0.00603731 sec/step with standard deviation 4.89899e-05
ETITLE:      TS           BOND          ANGLE          DIHED          IMPRP               ELECT            VDW       BOUNDARY           MISC        KINETIC               TOTAL           TEMP      POTENTIAL         TOTAL3        TEMPAVG            PRESSURE      GPRESSURE         VOLUME       PRESSAVG      GPRESSAVG

ENERGY:  570000       312.8643       923.2350      1432.9602        25.1074        -590723.2334     42556.7333        55.0739         0.0000     48426.7404        -496990.5188       292.4766   -545417.2593   -496887.3937       292.2905            118.4024       148.7267    833390.9930         3.0129         3.0167

WRITING EXTENDED SYSTEM TO RESTART FILE AT STEP 570000
WRITING COORDINATES TO DCD FILE eq1.dcd AT STEP 570000
WRITING COORDINATES TO RESTART FILE AT STEP 570000
FINISHED WRITING RESTART COORDINATES
WRITING VELOCITIES TO RESTART FILE AT STEP 570000
FINISHED WRITING RESTART VELOCITIES
TIMING: 571000  CPU: 3441.5, 0.00605184/step  Wall: 3447.42, 0.0060775/step, 0.724236 hours remaining, 0.000000 MB of memory in use.
PERFORMANCE: 571000  averaging 28.6217 ns/day, 0.00603738 sec/step with standard deviation 4.89758e-05
ENERGY:  571000       325.0222       925.5265      1428.4562        21.7025        -589988.0520     41775.0555        58.9265         0.0000     48485.7788        -496967.5838       292.8332   -545453.3626   -496861.1263       292.7483           -151.6117      -120.8580    832159.3795         3.0484         3.0770

TIMING: 572000  CPU: 3447.54, 0.00604358/step  Wall: 3453.47, 0.00605288/step, 0.71962 hours remaining, 0.000000 MB of memory in use.
PERFORMANCE: 572000  averaging 28.6215 ns/day, 0.00603741 sec/step with standard deviation 4.89372e-05
ENERGY:  572000       319.8029       982.8173      1439.5307        24.6951        -590411.4752     42379.4715        49.5314         0.0000     48540.7613        -496674.8650       293.1653   -545215.6263   -496563.1897       293.2516             85.8508       117.2817    833540.6844         0.7929         0.7960

LDB: ============= START OF LOAD BALANCING ============== 3456.13
LDB: ============== END OF LOAD BALANCING =============== 3456.13
Info: useSync: 0 useProxySync: 0
LDB: =============== DONE WITH MIGRATION ================ 3456.13
LDB: ============= START OF LOAD BALANCING ============== 3456.74
LDB: TIME 3456.74 LOAD: AVG 0.467542 MAX 0.512354  PROXIES: TOTAL 348 MAXPE 45 MAXPATCH 5 None MEM: 0 MB
LDB: TIME 3456.74 LOAD: AVG 0.467542 MAX 0.512354  PROXIES: TOTAL 348 MAXPE 45 MAXPATCH 5 RefineTorusLB MEM: 0 MB
LDB: TIME 3456.74 LOAD: AVG 0.467542 MAX 0.512354  PROXIES: TOTAL 348 MAXPE 45 MAXPATCH 5 RefineTorusLB MEM: 0 MB
LDB: ============== END OF LOAD BALANCING =============== 3456.74
Info: useSync: 0 useProxySync: 0
LDB: =============== DONE WITH MIGRATION ================ 3456.74
TIMING: 573000  CPU: 3453.58, 0.00604423/step  Wall: 3459.52, 0.00605017/step, 0.717618 hours remaining, 0.000000 MB of memory in use.
PERFORMANCE: 573000  averaging 28.6214 ns/day, 0.00603743 sec/step with standard deviation 4.88973e-05
ENERGY:  573000       342.0156       959.3341      1445.3566        25.5399        -590337.7788     42187.9366        52.2528         0.0000     48313.8871        -497011.4561       291.7950   -545325.3433   -496906.0350       292.8832            -87.8225       -54.0164    833907.0374         1.4399         1.4174

TIMING: 574000  CPU: 3459.62, 0.00603999/step  Wall: 3465.57, 0.00604775/step, 0.71565 hours remaining, 0.000000 MB of memory in use.
PERFORMANCE: 574000  averaging 28.6213 ns/day, 0.00603745 sec/step with standard deviation 4.88565e-05
ENERGY:  574000       333.5396       992.9875      1441.1478        21.0556        -590907.5699     42369.1998        54.2577         0.0000     48328.0829        -497367.2990       291.8808   -545695.3819   -497263.5455       292.3778             10.9497        41.6536    832873.1168         2.8683         2.7932

TIMING: 575000  CPU: 3465.67, 0.00604388/step  Wall: 3471.62, 0.00605229/step, 0.714506 hours remaining, 0.000000 MB of memory in use.
PERFORMANCE: 575000  averaging 28.6212 ns/day, 0.00603748 sec/step with standard deviation 4.88178e-05
ENERGY:  575000       352.4018       922.4659      1442.1238        20.6469        -590413.9262     42036.3853        54.1515         0.0000     48382.5562        -497203.1949       292.2098   -545585.7511   -497085.8435       292.6526            -87.4250       -54.2500    833453.1071         5.8024         5.7427

WRITING COORDINATES TO DCD FILE eq1.dcd AT STEP 575000
TIMING: 576000  CPU: 3471.71, 0.00604392/step  Wall: 3477.67, 0.00605054/step, 0.712619 hours remaining, 0.000000 MB of memory in use.
PERFORMANCE: 576000  averaging 28.6211 ns/day, 0.0060375 sec/step with standard deviation 4.87784e-05
ENERGY:  576000       340.8974       963.8798      1446.6916        25.3290        -590412.7538     42073.8866        53.5150         0.0000     48515.5309        -496993.0234       293.0129   -545508.5543   -496889.7680       292.1677            -46.8238       -11.5837    832810.8720        -2.3029        -2.3147

LDB: ============= START OF LOAD BALANCING ============== 3480.33
LDB: ============== END OF LOAD BALANCING =============== 3480.33
Info: useSync: 0 useProxySync: 0
LDB: =============== DONE WITH MIGRATION ================ 3480.33
LDB: ============= START OF LOAD BALANCING ============== 3480.93
LDB: TIME 3480.93 LOAD: AVG 0.466255 MAX 0.502932  PROXIES: TOTAL 348 MAXPE 45 MAXPATCH 5 None MEM: 0 MB
LDB: TIME 3480.93 LOAD: AVG 0.466255 MAX 0.502932  PROXIES: TOTAL 348 MAXPE 45 MAXPATCH 5 RefineTorusLB MEM: 0 MB
LDB: TIME 3480.93 LOAD: AVG 0.466255 MAX 0.502932  PROXIES: TOTAL 348 MAXPE 45 MAXPATCH 5 RefineTorusLB MEM: 0 MB
LDB: Reverting to original mapping
LDB: ============== END OF LOAD BALANCING =============== 3480.93
Info: useSync: 0 useProxySync: 0
LDB: =============== DONE WITH MIGRATION ================ 3480.93
TIMING: 577000  CPU: 3477.74, 0.00602378/step  Wall: 3483.71, 0.00603567/step, 0.709192 hours remaining, 0.000000 MB of memory in use.
PERFORMANCE: 577000  averaging 28.6211 ns/day, 0.0060375 sec/step with standard deviation 4.87361e-05
ENERGY:  577000       340.1003       968.2048      1432.6279        22.3602        -590896.2563     42726.1277        53.3941         0.0000     48402.9568        -496950.4844       292.3330   -545353.4412   -496848.8779       292.8320            155.9346       188.7769    832336.5200         0.1666         0.2252

TIMING: 578000  CPU: 3483.77, 0.00603177/step  Wall: 3489.74, 0.00603655/step, 0.707617 hours remaining, 0.000000 MB of memory in use.
PERFORMANCE: 578000  averaging 28.6211 ns/day, 0.0060375 sec/step with standard deviation 4.86939e-05
ENERGY:  578000       356.6922       957.8636      1427.5979        22.8361        -590841.5072     42273.9458        53.1793         0.0000     48457.3824        -497292.0099       292.6617   -545749.3923   -497195.2245       292.6228           -143.7351      -109.5262    834642.4078         2.3559         2.3600

TIMING: 579000  CPU: 3489.79, 0.00602026/step  Wall: 3495.77, 0.0060303/step, 0.70521 hours remaining, 0.000000 MB of memory in use.
PERFORMANCE: 579000  averaging 28.6212 ns/day, 0.00603748 sec/step with standard deviation 4.86527e-05
ENERGY:  579000       343.6140       970.3131      1427.0882        26.8971        -590815.2216     42246.1997        57.7726         0.0000     48366.5451        -497376.7918       292.1131   -545743.3369   -497268.9789       292.1588            -53.1374       -19.6758    833394.2860         2.3471         2.3353

TIMING: 580000  CPU: 3495.82, 0.00602809/step  Wall: 3501.81, 0.00603695/step, 0.704311 hours remaining, 0.000000 MB of memory in use.
PERFORMANCE: 580000  averaging 28.6212 ns/day, 0.00603748 sec/step with standard deviation 4.86106e-05
ETITLE:      TS           BOND          ANGLE          DIHED          IMPRP               ELECT            VDW       BOUNDARY           MISC        KINETIC               TOTAL           TEMP      POTENTIAL         TOTAL3        TEMPAVG            PRESSURE      GPRESSURE         VOLUME       PRESSAVG      GPRESSAVG

ENERGY:  580000       328.1738       963.1968      1433.5988        28.8344        -590646.4469     42388.7519        55.9207         0.0000     48097.7498        -497350.2208       290.4897   -545447.9706   -497249.9648       292.0219             94.7466       127.4733    832699.2233        -1.9899        -2.0749

WRITING EXTENDED SYSTEM TO RESTART FILE AT STEP 580000
WRITING COORDINATES TO DCD FILE eq1.dcd AT STEP 580000
WRITING COORDINATES TO RESTART FILE AT STEP 580000
FINISHED WRITING RESTART COORDINATES
WRITING VELOCITIES TO RESTART FILE AT STEP 580000
FINISHED WRITING RESTART VELOCITIES
LDB: ============= START OF LOAD BALANCING ============== 3504.5
LDB: ============== END OF LOAD BALANCING =============== 3504.5
Info: useSync: 0 useProxySync: 0
LDB: =============== DONE WITH MIGRATION ================ 3504.5
LDB: ============= START OF LOAD BALANCING ============== 3505.11
LDB: TIME 3505.11 LOAD: AVG 0.467436 MAX 0.503382  PROXIES: TOTAL 348 MAXPE 45 MAXPATCH 5 None MEM: 0 MB
LDB: TIME 3505.11 LOAD: AVG 0.467436 MAX 0.503382  PROXIES: TOTAL 348 MAXPE 45 MAXPATCH 5 RefineTorusLB MEM: 0 MB
LDB: TIME 3505.11 LOAD: AVG 0.467436 MAX 0.503382  PROXIES: TOTAL 348 MAXPE 45 MAXPATCH 5 RefineTorusLB MEM: 0 MB
LDB: Reverting to original mapping
LDB: ============== END OF LOAD BALANCING =============== 3505.11
Info: useSync: 0 useProxySync: 0
LDB: =============== DONE WITH MIGRATION ================ 3505.11
TIMING: 581000  CPU: 3501.86, 0.0060487/step  Wall: 3507.88, 0.00606865/step, 0.706323 hours remaining, 0.000000 MB of memory in use.
PERFORMANCE: 581000  averaging 28.6209 ns/day, 0.00603754 sec/step with standard deviation 4.85859e-05
ENERGY:  581000       317.4720       995.5742      1443.0037        26.1924        -590481.2548     41893.3347        53.1122         0.0000     48371.5541        -497381.0115       292.1433   -545752.5655   -497275.4366       291.8306           -130.3338       -99.6014    833313.1933         6.3951         6.3804

TIMING: 582000  CPU: 3507.89, 0.0060243/step  Wall: 3513.91, 0.00603252/step, 0.700443 hours remaining, 0.000000 MB of memory in use.
PERFORMANCE: 582000  averaging 28.621 ns/day, 0.00603753 sec/step with standard deviation 4.85445e-05
ENERGY:  582000       325.7322       943.8546      1433.7925        27.3332        -590590.5191     41937.1527        57.3168         0.0000     48196.5318        -497668.8053       291.0863   -545865.3371   -497557.6903       291.8820           -129.5487       -96.7970    832024.1338         3.8553         3.8267

TIMING: 583000  CPU: 3513.91, 0.00601993/step  Wall: 3519.94, 0.00603105/step, 0.698596 hours remaining, 0.000000 MB of memory in use.
PERFORMANCE: 583000  averaging 28.621 ns/day, 0.00603752 sec/step with standard deviation 4.85035e-05
ENERGY:  583000       330.9029       970.7004      1441.9624        19.5296        -590172.4904     41661.4881        57.7227         0.0000     48178.7299        -497511.4545       290.9787   -545690.1844   -497405.7219       291.8359           -202.4614      -168.2328    832619.6449        -0.3962        -0.3239

TIMING: 584000  CPU: 3519.94, 0.00603616/step  Wall: 3525.99, 0.00604155/step, 0.698134 hours remaining, 0.000000 MB of memory in use.
PERFORMANCE: 584000  averaging 28.621 ns/day, 0.00603752 sec/step with standard deviation 4.84622e-05
ENERGY:  584000       338.4416       943.0987      1423.0208        21.9523        -590380.3927     41905.0208        56.6244         0.0000     48321.9680        -497370.2662       291.8438   -545692.2342   -497272.8132       292.2521            -42.3354        -9.0000    831573.5217         2.6399         2.6669

LDB: ============= START OF LOAD BALANCING ============== 3528.65
LDB: ============== END OF LOAD BALANCING =============== 3528.65
Info: useSync: 0 useProxySync: 0
LDB: =============== DONE WITH MIGRATION ================ 3528.65
LDB: ============= START OF LOAD BALANCING ============== 3529.25
LDB: TIME 3529.25 LOAD: AVG 0.468307 MAX 0.505079  PROXIES: TOTAL 348 MAXPE 45 MAXPATCH 5 None MEM: 0 MB
LDB: TIME 3529.25 LOAD: AVG 0.468307 MAX 0.505079  PROXIES: TOTAL 348 MAXPE 45 MAXPATCH 5 RefineTorusLB MEM: 0 MB
LDB: TIME 3529.25 LOAD: AVG 0.468307 MAX 0.505079  PROXIES: TOTAL 348 MAXPE 45 MAXPATCH 5 RefineTorusLB MEM: 0 MB
LDB: Reverting to original mapping
LDB: ============== END OF LOAD BALANCING =============== 3529.25
Info: useSync: 0 useProxySync: 0
LDB: =============== DONE WITH MIGRATION ================ 3529.25
TIMING: 585000  CPU: 3525.98, 0.00603654/step  Wall: 3532.03, 0.0060454/step, 0.6969 hours remaining, 0.000000 MB of memory in use.
PERFORMANCE: 585000  averaging 28.6209 ns/day, 0.00603754 sec/step with standard deviation 4.84218e-05
ENERGY:  585000       309.9865       934.2169      1455.8943        24.1195        -590303.2827     41877.2319        59.7965         0.0000     48115.3509        -497526.6861       290.5960   -545642.0370   -497420.3312       291.8663           -132.8567      -100.8701    832298.4704         0.7251         0.7252

WRITING COORDINATES TO DCD FILE eq1.dcd AT STEP 585000
TIMING: 586000  CPU: 3532.03, 0.00604804/step  Wall: 3538.09, 0.00605692/step, 0.696545 hours remaining, 0.000000 MB of memory in use.
PERFORMANCE: 586000  averaging 28.6208 ns/day, 0.00603757 sec/step with standard deviation 4.8387e-05
ENERGY:  586000       326.9273       957.3041      1437.5054        20.9338        -590595.6973     41756.8398        58.3311         0.0000     48246.7773        -497791.0786       291.3897   -546037.8559   -497685.2169       291.2533           -224.9057      -191.1832    832929.2894        -0.0837        -0.1411

TIMING: 587000  CPU: 3538.07, 0.00603634/step  Wall: 3544.13, 0.0060425/step, 0.693209 hours remaining, 0.000000 MB of memory in use.
PERFORMANCE: 587000  averaging 28.6207 ns/day, 0.00603758 sec/step with standard deviation 4.83461e-05
ENERGY:  587000       350.8689       957.0686      1439.4228        26.3483        -591110.7309     42218.6940        55.9575         0.0000     48270.5172        -497791.8536       291.5331   -546062.3707   -497683.0912       291.4700            -43.7646        -9.4392    832045.1069         1.2503         1.1910

TIMING: 588000  CPU: 3544.11, 0.00604409/step  Wall: 3550.18, 0.00605134/step, 0.692542 hours remaining, 0.000000 MB of memory in use.
PERFORMANCE: 588000  averaging 28.6206 ns/day, 0.0060376 sec/step with standard deviation 4.83083e-05
ENERGY:  588000       346.6972       962.9605      1437.9932        24.6728        -590811.4899     42202.5959        51.8049         0.0000     48217.2058        -497567.5597       291.2111   -545784.7655   -497464.4919       291.2979             -7.3465        24.3017    831067.5112         0.0646         0.0350

LDB: ============= START OF LOAD BALANCING ============== 3552.85
LDB: ============== END OF LOAD BALANCING =============== 3552.85
Info: useSync: 0 useProxySync: 0
LDB: =============== DONE WITH MIGRATION ================ 3552.85
LDB: ============= START OF LOAD BALANCING ============== 3553.45
LDB: TIME 3553.45 LOAD: AVG 0.466919 MAX 0.508871  PROXIES: TOTAL 348 MAXPE 45 MAXPATCH 5 None MEM: 0 MB
LDB: TIME 3553.45 LOAD: AVG 0.466919 MAX 0.508871  PROXIES: TOTAL 348 MAXPE 45 MAXPATCH 5 RefineTorusLB MEM: 0 MB
LDB: TIME 3553.45 LOAD: AVG 0.466919 MAX 0.508871  PROXIES: TOTAL 348 MAXPE 45 MAXPATCH 5 RefineTorusLB MEM: 0 MB
LDB: Reverting to original mapping
LDB: ============== END OF LOAD BALANCING =============== 3553.45
Info: useSync: 0 useProxySync: 0
LDB: =============== DONE WITH MIGRATION ================ 3553.45
TIMING: 589000  CPU: 3550.16, 0.00605195/step  Wall: 3556.24, 0.00605904/step, 0.69174 hours remaining, 0.000000 MB of memory in use.
PERFORMANCE: 589000  averaging 28.6205 ns/day, 0.00603764 sec/step with standard deviation 4.82753e-05
ENERGY:  589000       350.6646       977.2964      1435.9432        21.9807        -591015.9133     42420.4867        53.3332         0.0000     48296.2115        -497459.9969       291.6883   -545756.2084   -497355.5065       292.1720             38.4674        69.9398    832142.5803         0.2937         0.3296

WRITING COORDINATES TO DCD FILE eq1.dcd AT STEP 590000
WRITING COORDINATES TO RESTART FILE AT STEP 590000
FINISHED WRITING RESTART COORDINATES
TIMING: 590000  CPU: 3556.21, 0.00605215/step  Wall: 3562.31, 0.00606669/step, 0.690929 hours remaining, 0.000000 MB of memory in use.
PERFORMANCE: 590000  averaging 28.6202 ns/day, 0.00603769 sec/step with standard deviation 4.82491e-05
ETITLE:      TS           BOND          ANGLE          DIHED          IMPRP               ELECT            VDW       BOUNDARY           MISC        KINETIC               TOTAL           TEMP      POTENTIAL         TOTAL3        TEMPAVG            PRESSURE      GPRESSURE         VOLUME       PRESSAVG      GPRESSAVG

ENERGY:  590000       299.5636       968.3235      1440.9577        21.2908        -590946.2993     42270.8381        53.3684         0.0000     48685.4844        -497206.4727       294.0393   -545891.9571   -497095.1950       292.1770             51.9412        84.8250    831200.6441         0.8418         0.7666

WRITING EXTENDED SYSTEM TO RESTART FILE AT STEP 590000
WRITING VELOCITIES TO RESTART FILE AT STEP 590000
FINISHED WRITING RESTART VELOCITIES
TIMING: 591000  CPU: 3562.24, 0.00602227/step  Wall: 3568.35, 0.00604067/step, 0.686287 hours remaining, 0.000000 MB of memory in use.
PERFORMANCE: 591000  averaging 28.6202 ns/day, 0.00603769 sec/step with standard deviation 4.82083e-05
ENERGY:  591000       347.0912       941.8796      1424.3134        24.6430        -590928.0052     42249.9588        50.5724         0.0000     48443.9917        -497445.5551       292.5808   -545889.5468   -497342.9397       292.0686            -27.6558         4.8282    832474.5658         1.5495         1.5199

TIMING: 592000  CPU: 3568.25, 0.00601656/step  Wall: 3574.37, 0.00602322/step, 0.682631 hours remaining, 0.000000 MB of memory in use.
PERFORMANCE: 592000  averaging 28.6203 ns/day, 0.00603767 sec/step with standard deviation 4.81712e-05
ENERGY:  592000       321.6910       903.7725      1446.1315        27.3571        -591240.7982     42504.3675        51.7222         0.0000     48334.1251        -497651.6312       291.9173   -545985.7563   -497543.7149       291.7090             51.1566        85.3463    831994.2334        -1.1781        -1.1494

LDB: ============= START OF LOAD BALANCING ============== 3577.03
LDB: ============== END OF LOAD BALANCING =============== 3577.03
Info: useSync: 0 useProxySync: 0
LDB: =============== DONE WITH MIGRATION ================ 3577.03
LDB: ============= START OF LOAD BALANCING ============== 3577.63
LDB: TIME 3577.63 LOAD: AVG 0.468035 MAX 0.505172  PROXIES: TOTAL 348 MAXPE 45 MAXPATCH 5 None MEM: 0 MB
LDB: TIME 3577.63 LOAD: AVG 0.468035 MAX 0.505172  PROXIES: TOTAL 348 MAXPE 45 MAXPATCH 5 RefineTorusLB MEM: 0 MB
LDB: TIME 3577.63 LOAD: AVG 0.468035 MAX 0.505172  PROXIES: TOTAL 348 MAXPE 45 MAXPATCH 5 RefineTorusLB MEM: 0 MB
LDB: ============== END OF LOAD BALANCING =============== 3577.63
Info: useSync: 0 useProxySync: 0
LDB: =============== DONE WITH MIGRATION ================ 3577.63
TIMING: 593000  CPU: 3574.28, 0.00603163/step  Wall: 3580.41, 0.00604046/step, 0.682907 hours remaining, 0.000000 MB of memory in use.
PERFORMANCE: 593000  averaging 28.6203 ns/day, 0.00603767 sec/step with standard deviation 4.81306e-05
ENERGY:  593000       324.1377       941.3549      1426.5199        21.8518        -590860.7632     42175.1368        60.4400         0.0000     48320.4419        -497590.8803       291.8346   -545911.3222   -497484.9524       292.1709            -46.2143       -12.2846    832040.4909         3.0318         2.9979

TIMING: 594000  CPU: 3580.31, 0.00602823/step  Wall: 3586.45, 0.00603592/step, 0.680718 hours remaining, 0.000000 MB of memory in use.
PERFORMANCE: 594000  averaging 28.6203 ns/day, 0.00603767 sec/step with standard deviation 4.80901e-05
ENERGY:  594000       330.8886       950.5093      1436.3335        26.0140        -591327.3248     42422.9760        55.2861         0.0000     48406.8154        -497698.5020       292.3563   -546105.3174   -497592.1966       291.9083             14.5999        49.2736    831338.2552        -5.6245        -5.6481

TIMING: 595000  CPU: 3586.36, 0.00605196/step  Wall: 3592.51, 0.00605992/step, 0.681741 hours remaining, 0.000000 MB of memory in use.
PERFORMANCE: 595000  averaging 28.6201 ns/day, 0.00603771 sec/step with standard deviation 4.80583e-05
ENERGY:  595000       314.4154       928.3484      1437.9661        21.6605        -590701.1774     42367.3974        61.3680         0.0000     48386.3653        -497183.6563       292.2328   -545570.0217   -497074.5995       292.2057             96.2425       130.3927    830856.2737        -4.4861        -4.5291

WRITING COORDINATES TO DCD FILE eq1.dcd AT STEP 595000
TIMING: 596000  CPU: 3592.41, 0.00604797/step  Wall: 3598.56, 0.00605519/step, 0.679526 hours remaining, 0.000000 MB of memory in use.
PERFORMANCE: 596000  averaging 28.62 ns/day, 0.00603774 sec/step with standard deviation 4.80232e-05
ENERGY:  596000       345.1482       920.7731      1436.2874        20.7933        -590623.8782     42100.3108        57.0186         0.0000     48158.9469        -497584.5999       290.8593   -545743.5467   -497482.1563       292.0865           -157.6052      -120.5647    833663.9498         3.1099         3.1646

LDB: ============= START OF LOAD BALANCING ============== 3601.22
LDB: ============== END OF LOAD BALANCING =============== 3601.22
Info: useSync: 0 useProxySync: 0
LDB: =============== DONE WITH MIGRATION ================ 3601.22
LDB: ============= START OF LOAD BALANCING ============== 3601.83
LDB: TIME 3601.83 LOAD: AVG 0.469522 MAX 0.505927  PROXIES: TOTAL 348 MAXPE 45 MAXPATCH 5 None MEM: 0 MB
LDB: TIME 3601.83 LOAD: AVG 0.469522 MAX 0.505927  PROXIES: TOTAL 348 MAXPE 45 MAXPATCH 5 RefineTorusLB MEM: 0 MB
LDB: TIME 3601.83 LOAD: AVG 0.469522 MAX 0.505927  PROXIES: TOTAL 348 MAXPE 45 MAXPATCH 5 RefineTorusLB MEM: 0 MB
LDB: ============== END OF LOAD BALANCING =============== 3601.83
Info: useSync: 0 useProxySync: 0
LDB: =============== DONE WITH MIGRATION ================ 3601.83
TIMING: 597000  CPU: 3598.44, 0.00603189/step  Wall: 3604.6, 0.00603802/step, 0.675923 hours remaining, 0.000000 MB of memory in use.
PERFORMANCE: 597000  averaging 28.62 ns/day, 0.00603774 sec/step with standard deviation 4.79829e-05
ENERGY:  597000       325.3317       904.6745      1424.4839        28.1971        -591001.0202     42508.6319        51.3586         0.0000     48343.1578        -497415.1847       291.9718   -545758.3425   -497306.4702       291.5162            -14.5944        16.8387    834297.7519         8.1688         8.2120

TIMING: 598000  CPU: 3604.48, 0.00603652/step  Wall: 3610.64, 0.00604375/step, 0.674885 hours remaining, 0.000000 MB of memory in use.
PERFORMANCE: 598000  averaging 28.6199 ns/day, 0.00603775 sec/step with standard deviation 4.79433e-05
ENERGY:  598000       347.5304       945.6142      1447.2357        22.2490        -591068.8306     42514.9508        51.7109         0.0000     48399.0325        -497340.5072       292.3093   -545739.5397   -497236.0341       292.1119            -60.7412       -25.5155    832910.8983         2.1142         2.1602

TIMING: 599000  CPU: 3610.53, 0.00605253/step  Wall: 3616.71, 0.00606222/step, 0.675264 hours remaining, 0.000000 MB of memory in use.
PERFORMANCE: 599000  averaging 28.6198 ns/day, 0.00603779 sec/step with standard deviation 4.79137e-05
ENERGY:  599000       341.9920       968.4614      1434.5406        22.0424        -590757.1996     42490.3734        55.6041         0.0000     48223.9626        -497220.2230       291.2519   -545444.1857   -497123.1036       292.3189            -18.1473        15.5118    833171.0756        -2.0279        -2.0897

TIMING: 600000  CPU: 3616.58, 0.00604861/step  Wall: 3622.76, 0.00605465/step, 0.672739 hours remaining, 0.000000 MB of memory in use.
PERFORMANCE: 600000  averaging 28.6196 ns/day, 0.00603782 sec/step with standard deviation 4.78786e-05
ETITLE:      TS           BOND          ANGLE          DIHED          IMPRP               ELECT            VDW       BOUNDARY           MISC        KINETIC               TOTAL           TEMP      POTENTIAL         TOTAL3        TEMPAVG            PRESSURE      GPRESSURE         VOLUME       PRESSAVG      GPRESSAVG

ENERGY:  600000       353.9885       947.8071      1418.3977        20.4694        -591263.2783     42290.2210        56.8183         0.0000     48421.0295        -497754.5467       292.4421   -546175.5762   -497652.0902       291.7412            -77.8913       -47.2908    831782.7862         1.0597         1.0933

WRITING EXTENDED SYSTEM TO RESTART FILE AT STEP 600000
WRITING COORDINATES TO DCD FILE eq1.dcd AT STEP 600000
WRITING COORDINATES TO RESTART FILE AT STEP 600000
FINISHED WRITING RESTART COORDINATES
WRITING VELOCITIES TO RESTART FILE AT STEP 600000
FINISHED WRITING RESTART VELOCITIES
LDB: ============= START OF LOAD BALANCING ============== 3625.45
LDB: ============== END OF LOAD BALANCING =============== 3625.45
Info: useSync: 0 useProxySync: 0
LDB: =============== DONE WITH MIGRATION ================ 3625.45
LDB: ============= START OF LOAD BALANCING ============== 3626.06
LDB: TIME 3626.06 LOAD: AVG 0.468146 MAX 0.507503  PROXIES: TOTAL 348 MAXPE 45 MAXPATCH 5 None MEM: 0 MB
LDB: TIME 3626.06 LOAD: AVG 0.468146 MAX 0.507503  PROXIES: TOTAL 348 MAXPE 45 MAXPATCH 5 RefineTorusLB MEM: 0 MB
LDB: TIME 3626.06 LOAD: AVG 0.468146 MAX 0.507503  PROXIES: TOTAL 348 MAXPE 45 MAXPATCH 5 RefineTorusLB MEM: 0 MB
LDB: Reverting to original mapping
LDB: ============== END OF LOAD BALANCING =============== 3626.06
Info: useSync: 0 useProxySync: 0
LDB: =============== DONE WITH MIGRATION ================ 3626.06
TIMING: 601000  CPU: 3622.63, 0.00605237/step  Wall: 3628.84, 0.00607573/step, 0.673394 hours remaining, 0.000000 MB of memory in use.
PERFORMANCE: 601000  averaging 28.6193 ns/day, 0.00603788 sec/step with standard deviation 4.78637e-05
ENERGY:  601000       329.3829       940.2499      1443.0594        23.9163        -590434.0431     41859.0231        62.4904         0.0000     48406.1489        -497369.7723       292.3523   -545775.9211   -497256.6839       291.7484           -195.4031      -160.8654    833762.1923        -6.5990        -6.6315

TIMING: 602000  CPU: 3628.66, 0.00602727/step  Wall: 3634.88, 0.00603859/step, 0.667599 hours remaining, 0.000000 MB of memory in use.
PERFORMANCE: 602000  averaging 28.6193 ns/day, 0.00603788 sec/step with standard deviation 4.78238e-05
ENERGY:  602000       329.6488       947.3706      1430.6786        24.4860        -591116.6210     42206.1582        48.1812         0.0000     48500.2588        -497629.8388       292.9206   -546130.0976   -497520.3527       292.3061            -25.4266         8.0625    830653.8823        -3.1452        -3.1360

TIMING: 603000  CPU: 3634.69, 0.00603203/step  Wall: 3640.91, 0.0060377/step, 0.665824 hours remaining, 0.000000 MB of memory in use.
PERFORMANCE: 603000  averaging 28.6193 ns/day, 0.00603788 sec/step with standard deviation 4.77841e-05
ENERGY:  603000       359.4287       974.7327      1433.3258        24.9316        -590800.5091     42120.2100        59.3316         0.0000     48128.3589        -497700.1898       290.6745   -545828.5487   -497601.4580       291.6133           -100.3217       -70.8634    830589.6456         2.7244         2.7011

TIMING: 604000  CPU: 3640.73, 0.00603256/step  Wall: 3646.96, 0.00604172/step, 0.664589 hours remaining, 0.000000 MB of memory in use.
PERFORMANCE: 604000  averaging 28.6193 ns/day, 0.00603789 sec/step with standard deviation 4.77447e-05
ENERGY:  604000       342.6468       954.0936      1419.2512        18.9204        -590879.8892     42130.6718        49.7803         0.0000     48337.6665        -497626.8587       291.9387   -545964.5252   -497522.1476       292.0785            -45.3319        -8.5534    832181.7407         7.9632         7.9401

LDB: ============= START OF LOAD BALANCING ============== 3649.61
LDB: ============== END OF LOAD BALANCING =============== 3649.61
Info: useSync: 0 useProxySync: 0
LDB: =============== DONE WITH MIGRATION ================ 3649.61
LDB: ============= START OF LOAD BALANCING ============== 3650.22
LDB: TIME 3650.22 LOAD: AVG 0.467326 MAX 0.506316  PROXIES: TOTAL 348 MAXPE 45 MAXPATCH 5 None MEM: 0 MB
LDB: TIME 3650.22 LOAD: AVG 0.467326 MAX 0.506316  PROXIES: TOTAL 348 MAXPE 45 MAXPATCH 5 RefineTorusLB MEM: 0 MB
LDB: TIME 3650.22 LOAD: AVG 0.467326 MAX 0.506316  PROXIES: TOTAL 348 MAXPE 45 MAXPATCH 5 RefineTorusLB MEM: 0 MB
LDB: Reverting to original mapping
LDB: ============== END OF LOAD BALANCING =============== 3650.22
Info: useSync: 0 useProxySync: 0
LDB: =============== DONE WITH MIGRATION ================ 3650.22
TIMING: 605000  CPU: 3646.77, 0.00604802/step  Wall: 3653.01, 0.00605583/step, 0.66446 hours remaining, 0.000000 MB of memory in use.
PERFORMANCE: 605000  averaging 28.6191 ns/day, 0.00603792 sec/step with standard deviation 4.77108e-05
ENERGY:  605000       333.7100       952.7858      1428.6148        18.2804        -591419.8619     42579.4432        56.8921         0.0000     48321.7480        -497728.3876       291.8425   -546050.1356   -497615.6792       291.5214             74.0636       103.0098    831337.3295         2.6300         2.5966

WRITING COORDINATES TO DCD FILE eq1.dcd AT STEP 605000
TIMING: 606000  CPU: 3652.82, 0.00604418/step  Wall: 3659.06, 0.0060498/step, 0.662117 hours remaining, 0.000000 MB of memory in use.
PERFORMANCE: 606000  averaging 28.6191 ns/day, 0.00603794 sec/step with standard deviation 4.76738e-05
ENERGY:  606000       347.5591       993.4581      1429.0055        27.3262        -590708.2951     42157.0201        54.0249         0.0000     48233.8755        -497466.0258       291.3118   -545699.9012   -497361.2180       292.1520           -152.9288      -121.0938    832842.6186        -5.1797        -5.1653

TIMING: 607000  CPU: 3658.85, 0.00602783/step  Wall: 3665.1, 0.00603882/step, 0.659238 hours remaining, 0.000000 MB of memory in use.
PERFORMANCE: 607000  averaging 28.619 ns/day, 0.00603794 sec/step with standard deviation 4.76344e-05
ENERGY:  607000       346.3417       989.4520      1433.1716        21.2719        -590967.1807     42343.6209        54.3124         0.0000     48471.3009        -497307.7093       292.7457   -545779.0102   -497202.9411       292.3786            -28.4837         2.3353    831705.7841         4.5608         4.6480

TIMING: 608000  CPU: 3664.88, 0.00603186/step  Wall: 3671.14, 0.00603657/step, 0.657316 hours remaining, 0.000000 MB of memory in use.
PERFORMANCE: 608000  averaging 28.6191 ns/day, 0.00603793 sec/step with standard deviation 4.75952e-05
ENERGY:  608000       311.2542       981.3041      1430.1138        25.7282        -590662.9722     42082.1968        58.4140         0.0000     48320.9938        -497452.9675       291.8380   -545773.9613   -497351.2658       291.9462            -51.7067       -19.9273    831635.7938        -1.7403        -1.6736

LDB: ============= START OF LOAD BALANCING ============== 3673.8
LDB: ============== END OF LOAD BALANCING =============== 3673.8
Info: useSync: 0 useProxySync: 0
LDB: =============== DONE WITH MIGRATION ================ 3673.8
LDB: ============= START OF LOAD BALANCING ============== 3674.4
LDB: TIME 3674.4 LOAD: AVG 0.467324 MAX 0.509277  PROXIES: TOTAL 348 MAXPE 45 MAXPATCH 5 None MEM: 0 MB
LDB: TIME 3674.4 LOAD: AVG 0.467324 MAX 0.509277  PROXIES: TOTAL 348 MAXPE 45 MAXPATCH 5 RefineTorusLB MEM: 0 MB
LDB: TIME 3674.4 LOAD: AVG 0.467324 MAX 0.509277  PROXIES: TOTAL 348 MAXPE 45 MAXPATCH 5 RefineTorusLB MEM: 0 MB
LDB: ============== END OF LOAD BALANCING =============== 3674.4
Info: useSync: 0 useProxySync: 0
LDB: =============== DONE WITH MIGRATION ================ 3674.4
TIMING: 609000  CPU: 3670.91, 0.00603629/step  Wall: 3677.18, 0.00604516/step, 0.656572 hours remaining, 0.000000 MB of memory in use.
PERFORMANCE: 609000  averaging 28.619 ns/day, 0.00603795 sec/step with standard deviation 4.7557e-05
ENERGY:  609000       334.3678       987.7067      1435.4841        23.5227        -590886.8878     42532.0754        60.1020         0.0000     48141.2067        -497372.4224       290.7521   -545513.6291   -497265.9830       291.8437              8.2154        43.4374    833368.9661        -0.6951        -0.7126

TIMING: 610000  CPU: 3676.97, 0.00605561/step  Wall: 3683.25, 0.00606403/step, 0.656937 hours remaining, 0.000000 MB of memory in use.
PERFORMANCE: 610000  averaging 28.6188 ns/day, 0.00603799 sec/step with standard deviation 4.75296e-05
ETITLE:      TS           BOND          ANGLE          DIHED          IMPRP               ELECT            VDW       BOUNDARY           MISC        KINETIC               TOTAL           TEMP      POTENTIAL         TOTAL3        TEMPAVG            PRESSURE      GPRESSURE         VOLUME       PRESSAVG      GPRESSAVG

ENERGY:  610000       354.3217       956.5552      1443.3530        22.7466        -590459.4282     42216.2715        53.1301         0.0000     47991.1033        -497421.9469       289.8456   -545413.0502   -497317.4414       292.0596            -24.5057         6.7892    832750.0708        -1.4478        -1.5210

WRITING EXTENDED SYSTEM TO RESTART FILE AT STEP 610000
WRITING COORDINATES TO DCD FILE eq1.dcd AT STEP 610000
WRITING COORDINATES TO RESTART FILE AT STEP 610000
FINISHED WRITING RESTART COORDINATES
WRITING VELOCITIES TO RESTART FILE AT STEP 610000
FINISHED WRITING RESTART VELOCITIES
TIMING: 611000  CPU: 3683.03, 0.00606482/step  Wall: 3689.33, 0.00608828/step, 0.657872 hours remaining, 0.000000 MB of memory in use.
PERFORMANCE: 611000  averaging 28.6184 ns/day, 0.00603807 sec/step with standard deviation 4.75342e-05
ENERGY:  611000       333.7223      1015.9658      1433.3454        24.0755        -591019.4463     42288.1152        58.7743         0.0000     48275.7102        -497589.7377       291.5645   -545865.4478   -497482.9234       291.3577             15.9872        49.1523    831471.4999         3.7594         3.7125

TIMING: 612000  CPU: 3689.06, 0.006024/step  Wall: 3695.37, 0.00603347/step, 0.650274 hours remaining, 0.000000 MB of memory in use.
PERFORMANCE: 612000  averaging 28.6184 ns/day, 0.00603806 sec/step with standard deviation 4.74957e-05
ENERGY:  612000       340.3944       976.5878      1437.2175        22.4095        -590524.8271     41969.7598        49.7448         0.0000     48110.4319        -497618.2813       290.5663   -545728.7133   -497511.9403       291.3117           -130.2241      -100.4785    833196.0616        -1.1806        -1.2768

LDB: ============= START OF LOAD BALANCING ============== 3698.02
LDB: ============== END OF LOAD BALANCING =============== 3698.02
Info: useSync: 0 useProxySync: 0
LDB: =============== DONE WITH MIGRATION ================ 3698.02
LDB: ============= START OF LOAD BALANCING ============== 3698.63
LDB: TIME 3698.63 LOAD: AVG 0.469459 MAX 0.509796  PROXIES: TOTAL 348 MAXPE 45 MAXPATCH 5 None MEM: 0 MB
LDB: TIME 3698.63 LOAD: AVG 0.469459 MAX 0.509796  PROXIES: TOTAL 348 MAXPE 45 MAXPATCH 5 RefineTorusLB MEM: 0 MB
LDB: TIME 3698.63 LOAD: AVG 0.469459 MAX 0.509796  PROXIES: TOTAL 348 MAXPE 45 MAXPATCH 5 RefineTorusLB MEM: 0 MB
LDB: Reverting to original mapping
LDB: ============== END OF LOAD BALANCING =============== 3698.63
Info: useSync: 0 useProxySync: 0
LDB: =============== DONE WITH MIGRATION ================ 3698.63
TIMING: 613000  CPU: 3695.09, 0.00602769/step  Wall: 3701.4, 0.00603472/step, 0.648733 hours remaining, 0.000000 MB of memory in use.
PERFORMANCE: 613000  averaging 28.6185 ns/day, 0.00603806 sec/step with standard deviation 4.7457e-05
ENERGY:  613000       331.2680       955.6825      1440.4254        22.8256        -590423.9338     41807.2037        41.9829         0.0000     48489.7225        -497334.8233       292.8570   -545824.5457   -497233.3206       291.9985           -209.9246      -174.6968    833679.8373         3.7456         3.7537

TIMING: 614000  CPU: 3701.12, 0.00603604/step  Wall: 3707.45, 0.00604424/step, 0.648076 hours remaining, 0.000000 MB of memory in use.
PERFORMANCE: 614000  averaging 28.6184 ns/day, 0.00603807 sec/step with standard deviation 4.7419e-05
ENERGY:  614000       325.9799       978.5525      1443.3382        25.2091        -590987.7340     42221.5953        51.5146         0.0000     48324.7819        -497616.7626       291.8608   -545941.5445   -497515.0063       291.6791             22.2343        54.3965    829972.4116         1.3054         1.2744

TIMING: 615000  CPU: 3707.16, 0.00604123/step  Wall: 3713.5, 0.00605035/step, 0.647052 hours remaining, 0.000000 MB of memory in use.
PERFORMANCE: 615000  averaging 28.6183 ns/day, 0.00603809 sec/step with standard deviation 4.73829e-05
ENERGY:  615000       338.2056       955.2113      1435.7216        21.8100        -590460.2072     41946.2151        58.9350         0.0000     48456.0106        -497248.0979       292.6534   -545704.1085   -497149.9222       292.2162           -188.6161      -157.7269    833604.7277        -2.3307        -2.2618

WRITING COORDINATES TO DCD FILE eq1.dcd AT STEP 615000
TIMING: 616000  CPU: 3713.2, 0.00603762/step  Wall: 3719.55, 0.00605067/step, 0.645405 hours remaining, 0.000000 MB of memory in use.
PERFORMANCE: 616000  averaging 28.6182 ns/day, 0.00603811 sec/step with standard deviation 4.73471e-05
ENERGY:  616000       333.5697       942.0566      1450.1155        24.2370        -590816.5409     42330.8275        62.4372         0.0000     48507.0344        -497166.2630       292.9616   -545673.2974   -497061.8081       292.0453             48.7444        81.9168    831152.9010         5.0428         5.0588

LDB: ============= START OF LOAD BALANCING ============== 3722.2
LDB: ============== END OF LOAD BALANCING =============== 3722.2
Info: useSync: 0 useProxySync: 0
LDB: =============== DONE WITH MIGRATION ================ 3722.2
LDB: ============= START OF LOAD BALANCING ============== 3722.81
LDB: TIME 3722.81 LOAD: AVG 0.469616 MAX 0.508461  PROXIES: TOTAL 348 MAXPE 45 MAXPATCH 5 None MEM: 0 MB
LDB: TIME 3722.81 LOAD: AVG 0.469616 MAX 0.508461  PROXIES: TOTAL 348 MAXPE 45 MAXPATCH 5 RefineTorusLB MEM: 0 MB
LDB: TIME 3722.81 LOAD: AVG 0.469616 MAX 0.508461  PROXIES: TOTAL 348 MAXPE 45 MAXPATCH 5 RefineTorusLB MEM: 0 MB
LDB: Reverting to original mapping
LDB: ============== END OF LOAD BALANCING =============== 3722.81
Info: useSync: 0 useProxySync: 0
LDB: =============== DONE WITH MIGRATION ================ 3722.81
TIMING: 617000  CPU: 3719.23, 0.00603349/step  Wall: 3725.59, 0.00604122/step, 0.642719 hours remaining, 0.000000 MB of memory in use.
PERFORMANCE: 617000  averaging 28.6182 ns/day, 0.00603811 sec/step with standard deviation 4.73088e-05
ENERGY:  617000       327.2707       966.3289      1438.9684        22.3695        -591177.4826     42481.5647        53.6960         0.0000     48451.4644        -497435.8201       292.6259   -545887.2845   -497330.0506       291.8523             55.4277        92.9768    832113.8865         1.9686         1.9456

TIMING: 618000  CPU: 3725.28, 0.00604245/step  Wall: 3731.64, 0.00605296/step, 0.642286 hours remaining, 0.000000 MB of memory in use.
PERFORMANCE: 618000  averaging 28.6181 ns/day, 0.00603814 sec/step with standard deviation 4.72742e-05
ENERGY:  618000       350.1215       990.7308      1434.3260        29.2625        -590678.0987     42410.3389        64.3293         0.0000     48100.6343        -497298.3555       290.5071   -545398.9898   -497195.2785       292.0328            129.4319       164.1220    831562.0240         3.5103         3.5206

TIMING: 619000  CPU: 3731.3, 0.00602702/step  Wall: 3737.68, 0.00603512/step, 0.638717 hours remaining, 0.000000 MB of memory in use.
PERFORMANCE: 619000  averaging 28.6181 ns/day, 0.00603813 sec/step with standard deviation 4.72361e-05
ENERGY:  619000       330.5560       980.6716      1430.8432        31.6467        -590769.4953     42148.1344        48.2399         0.0000     48463.4690        -497335.9345       292.6984   -545799.4035   -497229.6571       292.5451            -32.2369        -0.3013    831945.2889         1.6538         1.6405

TIMING: 620000  CPU: 3737.34, 0.00603192/step  Wall: 3743.72, 0.00604064/step, 0.637623 hours remaining, 0.000000 MB of memory in use.
PERFORMANCE: 620000  averaging 28.6181 ns/day, 0.00603814 sec/step with standard deviation 4.71981e-05
ETITLE:      TS           BOND          ANGLE          DIHED          IMPRP               ELECT            VDW       BOUNDARY           MISC        KINETIC               TOTAL           TEMP      POTENTIAL         TOTAL3        TEMPAVG            PRESSURE      GPRESSURE         VOLUME       PRESSAVG      GPRESSAVG

ENERGY:  620000       339.3807       948.0515      1425.7120        25.6092        -591407.0298     42517.3511        52.6414         0.0000     48081.8422        -498016.4417       290.3936   -546098.2839   -497913.8050       291.5965             18.5609        51.4838    832208.4481         3.6355         3.5942

WRITING EXTENDED SYSTEM TO RESTART FILE AT STEP 620000
WRITING COORDINATES TO DCD FILE eq1.dcd AT STEP 620000
WRITING COORDINATES TO RESTART FILE AT STEP 620000
FINISHED WRITING RESTART COORDINATES
WRITING VELOCITIES TO RESTART FILE AT STEP 620000
FINISHED WRITING RESTART VELOCITIES
LDB: ============= START OF LOAD BALANCING ============== 3746.41
LDB: ============== END OF LOAD BALANCING =============== 3746.41
Info: useSync: 0 useProxySync: 0
LDB: =============== DONE WITH MIGRATION ================ 3746.41
LDB: ============= START OF LOAD BALANCING ============== 3747.01
LDB: TIME 3747.01 LOAD: AVG 0.467714 MAX 0.507926  PROXIES: TOTAL 348 MAXPE 45 MAXPATCH 5 None MEM: 0 MB
LDB: TIME 3747.01 LOAD: AVG 0.467714 MAX 0.507926  PROXIES: TOTAL 348 MAXPE 45 MAXPATCH 5 RefineTorusLB MEM: 0 MB
LDB: TIME 3747.01 LOAD: AVG 0.467714 MAX 0.507926  PROXIES: TOTAL 348 MAXPE 45 MAXPATCH 5 RefineTorusLB MEM: 0 MB
LDB: ============== END OF LOAD BALANCING =============== 3747.01
Info: useSync: 0 useProxySync: 0
LDB: =============== DONE WITH MIGRATION ================ 3747.01
TIMING: 621000  CPU: 3743.39, 0.00605769/step  Wall: 3749.8, 0.00608649/step, 0.640772 hours remaining, 0.000000 MB of memory in use.
PERFORMANCE: 621000  averaging 28.6177 ns/day, 0.00603821 sec/step with standard deviation 4.71999e-05
ENERGY:  621000       325.0967       939.8381      1436.2087        24.2033        -591233.0945     42449.5098        53.3164         0.0000     48565.2614        -497439.6600       293.3132   -546004.9214   -497336.8820       291.4941             59.9219        94.4750    830422.2301        -0.4176        -0.4537

TIMING: 622000  CPU: 3749.45, 0.00605467/step  Wall: 3755.87, 0.00606297/step, 0.636612 hours remaining, 0.000000 MB of memory in use.
PERFORMANCE: 622000  averaging 28.6175 ns/day, 0.00603825 sec/step with standard deviation 4.71723e-05
ENERGY:  622000       357.3542       995.8862      1438.3279        22.3198        -590499.1628     41871.7963        69.5085         0.0000     48035.6414        -497708.3285       290.1145   -545743.9700   -497600.2518       292.0199            -80.1401       -48.5720    832137.9479        -1.1773        -1.1799

TIMING: 623000  CPU: 3755.49, 0.00603867/step  Wall: 3761.92, 0.00604916/step, 0.633481 hours remaining, 0.000000 MB of memory in use.
PERFORMANCE: 623000  averaging 28.6175 ns/day, 0.00603827 sec/step with standard deviation 4.71364e-05
ENERGY:  623000       309.8677       979.3254      1418.4506        20.0430        -590507.6443     42018.7633        54.0404         0.0000     48390.0129        -497317.1411       292.2548   -545707.1540   -497214.6686       291.9986            -82.2608       -46.4109    832797.5256        -2.9227        -2.9006

TIMING: 624000  CPU: 3761.54, 0.0060545/step  Wall: 3767.98, 0.00606114/step, 0.633053 hours remaining, 0.000000 MB of memory in use.
PERFORMANCE: 624000  averaging 28.6173 ns/day, 0.00603831 sec/step with standard deviation 4.71074e-05
ENERGY:  624000       323.1351       964.7220      1437.1604        20.1630        -591096.3534     42730.9891        46.0560         0.0000     48188.1001        -497386.0279       291.0353   -545574.1280   -497282.2469       292.2972            158.2584       186.4663    832077.8375        -0.1554        -0.1425

LDB: ============= START OF LOAD BALANCING ============== 3770.64
LDB: ============== END OF LOAD BALANCING =============== 3770.64
Info: useSync: 0 useProxySync: 0
LDB: =============== DONE WITH MIGRATION ================ 3770.64
LDB: ============= START OF LOAD BALANCING ============== 3771.25
LDB: TIME 3771.25 LOAD: AVG 0.47265 MAX 0.514773  PROXIES: TOTAL 348 MAXPE 45 MAXPATCH 5 None MEM: 0 MB
LDB: TIME 3771.25 LOAD: AVG 0.47265 MAX 0.514773  PROXIES: TOTAL 348 MAXPE 45 MAXPATCH 5 RefineTorusLB MEM: 0 MB
LDB: TIME 3771.25 LOAD: AVG 0.47265 MAX 0.514773  PROXIES: TOTAL 348 MAXPE 45 MAXPATCH 5 RefineTorusLB MEM: 0 MB
LDB: Reverting to original mapping
LDB: ============== END OF LOAD BALANCING =============== 3771.25
Info: useSync: 0 useProxySync: 0
LDB: =============== DONE WITH MIGRATION ================ 3771.26
TIMING: 625000  CPU: 3767.61, 0.00606692/step  Wall: 3774.05, 0.00607657/step, 0.632976 hours remaining, 0.000000 MB of memory in use.
PERFORMANCE: 625000  averaging 28.617 ns/day, 0.00603837 sec/step with standard deviation 4.70945e-05
ENERGY:  625000       328.9473       946.7117      1425.8685        24.1499        -591094.1681     42290.3044        50.7871         0.0000     48772.0906        -497255.3086       294.5624   -546027.3992   -497146.7215       292.4791             37.3392        71.4148    830745.6834         0.8923         0.8586

WRITING COORDINATES TO DCD FILE eq1.dcd AT STEP 625000
TIMING: 626000  CPU: 3773.65, 0.00604286/step  Wall: 3780.11, 0.006052/step, 0.628736 hours remaining, 0.000000 MB of memory in use.
PERFORMANCE: 626000  averaging 28.6169 ns/day, 0.00603839 sec/step with standard deviation 4.706e-05
ENERGY:  626000       327.5550       974.0005      1441.3845        25.9232        -590225.6432     41773.8145        53.4299         0.0000     48352.4719        -497277.0637       292.0281   -545629.5356   -497167.2573       292.5179           -169.9346      -140.4558    832448.0717        -3.0596        -3.0502

TIMING: 627000  CPU: 3779.69, 0.00603899/step  Wall: 3786.15, 0.00604687/step, 0.626522 hours remaining, 0.000000 MB of memory in use.
PERFORMANCE: 627000  averaging 28.6168 ns/day, 0.00603841 sec/step with standard deviation 4.70236e-05
ENERGY:  627000       326.9497       976.6027      1429.8770        26.6883        -590587.2655     42159.2370        52.3345         0.0000     48503.6680        -497111.9083       292.9412   -545615.5763   -497010.6162       292.2979            -35.2667        -1.0890    833378.7497         1.6625         1.6501

TIMING: 628000  CPU: 3785.74, 0.00605446/step  Wall: 3792.22, 0.00606418/step, 0.626632 hours remaining, 0.000000 MB of memory in use.
PERFORMANCE: 628000  averaging 28.6166 ns/day, 0.00603845 sec/step with standard deviation 4.69974e-05
ENERGY:  628000       314.2986       986.5735      1441.7351        26.1533        -590518.0135     42390.8338        66.2372         0.0000     48435.9901        -496856.1918       292.5325   -545292.1820   -496762.0984       292.8362            -16.6374        13.7582    833498.5843        -1.2357        -1.1853

LDB: ============= START OF LOAD BALANCING ============== 3794.88
LDB: ============== END OF LOAD BALANCING =============== 3794.88
Info: useSync: 0 useProxySync: 0
LDB: =============== DONE WITH MIGRATION ================ 3794.88
LDB: ============= START OF LOAD BALANCING ============== 3795.5
LDB: TIME 3795.5 LOAD: AVG 0.469419 MAX 0.5107  PROXIES: TOTAL 348 MAXPE 45 MAXPATCH 5 None MEM: 0 MB
LDB: TIME 3795.5 LOAD: AVG 0.469419 MAX 0.5107  PROXIES: TOTAL 348 MAXPE 45 MAXPATCH 5 RefineTorusLB MEM: 0 MB
LDB: TIME 3795.5 LOAD: AVG 0.469419 MAX 0.5107  PROXIES: TOTAL 348 MAXPE 45 MAXPATCH 5 RefineTorusLB MEM: 0 MB
LDB: ============== END OF LOAD BALANCING =============== 3795.5
Info: useSync: 0 useProxySync: 0
LDB: =============== DONE WITH MIGRATION ================ 3795.5
TIMING: 629000  CPU: 3791.79, 0.00604698/step  Wall: 3798.27, 0.00605593/step, 0.624097 hours remaining, 0.000000 MB of memory in use.
PERFORMANCE: 629000  averaging 28.6165 ns/day, 0.00603847 sec/step with standard deviation 4.69651e-05
ENERGY:  629000       348.1176       985.5111      1430.0182        22.9706        -590855.1128     42278.7823        57.7589         0.0000     48440.7051        -497291.2491       292.5610   -545731.9542   -497179.7092       292.6736             -0.9247        33.0811    831390.7495         0.2612         0.2904

TIMING: 630000  CPU: 3797.84, 0.00604704/step  Wall: 3804.33, 0.00605828/step, 0.622657 hours remaining, 0.000000 MB of memory in use.
PERFORMANCE: 630000  averaging 28.6164 ns/day, 0.00603851 sec/step with standard deviation 4.69344e-05
ETITLE:      TS           BOND          ANGLE          DIHED          IMPRP               ELECT            VDW       BOUNDARY           MISC        KINETIC               TOTAL           TEMP      POTENTIAL         TOTAL3        TEMPAVG            PRESSURE      GPRESSURE         VOLUME       PRESSAVG      GPRESSAVG

ENERGY:  630000       327.9192       942.8947      1444.5255        22.7290        -589872.9363     41748.1435        54.4731         0.0000     48297.8757        -497034.3756       291.6983   -545332.2513   -496923.6843       292.4191           -199.2861      -164.3826    833640.0736         0.6954         0.7324

WRITING EXTENDED SYSTEM TO RESTART FILE AT STEP 630000
WRITING COORDINATES TO DCD FILE eq1.dcd AT STEP 630000
WRITING COORDINATES TO RESTART FILE AT STEP 630000
FINISHED WRITING RESTART COORDINATES
WRITING VELOCITIES TO RESTART FILE AT STEP 630000
FINISHED WRITING RESTART VELOCITIES
TIMING: 631000  CPU: 3803.91, 0.00606712/step  Wall: 3810.42, 0.00609035/step, 0.624261 hours remaining, 0.000000 MB of memory in use.
PERFORMANCE: 631000  averaging 28.616 ns/day, 0.00603859 sec/step with standard deviation 4.69425e-05
ENERGY:  631000       352.5633       935.3743      1446.9831        23.6736        -591726.9508     42748.8495        55.6777         0.0000     48598.3657        -497565.4635       293.5132   -546163.8292   -497466.5254       292.2830            134.8779       164.9880    831702.9812         3.7123         3.7197

TIMING: 632000  CPU: 3809.95, 0.0060423/step  Wall: 3816.47, 0.00605151/step, 0.618599 hours remaining, 0.000000 MB of memory in use.
PERFORMANCE: 632000  averaging 28.6159 ns/day, 0.00603861 sec/step with standard deviation 4.69081e-05
ENERGY:  632000       335.1283       924.3974      1433.4072        20.5089        -591045.7512     42048.8521        55.1949         0.0000     48505.3887        -497722.8738       292.9516   -546228.2625   -497615.9124       291.7297           -111.8053       -79.1760    831888.2936         5.0782         5.1229

LDB: ============= START OF LOAD BALANCING ============== 3819.14
LDB: ============== END OF LOAD BALANCING =============== 3819.14
Info: useSync: 0 useProxySync: 0
LDB: =============== DONE WITH MIGRATION ================ 3819.14
LDB: ============= START OF LOAD BALANCING ============== 3819.75
LDB: TIME 3819.75 LOAD: AVG 0.468752 MAX 0.510245  PROXIES: TOTAL 348 MAXPE 45 MAXPATCH 5 None MEM: 0 MB
LDB: TIME 3819.75 LOAD: AVG 0.468752 MAX 0.510245  PROXIES: TOTAL 348 MAXPE 45 MAXPATCH 5 RefineTorusLB MEM: 0 MB
LDB: TIME 3819.75 LOAD: AVG 0.468752 MAX 0.510245  PROXIES: TOTAL 348 MAXPE 45 MAXPATCH 5 RefineTorusLB MEM: 0 MB
LDB: Reverting to original mapping
LDB: ============== END OF LOAD BALANCING =============== 3819.75
Info: useSync: 0 useProxySync: 0
LDB: =============== DONE WITH MIGRATION ================ 3819.75
TIMING: 633000  CPU: 3816, 0.00605053/step  Wall: 3822.53, 0.00606074/step, 0.617858 hours remaining, 0.000000 MB of memory in use.
PERFORMANCE: 633000  averaging 28.6157 ns/day, 0.00603864 sec/step with standard deviation 4.68792e-05
ENERGY:  633000       335.9503       942.0230      1431.8176        25.4369        -590069.8963     41627.3385        58.0453         0.0000     48214.3465        -497434.9383       291.1939   -545649.2848   -497322.5686       291.5933           -250.1693      -220.1412    833695.3554         4.4096         4.4461

TIMING: 634000  CPU: 3822.05, 0.00604665/step  Wall: 3828.59, 0.00605545/step, 0.615637 hours remaining, 0.000000 MB of memory in use.
PERFORMANCE: 634000  averaging 28.6156 ns/day, 0.00603867 sec/step with standard deviation 4.6847e-05
ENERGY:  634000       335.3914       915.6422      1436.9332        21.9341        -591024.2346     42696.3611        55.8936         0.0000     48469.3895        -497092.6895       292.7342   -545562.0790   -496987.3886       292.5359            116.9052       145.7622    832466.0906        -2.1823        -2.1883

TIMING: 635000  CPU: 3828.1, 0.00605803/step  Wall: 3834.66, 0.0060709/step, 0.615521 hours remaining, 0.000000 MB of memory in use.
PERFORMANCE: 635000  averaging 28.6153 ns/day, 0.00603872 sec/step with standard deviation 4.68275e-05
ENERGY:  635000       346.7046       935.1545      1441.3570        20.1557        -590370.0526     42159.7184        53.1124         0.0000     48445.7214        -496968.1284       292.5913   -545413.8498   -496862.3258       292.5898            -18.5414        10.5012    833860.7384        -3.3183        -3.4106

WRITING COORDINATES TO DCD FILE eq1.dcd AT STEP 635000
TIMING: 636000  CPU: 3834.17, 0.00606689/step  Wall: 3840.73, 0.0060754/step, 0.614291 hours remaining, 0.000000 MB of memory in use.
PERFORMANCE: 636000  averaging 28.6151 ns/day, 0.00603878 sec/step with standard deviation 4.68132e-05
ENERGY:  636000       321.1420       929.9043      1431.7333        23.1190        -591156.7189     42605.7567        50.1094         0.0000     48122.0133        -497672.9410       290.6362   -545794.9543   -497571.2935       292.3055             -0.4579        31.6142    833767.6233         7.1231         7.1418

LDB: ============= START OF LOAD BALANCING ============== 3843.41
LDB: ============== END OF LOAD BALANCING =============== 3843.41
Info: useSync: 0 useProxySync: 0
LDB: =============== DONE WITH MIGRATION ================ 3843.41
LDB: ============= START OF LOAD BALANCING ============== 3844.02
LDB: TIME 3844.02 LOAD: AVG 0.469418 MAX 0.510189  PROXIES: TOTAL 348 MAXPE 45 MAXPATCH 5 None MEM: 0 MB
LDB: TIME 3844.02 LOAD: AVG 0.469418 MAX 0.510189  PROXIES: TOTAL 348 MAXPE 45 MAXPATCH 5 RefineTorusLB MEM: 0 MB
LDB: TIME 3844.02 LOAD: AVG 0.469418 MAX 0.510189  PROXIES: TOTAL 348 MAXPE 45 MAXPATCH 5 RefineTorusLB MEM: 0 MB
LDB: ============== END OF LOAD BALANCING =============== 3844.02
Info: useSync: 0 useProxySync: 0
LDB: =============== DONE WITH MIGRATION ================ 3844.02
TIMING: 637000  CPU: 3840.23, 0.00606272/step  Wall: 3846.81, 0.00607296/step, 0.612357 hours remaining, 0.000000 MB of memory in use.
PERFORMANCE: 637000  averaging 28.6148 ns/day, 0.00603883 sec/step with standard deviation 4.6796e-05
ENERGY:  637000       302.2324       967.3220      1422.4121        20.3359        -590516.1973     41878.2521        48.6606         0.0000     48644.4924        -497232.4899       293.7917   -545876.9822   -497116.7314       291.7838            -72.4491       -39.3717    830572.5872         3.7866         3.7936

TIMING: 638000  CPU: 3846.29, 0.00605513/step  Wall: 3852.87, 0.00606338/step, 0.609707 hours remaining, 0.000000 MB of memory in use.
PERFORMANCE: 638000  averaging 28.6146 ns/day, 0.00603887 sec/step with standard deviation 4.67693e-05
ENERGY:  638000       340.1116       961.5930      1424.8017        23.4430        -589915.7028     41550.3598        48.8187         0.0000     48451.2823        -497115.2925       292.6248   -545566.5748   -497004.1246       292.3465           -206.6077      -179.3147    832613.1196        -0.5929        -0.6561

TIMING: 639000  CPU: 3852.34, 0.00605033/step  Wall: 3858.93, 0.00605843/step, 0.607526 hours remaining, 0.000000 MB of memory in use.
PERFORMANCE: 639000  averaging 28.6145 ns/day, 0.0060389 sec/step with standard deviation 4.67391e-05
ENERGY:  639000       329.8556       959.6296      1445.3358        22.0068        -590401.8710     41964.7231        54.2078         0.0000     48435.1418        -497190.9704       292.5274   -545626.1122   -497082.1729       292.8173            -81.7749       -48.3798    831560.9775         5.7972         5.8117

TIMING: 640000  CPU: 3858.41, 0.00607515/step  Wall: 3865.02, 0.00608551/step, 0.608551 hours remaining, 0.000000 MB of memory in use.
PERFORMANCE: 640000  averaging 28.6141 ns/day, 0.00603897 sec/step with standard deviation 4.67388e-05
ETITLE:      TS           BOND          ANGLE          DIHED          IMPRP               ELECT            VDW       BOUNDARY           MISC        KINETIC               TOTAL           TEMP      POTENTIAL         TOTAL3        TEMPAVG            PRESSURE      GPRESSURE         VOLUME       PRESSAVG      GPRESSAVG

ENERGY:  640000       317.8415       974.4219      1434.4201        25.4324        -590591.7244     41996.5221        57.9087         0.0000     48444.8078        -497340.3700       292.5857   -545785.1778   -497242.2388       292.0004           -150.0497      -116.4475    832502.2536         1.1407         1.1439

WRITING EXTENDED SYSTEM TO RESTART FILE AT STEP 640000
WRITING COORDINATES TO DCD FILE eq1.dcd AT STEP 640000
WRITING COORDINATES TO RESTART FILE AT STEP 640000
FINISHED WRITING RESTART COORDINATES
WRITING VELOCITIES TO RESTART FILE AT STEP 640000
FINISHED WRITING RESTART VELOCITIES
LDB: ============= START OF LOAD BALANCING ============== 3867.72
LDB: ============== END OF LOAD BALANCING =============== 3867.72
Info: useSync: 0 useProxySync: 0
LDB: =============== DONE WITH MIGRATION ================ 3867.72
LDB: ============= START OF LOAD BALANCING ============== 3868.32
LDB: TIME 3868.32 LOAD: AVG 0.466105 MAX 0.510787  PROXIES: TOTAL 348 MAXPE 45 MAXPATCH 5 None MEM: 0 MB
LDB: TIME 3868.32 LOAD: AVG 0.466105 MAX 0.510787  PROXIES: TOTAL 348 MAXPE 45 MAXPATCH 5 RefineTorusLB MEM: 0 MB
LDB: TIME 3868.32 LOAD: AVG 0.466105 MAX 0.510787  PROXIES: TOTAL 348 MAXPE 45 MAXPATCH 5 RefineTorusLB MEM: 0 MB
LDB: ============== END OF LOAD BALANCING =============== 3868.32
Info: useSync: 0 useProxySync: 0
LDB: =============== DONE WITH MIGRATION ================ 3868.32
TIMING: 641000  CPU: 3864.49, 0.00607205/step  Wall: 3871.11, 0.00609666/step, 0.607973 hours remaining, 0.000000 MB of memory in use.
PERFORMANCE: 641000  averaging 28.6137 ns/day, 0.00603906 sec/step with standard deviation 4.67578e-05
ENERGY:  641000       342.5604       937.3036      1443.7274        24.2639        -590730.4724     42209.7653        55.1979         0.0000     48116.4108        -497601.2430       290.6024   -545717.6538   -497496.4655       292.5011            -72.7310       -43.0721    832676.5920        -0.0568         0.0279

TIMING: 642000  CPU: 3870.55, 0.00606436/step  Wall: 3877.19, 0.00607411/step, 0.604036 hours remaining, 0.000000 MB of memory in use.
PERFORMANCE: 642000  averaging 28.6134 ns/day, 0.00603912 sec/step with standard deviation 4.67418e-05
ENERGY:  642000       344.3758       975.2047      1422.9530        18.7984        -590488.6908     42154.6535        58.0021         0.0000     47955.7851        -497558.9181       289.6323   -545514.7032   -497462.6066       291.7930             -7.3213        23.3069    832115.7289        -1.7130        -1.7464

TIMING: 643000  CPU: 3876.61, 0.00605579/step  Wall: 3883.25, 0.00606907/step, 0.601849 hours remaining, 0.000000 MB of memory in use.
PERFORMANCE: 643000  averaging 28.6132 ns/day, 0.00603916 sec/step with standard deviation 4.67203e-05
ENERGY:  643000       311.2073       969.9569      1433.2799        27.0930        -590859.5984     42204.1125        60.6458         0.0000     48610.1166        -497243.1864       293.5841   -545853.3030   -497131.0547       291.5491            -15.2075        20.2195    831787.8533        -4.2576        -4.2332

TIMING: 644000  CPU: 3882.67, 0.00605992/step  Wall: 3889.32, 0.00606944/step, 0.6002 hours remaining, 0.000000 MB of memory in use.
PERFORMANCE: 644000  averaging 28.613 ns/day, 0.00603921 sec/step with standard deviation 4.66992e-05
ENERGY:  644000       333.6479       942.8082      1447.5411        23.5427        -591179.5304     42351.9083        53.1530         0.0000     48350.7635        -497676.1657       292.0178   -546026.9292   -497577.1071       292.0331             -0.2167        36.1310    832698.1677        -1.4638        -1.3621

LDB: ============= START OF LOAD BALANCING ============== 3892
LDB: ============== END OF LOAD BALANCING =============== 3892
Info: useSync: 0 useProxySync: 0
LDB: =============== DONE WITH MIGRATION ================ 3892
LDB: ============= START OF LOAD BALANCING ============== 3892.6
LDB: TIME 3892.6 LOAD: AVG 0.467083 MAX 0.508227  PROXIES: TOTAL 348 MAXPE 45 MAXPATCH 5 None MEM: 0 MB
LDB: TIME 3892.6 LOAD: AVG 0.467083 MAX 0.508227  PROXIES: TOTAL 348 MAXPE 45 MAXPATCH 5 RefineTorusLB MEM: 0 MB
LDB: TIME 3892.6 LOAD: AVG 0.467083 MAX 0.508227  PROXIES: TOTAL 348 MAXPE 45 MAXPATCH 5 RefineTorusLB MEM: 0 MB
LDB: Reverting to original mapping
LDB: ============== END OF LOAD BALANCING =============== 3892.6
Info: useSync: 0 useProxySync: 0
LDB: =============== DONE WITH MIGRATION ================ 3892.61
TIMING: 645000  CPU: 3888.73, 0.00606232/step  Wall: 3895.4, 0.0060753/step, 0.599092 hours remaining, 0.000000 MB of memory in use.
PERFORMANCE: 645000  averaging 28.6127 ns/day, 0.00603927 sec/step with standard deviation 4.66846e-05
ENERGY:  645000       331.3288       945.9512      1430.9429        26.1847        -590984.3393     42358.5508        57.6749         0.0000     48457.1633        -497376.5428       292.6604   -545833.7061   -497272.5317       291.8688             44.8621        78.9670    832224.9313        -3.5663        -3.6053

WRITING COORDINATES TO DCD FILE eq1.dcd AT STEP 645000
TIMING: 646000  CPU: 3894.79, 0.0060579/step  Wall: 3901.47, 0.00606873/step, 0.596759 hours remaining, 0.000000 MB of memory in use.
PERFORMANCE: 646000  averaging 28.6125 ns/day, 0.00603931 sec/step with standard deviation 4.66628e-05
ENERGY:  646000       337.3604       984.7425      1454.0796        27.8020        -591030.6331     42531.4099        62.2246         0.0000     48404.6288        -497228.3852       292.3431   -545633.0140   -497127.2108       292.7761             81.7209       117.7405    832120.3264        -1.7091        -1.6802

TIMING: 647000  CPU: 3900.85, 0.00606232/step  Wall: 3907.54, 0.00607165/step, 0.595359 hours remaining, 0.000000 MB of memory in use.
PERFORMANCE: 647000  averaging 28.6123 ns/day, 0.00603936 sec/step with standard deviation 4.6644e-05
ENERGY:  647000       328.1986       941.3420      1437.0878        19.5052        -590664.4043     42188.3452        51.3508         0.0000     48362.2290        -497336.3458       292.0870   -545698.5747   -497236.1697       292.4678            -17.9148        16.7984    833572.3263        -3.6063        -3.6442

TIMING: 648000  CPU: 3906.91, 0.00605861/step  Wall: 3913.61, 0.00607059/step, 0.593569 hours remaining, 0.000000 MB of memory in use.
PERFORMANCE: 648000  averaging 28.6121 ns/day, 0.00603941 sec/step with standard deviation 4.6624e-05
ENERGY:  648000       323.8418       922.7959      1445.7585        24.6241        -591137.6689     42348.3924        57.0930         0.0000     48422.3518        -497592.8113       292.4501   -546015.1631   -497492.8119       292.2802             -1.9830        31.1051    830627.6563         5.8812         5.8477

LDB: ============= START OF LOAD BALANCING ============== 3916.28
LDB: ============== END OF LOAD BALANCING =============== 3916.28
Info: useSync: 0 useProxySync: 0
LDB: =============== DONE WITH MIGRATION ================ 3916.28
LDB: ============= START OF LOAD BALANCING ============== 3916.89
LDB: TIME 3916.89 LOAD: AVG 0.467248 MAX 0.509491  PROXIES: TOTAL 348 MAXPE 45 MAXPATCH 5 None MEM: 0 MB
LDB: TIME 3916.89 LOAD: AVG 0.467248 MAX 0.509491  PROXIES: TOTAL 348 MAXPE 45 MAXPATCH 5 RefineTorusLB MEM: 0 MB
LDB: TIME 3916.89 LOAD: AVG 0.467248 MAX 0.509491  PROXIES: TOTAL 348 MAXPE 45 MAXPATCH 5 RefineTorusLB MEM: 0 MB
LDB: ============== END OF LOAD BALANCING =============== 3916.89
Info: useSync: 0 useProxySync: 0
LDB: =============== DONE WITH MIGRATION ================ 3916.89
TIMING: 649000  CPU: 3912.96, 0.00605803/step  Wall: 3919.68, 0.00606591/step, 0.591426 hours remaining, 0.000000 MB of memory in use.
PERFORMANCE: 649000  averaging 28.6119 ns/day, 0.00603945 sec/step with standard deviation 4.65997e-05
ENERGY:  649000       321.7660       962.5875      1438.6154        24.0619        -590723.0352     42233.1124        54.9681         0.0000     48198.2906        -497489.6331       291.0969   -545687.9238   -497392.9078       292.0162            -60.1035       -25.5121    831731.8151         5.8707         5.9075

WRITING COORDINATES TO DCD FILE eq1.dcd AT STEP 650000
WRITING COORDINATES TO RESTART FILE AT STEP 650000
FINISHED WRITING RESTART COORDINATES
TIMING: 650000  CPU: 3919.03, 0.00606615/step  Wall: 3925.76, 0.00608509/step, 0.591606 hours remaining, 0.000000 MB of memory in use.
PERFORMANCE: 650000  averaging 28.6115 ns/day, 0.00603952 sec/step with standard deviation 4.65982e-05
ETITLE:      TS           BOND          ANGLE          DIHED          IMPRP               ELECT            VDW       BOUNDARY           MISC        KINETIC               TOTAL           TEMP      POTENTIAL         TOTAL3        TEMPAVG            PRESSURE      GPRESSURE         VOLUME       PRESSAVG      GPRESSAVG

ENERGY:  650000       345.7988       959.7924      1439.0203        17.5047        -591459.9130     42649.2424        51.4476         0.0000     48351.9786        -497645.1283       292.0251   -545997.1069   -497543.6383       291.5846             60.2379        95.6589    831521.3645         1.1948         1.1895

WRITING EXTENDED SYSTEM TO RESTART FILE AT STEP 650000
WRITING VELOCITIES TO RESTART FILE AT STEP 650000
FINISHED WRITING RESTART VELOCITIES
TIMING: 651000  CPU: 3925.09, 0.0060568/step  Wall: 3931.84, 0.00607651/step, 0.589084 hours remaining, 0.000000 MB of memory in use.
PERFORMANCE: 651000  averaging 28.6113 ns/day, 0.00603958 sec/step with standard deviation 4.65849e-05
ENERGY:  651000       313.5977       980.2904      1439.5166        26.8029        -590981.1977     42127.0364        59.5565         0.0000     48363.0039        -497671.3934       292.0917   -546034.3973   -497568.1666       291.2650           -132.3648       -95.2736    833163.5667         0.5519         0.5589

TIMING: 652000  CPU: 3931.15, 0.00605785/step  Wall: 3937.91, 0.0060678/step, 0.586554 hours remaining, 0.000000 MB of memory in use.
PERFORMANCE: 652000  averaging 28.6111 ns/day, 0.00603962 sec/step with standard deviation 4.65622e-05
ENERGY:  652000       325.5315       941.2642      1436.3124        24.1242        -591107.6397     42450.6634        59.8467         0.0000     48624.1372        -497245.7601       293.6688   -545869.8973   -497133.9447       292.1689            -45.9140       -14.5949    833210.8121         1.2824         1.2918

LDB: ============= START OF LOAD BALANCING ============== 3940.58
LDB: ============== END OF LOAD BALANCING =============== 3940.58
Info: useSync: 0 useProxySync: 0
LDB: =============== DONE WITH MIGRATION ================ 3940.58
LDB: ============= START OF LOAD BALANCING ============== 3941.19
LDB: TIME 3941.19 LOAD: AVG 0.468122 MAX 0.509188  PROXIES: TOTAL 348 MAXPE 45 MAXPATCH 5 None MEM: 0 MB
LDB: TIME 3941.19 LOAD: AVG 0.468122 MAX 0.509188  PROXIES: TOTAL 348 MAXPE 45 MAXPATCH 5 RefineTorusLB MEM: 0 MB
LDB: TIME 3941.19 LOAD: AVG 0.468122 MAX 0.509188  PROXIES: TOTAL 348 MAXPE 45 MAXPATCH 5 RefineTorusLB MEM: 0 MB
LDB: Reverting to original mapping
LDB: ============== END OF LOAD BALANCING =============== 3941.19
Info: useSync: 0 useProxySync: 0
LDB: =============== DONE WITH MIGRATION ================ 3941.19
TIMING: 653000  CPU: 3937.21, 0.00606675/step  Wall: 3943.98, 0.00607763/step, 0.585816 hours remaining, 0.000000 MB of memory in use.
PERFORMANCE: 653000  averaging 28.6108 ns/day, 0.00603968 sec/step with standard deviation 4.65502e-05
ENERGY:  653000       332.7177       940.8301      1442.3205        24.8808        -590693.2311     41789.1615        59.2249         0.0000     48339.2626        -497764.8330       291.9483   -546104.0955   -497668.3416       292.4251           -256.7077      -221.8763    832708.2656        -0.3910        -0.3569

TIMING: 654000  CPU: 3943.26, 0.00605039/step  Wall: 3950.04, 0.00605839/step, 0.582278 hours remaining, 0.000000 MB of memory in use.
PERFORMANCE: 654000  averaging 28.6106 ns/day, 0.00603971 sec/step with standard deviation 4.65203e-05
ENERGY:  654000       350.7304       953.4471      1443.4042        31.3176        -590465.6289     41835.1934        52.4491         0.0000     48308.9860        -497490.1010       291.7654   -545799.0870   -497384.7161       291.5520           -104.2209       -70.8563    830567.1218         2.5577         2.5751

TIMING: 655000  CPU: 3949.33, 0.00606253/step  Wall: 3956.11, 0.00607084/step, 0.581789 hours remaining, 0.000000 MB of memory in use.
PERFORMANCE: 655000  averaging 28.6104 ns/day, 0.00603976 sec/step with standard deviation 4.65007e-05
ENERGY:  655000       343.4576       953.9518      1429.6633        19.3836        -591127.7572     42232.4821        51.7959         0.0000     48445.2070        -497651.8158       292.5881   -546097.0228   -497546.3085       291.9139            -22.7685        11.4677    831502.7771         3.0226         2.9494

WRITING COORDINATES TO DCD FILE eq1.dcd AT STEP 655000
TIMING: 656000  CPU: 3955.38, 0.00605027/step  Wall: 3962.17, 0.00605983/step, 0.579051 hours remaining, 0.000000 MB of memory in use.
PERFORMANCE: 656000  averaging 28.6103 ns/day, 0.00603979 sec/step with standard deviation 4.64718e-05
ENERGY:  656000       347.7825      1014.9406      1445.8339        29.1791        -591280.7928     42238.1875        53.8891         0.0000     48393.6268        -497757.3533       292.2766   -546150.9802   -497661.4566       291.5363            -74.8529       -38.5952    832579.2085         4.1039         4.0975

LDB: ============= START OF LOAD BALANCING ============== 3964.85
LDB: ============== END OF LOAD BALANCING =============== 3964.85
Info: useSync: 0 useProxySync: 0
LDB: =============== DONE WITH MIGRATION ================ 3964.85
LDB: ============= START OF LOAD BALANCING ============== 3965.46
LDB: TIME 3965.46 LOAD: AVG 0.469127 MAX 0.51206  PROXIES: TOTAL 348 MAXPE 45 MAXPATCH 5 None MEM: 0 MB
LDB: TIME 3965.46 LOAD: AVG 0.469127 MAX 0.51206  PROXIES: TOTAL 348 MAXPE 45 MAXPATCH 5 RefineTorusLB MEM: 0 MB
LDB: TIME 3965.46 LOAD: AVG 0.469127 MAX 0.51206  PROXIES: TOTAL 348 MAXPE 45 MAXPATCH 5 RefineTorusLB MEM: 0 MB
LDB: Reverting to original mapping
LDB: ============== END OF LOAD BALANCING =============== 3965.46
Info: useSync: 0 useProxySync: 0
LDB: =============== DONE WITH MIGRATION ================ 3965.46
TIMING: 657000  CPU: 3961.44, 0.00606659/step  Wall: 3968.25, 0.00607662/step, 0.578967 hours remaining, 0.000000 MB of memory in use.
PERFORMANCE: 657000  averaging 28.61 ns/day, 0.00603984 sec/step with standard deviation 4.64586e-05
ENERGY:  657000       355.6727       975.8707      1418.9335        19.8643        -590986.2558     42047.2247        59.3214         0.0000     48398.9580        -497710.4106       292.3088   -546109.3685   -497610.2498       291.4271           -134.6821      -102.8855    832206.8109         2.3394         2.3556

TIMING: 658000  CPU: 3967.5, 0.00605894/step  Wall: 3974.32, 0.00606801/step, 0.576461 hours remaining, 0.000000 MB of memory in use.
PERFORMANCE: 658000  averaging 28.6098 ns/day, 0.00603989 sec/step with standard deviation 4.64362e-05
ENERGY:  658000       316.7574      1012.2490      1425.4454        23.9884        -591590.1089     42639.3950        48.1210         0.0000     48052.1650        -498071.9876       290.2143   -546124.1526   -497972.3365       291.2521             82.4886       112.2739    830232.9171        -2.3584        -2.3405

TIMING: 659000  CPU: 3973.55, 0.0060465/step  Wall: 3980.37, 0.00605756/step, 0.573785 hours remaining, 0.000000 MB of memory in use.
PERFORMANCE: 659000  averaging 28.6097 ns/day, 0.00603991 sec/step with standard deviation 4.6406e-05
ENERGY:  659000       329.0273       929.0205      1438.5314        29.0882        -591324.8386     42294.3922        52.7702         0.0000     48297.0073        -497955.0014       291.6931   -546252.0087   -497848.2975       290.9493            -41.2843       -10.4012    833818.2364        -0.1530        -0.1083

TIMING: 660000  CPU: 3979.6, 0.00605134/step  Wall: 3986.43, 0.00605995/step, 0.572328 hours remaining, 0.000000 MB of memory in use.
PERFORMANCE: 660000  averaging 28.6095 ns/day, 0.00603994 sec/step with standard deviation 4.63773e-05
ETITLE:      TS           BOND          ANGLE          DIHED          IMPRP               ELECT            VDW       BOUNDARY           MISC        KINETIC               TOTAL           TEMP      POTENTIAL         TOTAL3        TEMPAVG            PRESSURE      GPRESSURE         VOLUME       PRESSAVG      GPRESSAVG

ENERGY:  660000       343.1457       947.5275      1436.0812        22.9385        -590404.0370     41774.7564        56.2303         0.0000     48236.4357        -497586.9217       291.3273   -545823.3574   -497478.3592       291.6187           -159.3202      -127.4405    831081.0016        -0.1018        -0.1173

WRITING EXTENDED SYSTEM TO RESTART FILE AT STEP 660000
WRITING COORDINATES TO DCD FILE eq1.dcd AT STEP 660000
WRITING COORDINATES TO RESTART FILE AT STEP 660000
FINISHED WRITING RESTART COORDINATES
WRITING VELOCITIES TO RESTART FILE AT STEP 660000
FINISHED WRITING RESTART VELOCITIES
LDB: ============= START OF LOAD BALANCING ============== 3989.13
LDB: ============== END OF LOAD BALANCING =============== 3989.13
Info: useSync: 0 useProxySync: 0
LDB: =============== DONE WITH MIGRATION ================ 3989.13
LDB: ============= START OF LOAD BALANCING ============== 3989.74
LDB: TIME 3989.74 LOAD: AVG 0.467077 MAX 0.508634  PROXIES: TOTAL 348 MAXPE 45 MAXPATCH 5 None MEM: 0 MB
LDB: TIME 3989.74 LOAD: AVG 0.467077 MAX 0.508634  PROXIES: TOTAL 348 MAXPE 45 MAXPATCH 5 RefineTorusLB MEM: 0 MB
LDB: TIME 3989.74 LOAD: AVG 0.467077 MAX 0.508634  PROXIES: TOTAL 348 MAXPE 45 MAXPATCH 5 RefineTorusLB MEM: 0 MB
LDB: ============== END OF LOAD BALANCING =============== 3989.74
Info: useSync: 0 useProxySync: 0
LDB: =============== DONE WITH MIGRATION ================ 3989.74
TIMING: 661000  CPU: 3985.67, 0.00607246/step  Wall: 3992.53, 0.00609822/step, 0.574249 hours remaining, 0.000000 MB of memory in use.
PERFORMANCE: 661000  averaging 28.6091 ns/day, 0.00604003 sec/step with standard deviation 4.63976e-05
ENERGY:  661000       349.8507       956.6164      1427.8584        21.3642        -590602.3440     42091.8897        55.7940         0.0000     48249.3789        -497449.5918       291.4054   -545698.9707   -497350.3495       292.1933            -98.6716       -66.6979    831411.2338         2.4769         2.4613

TIMING: 662000  CPU: 3991.71, 0.00604032/step  Wall: 3998.59, 0.0060548/step, 0.568478 hours remaining, 0.000000 MB of memory in use.
PERFORMANCE: 662000  averaging 28.609 ns/day, 0.00604005 sec/step with standard deviation 4.6366e-05
ENERGY:  662000       323.7250       962.6729      1424.9534        21.1119        -590517.5602     41773.9368        53.4301         0.0000     48166.1299        -497791.6002       290.9026   -545957.7301   -497690.4681       292.1305           -151.5705      -119.1415    830386.1582         3.9668         3.9344

TIMING: 663000  CPU: 3997.77, 0.00605624/step  Wall: 4004.66, 0.00606719/step, 0.567956 hours remaining, 0.000000 MB of memory in use.
PERFORMANCE: 663000  averaging 28.6088 ns/day, 0.0060401 sec/step with standard deviation 4.63429e-05
ENERGY:  663000       320.9905       956.9769      1434.2593        25.4987        -590678.7275     42102.7182        49.7418         0.0000     48260.7788        -497527.7632       291.4743   -545788.5420   -497423.1239       291.8017            -49.5670       -18.1074    831607.1588        -2.0041        -1.9653

TIMING: 664000  CPU: 4003.82, 0.00605222/step  Wall: 4010.72, 0.0060635/step, 0.565927 hours remaining, 0.000000 MB of memory in use.
PERFORMANCE: 664000  averaging 28.6087 ns/day, 0.00604013 sec/step with standard deviation 4.63169e-05
ENERGY:  664000       318.5774       999.6077      1440.8830        25.8099        -590700.5165     42013.1124        55.6294         0.0000     48209.3396        -497637.5571       291.1636   -545846.8967   -497527.8789       291.9769           -125.8121       -99.1427    833157.3107        -0.8181        -0.8308

LDB: ============= START OF LOAD BALANCING ============== 4013.39
LDB: ============== END OF LOAD BALANCING =============== 4013.39
Info: useSync: 0 useProxySync: 0
LDB: =============== DONE WITH MIGRATION ================ 4013.39
LDB: ============= START OF LOAD BALANCING ============== 4014
LDB: TIME 4014 LOAD: AVG 0.468136 MAX 0.511631  PROXIES: TOTAL 348 MAXPE 45 MAXPATCH 5 None MEM: 0 MB
LDB: TIME 4014 LOAD: AVG 0.468136 MAX 0.511631  PROXIES: TOTAL 348 MAXPE 45 MAXPATCH 5 RefineTorusLB MEM: 0 MB
LDB: TIME 4014 LOAD: AVG 0.468136 MAX 0.511631  PROXIES: TOTAL 348 MAXPE 45 MAXPATCH 5 RefineTorusLB MEM: 0 MB
LDB: ============== END OF LOAD BALANCING =============== 4014
Info: useSync: 0 useProxySync: 0
LDB: =============== DONE WITH MIGRATION ================ 4014
TIMING: 665000  CPU: 4009.88, 0.00606224/step  Wall: 4016.79, 0.00607189/step, 0.565023 hours remaining, 0.000000 MB of memory in use.
PERFORMANCE: 665000  averaging 28.6084 ns/day, 0.00604018 sec/step with standard deviation 4.62984e-05
ENERGY:  665000       388.2172       961.8323      1432.4913        24.8009        -590685.8281     42219.5114        54.5087         0.0000     48458.9694        -497145.4970       292.6713   -545604.4664   -497043.5492       291.9475            -84.7874       -50.6057    833156.1006        -3.1930        -3.2828

WRITING COORDINATES TO DCD FILE eq1.dcd AT STEP 665000
TIMING: 666000  CPU: 4015.95, 0.00607061/step  Wall: 4022.87, 0.0060815/step, 0.564228 hours remaining, 0.000000 MB of memory in use.
PERFORMANCE: 666000  averaging 28.6081 ns/day, 0.00604024 sec/step with standard deviation 4.62913e-05
ENERGY:  666000       327.2056      1006.0207      1432.0335        20.7926        -590675.7731     42234.9812        58.0699         0.0000     48399.7766        -497196.8931       292.3138   -545596.6697   -497094.8484       292.5050            -17.2318        17.7978    831597.2275         0.7913         0.7753

TIMING: 667000  CPU: 4022, 0.00604691/step  Wall: 4028.93, 0.00605326/step, 0.559927 hours remaining, 0.000000 MB of memory in use.
PERFORMANCE: 667000  averaging 28.608 ns/day, 0.00604026 sec/step with standard deviation 4.62593e-05
ENERGY:  667000       296.4513       986.8540      1433.4200        21.1240        -590127.1556     41760.1851        57.0732         0.0000     48662.0762        -496909.9718       293.8979   -545572.0480   -496800.1983       292.7737           -187.2966      -155.7718    833098.1842         1.8939         1.8429

TIMING: 668000  CPU: 4028.06, 0.00606316/step  Wall: 4035, 0.0060745/step, 0.560204 hours remaining, 0.000000 MB of memory in use.
PERFORMANCE: 668000  averaging 28.6078 ns/day, 0.00604031 sec/step with standard deviation 4.62435e-05
ENERGY:  668000       355.4722       968.7927      1428.4281        23.0621        -590505.6032     42135.6155        60.1720         0.0000     48548.1719        -496985.8885       293.2100   -545534.0604   -496879.0080       292.6271            -53.4752       -18.0830    832713.7067         1.4365         1.3903

LDB: ============= START OF LOAD BALANCING ============== 4037.67
LDB: ============== END OF LOAD BALANCING =============== 4037.68
Info: useSync: 0 useProxySync: 0
LDB: =============== DONE WITH MIGRATION ================ 4037.68
LDB: ============= START OF LOAD BALANCING ============== 4038.28
LDB: TIME 4038.28 LOAD: AVG 0.468343 MAX 0.511694  PROXIES: TOTAL 348 MAXPE 45 MAXPATCH 5 None MEM: 0 MB
LDB: TIME 4038.28 LOAD: AVG 0.468343 MAX 0.511694  PROXIES: TOTAL 348 MAXPE 45 MAXPATCH 5 RefineTorusLB MEM: 0 MB
LDB: TIME 4038.28 LOAD: AVG 0.468343 MAX 0.511694  PROXIES: TOTAL 348 MAXPE 45 MAXPATCH 5 RefineTorusLB MEM: 0 MB
LDB: ============== END OF LOAD BALANCING =============== 4038.28
Info: useSync: 0 useProxySync: 0
LDB: =============== DONE WITH MIGRATION ================ 4038.28
TIMING: 669000  CPU: 4034.14, 0.00607871/step  Wall: 4041.09, 0.00608804/step, 0.559761 hours remaining, 0.000000 MB of memory in use.
PERFORMANCE: 669000  averaging 28.6075 ns/day, 0.00604038 sec/step with standard deviation 4.62457e-05
ENERGY:  669000       352.3353       981.3531      1438.8864        27.5622        -590267.1675     42037.7152        53.3258         0.0000     48184.1455        -497191.8439       291.0114   -545375.9895   -497087.6769       292.1977            -62.3991       -29.2566    831974.4282        -1.8518        -1.8921

TIMING: 670000  CPU: 4040.22, 0.00607519/step  Wall: 4047.17, 0.00608052/step, 0.557381 hours remaining, 0.000000 MB of memory in use.
PERFORMANCE: 670000  averaging 28.6072 ns/day, 0.00604044 sec/step with standard deviation 4.62372e-05
ETITLE:      TS           BOND          ANGLE          DIHED          IMPRP               ELECT            VDW       BOUNDARY           MISC        KINETIC               TOTAL           TEMP      POTENTIAL         TOTAL3        TEMPAVG            PRESSURE      GPRESSURE         VOLUME       PRESSAVG      GPRESSAVG

ENERGY:  670000       345.6072       972.6269      1421.0943        24.9736        -590829.2169     42156.7752        53.3608         0.0000     48392.3986        -497462.3803       292.2692   -545854.7789   -497361.7425       291.9095            -58.0241       -26.8247    831520.4055         3.3946         3.4045

WRITING EXTENDED SYSTEM TO RESTART FILE AT STEP 670000
WRITING COORDINATES TO DCD FILE eq1.dcd AT STEP 670000
WRITING COORDINATES TO RESTART FILE AT STEP 670000
FINISHED WRITING RESTART COORDINATES
WRITING VELOCITIES TO RESTART FILE AT STEP 670000
FINISHED WRITING RESTART VELOCITIES
TIMING: 671000  CPU: 4046.3, 0.0060879/step  Wall: 4053.28, 0.00611181/step, 0.558551 hours remaining, 0.000000 MB of memory in use.
PERFORMANCE: 671000  averaging 28.6067 ns/day, 0.00604055 sec/step with standard deviation 4.62847e-05
ENERGY:  671000       339.1796       974.4229      1449.2903        23.7613        -591138.3592     42215.1929        50.3120         0.0000     48298.5283        -497787.6719       291.7023   -546086.2002   -497682.9989       291.8316            -33.7594        -0.4298    831078.0703         1.0376         1.0483

TIMING: 672000  CPU: 4052.37, 0.00606307/step  Wall: 4059.35, 0.00607413/step, 0.553421 hours remaining, 0.000000 MB of memory in use.
PERFORMANCE: 672000  averaging 28.6064 ns/day, 0.0060406 sec/step with standard deviation 4.62684e-05
ENERGY:  672000       331.1356       944.6976      1446.2190        28.3851        -591223.6110     42388.2644        55.0557         0.0000     48541.3072        -497488.5464       293.1686   -546029.8536   -497381.8064       291.7755            -25.4592         5.2288    830478.9988         0.4547         0.4383

LDB: ============= START OF LOAD BALANCING ============== 4062.02
LDB: ============== END OF LOAD BALANCING =============== 4062.02
Info: useSync: 0 useProxySync: 0
LDB: =============== DONE WITH MIGRATION ================ 4062.02
LDB: ============= START OF LOAD BALANCING ============== 4062.63
LDB: TIME 4062.63 LOAD: AVG 0.467044 MAX 0.511966  PROXIES: TOTAL 348 MAXPE 45 MAXPATCH 5 None MEM: 0 MB
LDB: TIME 4062.63 LOAD: AVG 0.467044 MAX 0.511966  PROXIES: TOTAL 348 MAXPE 45 MAXPATCH 5 RefineTorusLB MEM: 0 MB
LDB: TIME 4062.63 LOAD: AVG 0.467044 MAX 0.511966  PROXIES: TOTAL 348 MAXPE 45 MAXPATCH 5 RefineTorusLB MEM: 0 MB
LDB: ============== END OF LOAD BALANCING =============== 4062.63
Info: useSync: 0 useProxySync: 0
LDB: =============== DONE WITH MIGRATION ================ 4062.63
TIMING: 673000  CPU: 4058.44, 0.00607076/step  Wall: 4065.43, 0.00607789/step, 0.552075 hours remaining, 0.000000 MB of memory in use.
PERFORMANCE: 673000  averaging 28.6062 ns/day, 0.00604065 sec/step with standard deviation 4.62563e-05
ENERGY:  673000       326.6236       956.5181      1442.6804        22.7314        -590977.9227     42308.8334        53.3122         0.0000     48332.0434        -497535.1801       291.9047   -545867.2235   -497436.2804       291.6269            -50.6478       -20.9145    833238.1635         2.4775         2.4359

TIMING: 674000  CPU: 4064.49, 0.00605539/step  Wall: 4071.5, 0.0060654/step, 0.549256 hours remaining, 0.000000 MB of memory in use.
PERFORMANCE: 674000  averaging 28.606 ns/day, 0.00604069 sec/step with standard deviation 4.62317e-05
ENERGY:  674000       335.4851       978.6706      1433.3529        22.4701        -591086.1460     42593.7352        64.6908         0.0000     48330.0715        -497327.6698       291.8928   -545657.7412   -497230.1688       292.0544             39.1387        70.9699    832797.2555         3.3795         3.4115

TIMING: 675000  CPU: 4070.55, 0.00605878/step  Wall: 4077.57, 0.00607014/step, 0.547999 hours remaining, 0.000000 MB of memory in use.
PERFORMANCE: 675000  averaging 28.6058 ns/day, 0.00604073 sec/step with standard deviation 4.62113e-05
ENERGY:  675000       341.2461       977.7230      1418.8504        22.9923        -590972.3139     42373.2865        60.7552         0.0000     48374.2746        -497403.1859       292.1597   -545777.4604   -497302.7577       291.8359            -24.8753         7.8890    832970.9133         8.2420         8.1480

WRITING COORDINATES TO DCD FILE eq1.dcd AT STEP 675000
TIMING: 676000  CPU: 4076.61, 0.0060546/step  Wall: 4083.63, 0.00606284/step, 0.545655 hours remaining, 0.000000 MB of memory in use.
PERFORMANCE: 676000  averaging 28.6056 ns/day, 0.00604077 sec/step with standard deviation 4.61849e-05
ENERGY:  676000       332.1196       975.7994      1434.5771        27.0678        -590554.1436     42196.2053        54.6667         0.0000     48378.6060        -497155.1017       292.1859   -545533.7077   -497051.8092       292.0791            -39.9216        -9.1485    833418.3716        -0.9897        -1.0044

LDB: ============= START OF LOAD BALANCING ============== 4086.3
LDB: ============== END OF LOAD BALANCING =============== 4086.3
Info: useSync: 0 useProxySync: 0
LDB: =============== DONE WITH MIGRATION ================ 4086.3
LDB: ============= START OF LOAD BALANCING ============== 4086.9
LDB: TIME 4086.9 LOAD: AVG 0.468584 MAX 0.506313  PROXIES: TOTAL 348 MAXPE 45 MAXPATCH 5 None MEM: 0 MB
LDB: TIME 4086.9 LOAD: AVG 0.468584 MAX 0.506313  PROXIES: TOTAL 348 MAXPE 45 MAXPATCH 5 RefineTorusLB MEM: 0 MB
LDB: TIME 4086.9 LOAD: AVG 0.468584 MAX 0.506313  PROXIES: TOTAL 348 MAXPE 45 MAXPATCH 5 RefineTorusLB MEM: 0 MB
LDB: Reverting to original mapping
LDB: ============== END OF LOAD BALANCING =============== 4086.9
Info: useSync: 0 useProxySync: 0
LDB: =============== DONE WITH MIGRATION ================ 4086.9
TIMING: 677000  CPU: 4082.66, 0.00605088/step  Wall: 4089.69, 0.00606138/step, 0.54384 hours remaining, 0.000000 MB of memory in use.
PERFORMANCE: 677000  averaging 28.6055 ns/day, 0.0060408 sec/step with standard deviation 4.61575e-05
ENERGY:  677000       311.7189       965.3219      1435.3605        21.5598        -590166.3752     42023.5918        54.1485         0.0000     48305.1923        -497049.4817       291.7425   -545354.6740   -496949.6862       292.5077            -91.9586       -57.4629    832372.6736         6.1461         6.1406

TIMING: 678000  CPU: 4088.7, 0.00604287/step  Wall: 4095.74, 0.00604976/step, 0.541117 hours remaining, 0.000000 MB of memory in use.
PERFORMANCE: 678000  averaging 28.6054 ns/day, 0.00604081 sec/step with standard deviation 4.61247e-05
ENERGY:  678000       339.7339       971.5685      1456.8985        28.5297        -590664.5955     42039.8081        51.4476         0.0000     48818.6384        -496957.9708       294.8435   -545776.6093   -496847.8611       292.9443           -110.7730       -78.3176    832768.8917         1.5969         1.6859

TIMING: 679000  CPU: 4094.76, 0.00605448/step  Wall: 4101.81, 0.00606372/step, 0.540681 hours remaining, 0.000000 MB of memory in use.
PERFORMANCE: 679000  averaging 28.6053 ns/day, 0.00604084 sec/step with standard deviation 4.60991e-05
ENERGY:  679000       310.4688       944.4496      1429.0576        23.8235        -590588.5048     42191.0517        53.9331         0.0000     48479.7714        -497155.9491       292.7969   -545635.7205   -497044.9001       292.9012              6.4780        34.8815    831911.2080         3.3230         3.3367

TIMING: 680000  CPU: 4100.82, 0.00606284/step  Wall: 4107.88, 0.00607122/step, 0.539664 hours remaining, 0.000000 MB of memory in use.
PERFORMANCE: 680000  averaging 28.6051 ns/day, 0.00604089 sec/step with standard deviation 4.60798e-05
ETITLE:      TS           BOND          ANGLE          DIHED          IMPRP               ELECT            VDW       BOUNDARY           MISC        KINETIC               TOTAL           TEMP      POTENTIAL         TOTAL3        TEMPAVG            PRESSURE      GPRESSURE         VOLUME       PRESSAVG      GPRESSAVG

ENERGY:  680000       357.2964       940.8829      1443.0892        25.0551        -590648.5189     42191.5251        58.1772         0.0000     48157.6993        -497474.7936       290.8517   -545632.4929   -497377.9671       291.6694            -63.9797       -29.3861    832443.2080         2.4152         2.4463

WRITING EXTENDED SYSTEM TO RESTART FILE AT STEP 680000
WRITING COORDINATES TO DCD FILE eq1.dcd AT STEP 680000
WRITING COORDINATES TO RESTART FILE AT STEP 680000
FINISHED WRITING RESTART COORDINATES
WRITING VELOCITIES TO RESTART FILE AT STEP 680000
FINISHED WRITING RESTART VELOCITIES
LDB: ============= START OF LOAD BALANCING ============== 4110.57
LDB: ============== END OF LOAD BALANCING =============== 4110.57
Info: useSync: 0 useProxySync: 0
LDB: =============== DONE WITH MIGRATION ================ 4110.57
LDB: ============= START OF LOAD BALANCING ============== 4111.18
LDB: TIME 4111.18 LOAD: AVG 0.468609 MAX 0.508486  PROXIES: TOTAL 348 MAXPE 45 MAXPATCH 5 None MEM: 0 MB
LDB: TIME 4111.18 LOAD: AVG 0.468609 MAX 0.508486  PROXIES: TOTAL 348 MAXPE 45 MAXPATCH 5 RefineTorusLB MEM: 0 MB
LDB: TIME 4111.18 LOAD: AVG 0.468609 MAX 0.508486  PROXIES: TOTAL 348 MAXPE 45 MAXPATCH 5 RefineTorusLB MEM: 0 MB
LDB: Reverting to original mapping
LDB: ============== END OF LOAD BALANCING =============== 4111.18
Info: useSync: 0 useProxySync: 0
LDB: =============== DONE WITH MIGRATION ================ 4111.18
TIMING: 681000  CPU: 4106.89, 0.00606691/step  Wall: 4113.97, 0.00609376/step, 0.539975 hours remaining, 0.000000 MB of memory in use.
PERFORMANCE: 681000  averaging 28.6047 ns/day, 0.00604097 sec/step with standard deviation 4.60905e-05
ENERGY:  681000       322.1565       898.5424      1445.5579        26.2383        -591063.8502     42226.6427        55.4719         0.0000     48502.6247        -497586.6157       292.9349   -546089.2404   -497475.7250       291.7764              6.2068        38.5945    830940.1902         2.8581         2.9108

TIMING: 682000  CPU: 4112.93, 0.00604602/step  Wall: 4120.02, 0.00605383/step, 0.534755 hours remaining, 0.000000 MB of memory in use.
PERFORMANCE: 682000  averaging 28.6046 ns/day, 0.00604099 sec/step with standard deviation 4.60593e-05
ENERGY:  682000       327.3838       932.6443      1432.9391        26.3692        -590419.0414     42000.1008        44.6126         0.0000     48313.0563        -497341.9353       291.7900   -545654.9915   -497242.0277       291.4539           -111.9794       -82.9042    833175.4152         1.0914         1.1267

TIMING: 683000  CPU: 4118.99, 0.00606246/step  Wall: 4126.1, 0.00607279/step, 0.534743 hours remaining, 0.000000 MB of memory in use.
PERFORMANCE: 683000  averaging 28.6044 ns/day, 0.00604103 sec/step with standard deviation 4.60416e-05
ENERGY:  683000       343.0675       969.6921      1448.5365        26.3075        -590494.6432     42270.9868        51.4146         0.0000     48045.1006        -497339.5377       290.1717   -545384.6383   -497232.1644       292.0477             -9.8438        23.6491    831657.7466         6.0803         6.0977

TIMING: 684000  CPU: 4125.04, 0.00605071/step  Wall: 4132.16, 0.00606039/step, 0.531967 hours remaining, 0.000000 MB of memory in use.
PERFORMANCE: 684000  averaging 28.6043 ns/day, 0.00604106 sec/step with standard deviation 4.60138e-05
ENERGY:  684000       336.1165       963.0067      1451.9189        25.3886        -590515.1241     41918.0932        55.9977         0.0000     48176.4961        -497588.1066       290.9653   -545764.6026   -497483.4187       291.4773            -68.6360       -37.2228    831464.5628        -1.5442        -1.5875

LDB: ============= START OF LOAD BALANCING ============== 4134.83
LDB: ============== END OF LOAD BALANCING =============== 4134.83
Info: useSync: 0 useProxySync: 0
LDB: =============== DONE WITH MIGRATION ================ 4134.83
LDB: ============= START OF LOAD BALANCING ============== 4135.43
LDB: TIME 4135.43 LOAD: AVG 0.46705 MAX 0.507681  PROXIES: TOTAL 348 MAXPE 45 MAXPATCH 5 None MEM: 0 MB
LDB: TIME 4135.43 LOAD: AVG 0.46705 MAX 0.507681  PROXIES: TOTAL 348 MAXPE 45 MAXPATCH 5 RefineTorusLB MEM: 0 MB
LDB: TIME 4135.43 LOAD: AVG 0.46705 MAX 0.507681  PROXIES: TOTAL 348 MAXPE 45 MAXPATCH 5 RefineTorusLB MEM: 0 MB
LDB: ============== END OF LOAD BALANCING =============== 4135.43
Info: useSync: 0 useProxySync: 0
LDB: =============== DONE WITH MIGRATION ================ 4135.43
TIMING: 685000  CPU: 4131.1, 0.00605454/step  Wall: 4138.22, 0.0060643/step, 0.530626 hours remaining, 0.000000 MB of memory in use.
PERFORMANCE: 685000  averaging 28.6041 ns/day, 0.00604109 sec/step with standard deviation 4.59887e-05
ENERGY:  685000       332.6283       935.1721      1432.3755        23.7681        -591634.1020     42854.7044        60.4585         0.0000     48126.4931        -497868.5021       290.6633   -545994.9952   -497759.8960       291.2909            155.5313       186.1098    830863.7098         0.2143         0.2069

WRITING COORDINATES TO DCD FILE eq1.dcd AT STEP 685000
TIMING: 686000  CPU: 4137.15, 0.00605084/step  Wall: 4144.28, 0.00606111/step, 0.528664 hours remaining, 0.000000 MB of memory in use.
PERFORMANCE: 686000  averaging 28.604 ns/day, 0.00604112 sec/step with standard deviation 4.59615e-05
ENERGY:  686000       324.3564       934.5203      1428.9144        25.5673        -590989.2684     42211.9358        59.5114         0.0000     48373.1690        -497631.2938       292.1531   -546004.4627   -497528.1459       290.8839            -79.1519       -48.5253    832813.5780         1.1282         1.1282

TIMING: 687000  CPU: 4143.19, 0.00603852/step  Wall: 4150.33, 0.00604925/step, 0.525949 hours remaining, 0.000000 MB of memory in use.
PERFORMANCE: 687000  averaging 28.6039 ns/day, 0.00604114 sec/step with standard deviation 4.5929e-05
ENERGY:  687000       306.4335      1009.3406      1433.3580        21.3911        -590503.8354     42144.8788        59.9024         0.0000     48466.2225        -497062.3085       292.7151   -545528.5311   -496959.1234       292.2998            -45.2091       -11.3233    831647.2232         3.0671         3.0496

TIMING: 688000  CPU: 4149.25, 0.00605925/step  Wall: 4156.4, 0.00606467/step, 0.525605 hours remaining, 0.000000 MB of memory in use.
PERFORMANCE: 688000  averaging 28.6037 ns/day, 0.00604117 sec/step with standard deviation 4.59044e-05
ENERGY:  688000       358.9356       941.3221      1426.5216        21.1312        -590286.5797     42143.0326        59.1184         0.0000     48050.5286        -497285.9897       290.2045   -545336.5183   -497181.4959       292.3731            -92.0274       -57.6521    833507.1441        -1.7117        -1.6945

LDB: ============= START OF LOAD BALANCING ============== 4159.06
LDB: ============== END OF LOAD BALANCING =============== 4159.06
Info: useSync: 0 useProxySync: 0
LDB: =============== DONE WITH MIGRATION ================ 4159.06
LDB: ============= START OF LOAD BALANCING ============== 4159.68
LDB: TIME 4159.68 LOAD: AVG 0.471275 MAX 0.511618  PROXIES: TOTAL 348 MAXPE 45 MAXPATCH 5 None MEM: 0 MB
LDB: TIME 4159.68 LOAD: AVG 0.471275 MAX 0.511618  PROXIES: TOTAL 348 MAXPE 45 MAXPATCH 5 RefineTorusLB MEM: 0 MB
LDB: TIME 4159.68 LOAD: AVG 0.471275 MAX 0.511618  PROXIES: TOTAL 348 MAXPE 45 MAXPATCH 5 RefineTorusLB MEM: 0 MB
LDB: Reverting to original mapping
LDB: ============== END OF LOAD BALANCING =============== 4159.68
Info: useSync: 0 useProxySync: 0
LDB: =============== DONE WITH MIGRATION ================ 4159.68
TIMING: 689000  CPU: 4155.3, 0.00605471/step  Wall: 4162.46, 0.00606557/step, 0.523998 hours remaining, 0.000000 MB of memory in use.
PERFORMANCE: 689000  averaging 28.6036 ns/day, 0.0060412 sec/step with standard deviation 4.58804e-05
ENERGY:  689000       319.9029       988.1853      1425.4516        24.2720        -590486.2262     42378.9651        49.6715         0.0000     48198.1688        -497101.6091       291.0961   -545299.7778   -497000.9768       292.3594             52.5467        88.5581    831976.4064         3.8141         3.8201

WRITING COORDINATES TO DCD FILE eq1.dcd AT STEP 690000
WRITING COORDINATES TO RESTART FILE AT STEP 690000
FINISHED WRITING RESTART COORDINATES
TIMING: 690000  CPU: 4161.37, 0.00606741/step  Wall: 4168.54, 0.00608191/step, 0.52372 hours remaining, 0.000000 MB of memory in use.
PERFORMANCE: 690000  averaging 28.6033 ns/day, 0.00604126 sec/step with standard deviation 4.58733e-05
ETITLE:      TS           BOND          ANGLE          DIHED          IMPRP               ELECT            VDW       BOUNDARY           MISC        KINETIC               TOTAL           TEMP      POTENTIAL         TOTAL3        TEMPAVG            PRESSURE      GPRESSURE         VOLUME       PRESSAVG      GPRESSAVG

ENERGY:  690000       343.3379       961.5609      1430.3632        23.5123        -590866.7047     42374.6470        58.4208         0.0000     48467.3586        -497207.5042       292.7219   -545674.8627   -497099.1702       292.8557             42.2535        76.4043    830843.7181        -1.7001        -1.6490

WRITING EXTENDED SYSTEM TO RESTART FILE AT STEP 690000
WRITING VELOCITIES TO RESTART FILE AT STEP 690000
FINISHED WRITING RESTART VELOCITIES
TIMING: 691000  CPU: 4167.42, 0.00605419/step  Wall: 4174.62, 0.00607265/step, 0.521236 hours remaining, 0.000000 MB of memory in use.
PERFORMANCE: 691000  averaging 28.6031 ns/day, 0.00604131 sec/step with standard deviation 4.58556e-05
ENERGY:  691000       342.3869       945.3109      1436.8958        19.0147        -590195.7350     41886.7037        59.7545         0.0000     48479.4935        -497026.1748       292.7952   -545505.6684   -496910.9637       292.5970           -168.4890      -134.1239    833151.9422         5.4638         5.4104

TIMING: 692000  CPU: 4173.45, 0.00602697/step  Wall: 4180.65, 0.00603738/step, 0.516531 hours remaining, 0.000000 MB of memory in use.
PERFORMANCE: 692000  averaging 28.6031 ns/day, 0.0060413 sec/step with standard deviation 4.58226e-05
ENERGY:  692000       342.1072       968.7769      1446.5733        24.1933        -590386.9605     42277.6918        53.0272         0.0000     48573.3930        -496701.1979       293.3623   -545274.5908   -496593.6093       292.7793             22.5258        58.0579    832515.4498         7.0068         7.0216

LDB: ============= START OF LOAD BALANCING ============== 4183.32
LDB: ============== END OF LOAD BALANCING =============== 4183.32
Info: useSync: 0 useProxySync: 0
LDB: =============== DONE WITH MIGRATION ================ 4183.32
LDB: ============= START OF LOAD BALANCING ============== 4183.93
LDB: TIME 4183.93 LOAD: AVG 0.470508 MAX 0.513606  PROXIES: TOTAL 348 MAXPE 45 MAXPATCH 5 None MEM: 0 MB
LDB: TIME 4183.93 LOAD: AVG 0.470508 MAX 0.513606  PROXIES: TOTAL 348 MAXPE 45 MAXPATCH 5 RefineTorusLB MEM: 0 MB
LDB: TIME 4183.93 LOAD: AVG 0.470508 MAX 0.513606  PROXIES: TOTAL 348 MAXPE 45 MAXPATCH 5 RefineTorusLB MEM: 0 MB
LDB: ============== END OF LOAD BALANCING =============== 4183.93
Info: useSync: 0 useProxySync: 0
LDB: =============== DONE WITH MIGRATION ================ 4183.93
TIMING: 693000  CPU: 4179.51, 0.00605498/step  Wall: 4186.72, 0.00606552/step, 0.517254 hours remaining, 0.000000 MB of memory in use.
PERFORMANCE: 693000  averaging 28.6029 ns/day, 0.00604134 sec/step with standard deviation 4.57987e-05
ENERGY:  693000       355.2370       960.5101      1442.7176        28.2159        -590527.7629     42137.9080        53.9115         0.0000     48605.4647        -496943.7982       293.5560   -545549.2629   -496835.1101       293.4613              9.8666        45.5972    831399.3616         1.6294         1.6126

TIMING: 694000  CPU: 4185.55, 0.00604321/step  Wall: 4192.77, 0.00605202/step, 0.514421 hours remaining, 0.000000 MB of memory in use.
PERFORMANCE: 694000  averaging 28.6029 ns/day, 0.00604135 sec/step with standard deviation 4.57675e-05
ENERGY:  694000       303.0362       948.2239      1419.4350        22.1006        -589938.3527     41600.5685        49.9586         0.0000     48416.2207        -497178.8092       292.4131   -545595.0299   -497077.4679       292.2733           -260.7835      -225.7158    832575.5331        -3.4608        -3.4702

TIMING: 695000  CPU: 4191.59, 0.00603869/step  Wall: 4198.82, 0.00604534/step, 0.512175 hours remaining, 0.000000 MB of memory in use.
PERFORMANCE: 695000  averaging 28.6028 ns/day, 0.00604136 sec/step with standard deviation 4.57348e-05
ENERGY:  695000       322.9631       948.9485      1437.9016        21.1422        -591018.4717     42464.8522        55.2471         0.0000     48579.9279        -497187.4892       293.4018   -545767.4171   -497088.1490       292.3579             15.4726        51.7825    832784.4573        -1.4884        -1.5912

WRITING COORDINATES TO DCD FILE eq1.dcd AT STEP 695000
TIMING: 696000  CPU: 4197.62, 0.0060349/step  Wall: 4204.86, 0.00604652/step, 0.510595 hours remaining, 0.000000 MB of memory in use.
PERFORMANCE: 696000  averaging 28.6028 ns/day, 0.00604137 sec/step with standard deviation 4.57023e-05
ENERGY:  696000       359.2931       908.8182      1457.8671        25.8820        -590216.1049     41825.2379        62.3010         0.0000     48345.8461        -497230.8595       291.9881   -545576.7056   -497127.7125       291.6997           -113.6387       -82.5945    833035.7329         0.8162         0.7954

LDB: ============= START OF LOAD BALANCING ============== 4207.53
LDB: ============== END OF LOAD BALANCING =============== 4207.53
Info: useSync: 0 useProxySync: 0
LDB: =============== DONE WITH MIGRATION ================ 4207.53
LDB: ============= START OF LOAD BALANCING ============== 4208.14
LDB: TIME 4208.14 LOAD: AVG 0.46852 MAX 0.508428  PROXIES: TOTAL 348 MAXPE 45 MAXPATCH 5 None MEM: 0 MB
LDB: TIME 4208.14 LOAD: AVG 0.46852 MAX 0.508429  PROXIES: TOTAL 348 MAXPE 45 MAXPATCH 5 RefineTorusLB MEM: 0 MB
LDB: TIME 4208.14 LOAD: AVG 0.46852 MAX 0.508429  PROXIES: TOTAL 348 MAXPE 45 MAXPATCH 5 RefineTorusLB MEM: 0 MB
LDB: Reverting to original mapping
LDB: ============== END OF LOAD BALANCING =============== 4208.14
Info: useSync: 0 useProxySync: 0
LDB: =============== DONE WITH MIGRATION ================ 4208.14
TIMING: 697000  CPU: 4203.68, 0.00605951/step  Wall: 4210.93, 0.00606788/step, 0.510713 hours remaining, 0.000000 MB of memory in use.
PERFORMANCE: 697000  averaging 28.6026 ns/day, 0.00604141 sec/step with standard deviation 4.56805e-05
ENERGY:  697000       365.1189       935.0718      1440.2261        25.3926        -590881.0243     42495.4465        54.3583         0.0000     48495.1299        -497070.2804       292.8897   -545565.4103   -496964.6148       292.1109             -0.0470        32.6718    833529.9188         4.5069         4.5262

TIMING: 698000  CPU: 4209.75, 0.0060666/step  Wall: 4217.01, 0.0060747/step, 0.5096 hours remaining, 0.000000 MB of memory in use.
PERFORMANCE: 698000  averaging 28.6024 ns/day, 0.00604145 sec/step with standard deviation 4.56651e-05
ENERGY:  698000       351.2044       958.0319      1436.5705        21.3387        -591357.9817     42916.6318        54.1983         0.0000     48465.6237        -497154.3826       292.7115   -545620.0063   -497050.5925       292.7493            202.9287       233.0871    832707.6977         2.1503         2.1621

TIMING: 699000  CPU: 4215.79, 0.00603936/step  Wall: 4223.06, 0.00604933/step, 0.505791 hours remaining, 0.000000 MB of memory in use.
PERFORMANCE: 699000  averaging 28.6023 ns/day, 0.00604146 sec/step with standard deviation 4.56333e-05
ENERGY:  699000       325.3223       976.0178      1444.2242        24.0230        -590982.0077     42525.9500        48.0351         0.0000     48135.1083        -497503.3270       290.7153   -545638.4353   -497401.9190       292.3972             79.1889       111.7035    831470.0987         2.8501         2.8532

TIMING: 700000  CPU: 4221.84, 0.00605476/step  Wall: 4229.12, 0.00606076/step, 0.505063 hours remaining, 0.000000 MB of memory in use.
PERFORMANCE: 700000  averaging 28.6022 ns/day, 0.00604149 sec/step with standard deviation 4.56065e-05
ETITLE:      TS           BOND          ANGLE          DIHED          IMPRP               ELECT            VDW       BOUNDARY           MISC        KINETIC               TOTAL           TEMP      POTENTIAL         TOTAL3        TEMPAVG            PRESSURE      GPRESSURE         VOLUME       PRESSAVG      GPRESSAVG

ENERGY:  700000       336.1614       960.0881      1449.4980        22.7379        -590826.9366     42179.1967        52.8577         0.0000     48400.9794        -497425.4172       292.3210   -545826.3966   -497314.1761       292.0078           -117.8484       -83.3773    832436.2347         6.9340         6.8999

WRITING EXTENDED SYSTEM TO RESTART FILE AT STEP 700000
WRITING COORDINATES TO DCD FILE eq1.dcd AT STEP 700000
WRITING COORDINATES TO RESTART FILE AT STEP 700000
FINISHED WRITING RESTART COORDINATES
WRITING VELOCITIES TO RESTART FILE AT STEP 700000
FINISHED WRITING RESTART VELOCITIES
LDB: ============= START OF LOAD BALANCING ============== 4231.81
LDB: ============== END OF LOAD BALANCING =============== 4231.81
Info: useSync: 0 useProxySync: 0
LDB: =============== DONE WITH MIGRATION ================ 4231.81
LDB: ============= START OF LOAD BALANCING ============== 4232.41
LDB: TIME 4232.41 LOAD: AVG 0.466723 MAX 0.505628  PROXIES: TOTAL 348 MAXPE 45 MAXPATCH 5 None MEM: 0 MB
LDB: TIME 4232.41 LOAD: AVG 0.466723 MAX 0.505628  PROXIES: TOTAL 348 MAXPE 45 MAXPATCH 5 RefineTorusLB MEM: 0 MB
LDB: TIME 4232.41 LOAD: AVG 0.466723 MAX 0.505628  PROXIES: TOTAL 348 MAXPE 45 MAXPATCH 5 RefineTorusLB MEM: 0 MB
LDB: ============== END OF LOAD BALANCING =============== 4232.41
Info: useSync: 0 useProxySync: 0
LDB: =============== DONE WITH MIGRATION ================ 4232.41
TIMING: 701000  CPU: 4227.9, 0.00606013/step  Wall: 4235.2, 0.00608543/step, 0.505428 hours remaining, 0.000000 MB of memory in use.
PERFORMANCE: 701000  averaging 28.6019 ns/day, 0.00604155 sec/step with standard deviation 4.56041e-05
ENERGY:  701000       368.9074       988.5568      1439.4658        24.4356        -591892.0904     42957.9038        58.1714         0.0000     48317.1348        -497737.5149       291.8146   -546054.6497   -497630.7282       291.9601            182.0509       216.5073    832176.1786         4.6966         4.7041

TIMING: 702000  CPU: 4233.95, 0.00605109/step  Wall: 4241.26, 0.00605864/step, 0.501521 hours remaining, 0.000000 MB of memory in use.
PERFORMANCE: 702000  averaging 28.6018 ns/day, 0.00604158 sec/step with standard deviation 4.55761e-05
ENERGY:  702000       325.2641       984.3255      1436.3071        22.7550        -590934.3782     42291.0041        54.8295         0.0000     48342.4538        -497477.4391       291.9676   -545819.8929   -497376.2012       292.0251            -19.3711        12.3889    832993.2115         3.8996         3.9361

TIMING: 703000  CPU: 4240, 0.00604332/step  Wall: 4247.31, 0.00605276/step, 0.499352 hours remaining, 0.000000 MB of memory in use.
PERFORMANCE: 703000  averaging 28.6017 ns/day, 0.00604159 sec/step with standard deviation 4.55456e-05
ENERGY:  703000       352.1169       996.4491      1448.6693        21.3892        -590723.9265     42331.0949        57.2003         0.0000     48506.0329        -497010.9740       292.9555   -545517.0068   -496906.0985       292.3930              0.9161        33.2725    833680.3621         6.8067         6.7910

TIMING: 704000  CPU: 4246.05, 0.0060551/step  Wall: 4253.38, 0.00606504/step, 0.498681 hours remaining, 0.000000 MB of memory in use.
PERFORMANCE: 704000  averaging 28.6016 ns/day, 0.00604163 sec/step with standard deviation 4.55218e-05
ENERGY:  704000       338.5782       952.7927      1430.1865        22.8405        -590036.7568     41869.9993        65.0668         0.0000     48314.4514        -497042.8413       291.7984   -545357.2927   -496934.9371       292.7536           -109.0567       -77.4978    833265.6608        -5.7840        -5.7719

LDB: ============= START OF LOAD BALANCING ============== 4256.05
LDB: ============== END OF LOAD BALANCING =============== 4256.05
Info: useSync: 0 useProxySync: 0
LDB: =============== DONE WITH MIGRATION ================ 4256.05
LDB: ============= START OF LOAD BALANCING ============== 4256.65
LDB: TIME 4256.65 LOAD: AVG 0.467367 MAX 0.508892  PROXIES: TOTAL 348 MAXPE 45 MAXPATCH 5 None MEM: 0 MB
LDB: TIME 4256.65 LOAD: AVG 0.467367 MAX 0.508892  PROXIES: TOTAL 348 MAXPE 45 MAXPATCH 5 RefineTorusLB MEM: 0 MB
LDB: TIME 4256.65 LOAD: AVG 0.467367 MAX 0.508892  PROXIES: TOTAL 348 MAXPE 45 MAXPATCH 5 RefineTorusLB MEM: 0 MB
LDB: Reverting to original mapping
LDB: ============== END OF LOAD BALANCING =============== 4256.65
Info: useSync: 0 useProxySync: 0
LDB: =============== DONE WITH MIGRATION ================ 4256.65
TIMING: 705000  CPU: 4252.11, 0.00605464/step  Wall: 4259.44, 0.00606481/step, 0.496978 hours remaining, 0.000000 MB of memory in use.
PERFORMANCE: 705000  averaging 28.6014 ns/day, 0.00604166 sec/step with standard deviation 4.54978e-05
ENERGY:  705000       358.7328       915.5130      1442.4969        20.2394        -590337.1020     42008.2374        58.1014         0.0000     48479.2715        -497054.5096       292.7939   -545533.7811   -496957.6377       292.8784           -145.8849      -112.0052    834203.7189         1.3850         1.4015

WRITING COORDINATES TO DCD FILE eq1.dcd AT STEP 705000
TIMING: 706000  CPU: 4258.17, 0.00605893/step  Wall: 4265.51, 0.00606703/step, 0.495474 hours remaining, 0.000000 MB of memory in use.
PERFORMANCE: 706000  averaging 28.6012 ns/day, 0.0060417 sec/step with standard deviation 4.54756e-05
ENERGY:  706000       355.5782       957.5875      1448.1098        30.9172        -590282.2599     41861.1433        63.3387         0.0000     48493.1949        -497072.3902       292.8780   -545565.5851   -496968.4191       292.6884           -103.3988       -69.2681    833351.1081        -1.6063        -1.5862

TIMING: 707000  CPU: 4264.22, 0.00605501/step  Wall: 4271.57, 0.00606249/step, 0.49342 hours remaining, 0.000000 MB of memory in use.
PERFORMANCE: 707000  averaging 28.6011 ns/day, 0.00604173 sec/step with standard deviation 4.54501e-05
ENERGY:  707000       348.0199       919.3547      1443.3897        24.9310        -591089.4584     42544.1174        60.0434         0.0000     48678.6991        -497070.9032       293.9983   -545749.6023   -496967.0957       292.9273            134.5762       171.1825    832547.5849         3.5888         3.5993

TIMING: 708000  CPU: 4270.28, 0.00606307/step  Wall: 4277.65, 0.00607386/step, 0.492658 hours remaining, 0.000000 MB of memory in use.
PERFORMANCE: 708000  averaging 28.6009 ns/day, 0.00604177 sec/step with standard deviation 4.5434e-05
ENERGY:  708000       324.9997       942.2095      1444.3773        20.7634        -590824.7757     42413.2078        51.4858         0.0000     48586.0893        -497041.6428       293.4390   -545627.7321   -496939.0006       292.9994              8.3340        42.8975    834004.3864         2.4281         2.4388

LDB: ============= START OF LOAD BALANCING ============== 4280.32
LDB: ============== END OF LOAD BALANCING =============== 4280.32
Info: useSync: 0 useProxySync: 0
LDB: =============== DONE WITH MIGRATION ================ 4280.32
LDB: ============= START OF LOAD BALANCING ============== 4280.92
LDB: TIME 4280.92 LOAD: AVG 0.467535 MAX 0.506612  PROXIES: TOTAL 348 MAXPE 45 MAXPATCH 5 None MEM: 0 MB
LDB: TIME 4280.92 LOAD: AVG 0.467535 MAX 0.506612  PROXIES: TOTAL 348 MAXPE 45 MAXPATCH 5 RefineTorusLB MEM: 0 MB
LDB: TIME 4280.92 LOAD: AVG 0.467535 MAX 0.506612  PROXIES: TOTAL 348 MAXPE 45 MAXPATCH 5 RefineTorusLB MEM: 0 MB
LDB: ============== END OF LOAD BALANCING =============== 4280.92
Info: useSync: 0 useProxySync: 0
LDB: =============== DONE WITH MIGRATION ================ 4280.92
TIMING: 709000  CPU: 4276.34, 0.0060511/step  Wall: 4283.71, 0.00605936/step, 0.489798 hours remaining, 0.000000 MB of memory in use.
PERFORMANCE: 709000  averaging 28.6008 ns/day, 0.0060418 sec/step with standard deviation 4.54067e-05
ENERGY:  709000       339.9203       959.7479      1434.1820        26.9819        -590725.8144     42186.3090        61.0076         0.0000     48467.3406        -497250.3252       292.7218   -545717.6657   -497140.1385       293.2219            -21.4431         8.4516    831846.7261        -3.9550        -4.0600

TIMING: 710000  CPU: 4282.38, 0.00604657/step  Wall: 4289.76, 0.00605687/step, 0.487914 hours remaining, 0.000000 MB of memory in use.
PERFORMANCE: 710000  averaging 28.6007 ns/day, 0.00604182 sec/step with standard deviation 4.53782e-05
ETITLE:      TS           BOND          ANGLE          DIHED          IMPRP               ELECT            VDW       BOUNDARY           MISC        KINETIC               TOTAL           TEMP      POTENTIAL         TOTAL3        TEMPAVG            PRESSURE      GPRESSURE         VOLUME       PRESSAVG      GPRESSAVG

ENERGY:  710000       339.9935       935.2200      1445.1349        22.6044        -591010.6706     42709.3743        54.7856         0.0000     48267.4127        -497236.1452       291.5143   -545503.5579   -497137.1550       292.5442            146.9905       178.5141    832788.0607         1.5004         1.4956

WRITING EXTENDED SYSTEM TO RESTART FILE AT STEP 710000
WRITING COORDINATES TO DCD FILE eq1.dcd AT STEP 710000
WRITING COORDINATES TO RESTART FILE AT STEP 710000
FINISHED WRITING RESTART COORDINATES
WRITING VELOCITIES TO RESTART FILE AT STEP 710000
FINISHED WRITING RESTART VELOCITIES
TIMING: 711000  CPU: 4288.44, 0.00605876/step  Wall: 4295.85, 0.00608534/step, 0.488517 hours remaining, 0.000000 MB of memory in use.
PERFORMANCE: 711000  averaging 28.6004 ns/day, 0.00604188 sec/step with standard deviation 4.53756e-05
ENERGY:  711000       356.4840       944.4372      1448.7362        21.9570        -590205.9731     42230.2773        52.2646         0.0000     48213.8278        -496937.9890       291.1907   -545151.8168   -496843.4220       292.6634              5.9416        37.3587    832750.1020         0.1402         0.1221

TIMING: 712000  CPU: 4294.48, 0.00604279/step  Wall: 4301.9, 0.00605069/step, 0.484055 hours remaining, 0.000000 MB of memory in use.
PERFORMANCE: 712000  averaging 28.6003 ns/day, 0.00604189 sec/step with standard deviation 4.53448e-05
ENERGY:  712000       335.5372       970.5452      1429.9928        17.8058        -590850.0829     42633.4875        56.6619         0.0000     48129.9192        -497276.1334       290.6839   -545406.0526   -497169.0172       292.4741             85.2827       116.8822    833227.2538         2.1047         2.1284

LDB: ============= START OF LOAD BALANCING ============== 4304.57
LDB: ============== END OF LOAD BALANCING =============== 4304.57
Info: useSync: 0 useProxySync: 0
LDB: =============== DONE WITH MIGRATION ================ 4304.57
LDB: ============= START OF LOAD BALANCING ============== 4305.18
LDB: TIME 4305.18 LOAD: AVG 0.468646 MAX 0.509603  PROXIES: TOTAL 348 MAXPE 45 MAXPATCH 5 None MEM: 0 MB
LDB: TIME 4305.18 LOAD: AVG 0.468646 MAX 0.509603  PROXIES: TOTAL 348 MAXPE 45 MAXPATCH 5 RefineTorusLB MEM: 0 MB
LDB: TIME 4305.18 LOAD: AVG 0.468646 MAX 0.509603  PROXIES: TOTAL 348 MAXPE 45 MAXPATCH 5 RefineTorusLB MEM: 0 MB
LDB: Reverting to original mapping
LDB: ============== END OF LOAD BALANCING =============== 4305.18
Info: useSync: 0 useProxySync: 0
LDB: =============== DONE WITH MIGRATION ================ 4305.18
TIMING: 713000  CPU: 4300.56, 0.00607441/step  Wall: 4307.98, 0.00608258/step, 0.484917 hours remaining, 0.000000 MB of memory in use.
PERFORMANCE: 713000  averaging 28.6 ns/day, 0.00604195 sec/step with standard deviation 4.53386e-05
ENERGY:  713000       345.5238       960.6063      1435.7200        18.9875        -589738.0696     41653.5239        48.3897         0.0000     48282.2853        -496993.0331       291.6042   -545275.3183   -496889.8068       292.5857           -248.6568      -216.1917    835481.7402         2.3543         2.3687

TIMING: 714000  CPU: 4306.63, 0.00607101/step  Wall: 4314.06, 0.00608247/step, 0.483219 hours remaining, 0.000000 MB of memory in use.
PERFORMANCE: 714000  averaging 28.5998 ns/day, 0.006042 sec/step with standard deviation 4.53322e-05
ENERGY:  714000       330.0110       934.6175      1449.4044        23.6243        -590842.1947     42265.5571        58.3433         0.0000     48430.4656        -497350.1715       292.4991   -545780.6371   -497244.4834       292.7546             -5.6354        27.9537    831739.5599         0.5275         0.5115

TIMING: 715000  CPU: 4312.69, 0.00605858/step  Wall: 4320.13, 0.00606482/step, 0.480132 hours remaining, 0.000000 MB of memory in use.
PERFORMANCE: 715000  averaging 28.5996 ns/day, 0.00604204 sec/step with standard deviation 4.53084e-05
ENERGY:  715000       331.4847       964.6406      1432.9817        18.4549        -590143.0636     41959.3191        53.9473         0.0000     48545.3515        -496836.8839       293.1930   -545382.2353   -496735.9127       292.4875           -117.7838       -86.9548    833777.5587         5.8407         5.8286

WRITING COORDINATES TO DCD FILE eq1.dcd AT STEP 715000
TIMING: 716000  CPU: 4318.75, 0.00605903/step  Wall: 4326.2, 0.00606795/step, 0.478693 hours remaining, 0.000000 MB of memory in use.
PERFORMANCE: 716000  averaging 28.5995 ns/day, 0.00604207 sec/step with standard deviation 4.52871e-05
ENERGY:  716000       354.5699       967.1325      1432.7400        26.7685        -590376.8828     41913.8232        52.7121         0.0000     48296.8430        -497332.2936       291.6921   -545629.1366   -497230.7296       292.4921           -249.4787      -217.7798    834214.5964         2.2433         2.1720

LDB: ============= START OF LOAD BALANCING ============== 4328.86
LDB: ============== END OF LOAD BALANCING =============== 4328.86
Info: useSync: 0 useProxySync: 0
LDB: =============== DONE WITH MIGRATION ================ 4328.86
LDB: ============= START OF LOAD BALANCING ============== 4329.47
LDB: TIME 4329.47 LOAD: AVG 0.467493 MAX 0.508421  PROXIES: TOTAL 348 MAXPE 45 MAXPATCH 5 None MEM: 0 MB
LDB: TIME 4329.47 LOAD: AVG 0.467493 MAX 0.508421  PROXIES: TOTAL 348 MAXPE 45 MAXPATCH 5 RefineTorusLB MEM: 0 MB
LDB: TIME 4329.47 LOAD: AVG 0.467493 MAX 0.508421  PROXIES: TOTAL 348 MAXPE 45 MAXPATCH 5 RefineTorusLB MEM: 0 MB
LDB: ============== END OF LOAD BALANCING =============== 4329.47
Info: useSync: 0 useProxySync: 0
LDB: =============== DONE WITH MIGRATION ================ 4329.47
TIMING: 717000  CPU: 4324.8, 0.00605103/step  Wall: 4332.26, 0.00606361/step, 0.476667 hours remaining, 0.000000 MB of memory in use.
PERFORMANCE: 717000  averaging 28.5993 ns/day, 0.0060421 sec/step with standard deviation 4.52626e-05
ENERGY:  717000       333.4562       954.4528      1435.4056        23.8845        -590564.9562     42184.0693        49.2021         0.0000     48436.1166        -497148.3690       292.5332   -545584.4856   -497041.8096       292.0986            -13.5621        19.5563    831642.1502         2.0476         2.0590

TIMING: 718000  CPU: 4330.86, 0.00606693/step  Wall: 4338.34, 0.00607581/step, 0.475939 hours remaining, 0.000000 MB of memory in use.
PERFORMANCE: 718000  averaging 28.5991 ns/day, 0.00604215 sec/step with standard deviation 4.52485e-05
ENERGY:  718000       334.5107       947.6211      1433.2444        19.2658        -590791.1162     42463.2262        59.8677         0.0000     48868.0946        -496665.2858       295.1422   -545533.3804   -496560.8533       293.3291             98.3043       129.4978    832319.0490         4.5624         4.5673

TIMING: 719000  CPU: 4336.93, 0.00606664/step  Wall: 4344.41, 0.00607274/step, 0.474011 hours remaining, 0.000000 MB of memory in use.
PERFORMANCE: 719000  averaging 28.5989 ns/day, 0.00604219 sec/step with standard deviation 4.52314e-05
ENERGY:  719000       331.1396       977.9775      1444.6130        22.7561        -590196.4765     42334.6521        59.9526         0.0000     48518.7024        -496506.6831       293.0320   -545025.3855   -496398.8941       293.5505             14.9143        43.7504    833293.9040         3.2581         3.2329

TIMING: 720000  CPU: 4342.99, 0.00606077/step  Wall: 4350.48, 0.00607331/step, 0.472368 hours remaining, 0.000000 MB of memory in use.
PERFORMANCE: 720000  averaging 28.5987 ns/day, 0.00604224 sec/step with standard deviation 4.52148e-05
ETITLE:      TS           BOND          ANGLE          DIHED          IMPRP               ELECT            VDW       BOUNDARY           MISC        KINETIC               TOTAL           TEMP      POTENTIAL         TOTAL3        TEMPAVG            PRESSURE      GPRESSURE         VOLUME       PRESSAVG      GPRESSAVG

ENERGY:  720000       322.1059       976.8420      1431.2643        26.6583        -590256.1407     41816.8828        54.0844         0.0000     48321.0346        -497307.2683       291.8382   -545628.3029   -497206.0263       293.0956           -118.0440       -86.2677    832970.7522        -5.1335        -5.2063

WRITING EXTENDED SYSTEM TO RESTART FILE AT STEP 720000
WRITING COORDINATES TO DCD FILE eq1.dcd AT STEP 720000
WRITING COORDINATES TO RESTART FILE AT STEP 720000
FINISHED WRITING RESTART COORDINATES
WRITING VELOCITIES TO RESTART FILE AT STEP 720000
FINISHED WRITING RESTART VELOCITIES
LDB: ============= START OF LOAD BALANCING ============== 4353.19
LDB: ============== END OF LOAD BALANCING =============== 4353.19
Info: useSync: 0 useProxySync: 0
LDB: =============== DONE WITH MIGRATION ================ 4353.19
LDB: ============= START OF LOAD BALANCING ============== 4353.8
LDB: TIME 4353.8 LOAD: AVG 0.468654 MAX 0.513533  PROXIES: TOTAL 348 MAXPE 45 MAXPATCH 5 None MEM: 0 MB
LDB: TIME 4353.8 LOAD: AVG 0.468654 MAX 0.513533  PROXIES: TOTAL 348 MAXPE 45 MAXPATCH 5 RefineTorusLB MEM: 0 MB
LDB: TIME 4353.8 LOAD: AVG 0.468654 MAX 0.513533  PROXIES: TOTAL 348 MAXPE 45 MAXPATCH 5 RefineTorusLB MEM: 0 MB
LDB: Reverting to original mapping
LDB: ============== END OF LOAD BALANCING =============== 4353.8
Info: useSync: 0 useProxySync: 0
LDB: =============== DONE WITH MIGRATION ================ 4353.8
TIMING: 721000  CPU: 4349.08, 0.00609135/step  Wall: 4356.6, 0.00611736/step, 0.474095 hours remaining, 0.000000 MB of memory in use.
PERFORMANCE: 721000  averaging 28.5982 ns/day, 0.00604234 sec/step with standard deviation 4.52699e-05
ENERGY:  721000       366.3731       946.1062      1419.3313        19.1410        -590883.5817     42109.3437        59.9315         0.0000     48260.3505        -497703.0045       291.4717   -545963.3550   -497599.2220       291.5085            -32.0641        -2.3772    831255.6291         4.9450         4.9586

TIMING: 722000  CPU: 4355.14, 0.00606001/step  Wall: 4362.67, 0.00606957/step, 0.468705 hours remaining, 0.000000 MB of memory in use.
PERFORMANCE: 722000  averaging 28.598 ns/day, 0.00604238 sec/step with standard deviation 4.52499e-05
ENERGY:  722000       323.8132       965.3300      1433.9120        23.7024        -591211.5455     42708.9033        59.1537         0.0000     48122.7225        -497574.0085       290.6405   -545696.7310   -497471.3655       291.5480            119.2812       151.7460    832068.9877        -1.5713        -1.5370

TIMING: 723000  CPU: 4361.19, 0.00604807/step  Wall: 4368.73, 0.0060623/step, 0.46646 hours remaining, 0.000000 MB of memory in use.
PERFORMANCE: 723000  averaging 28.5979 ns/day, 0.00604241 sec/step with standard deviation 4.52246e-05
ENERGY:  723000       343.0485       943.5593      1424.2176        19.8083        -591044.3070     42411.8660        55.3474         0.0000     48424.5148        -497421.9450       292.4632   -545846.4598   -497310.2770       291.7960            -67.5658       -37.0738    834771.3380         0.3123         0.3976

TIMING: 724000  CPU: 4367.27, 0.0060783/step  Wall: 4374.82, 0.00608519/step, 0.466531 hours remaining, 0.000000 MB of memory in use.
PERFORMANCE: 724000  averaging 28.5976 ns/day, 0.00604246 sec/step with standard deviation 4.52213e-05
ENERGY:  724000       352.8673       936.9320      1441.0325        23.2283        -589894.6679     41842.5975        52.7582         0.0000     48089.6032        -497155.6489       290.4405   -545245.2522   -497056.9454       292.1280           -268.1143      -234.2303    835887.9516         2.6202         2.5604

LDB: ============= START OF LOAD BALANCING ============== 4377.5
LDB: ============== END OF LOAD BALANCING =============== 4377.5
Info: useSync: 0 useProxySync: 0
LDB: =============== DONE WITH MIGRATION ================ 4377.5
LDB: ============= START OF LOAD BALANCING ============== 4378.11
LDB: TIME 4378.11 LOAD: AVG 0.472716 MAX 0.513166  PROXIES: TOTAL 348 MAXPE 45 MAXPATCH 5 None MEM: 0 MB
LDB: TIME 4378.11 LOAD: AVG 0.472716 MAX 0.513166  PROXIES: TOTAL 348 MAXPE 45 MAXPATCH 5 RefineTorusLB MEM: 0 MB
LDB: TIME 4378.11 LOAD: AVG 0.472716 MAX 0.513166  PROXIES: TOTAL 348 MAXPE 45 MAXPATCH 5 RefineTorusLB MEM: 0 MB
LDB: Reverting to original mapping
LDB: ============== END OF LOAD BALANCING =============== 4378.11
Info: useSync: 0 useProxySync: 0
LDB: =============== DONE WITH MIGRATION ================ 4378.11
TIMING: 725000  CPU: 4373.35, 0.0060831/step  Wall: 4380.91, 0.00609577/step, 0.465649 hours remaining, 0.000000 MB of memory in use.
PERFORMANCE: 725000  averaging 28.5973 ns/day, 0.00604254 sec/step with standard deviation 4.52334e-05
ENERGY:  725000       341.4648       923.1894      1429.9756        26.6118        -590305.2890     42065.2987        55.6457         0.0000     48088.9382        -497374.1648       290.4364   -545463.1030   -497264.4367       291.8101           -127.8500       -93.7288    833576.4046        -0.2233        -0.2663

WRITING COORDINATES TO DCD FILE eq1.dcd AT STEP 725000
TIMING: 726000  CPU: 4379.43, 0.00607445/step  Wall: 4387, 0.00608324/step, 0.463002 hours remaining, 0.000000 MB of memory in use.
PERFORMANCE: 726000  averaging 28.597 ns/day, 0.00604259 sec/step with standard deviation 4.52274e-05
ENERGY:  726000       306.4675       975.0376      1429.7586        17.0746        -591038.8780     42524.9186        66.6857         0.0000     48419.1956        -497299.7398       292.4311   -545718.9354   -497196.3908       291.8803            -39.3760        -5.3058    833079.2900        -5.7799        -5.8642

TIMING: 727000  CPU: 4385.49, 0.0060586/step  Wall: 4393.06, 0.00606769/step, 0.460133 hours remaining, 0.000000 MB of memory in use.
PERFORMANCE: 727000  averaging 28.5968 ns/day, 0.00604263 sec/step with standard deviation 4.52058e-05
ENERGY:  727000       346.4627       952.1148      1448.6038        22.8535        -590262.4219     41451.6603        55.5456         0.0000     48439.8863        -497545.2949       292.5560   -545985.1812   -497444.7533       292.4471           -284.1280      -251.8557    833343.3536         7.3962         7.3743

TIMING: 728000  CPU: 4391.54, 0.0060589/step  Wall: 4399.13, 0.00606671/step, 0.458374 hours remaining, 0.000000 MB of memory in use.
PERFORMANCE: 728000  averaging 28.5967 ns/day, 0.00604266 sec/step with standard deviation 4.51835e-05
ENERGY:  728000       363.2452       978.6171      1453.5092        18.4195        -591202.5888     42323.8952        53.5984         0.0000     48149.2070        -497862.0972       290.8004   -546011.3041   -497766.7829       291.1471             27.0296        61.6753    830908.6162        -0.5973        -0.5158

LDB: ============= START OF LOAD BALANCING ============== 4401.8
LDB: ============== END OF LOAD BALANCING =============== 4401.8
Info: useSync: 0 useProxySync: 0
LDB: =============== DONE WITH MIGRATION ================ 4401.8
LDB: ============= START OF LOAD BALANCING ============== 4402.41
LDB: TIME 4402.41 LOAD: AVG 0.470297 MAX 0.50751  PROXIES: TOTAL 348 MAXPE 45 MAXPATCH 5 None MEM: 0 MB
LDB: TIME 4402.41 LOAD: AVG 0.470297 MAX 0.50751  PROXIES: TOTAL 348 MAXPE 45 MAXPATCH 5 RefineTorusLB MEM: 0 MB
LDB: TIME 4402.41 LOAD: AVG 0.470297 MAX 0.50751  PROXIES: TOTAL 348 MAXPE 45 MAXPATCH 5 RefineTorusLB MEM: 0 MB
LDB: ============== END OF LOAD BALANCING =============== 4402.41
Info: useSync: 0 useProxySync: 0
LDB: =============== DONE WITH MIGRATION ================ 4402.41
TIMING: 729000  CPU: 4397.6, 0.00605361/step  Wall: 4405.19, 0.00606299/step, 0.456409 hours remaining, 0.000000 MB of memory in use.
PERFORMANCE: 729000  averaging 28.5965 ns/day, 0.00604269 sec/step with standard deviation 4.51588e-05
ENERGY:  729000       325.0047       967.4256      1442.7521        19.4632        -590871.3723     42203.7264        59.0151         0.0000     48114.7338        -497739.2514       290.5922   -545853.9852   -497636.0393       291.1484            -27.2711         5.7699    832230.2268         5.5573         5.5922

TIMING: 730000  CPU: 4403.65, 0.00604872/step  Wall: 4411.26, 0.006063/step, 0.454725 hours remaining, 0.000000 MB of memory in use.
PERFORMANCE: 730000  averaging 28.5964 ns/day, 0.00604272 sec/step with standard deviation 4.51341e-05
ETITLE:      TS           BOND          ANGLE          DIHED          IMPRP               ELECT            VDW       BOUNDARY           MISC        KINETIC               TOTAL           TEMP      POTENTIAL         TOTAL3        TEMPAVG            PRESSURE      GPRESSURE         VOLUME       PRESSAVG      GPRESSAVG

ENERGY:  730000       317.4936       976.4552      1445.5186        22.8350        -590288.4460     41898.6895        57.5172         0.0000     48363.0922        -497206.8447       292.0922   -545569.9369   -497100.7653       291.7376            -71.9117       -37.0582    831493.8943        -1.3410        -1.3439

WRITING EXTENDED SYSTEM TO RESTART FILE AT STEP 730000
WRITING COORDINATES TO DCD FILE eq1.dcd AT STEP 730000
WRITING COORDINATES TO RESTART FILE AT STEP 730000
FINISHED WRITING RESTART COORDINATES
WRITING VELOCITIES TO RESTART FILE AT STEP 730000
FINISHED WRITING RESTART VELOCITIES
TIMING: 731000  CPU: 4409.71, 0.00606115/step  Wall: 4417.34, 0.00608507/step, 0.45469 hours remaining, 0.000000 MB of memory in use.
PERFORMANCE: 731000  averaging 28.5961 ns/day, 0.00604278 sec/step with standard deviation 4.51303e-05
ENERGY:  731000       354.1327       951.3999      1434.0382        21.0914        -590725.8310     42336.4321        65.7351         0.0000     48439.4093        -497123.5922       292.5531   -545563.0015   -497021.3073       292.2170              1.6118        32.5521    832002.3139         5.3327         5.3033

TIMING: 732000  CPU: 4415.74, 0.00603247/step  Wall: 4423.39, 0.00604519/step, 0.450031 hours remaining, 0.000000 MB of memory in use.
PERFORMANCE: 732000  averaging 28.5961 ns/day, 0.00604278 sec/step with standard deviation 4.50995e-05
ENERGY:  732000       339.0480       924.0865      1437.6154        24.3178        -590811.8548     42311.4747        50.5303         0.0000     48519.7500        -497205.0320       293.0384   -545724.7820   -497104.2702       292.5780            -56.8009       -22.5194    833276.1850        -0.0311         0.0333

LDB: ============= START OF LOAD BALANCING ============== 4426.05
LDB: ============== END OF LOAD BALANCING =============== 4426.05
Info: useSync: 0 useProxySync: 0
LDB: =============== DONE WITH MIGRATION ================ 4426.05
LDB: ============= START OF LOAD BALANCING ============== 4426.65
LDB: TIME 4426.65 LOAD: AVG 0.467031 MAX 0.508165  PROXIES: TOTAL 348 MAXPE 45 MAXPATCH 5 None MEM: 0 MB
LDB: TIME 4426.65 LOAD: AVG 0.467031 MAX 0.508165  PROXIES: TOTAL 348 MAXPE 45 MAXPATCH 5 RefineTorusLB MEM: 0 MB
LDB: TIME 4426.65 LOAD: AVG 0.467031 MAX 0.508165  PROXIES: TOTAL 348 MAXPE 45 MAXPATCH 5 RefineTorusLB MEM: 0 MB
LDB: Reverting to original mapping
LDB: ============== END OF LOAD BALANCING =============== 4426.65
Info: useSync: 0 useProxySync: 0
LDB: =============== DONE WITH MIGRATION ================ 4426.65
TIMING: 733000  CPU: 4421.79, 0.00605236/step  Wall: 4429.45, 0.00606429/step, 0.449768 hours remaining, 0.000000 MB of memory in use.
PERFORMANCE: 733000  averaging 28.596 ns/day, 0.00604281 sec/step with standard deviation 4.50757e-05
ENERGY:  733000       346.2608       925.2035      1443.5510        25.5011        -591751.6749     42564.9269        47.5336         0.0000     48735.0939        -497663.6041       294.3389   -546398.6980   -497565.7154       291.8470             66.1003       100.7324    830246.5125         0.5306         0.4397

TIMING: 734000  CPU: 4427.86, 0.00607161/step  Wall: 4435.54, 0.00608522/step, 0.44963 hours remaining, 0.000000 MB of memory in use.
PERFORMANCE: 734000  averaging 28.5957 ns/day, 0.00604287 sec/step with standard deviation 4.50722e-05
ENERGY:  734000       326.9512       940.9327      1432.4865        23.9925        -591728.6360     42876.1160        62.5742         0.0000     48431.2284        -497634.3546       292.5037   -546065.5829   -497530.6901       291.2707            155.2566       190.0840    830849.6306        -2.3614        -2.3459

TIMING: 735000  CPU: 4433.9, 0.00603439/step  Wall: 4441.58, 0.00604199/step, 0.444758 hours remaining, 0.000000 MB of memory in use.
PERFORMANCE: 735000  averaging 28.5957 ns/day, 0.00604286 sec/step with standard deviation 4.50415e-05
ENERGY:  735000       316.7283       961.8334      1423.8931        24.7010        -590121.9237     41768.3494        66.7858         0.0000     48142.1575        -497417.4751       290.7579   -545559.6326   -497317.4194       292.0648           -176.0494      -141.7195    832523.8939        -2.8180        -2.7445

WRITING COORDINATES TO DCD FILE eq1.dcd AT STEP 735000
TIMING: 736000  CPU: 4439.95, 0.00605451/step  Wall: 4447.64, 0.00606632/step, 0.444863 hours remaining, 0.000000 MB of memory in use.
PERFORMANCE: 736000  averaging 28.5956 ns/day, 0.0060429 sec/step with standard deviation 4.50191e-05
ENERGY:  736000       350.6244       962.9159      1417.6498        20.4767        -590963.8110     42283.2791        58.2728         0.0000     48575.8598        -497294.7325       293.3772   -545870.5923   -497196.9470       292.1746             36.6549        75.9680    830447.3364        -1.2495        -1.2472

LDB: ============= START OF LOAD BALANCING ============== 4450.31
LDB: ============== END OF LOAD BALANCING =============== 4450.31
Info: useSync: 0 useProxySync: 0
LDB: =============== DONE WITH MIGRATION ================ 4450.31
LDB: ============= START OF LOAD BALANCING ============== 4450.92
LDB: TIME 4450.92 LOAD: AVG 0.468233 MAX 0.511368  PROXIES: TOTAL 348 MAXPE 45 MAXPATCH 5 None MEM: 0 MB
LDB: TIME 4450.92 LOAD: AVG 0.468233 MAX 0.511368  PROXIES: TOTAL 348 MAXPE 45 MAXPATCH 5 RefineTorusLB MEM: 0 MB
LDB: TIME 4450.92 LOAD: AVG 0.468233 MAX 0.511368  PROXIES: TOTAL 348 MAXPE 45 MAXPATCH 5 RefineTorusLB MEM: 0 MB
LDB: Reverting to original mapping
LDB: ============== END OF LOAD BALANCING =============== 4450.92
Info: useSync: 0 useProxySync: 0
LDB: =============== DONE WITH MIGRATION ================ 4450.92
TIMING: 737000  CPU: 4446.02, 0.00607086/step  Wall: 4453.72, 0.00607654/step, 0.443925 hours remaining, 0.000000 MB of memory in use.
PERFORMANCE: 737000  averaging 28.5953 ns/day, 0.00604294 sec/step with standard deviation 4.50056e-05
ENERGY:  737000       367.2056       954.0203      1430.0966        28.8335        -590332.7335     42172.9295        55.0482         0.0000     48484.7253        -496839.8745       292.8268   -545324.5998   -496739.8266       292.7984            -78.5030       -45.5641    832686.8175         4.2965         4.3264

TIMING: 738000  CPU: 4452.08, 0.00605466/step  Wall: 4459.79, 0.00606766/step, 0.441591 hours remaining, 0.000000 MB of memory in use.
PERFORMANCE: 738000  averaging 28.5952 ns/day, 0.00604298 sec/step with standard deviation 4.49842e-05
ENERGY:  738000       322.4760      1012.3010      1420.0650        28.6085        -590553.3770     42088.3595        51.1584         0.0000     48298.2826        -497332.1260       291.7008   -545630.4086   -497220.4506       292.5065            -84.8602       -50.6023    833543.0532        -0.0929        -0.1039

TIMING: 739000  CPU: 4458.14, 0.00605874/step  Wall: 4465.85, 0.00606517/step, 0.439725 hours remaining, 0.000000 MB of memory in use.
PERFORMANCE: 739000  averaging 28.595 ns/day, 0.00604301 sec/step with standard deviation 4.49612e-05
ENERGY:  739000       326.5841       970.5012      1441.7623        27.0016        -590525.8844     41928.9326        49.5722         0.0000     48495.6092        -497285.9213       292.8926   -545781.5305   -497179.7081       291.9332            -93.1910       -62.6689    832360.4498         1.0306         1.0261

TIMING: 740000  CPU: 4464.19, 0.00605098/step  Wall: 4471.91, 0.00606118/step, 0.437752 hours remaining, 0.000000 MB of memory in use.
PERFORMANCE: 740000  averaging 28.5949 ns/day, 0.00604303 sec/step with standard deviation 4.49357e-05
ETITLE:      TS           BOND          ANGLE          DIHED          IMPRP               ELECT            VDW       BOUNDARY           MISC        KINETIC               TOTAL           TEMP      POTENTIAL         TOTAL3        TEMPAVG            PRESSURE      GPRESSURE         VOLUME       PRESSAVG      GPRESSAVG

ENERGY:  740000       337.1306       956.9478      1423.2281        21.0062        -591174.6000     42622.5289        52.1096         0.0000     48434.6063        -497327.0425       292.5241   -545761.6488   -497219.6709       292.5103             62.1930        95.9190    831251.0471         4.1138         4.0458

WRITING EXTENDED SYSTEM TO RESTART FILE AT STEP 740000
WRITING COORDINATES TO DCD FILE eq1.dcd AT STEP 740000
WRITING COORDINATES TO RESTART FILE AT STEP 740000
FINISHED WRITING RESTART COORDINATES
WRITING VELOCITIES TO RESTART FILE AT STEP 740000
FINISHED WRITING RESTART VELOCITIES
LDB: ============= START OF LOAD BALANCING ============== 4474.61
LDB: ============== END OF LOAD BALANCING =============== 4474.61
Info: useSync: 0 useProxySync: 0
LDB: =============== DONE WITH MIGRATION ================ 4474.61
LDB: ============= START OF LOAD BALANCING ============== 4475.21
LDB: TIME 4475.21 LOAD: AVG 0.466306 MAX 0.506756  PROXIES: TOTAL 348 MAXPE 45 MAXPATCH 5 None MEM: 0 MB
LDB: TIME 4475.21 LOAD: AVG 0.466306 MAX 0.506756  PROXIES: TOTAL 348 MAXPE 45 MAXPATCH 5 RefineTorusLB MEM: 0 MB
LDB: TIME 4475.21 LOAD: AVG 0.466306 MAX 0.506756  PROXIES: TOTAL 348 MAXPE 45 MAXPATCH 5 RefineTorusLB MEM: 0 MB
LDB: ============== END OF LOAD BALANCING =============== 4475.21
Info: useSync: 0 useProxySync: 0
LDB: =============== DONE WITH MIGRATION ================ 4475.21
TIMING: 741000  CPU: 4470.25, 0.00605898/step  Wall: 4478, 0.00608564/step, 0.437828 hours remaining, 0.000000 MB of memory in use.
PERFORMANCE: 741000  averaging 28.5947 ns/day, 0.00604309 sec/step with standard deviation 4.49326e-05
ENERGY:  741000       328.4368       926.2404      1428.0243        22.2099        -591433.4684     42695.3849        56.4043         0.0000     48591.4514        -497385.3164       293.4714   -545976.7678   -497279.0332       292.2885             33.7843        68.8829    832097.3136         0.3526         0.3182

TIMING: 742000  CPU: 4476.31, 0.00606036/step  Wall: 4484.07, 0.00607179/step, 0.435145 hours remaining, 0.000000 MB of memory in use.
PERFORMANCE: 742000  averaging 28.5945 ns/day, 0.00604313 sec/step with standard deviation 4.49147e-05
ENERGY:  742000       333.6098       929.2914      1426.2935        28.5614        -590180.0547     41957.2363        55.7398         0.0000     48436.2388        -497013.0837       292.5340   -545449.3225   -496908.0941       292.3874            -73.9784       -40.1668    831012.1913        -0.4997        -0.4830

TIMING: 743000  CPU: 4482.36, 0.00605624/step  Wall: 4490.14, 0.00606508/step, 0.432979 hours remaining, 0.000000 MB of memory in use.
PERFORMANCE: 743000  averaging 28.5943 ns/day, 0.00604316 sec/step with standard deviation 4.48916e-05
ENERGY:  743000       344.6560       952.0966      1432.1122        26.8410        -590366.4791     42286.8239        52.1060         0.0000     48370.1148        -496901.7286       292.1346   -545271.8434   -496800.6639       293.1096            -66.8123       -34.1032    833535.8887         5.6488         5.6391

TIMING: 744000  CPU: 4488.43, 0.00606436/step  Wall: 4496.21, 0.0060776/step, 0.432185 hours remaining, 0.000000 MB of memory in use.
PERFORMANCE: 744000  averaging 28.5941 ns/day, 0.0060432 sec/step with standard deviation 4.48792e-05
ENERGY:  744000       323.7112       940.6644      1431.2379        25.6102        -590781.1361     42783.5716        56.2031         0.0000     48592.8954        -496627.2423       293.4801   -545220.1377   -496526.3437       292.9554            214.6765       244.8720    831337.2820         1.9328         1.8665

LDB: ============= START OF LOAD BALANCING ============== 4498.88
LDB: ============== END OF LOAD BALANCING =============== 4498.88
Info: useSync: 0 useProxySync: 0
LDB: =============== DONE WITH MIGRATION ================ 4498.88
LDB: ============= START OF LOAD BALANCING ============== 4499.49
LDB: TIME 4499.49 LOAD: AVG 0.46856 MAX 0.510337  PROXIES: TOTAL 348 MAXPE 45 MAXPATCH 5 None MEM: 0 MB
LDB: TIME 4499.49 LOAD: AVG 0.46856 MAX 0.510337  PROXIES: TOTAL 348 MAXPE 45 MAXPATCH 5 RefineTorusLB MEM: 0 MB
LDB: TIME 4499.49 LOAD: AVG 0.46856 MAX 0.510337  PROXIES: TOTAL 348 MAXPE 45 MAXPATCH 5 RefineTorusLB MEM: 0 MB
LDB: ============== END OF LOAD BALANCING =============== 4499.49
Info: useSync: 0 useProxySync: 0
LDB: =============== DONE WITH MIGRATION ================ 4499.49
TIMING: 745000  CPU: 4494.49, 0.00606457/step  Wall: 4502.29, 0.00607411/step, 0.430249 hours remaining, 0.000000 MB of memory in use.
PERFORMANCE: 745000  averaging 28.5939 ns/day, 0.00604324 sec/step with standard deviation 4.48633e-05
ENERGY:  745000       384.2872       926.7400      1430.3549        24.3736        -590170.5533     41948.9019        55.2844         0.0000     48624.8255        -496775.7858       293.6730   -545400.6113   -496668.5415       293.5247           -107.4620       -71.4504    834361.3235        -2.9275        -2.9038

WRITING COORDINATES TO DCD FILE eq1.dcd AT STEP 745000
TIMING: 746000  CPU: 4500.54, 0.00604454/step  Wall: 4508.35, 0.00605931/step, 0.427518 hours remaining, 0.000000 MB of memory in use.
PERFORMANCE: 746000  averaging 28.5938 ns/day, 0.00604327 sec/step with standard deviation 4.4837e-05
ENERGY:  746000       325.1159       943.5968      1417.7346        20.6308        -590418.0611     42153.9140        52.6102         0.0000     48480.8576        -497023.6013       292.8035   -545504.4588   -496913.6861       293.5396             -5.7591        23.6782    832759.4362        -2.1043        -2.0607

TIMING: 747000  CPU: 4506.6, 0.00606069/step  Wall: 4514.42, 0.00607053/step, 0.426623 hours remaining, 0.000000 MB of memory in use.
PERFORMANCE: 747000  averaging 28.5936 ns/day, 0.0060433 sec/step with standard deviation 4.48181e-05
ENERGY:  747000       349.1672       938.8823      1420.9286        28.9288        -590162.0668     41980.8048        61.8262         0.0000     48487.0727        -496894.4562       292.8410   -545381.5289   -496791.3056       292.8894           -189.7409      -158.0302    834696.2647         3.3717         3.3220

TIMING: 748000  CPU: 4512.66, 0.00605658/step  Wall: 4520.49, 0.00606898/step, 0.424828 hours remaining, 0.000000 MB of memory in use.
PERFORMANCE: 748000  averaging 28.5935 ns/day, 0.00604334 sec/step with standard deviation 4.47979e-05
ENERGY:  748000       296.8763       938.4605      1440.5403        25.5954        -590529.1165     42254.0625        53.6859         0.0000     48477.3797        -497042.5158       292.7825   -545519.8955   -496934.8406       292.5715             41.1653        74.7156    832512.4464        -2.3729        -2.3494

LDB: ============= START OF LOAD BALANCING ============== 4523.15
LDB: ============== END OF LOAD BALANCING =============== 4523.15
Info: useSync: 0 useProxySync: 0
LDB: =============== DONE WITH MIGRATION ================ 4523.15
LDB: ============= START OF LOAD BALANCING ============== 4523.76
LDB: TIME 4523.76 LOAD: AVG 0.467799 MAX 0.506337  PROXIES: TOTAL 348 MAXPE 45 MAXPATCH 5 None MEM: 0 MB
LDB: TIME 4523.76 LOAD: AVG 0.467799 MAX 0.506337  PROXIES: TOTAL 348 MAXPE 45 MAXPATCH 5 RefineTorusLB MEM: 0 MB
LDB: TIME 4523.76 LOAD: AVG 0.467799 MAX 0.506337  PROXIES: TOTAL 348 MAXPE 45 MAXPATCH 5 RefineTorusLB MEM: 0 MB
LDB: Reverting to original mapping
LDB: ============== END OF LOAD BALANCING =============== 4523.76
Info: useSync: 0 useProxySync: 0
LDB: =============== DONE WITH MIGRATION ================ 4523.76
TIMING: 749000  CPU: 4518.7, 0.00604108/step  Wall: 4526.54, 0.00605245/step, 0.42199 hours remaining, 0.000000 MB of memory in use.
PERFORMANCE: 749000  averaging 28.5934 ns/day, 0.00604335 sec/step with standard deviation 4.47692e-05
ENERGY:  749000       355.0540       959.6057      1432.4271        22.0078        -591046.2981     42501.1108        61.5822         0.0000     48315.7896        -497398.7210       291.8065   -545714.5106   -497308.0928       292.5096             41.4526        77.2432    832414.7941         3.6597         3.6874

TIMING: 750000  CPU: 4524.74, 0.00604485/step  Wall: 4532.59, 0.00605279/step, 0.420333 hours remaining, 0.000000 MB of memory in use.
PERFORMANCE: 750000  averaging 28.5934 ns/day, 0.00604336 sec/step with standard deviation 4.47406e-05
ETITLE:      TS           BOND          ANGLE          DIHED          IMPRP               ELECT            VDW       BOUNDARY           MISC        KINETIC               TOTAL           TEMP      POTENTIAL         TOTAL3        TEMPAVG            PRESSURE      GPRESSURE         VOLUME       PRESSAVG      GPRESSAVG

ENERGY:  750000       354.6386       988.6218      1440.0014        28.2632        -590802.7770     42307.8307        53.4618         0.0000     48256.8802        -497373.0794       291.4507   -545629.9596   -497269.4208       292.0781            -73.4514       -41.3763    833946.2647        -6.5141        -6.4622

WRITING EXTENDED SYSTEM TO RESTART FILE AT STEP 750000
WRITING COORDINATES TO DCD FILE eq1.dcd AT STEP 750000
WRITING COORDINATES TO RESTART FILE AT STEP 750000
FINISHED WRITING RESTART COORDINATES
WRITING VELOCITIES TO RESTART FILE AT STEP 750000
FINISHED WRITING RESTART VELOCITIES
TIMING: 751000  CPU: 4530.78, 0.00604289/step  Wall: 4538.66, 0.00606761/step, 0.419676 hours remaining, 0.000000 MB of memory in use.
PERFORMANCE: 751000  averaging 28.5932 ns/day, 0.00604339 sec/step with standard deviation 4.47195e-05
ENERGY:  751000       352.9701       933.0542      1425.4725        24.3776        -590564.3317     42246.9876        55.6402         0.0000     48420.8087        -497105.0208       292.4408   -545525.8294   -497002.4959       292.0629            -45.1327       -12.9835    833782.4046        -0.6981        -0.6722

TIMING: 752000  CPU: 4536.82, 0.00603498/step  Wall: 4544.71, 0.00604775/step, 0.416623 hours remaining, 0.000000 MB of memory in use.
PERFORMANCE: 752000  averaging 28.5932 ns/day, 0.0060434 sec/step with standard deviation 4.469e-05
ENERGY:  752000       341.3209       969.8765      1434.5039        24.3642        -590491.4263     42102.7260        61.4746         0.0000     48580.4810        -496976.6793       293.4051   -545557.1603   -496867.2613       292.3653            -10.5425        22.0682    831760.3893         1.8061         1.8201

LDB: ============= START OF LOAD BALANCING ============== 4547.37
LDB: ============== END OF LOAD BALANCING =============== 4547.37
Info: useSync: 0 useProxySync: 0
LDB: =============== DONE WITH MIGRATION ================ 4547.37
LDB: ============= START OF LOAD BALANCING ============== 4547.98
LDB: TIME 4547.98 LOAD: AVG 0.470117 MAX 0.510582  PROXIES: TOTAL 348 MAXPE 45 MAXPATCH 5 None MEM: 0 MB
LDB: TIME 4547.98 LOAD: AVG 0.470117 MAX 0.510582  PROXIES: TOTAL 348 MAXPE 45 MAXPATCH 5 RefineTorusLB MEM: 0 MB
LDB: TIME 4547.98 LOAD: AVG 0.470117 MAX 0.510582  PROXIES: TOTAL 348 MAXPE 45 MAXPATCH 5 RefineTorusLB MEM: 0 MB
LDB: ============== END OF LOAD BALANCING =============== 4547.98
Info: useSync: 0 useProxySync: 0
LDB: =============== DONE WITH MIGRATION ================ 4547.98
TIMING: 753000  CPU: 4542.88, 0.00605872/step  Wall: 4550.77, 0.00606564/step, 0.41617 hours remaining, 0.000000 MB of memory in use.
PERFORMANCE: 753000  averaging 28.593 ns/day, 0.00604343 sec/step with standard deviation 4.46676e-05
ENERGY:  753000       345.5525       945.1118      1432.9896        23.6850        -590621.2002     42168.2646        48.1975         0.0000     48491.6568        -497165.7424       292.8687   -545657.3992   -497056.7867       292.8420            -44.1158       -11.4583    832212.6229        -0.1197        -0.1001

TIMING: 754000  CPU: 4548.94, 0.00605886/step  Wall: 4556.84, 0.00606698/step, 0.414577 hours remaining, 0.000000 MB of memory in use.
PERFORMANCE: 754000  averaging 28.5929 ns/day, 0.00604346 sec/step with standard deviation 4.46462e-05
ENERGY:  754000       339.5361       958.5304      1431.8267        26.0536        -590747.1450     42466.4977        50.5183         0.0000     48378.5035        -497095.6787       292.1853   -545474.1822   -496991.8797       292.5721             46.4992        77.5643    831766.9566         2.8114         2.8549

TIMING: 755000  CPU: 4554.98, 0.00604293/step  Wall: 4562.89, 0.00605342/step, 0.411969 hours remaining, 0.000000 MB of memory in use.
PERFORMANCE: 755000  averaging 28.5928 ns/day, 0.00604347 sec/step with standard deviation 4.46181e-05
ENERGY:  755000       313.5551       962.8127      1445.1127        24.4169        -590663.9805     42138.7945        49.4625         0.0000     48404.0227        -497325.8034       292.3394   -545729.8261   -497222.7514       292.1906             -7.2573        24.8306    832472.5989        -1.3547        -1.3271

WRITING COORDINATES TO DCD FILE eq1.dcd AT STEP 755000
TIMING: 756000  CPU: 4561.04, 0.00605846/step  Wall: 4568.96, 0.006067/step, 0.411208 hours remaining, 0.000000 MB of memory in use.
PERFORMANCE: 756000  averaging 28.5927 ns/day, 0.0060435 sec/step with standard deviation 4.45967e-05
ENERGY:  756000       322.8228       991.8970      1417.3904        20.5051        -590774.0011     42225.0792        53.0190         0.0000     48468.0927        -497275.1949       292.7264   -545743.2876   -497173.4560       292.4908            -15.0467        19.2955    832158.7413        -3.4892        -3.5131

LDB: ============= START OF LOAD BALANCING ============== 4571.63
LDB: ============== END OF LOAD BALANCING =============== 4571.63
Info: useSync: 0 useProxySync: 0
LDB: =============== DONE WITH MIGRATION ================ 4571.63
LDB: ============= START OF LOAD BALANCING ============== 4572.24
LDB: TIME 4572.24 LOAD: AVG 0.467529 MAX 0.506296  PROXIES: TOTAL 348 MAXPE 45 MAXPATCH 5 None MEM: 0 MB
LDB: TIME 4572.24 LOAD: AVG 0.467529 MAX 0.506296  PROXIES: TOTAL 348 MAXPE 45 MAXPATCH 5 RefineTorusLB MEM: 0 MB
LDB: TIME 4572.24 LOAD: AVG 0.467529 MAX 0.506296  PROXIES: TOTAL 348 MAXPE 45 MAXPATCH 5 RefineTorusLB MEM: 0 MB
LDB: Reverting to original mapping
LDB: ============== END OF LOAD BALANCING =============== 4572.24
Info: useSync: 0 useProxySync: 0
LDB: =============== DONE WITH MIGRATION ================ 4572.24
TIMING: 757000  CPU: 4567.09, 0.00605503/step  Wall: 4575.03, 0.00606552/step, 0.409423 hours remaining, 0.000000 MB of memory in use.
PERFORMANCE: 757000  averaging 28.5925 ns/day, 0.00604353 sec/step with standard deviation 4.45744e-05
ENERGY:  757000       339.7690       980.9857      1424.4926        21.1414        -590884.6943     42557.6473        49.5596         0.0000     48360.1108        -497150.9880       292.0742   -545511.0988   -497040.9276       292.4796             30.3488        64.8636    832793.5873        -0.8987        -0.9110

TIMING: 758000  CPU: 4573.14, 0.00604697/step  Wall: 4581.08, 0.00605602/step, 0.407099 hours remaining, 0.000000 MB of memory in use.
PERFORMANCE: 758000  averaging 28.5925 ns/day, 0.00604355 sec/step with standard deviation 4.45473e-05
ENERGY:  758000       336.7565       987.1229      1423.1565        19.2612        -590998.4163     42282.6241        51.7963         0.0000     48456.8225        -497440.8763       292.6583   -545897.6988   -497338.5353       292.3550             -2.2190        29.3180    833532.1547         0.3208         0.3108

TIMING: 759000  CPU: 4579.18, 0.00603531/step  Wall: 4587.13, 0.00604541/step, 0.404707 hours remaining, 0.000000 MB of memory in use.
PERFORMANCE: 759000  averaging 28.5925 ns/day, 0.00604355 sec/step with standard deviation 4.45179e-05
ENERGY:  759000       327.5858       989.7145      1428.3269        28.6575        -591246.5199     42266.1902        57.1334         0.0000     48201.6039        -497947.3079       291.1169   -546148.9117   -497842.8049       291.6710            -54.7845       -21.3507    831817.6888        -1.2553        -1.2510

TIMING: 760000  CPU: 4585.22, 0.00604067/step  Wall: 4593.18, 0.00605131/step, 0.403421 hours remaining, 0.000000 MB of memory in use.
PERFORMANCE: 760000  averaging 28.5924 ns/day, 0.00604356 sec/step with standard deviation 4.44895e-05
ETITLE:      TS           BOND          ANGLE          DIHED          IMPRP               ELECT            VDW       BOUNDARY           MISC        KINETIC               TOTAL           TEMP      POTENTIAL         TOTAL3        TEMPAVG            PRESSURE      GPRESSURE         VOLUME       PRESSAVG      GPRESSAVG

ENERGY:  760000       365.1758       947.6919      1437.0131        27.6973        -591721.9257     42785.7920        56.1738         0.0000     48347.6976        -497754.6843       291.9992   -546102.3819   -497645.9003       291.6462            112.4522       148.2524    831357.8916         4.4405         4.4463

WRITING EXTENDED SYSTEM TO RESTART FILE AT STEP 760000
WRITING COORDINATES TO DCD FILE eq1.dcd AT STEP 760000
WRITING COORDINATES TO RESTART FILE AT STEP 760000
FINISHED WRITING RESTART COORDINATES
WRITING VELOCITIES TO RESTART FILE AT STEP 760000
FINISHED WRITING RESTART VELOCITIES
LDB: ============= START OF LOAD BALANCING ============== 4595.87
LDB: ============== END OF LOAD BALANCING =============== 4595.87
Info: useSync: 0 useProxySync: 0
LDB: =============== DONE WITH MIGRATION ================ 4595.87
LDB: ============= START OF LOAD BALANCING ============== 4596.47
LDB: TIME 4596.47 LOAD: AVG 0.466572 MAX 0.507325  PROXIES: TOTAL 348 MAXPE 45 MAXPATCH 5 None MEM: 0 MB
LDB: TIME 4596.47 LOAD: AVG 0.466572 MAX 0.507325  PROXIES: TOTAL 348 MAXPE 45 MAXPATCH 5 RefineTorusLB MEM: 0 MB
LDB: TIME 4596.47 LOAD: AVG 0.466572 MAX 0.507325  PROXIES: TOTAL 348 MAXPE 45 MAXPATCH 5 RefineTorusLB MEM: 0 MB
LDB: ============== END OF LOAD BALANCING =============== 4596.47
Info: useSync: 0 useProxySync: 0
LDB: =============== DONE WITH MIGRATION ================ 4596.48
TIMING: 761000  CPU: 4591.27, 0.00605031/step  Wall: 4599.25, 0.0060754/step, 0.403339 hours remaining, 0.000000 MB of memory in use.
PERFORMANCE: 761000  averaging 28.5922 ns/day, 0.0060436 sec/step with standard deviation 4.44752e-05
ENERGY:  761000       308.1432       965.0253      1435.3392        27.8654        -591213.3458     42441.6908        59.3326         0.0000     48191.1859        -497784.7634       291.0540   -545975.9493   -497688.4930       291.3851             22.6361        56.2099    831241.9075         3.5668         3.5299

TIMING: 762000  CPU: 4597.3, 0.00603627/step  Wall: 4605.3, 0.0060462/step, 0.399721 hours remaining, 0.000000 MB of memory in use.
PERFORMANCE: 762000  averaging 28.5922 ns/day, 0.00604361 sec/step with standard deviation 4.4446e-05
ENERGY:  762000       346.9497       959.1380      1421.8043        24.0700        -591212.8067     42057.5326        52.3939         0.0000     48126.5071        -498224.4112       290.6633   -546350.9183   -498126.1676       290.8497            -73.5802       -46.0224    830482.7680        -3.0094        -3.0181

TIMING: 763000  CPU: 4603.32, 0.00601813/step  Wall: 4611.33, 0.00602886/step, 0.3969 hours remaining, 0.000000 MB of memory in use.
PERFORMANCE: 763000  averaging 28.5923 ns/day, 0.00604359 sec/step with standard deviation 4.44201e-05
ENERGY:  763000       338.1940       973.0511      1429.8808        21.6494        -591000.8507     42150.6159        56.5710         0.0000     48189.8347        -497841.0537       291.0458   -546030.8884   -497740.3440       291.1792           -137.3073      -105.2705    832365.6386         3.6291         3.6054

TIMING: 764000  CPU: 4609.38, 0.0060545/step  Wall: 4617.39, 0.00606429/step, 0.397548 hours remaining, 0.000000 MB of memory in use.
PERFORMANCE: 764000  averaging 28.5922 ns/day, 0.00604362 sec/step with standard deviation 4.43973e-05
ENERGY:  764000       356.2898       972.5546      1436.2290        22.8059        -590959.3026     42218.1176        59.0189         0.0000     48410.3038        -497483.9830       292.3773   -545894.2869   -497380.7314       292.1989            -37.8957        -8.1002    831830.8910         3.6718         3.6602

LDB: ============= START OF LOAD BALANCING ============== 4620.06
LDB: ============== END OF LOAD BALANCING =============== 4620.06
Info: useSync: 0 useProxySync: 0
LDB: =============== DONE WITH MIGRATION ================ 4620.06
LDB: ============= START OF LOAD BALANCING ============== 4620.66
LDB: TIME 4620.66 LOAD: AVG 0.468258 MAX 0.505826  PROXIES: TOTAL 348 MAXPE 45 MAXPATCH 5 None MEM: 0 MB
LDB: TIME 4620.66 LOAD: AVG 0.468258 MAX 0.505826  PROXIES: TOTAL 348 MAXPE 45 MAXPATCH 5 RefineTorusLB MEM: 0 MB
LDB: TIME 4620.66 LOAD: AVG 0.468258 MAX 0.505826  PROXIES: TOTAL 348 MAXPE 45 MAXPATCH 5 RefineTorusLB MEM: 0 MB
LDB: ============== END OF LOAD BALANCING =============== 4620.66
Info: useSync: 0 useProxySync: 0
LDB: =============== DONE WITH MIGRATION ================ 4620.66
TIMING: 765000  CPU: 4615.42, 0.00604728/step  Wall: 4623.45, 0.00605417/step, 0.395203 hours remaining, 0.000000 MB of memory in use.
PERFORMANCE: 765000  averaging 28.5921 ns/day, 0.00604363 sec/step with standard deviation 4.43698e-05
ENERGY:  765000       354.2680       957.6757      1428.7566        21.6686        -590202.3948     41783.3194        53.5616         0.0000     48223.4121        -497379.7327       291.2486   -545603.1448   -497277.4337       292.1187           -155.7852      -119.7893    831142.5874         1.2053         1.1349

WRITING COORDINATES TO DCD FILE eq1.dcd AT STEP 765000
TIMING: 766000  CPU: 4621.48, 0.00605472/step  Wall: 4629.51, 0.00606599/step, 0.394289 hours remaining, 0.000000 MB of memory in use.
PERFORMANCE: 766000  averaging 28.592 ns/day, 0.00604366 sec/step with standard deviation 4.43482e-05
ENERGY:  766000       307.3740       982.0749      1413.7853        19.2653        -590342.4454     41938.8424        55.5854         0.0000     48215.0941        -497410.4238       291.1984   -545625.5179   -497307.8811       291.8311            -92.1041       -61.4443    832889.8549         6.7172         6.6963

TIMING: 767000  CPU: 4627.52, 0.00604306/step  Wall: 4635.56, 0.00605005/step, 0.391573 hours remaining, 0.000000 MB of memory in use.
PERFORMANCE: 767000  averaging 28.5919 ns/day, 0.00604367 sec/step with standard deviation 4.43198e-05
ENERGY:  767000       308.4914       923.9549      1432.3777        19.9657        -590663.2019     42492.0023        53.6728         0.0000     48672.1185        -496760.6186       293.9586   -545432.7371   -496651.3823       292.5720            138.2983       168.6895    831831.4409        -1.8469        -1.8798

TIMING: 768000  CPU: 4633.57, 0.00604701/step  Wall: 4641.62, 0.00605881/step, 0.390456 hours remaining, 0.000000 MB of memory in use.
PERFORMANCE: 768000  averaging 28.5918 ns/day, 0.00604369 sec/step with standard deviation 4.42943e-05
ENERGY:  768000       328.6490       928.3232      1433.0524        25.8770        -590744.7338     42494.6837        56.0968         0.0000     48555.5285        -496922.5231       293.2544   -545478.0516   -496824.6448       293.1361            114.7514       143.9471    833320.8336         1.3753         1.3526

LDB: ============= START OF LOAD BALANCING ============== 4644.28
LDB: ============== END OF LOAD BALANCING =============== 4644.28
Info: useSync: 0 useProxySync: 0
LDB: =============== DONE WITH MIGRATION ================ 4644.28
LDB: ============= START OF LOAD BALANCING ============== 4644.89
LDB: TIME 4644.89 LOAD: AVG 0.467432 MAX 0.507232  PROXIES: TOTAL 348 MAXPE 45 MAXPATCH 5 None MEM: 0 MB
LDB: TIME 4644.89 LOAD: AVG 0.467432 MAX 0.507232  PROXIES: TOTAL 348 MAXPE 45 MAXPATCH 5 RefineTorusLB MEM: 0 MB
LDB: TIME 4644.89 LOAD: AVG 0.467432 MAX 0.507232  PROXIES: TOTAL 348 MAXPE 45 MAXPATCH 5 RefineTorusLB MEM: 0 MB
LDB: ============== END OF LOAD BALANCING =============== 4644.89
Info: useSync: 0 useProxySync: 0
LDB: =============== DONE WITH MIGRATION ================ 4644.89
TIMING: 769000  CPU: 4639.59, 0.00602287/step  Wall: 4647.66, 0.00603223/step, 0.387068 hours remaining, 0.000000 MB of memory in use.
PERFORMANCE: 769000  averaging 28.5919 ns/day, 0.00604367 sec/step with standard deviation 4.42674e-05
ENERGY:  769000       339.6178       949.2187      1431.6803        30.6511        -590271.0359     41991.9493        52.6352         0.0000     48755.8972        -496719.3863       294.4646   -545475.2835   -496615.0936       293.3224            -82.0393       -47.8042    832819.8248        -5.1194        -5.1160

TIMING: 770000  CPU: 4645.62, 0.00602684/step  Wall: 4653.69, 0.00603553/step, 0.385603 hours remaining, 0.000000 MB of memory in use.
PERFORMANCE: 770000  averaging 28.5919 ns/day, 0.00604366 sec/step with standard deviation 4.42396e-05
ETITLE:      TS           BOND          ANGLE          DIHED          IMPRP               ELECT            VDW       BOUNDARY           MISC        KINETIC               TOTAL           TEMP      POTENTIAL         TOTAL3        TEMPAVG            PRESSURE      GPRESSURE         VOLUME       PRESSAVG      GPRESSAVG

ENERGY:  770000       338.4703       944.1845      1436.2420        26.7044        -590448.4923     42194.6352        61.3263         0.0000     48427.3234        -497019.6063       292.4801   -545446.9297   -496909.3593       293.3901             27.7498        61.6870    832178.6599        -0.0497        -0.0357

WRITING EXTENDED SYSTEM TO RESTART FILE AT STEP 770000
WRITING COORDINATES TO DCD FILE eq1.dcd AT STEP 770000
WRITING COORDINATES TO RESTART FILE AT STEP 770000
FINISHED WRITING RESTART COORDINATES
WRITING VELOCITIES TO RESTART FILE AT STEP 770000
FINISHED WRITING RESTART VELOCITIES
TIMING: 771000  CPU: 4651.67, 0.00605707/step  Wall: 4659.77, 0.00607788/step, 0.386621 hours remaining, 0.000000 MB of memory in use.
PERFORMANCE: 771000  averaging 28.5917 ns/day, 0.00604371 sec/step with standard deviation 4.4228e-05
ENERGY:  771000       338.6676       954.6668      1417.7445        27.2873        -590453.5454     41898.7188        53.1598         0.0000     48524.9604        -497238.3402       293.0698   -545763.3007   -497121.6082       292.3762           -164.8510      -132.9690    832103.1129         1.5985         1.6303

TIMING: 772000  CPU: 4657.72, 0.00604737/step  Wall: 4665.83, 0.00605754/step, 0.383644 hours remaining, 0.000000 MB of memory in use.
PERFORMANCE: 772000  averaging 28.5916 ns/day, 0.00604372 sec/step with standard deviation 4.42021e-05
ENERGY:  772000       327.8157       940.3196      1423.7003        22.0470        -590197.8677     42011.7138        53.1232         0.0000     48438.4291        -496980.7190       292.5472   -545419.1481   -496866.4102       292.7105           -109.9468       -83.2593    834268.8830        -1.3093        -1.3185

LDB: ============= START OF LOAD BALANCING ============== 4668.49
LDB: ============== END OF LOAD BALANCING =============== 4668.49
Info: useSync: 0 useProxySync: 0
LDB: =============== DONE WITH MIGRATION ================ 4668.49
LDB: ============= START OF LOAD BALANCING ============== 4669.1
LDB: TIME 4669.1 LOAD: AVG 0.46821 MAX 0.507481  PROXIES: TOTAL 348 MAXPE 45 MAXPATCH 5 None MEM: 0 MB
LDB: TIME 4669.1 LOAD: AVG 0.46821 MAX 0.507481  PROXIES: TOTAL 348 MAXPE 45 MAXPATCH 5 RefineTorusLB MEM: 0 MB
LDB: TIME 4669.1 LOAD: AVG 0.46821 MAX 0.507481  PROXIES: TOTAL 348 MAXPE 45 MAXPATCH 5 RefineTorusLB MEM: 0 MB
LDB: Reverting to original mapping
LDB: ============== END OF LOAD BALANCING =============== 4669.1
Info: useSync: 0 useProxySync: 0
LDB: =============== DONE WITH MIGRATION ================ 4669.1
TIMING: 773000  CPU: 4663.76, 0.00604296/step  Wall: 4671.88, 0.0060535/step, 0.381707 hours remaining, 0.000000 MB of memory in use.
PERFORMANCE: 773000  averaging 28.5916 ns/day, 0.00604374 sec/step with standard deviation 4.41749e-05
ENERGY:  773000       307.1848       960.9652      1429.7059        23.2545        -590836.3001     42173.9910        51.9418         0.0000     48340.9346        -497548.3221       291.9584   -545889.2568   -497437.2459       292.1565            -90.2027       -65.0161    832398.1004        -0.7650        -0.7264

TIMING: 774000  CPU: 4669.82, 0.00605795/step  Wall: 4677.95, 0.00606578/step, 0.380796 hours remaining, 0.000000 MB of memory in use.
PERFORMANCE: 774000  averaging 28.5915 ns/day, 0.00604376 sec/step with standard deviation 4.41534e-05
ENERGY:  774000       341.2897       932.5205      1431.6461        22.9611        -590239.2749     41927.5432        61.8876         0.0000     48448.6843        -497072.7425       292.6091   -545521.4268   -496955.5673       292.3222            -65.9732       -35.5937    832306.4386        10.0010         9.9496

TIMING: 775000  CPU: 4675.88, 0.00606247/step  Wall: 4684.02, 0.00607341/step, 0.379588 hours remaining, 0.000000 MB of memory in use.
PERFORMANCE: 775000  averaging 28.5913 ns/day, 0.0060438 sec/step with standard deviation 4.41377e-05
ENERGY:  775000       339.7486       964.8763      1431.6151        24.9092        -590529.1963     42305.0666        57.3919         0.0000     48578.6023        -496826.9863       293.3938   -545405.5887   -496728.7040       293.2073             26.6798        61.5284    832469.6775         0.5719         0.6344

WRITING COORDINATES TO DCD FILE eq1.dcd AT STEP 775000
TIMING: 776000  CPU: 4681.94, 0.00605055/step  Wall: 4690.08, 0.0060597/step, 0.377048 hours remaining, 0.000000 MB of memory in use.
PERFORMANCE: 776000  averaging 28.5912 ns/day, 0.00604382 sec/step with standard deviation 4.41129e-05
ENERGY:  776000       341.1946       941.7776      1442.8841        26.7921        -590273.8016     41981.8868        58.3081         0.0000     48642.0575        -496838.9009       293.7770   -545480.9583   -496731.7660       293.8294           -146.7793      -116.6641    833667.6122         0.5868         0.5774

LDB: ============= START OF LOAD BALANCING ============== 4692.74
LDB: ============== END OF LOAD BALANCING =============== 4692.74
Info: useSync: 0 useProxySync: 0
LDB: =============== DONE WITH MIGRATION ================ 4692.74
LDB: ============= START OF LOAD BALANCING ============== 4693.35
LDB: TIME 4693.35 LOAD: AVG 0.468204 MAX 0.51003  PROXIES: TOTAL 348 MAXPE 45 MAXPATCH 5 None MEM: 0 MB
LDB: TIME 4693.35 LOAD: AVG 0.468204 MAX 0.51003  PROXIES: TOTAL 348 MAXPE 45 MAXPATCH 5 RefineTorusLB MEM: 0 MB
LDB: TIME 4693.35 LOAD: AVG 0.468204 MAX 0.51003  PROXIES: TOTAL 348 MAXPE 45 MAXPATCH 5 RefineTorusLB MEM: 0 MB
LDB: ============== END OF LOAD BALANCING =============== 4693.35
Info: useSync: 0 useProxySync: 0
LDB: =============== DONE WITH MIGRATION ================ 4693.35
TIMING: 777000  CPU: 4687.99, 0.00605529/step  Wall: 4696.14, 0.0060621/step, 0.375513 hours remaining, 0.000000 MB of memory in use.
PERFORMANCE: 777000  averaging 28.5911 ns/day, 0.00604385 sec/step with standard deviation 4.40894e-05
ENERGY:  777000       340.8141       953.2860      1421.8573        28.4635        -590046.3859     41782.6989        55.5346         0.0000     48169.8351        -497293.8964       290.9250   -545463.7315   -497183.1884       293.1297            -81.8196       -49.9538    831672.7563         0.9005         0.8355

TIMING: 778000  CPU: 4694.03, 0.00604309/step  Wall: 4702.19, 0.00605221/step, 0.37322 hours remaining, 0.000000 MB of memory in use.
PERFORMANCE: 778000  averaging 28.591 ns/day, 0.00604386 sec/step with standard deviation 4.4062e-05
ENERGY:  778000       342.6643       989.9409      1440.3233        24.1187        -590471.4249     42052.8379        54.4458         0.0000     48082.2707        -497484.8233       290.3962   -545567.0939   -497378.7894       292.2870           -130.2152       -96.3213    832470.6873         0.0385         0.0395

TIMING: 779000  CPU: 4700.08, 0.00605093/step  Wall: 4708.26, 0.00606302/step, 0.372202 hours remaining, 0.000000 MB of memory in use.
PERFORMANCE: 779000  averaging 28.5909 ns/day, 0.00604388 sec/step with standard deviation 4.4039e-05
ENERGY:  779000       312.1315       957.6894      1441.5459        25.7919        -591095.6532     42478.8864        52.4309         0.0000     48250.8030        -497576.3743       291.4140   -545827.1773   -497470.5974       292.7025             26.3440        58.1801    833501.5245         1.2802         1.3513

TIMING: 780000  CPU: 4706.14, 0.00605938/step  Wall: 4714.32, 0.0060663/step, 0.370718 hours remaining, 0.000000 MB of memory in use.
PERFORMANCE: 780000  averaging 28.5908 ns/day, 0.00604391 sec/step with standard deviation 4.40181e-05
ETITLE:      TS           BOND          ANGLE          DIHED          IMPRP               ELECT            VDW       BOUNDARY           MISC        KINETIC               TOTAL           TEMP      POTENTIAL         TOTAL3        TEMPAVG            PRESSURE      GPRESSURE         VOLUME       PRESSAVG      GPRESSAVG

ENERGY:  780000       322.8962       972.1978      1452.3132        26.9526        -590733.7788     42341.2689        52.7141         0.0000     48305.6411        -497259.7948       291.7452   -545565.4359   -497148.1145       292.2661             12.8765        46.3262    831662.2087         3.9931         4.0668

WRITING EXTENDED SYSTEM TO RESTART FILE AT STEP 780000
WRITING COORDINATES TO DCD FILE eq1.dcd AT STEP 780000
WRITING COORDINATES TO RESTART FILE AT STEP 780000
FINISHED WRITING RESTART COORDINATES
WRITING VELOCITIES TO RESTART FILE AT STEP 780000
FINISHED WRITING RESTART VELOCITIES
LDB: ============= START OF LOAD BALANCING ============== 4717.02
LDB: ============== END OF LOAD BALANCING =============== 4717.02
Info: useSync: 0 useProxySync: 0
LDB: =============== DONE WITH MIGRATION ================ 4717.02
LDB: ============= START OF LOAD BALANCING ============== 4717.63
LDB: TIME 4717.63 LOAD: AVG 0.467838 MAX 0.511431  PROXIES: TOTAL 348 MAXPE 45 MAXPATCH 5 None MEM: 0 MB
LDB: TIME 4717.63 LOAD: AVG 0.467838 MAX 0.511431  PROXIES: TOTAL 348 MAXPE 45 MAXPATCH 5 RefineTorusLB MEM: 0 MB
LDB: TIME 4717.63 LOAD: AVG 0.467838 MAX 0.511431  PROXIES: TOTAL 348 MAXPE 45 MAXPATCH 5 RefineTorusLB MEM: 0 MB
LDB: Reverting to original mapping
LDB: ============== END OF LOAD BALANCING =============== 4717.63
Info: useSync: 0 useProxySync: 0
LDB: =============== DONE WITH MIGRATION ================ 4717.63
TIMING: 781000  CPU: 4712.23, 0.00608239/step  Wall: 4720.42, 0.00610207/step, 0.371209 hours remaining, 0.000000 MB of memory in use.
PERFORMANCE: 781000  averaging 28.5904 ns/day, 0.00604398 sec/step with standard deviation 4.4039e-05
ENERGY:  781000       317.8386       952.3791      1447.2258        28.8877        -591177.2736     42553.0381        54.6903         0.0000     48139.2503        -497683.9638       290.7403   -545823.2140   -497578.0378       292.0492             48.6469        81.2056    832679.3591        -1.8740        -1.8555

TIMING: 782000  CPU: 4718.25, 0.0060209/step  Wall: 4726.46, 0.00603547/step, 0.365481 hours remaining, 0.000000 MB of memory in use.
PERFORMANCE: 782000  averaging 28.5905 ns/day, 0.00604397 sec/step with standard deviation 4.40119e-05
ENERGY:  782000       344.6415       950.9819      1440.0322        25.0272        -590667.9964     42060.8189        55.8369         0.0000     48294.4050        -497496.2528       291.6774   -545790.6579   -497393.3819       291.6999            -69.1863       -33.7303    831529.1415        -0.4252        -0.4626

TIMING: 783000  CPU: 4724.3, 0.00604828/step  Wall: 4732.52, 0.00605884/step, 0.365213 hours remaining, 0.000000 MB of memory in use.
PERFORMANCE: 783000  averaging 28.5904 ns/day, 0.00604399 sec/step with standard deviation 4.3987e-05
ENERGY:  783000       325.6530       964.3943      1441.4063        24.3077        -589993.5036     41647.1657        53.1825         0.0000     48382.1899        -497155.2042       292.2076   -545537.3941   -497054.4273       291.9046           -257.2817      -227.9638    834131.6411         3.8423         3.8925

TIMING: 784000  CPU: 4730.35, 0.00605269/step  Wall: 4738.58, 0.00606271/step, 0.363763 hours remaining, 0.000000 MB of memory in use.
PERFORMANCE: 784000  averaging 28.5903 ns/day, 0.00604402 sec/step with standard deviation 4.39639e-05
ENERGY:  784000       350.2398       951.2746      1444.0063        22.8425        -590358.0059     41877.8473        48.5834         0.0000     48358.7465        -497304.4656       292.0660   -545663.2120   -497197.5950       292.5593           -131.1394       -98.6184    832679.3349        -0.5674        -0.6288

LDB: ============= START OF LOAD BALANCING ============== 4741.25
LDB: ============== END OF LOAD BALANCING =============== 4741.25
Info: useSync: 0 useProxySync: 0
LDB: =============== DONE WITH MIGRATION ================ 4741.25
LDB: ============= START OF LOAD BALANCING ============== 4741.86
LDB: TIME 4741.86 LOAD: AVG 0.468017 MAX 0.51134  PROXIES: TOTAL 348 MAXPE 45 MAXPATCH 5 None MEM: 0 MB
LDB: TIME 4741.86 LOAD: AVG 0.468017 MAX 0.51134  PROXIES: TOTAL 348 MAXPE 45 MAXPATCH 5 RefineTorusLB MEM: 0 MB
LDB: TIME 4741.86 LOAD: AVG 0.468017 MAX 0.51134  PROXIES: TOTAL 348 MAXPE 45 MAXPATCH 5 RefineTorusLB MEM: 0 MB
LDB: Reverting to original mapping
LDB: ============== END OF LOAD BALANCING =============== 4741.86
Info: useSync: 0 useProxySync: 0
LDB: =============== DONE WITH MIGRATION ================ 4741.86
TIMING: 785000  CPU: 4736.41, 0.00606035/step  Wall: 4744.65, 0.00607364/step, 0.362731 hours remaining, 0.000000 MB of memory in use.
PERFORMANCE: 785000  averaging 28.5901 ns/day, 0.00604405 sec/step with standard deviation 4.39486e-05
ENERGY:  785000       335.1099       920.5645      1434.4431        19.9228        -590566.3755     42140.9877        46.8465         0.0000     48589.6610        -497078.8399       293.4606   -545668.5009   -496979.2943       292.4725              3.8197        33.5896    832713.2135         3.2437         3.3562

WRITING COORDINATES TO DCD FILE eq1.dcd AT STEP 785000
TIMING: 786000  CPU: 4742.48, 0.00606876/step  Wall: 4750.73, 0.00607805/step, 0.361306 hours remaining, 0.000000 MB of memory in use.
PERFORMANCE: 786000  averaging 28.5899 ns/day, 0.0060441 sec/step with standard deviation 4.39374e-05
ENERGY:  786000       347.0653       965.0745      1427.7236        24.2905        -590022.9742     41868.9136        52.7694         0.0000     48363.4740        -496973.6634       292.0945   -545337.1374   -496859.7159       293.1424           -173.2771      -142.5281    832924.6338        -0.8798        -0.9268

TIMING: 787000  CPU: 4748.53, 0.0060529/step  Wall: 4756.8, 0.00606445/step, 0.358813 hours remaining, 0.000000 MB of memory in use.
PERFORMANCE: 787000  averaging 28.5898 ns/day, 0.00604412 sec/step with standard deviation 4.39154e-05
ENERGY:  787000       325.8096       920.6852      1445.2121        20.3808        -590497.2085     41953.7689        55.7927         0.0000     48216.8598        -497558.6993       291.2090   -545775.5591   -497458.4088       292.2230            -32.9291        -0.8135    832317.1354        -0.3779        -0.3887

TIMING: 788000  CPU: 4754.59, 0.00606095/step  Wall: 4762.87, 0.00607079/step, 0.357502 hours remaining, 0.000000 MB of memory in use.
PERFORMANCE: 788000  averaging 28.5896 ns/day, 0.00604416 sec/step with standard deviation 4.38978e-05
ENERGY:  788000       345.7377       986.8230      1439.3236        18.2927        -591213.8849     42298.3273        53.2357         0.0000     48443.3242        -497628.8207       292.5768   -546072.1449   -497521.5432       291.8787             -4.1987        31.5901    831921.6711         0.9413         1.0195

LDB: ============= START OF LOAD BALANCING ============== 4765.54
LDB: ============== END OF LOAD BALANCING =============== 4765.54
Info: useSync: 0 useProxySync: 0
LDB: =============== DONE WITH MIGRATION ================ 4765.54
LDB: ============= START OF LOAD BALANCING ============== 4766.15
LDB: TIME 4766.15 LOAD: AVG 0.466739 MAX 0.510606  PROXIES: TOTAL 348 MAXPE 45 MAXPATCH 5 None MEM: 0 MB
LDB: TIME 4766.15 LOAD: AVG 0.466739 MAX 0.510606  PROXIES: TOTAL 348 MAXPE 45 MAXPATCH 5 RefineTorusLB MEM: 0 MB
LDB: TIME 4766.15 LOAD: AVG 0.466739 MAX 0.510606  PROXIES: TOTAL 348 MAXPE 45 MAXPATCH 5 RefineTorusLB MEM: 0 MB
LDB: ============== END OF LOAD BALANCING =============== 4766.15
Info: useSync: 0 useProxySync: 0
LDB: =============== DONE WITH MIGRATION ================ 4766.15
TIMING: 789000  CPU: 4760.65, 0.0060545/step  Wall: 4768.93, 0.00606455/step, 0.35545 hours remaining, 0.000000 MB of memory in use.
PERFORMANCE: 789000  averaging 28.5895 ns/day, 0.00604418 sec/step with standard deviation 4.38759e-05
ENERGY:  789000       357.1550       981.9663      1428.5643        26.3116        -591186.1926     42605.6021        55.9666         0.0000     48451.4536        -497279.1731       292.6259   -545730.6267   -497170.7741       291.8839             36.9168        69.2269    832454.0942         4.1079         4.0775

TIMING: 790000  CPU: 4766.7, 0.00605916/step  Wall: 4775, 0.00606899/step, 0.354024 hours remaining, 0.000000 MB of memory in use.
PERFORMANCE: 790000  averaging 28.5893 ns/day, 0.00604421 sec/step with standard deviation 4.3857e-05
ETITLE:      TS           BOND          ANGLE          DIHED          IMPRP               ELECT            VDW       BOUNDARY           MISC        KINETIC               TOTAL           TEMP      POTENTIAL         TOTAL3        TEMPAVG            PRESSURE      GPRESSURE         VOLUME       PRESSAVG      GPRESSAVG

ENERGY:  790000       348.7296       998.0917      1429.7310        23.7414        -590542.3011     42129.4204        57.9999         0.0000     48357.6072        -497196.9800       292.0591   -545554.5872   -497100.0319       292.3066            -77.7259       -49.9894    832334.8612         4.6810         4.7523

WRITING EXTENDED SYSTEM TO RESTART FILE AT STEP 790000
WRITING COORDINATES TO DCD FILE eq1.dcd AT STEP 790000
WRITING COORDINATES TO RESTART FILE AT STEP 790000
FINISHED WRITING RESTART COORDINATES
WRITING VELOCITIES TO RESTART FILE AT STEP 790000
FINISHED WRITING RESTART VELOCITIES
TIMING: 791000  CPU: 4772.76, 0.0060579/step  Wall: 4781.09, 0.00608622/step, 0.353339 hours remaining, 0.000000 MB of memory in use.
PERFORMANCE: 791000  averaging 28.5891 ns/day, 0.00604427 sec/step with standard deviation 4.38546e-05
ENERGY:  791000       346.2140       965.5768      1433.0346        24.7851        -590456.0032     41931.0497        60.5439         0.0000     48429.3150        -497265.4841       292.4922   -545694.7991   -497164.4998       292.4408            -98.0235       -71.8129    832553.9862         1.0191         0.9999

TIMING: 792000  CPU: 4778.81, 0.0060512/step  Wall: 4787.15, 0.00605773/step, 0.350002 hours remaining, 0.000000 MB of memory in use.
PERFORMANCE: 792000  averaging 28.589 ns/day, 0.00604428 sec/step with standard deviation 4.38295e-05
ENERGY:  792000       331.1532       946.0782      1445.9887        23.7454        -589892.2662     41896.6135        47.5377         0.0000     48328.8054        -496872.3441       291.8851   -545201.1495   -496763.6823       292.4937           -191.4906      -159.6085    834701.7739        -2.7698        -2.7831

LDB: ============= START OF LOAD BALANCING ============== 4789.81
LDB: ============== END OF LOAD BALANCING =============== 4789.81
Info: useSync: 0 useProxySync: 0
LDB: =============== DONE WITH MIGRATION ================ 4789.81
LDB: ============= START OF LOAD BALANCING ============== 4790.42
LDB: TIME 4790.42 LOAD: AVG 0.46823 MAX 0.509798  PROXIES: TOTAL 348 MAXPE 45 MAXPATCH 5 None MEM: 0 MB
LDB: TIME 4790.42 LOAD: AVG 0.46823 MAX 0.509798  PROXIES: TOTAL 348 MAXPE 45 MAXPATCH 5 RefineTorusLB MEM: 0 MB
LDB: TIME 4790.42 LOAD: AVG 0.46823 MAX 0.509798  PROXIES: TOTAL 348 MAXPE 45 MAXPATCH 5 RefineTorusLB MEM: 0 MB
LDB: ============== END OF LOAD BALANCING =============== 4790.42
Info: useSync: 0 useProxySync: 0
LDB: =============== DONE WITH MIGRATION ================ 4790.42
TIMING: 793000  CPU: 4784.88, 0.00606286/step  Wall: 4793.22, 0.00607303/step, 0.349199 hours remaining, 0.000000 MB of memory in use.
PERFORMANCE: 793000  averaging 28.5888 ns/day, 0.00604432 sec/step with standard deviation 4.38137e-05
ENERGY:  793000       327.5782       969.8460      1435.0823        29.4290        -591366.9929     42746.1020        50.1869         0.0000     48438.8475        -497369.9209       292.5497   -545808.7684   -497263.8371       292.3221            119.7423       151.8104    831359.9795        -2.6819        -2.6616

TIMING: 794000  CPU: 4790.94, 0.00606275/step  Wall: 4799.29, 0.00607237/step, 0.347475 hours remaining, 0.000000 MB of memory in use.
PERFORMANCE: 794000  averaging 28.5887 ns/day, 0.00604436 sec/step with standard deviation 4.37974e-05
ENERGY:  794000       328.2771       943.0935      1442.2319        22.7977        -590897.3948     42618.5170        47.2632         0.0000     48299.0542        -497196.1603       291.7054   -545495.2144   -497099.3213       292.5068             61.5720        96.9471    832006.2590         3.7026         3.7451

TIMING: 795000  CPU: 4796.98, 0.00603916/step  Wall: 4805.34, 0.00604566/step, 0.344267 hours remaining, 0.000000 MB of memory in use.
PERFORMANCE: 795000  averaging 28.5886 ns/day, 0.00604436 sec/step with standard deviation 4.37699e-05
ENERGY:  795000       334.4985       945.8648      1451.0424        24.7197        -590734.4040     42299.0144        49.9712         0.0000     48289.5098        -497339.7832       291.6478   -545629.2930   -497241.0002       292.0301             13.8227        48.3021    833067.6701         3.8488         3.8593

WRITING COORDINATES TO DCD FILE eq1.dcd AT STEP 795000
TIMING: 796000  CPU: 4803.04, 0.0060597/step  Wall: 4811.4, 0.00606802/step, 0.343854 hours remaining, 0.000000 MB of memory in use.
PERFORMANCE: 796000  averaging 28.5885 ns/day, 0.00604439 sec/step with standard deviation 4.37504e-05
ENERGY:  796000       341.3345       970.2839      1431.2087        23.4382        -591061.9213     42473.3668        56.0686         0.0000     48252.1746        -497514.0460       291.4223   -545766.2206   -497414.6548       291.9732              3.9446        33.5372    832042.6122         0.0616         0.0435

LDB: ============= START OF LOAD BALANCING ============== 4814.07
LDB: ============== END OF LOAD BALANCING =============== 4814.07
Info: useSync: 0 useProxySync: 0
LDB: =============== DONE WITH MIGRATION ================ 4814.07
LDB: ============= START OF LOAD BALANCING ============== 4814.68
LDB: TIME 4814.68 LOAD: AVG 0.467837 MAX 0.510737  PROXIES: TOTAL 348 MAXPE 45 MAXPATCH 5 None MEM: 0 MB
LDB: TIME 4814.68 LOAD: AVG 0.467837 MAX 0.510737  PROXIES: TOTAL 348 MAXPE 45 MAXPATCH 5 RefineTorusLB MEM: 0 MB
LDB: TIME 4814.68 LOAD: AVG 0.467837 MAX 0.510737  PROXIES: TOTAL 348 MAXPE 45 MAXPATCH 5 RefineTorusLB MEM: 0 MB
LDB: Reverting to original mapping
LDB: ============== END OF LOAD BALANCING =============== 4814.68
Info: useSync: 0 useProxySync: 0
LDB: =============== DONE WITH MIGRATION ================ 4814.68
TIMING: 797000  CPU: 4809.08, 0.00604352/step  Wall: 4817.46, 0.00605498/step, 0.341433 hours remaining, 0.000000 MB of memory in use.
PERFORMANCE: 797000  averaging 28.5884 ns/day, 0.0060444 sec/step with standard deviation 4.37245e-05
ENERGY:  797000       321.9497       995.5626      1437.7573        25.8368        -590470.2546     41853.6528        54.3967         0.0000     48468.7576        -497312.3411       292.7304   -545781.0987   -497208.3619       292.0364           -133.6186       -99.9479    832315.0303         0.9015         0.8554

TIMING: 798000  CPU: 4815.13, 0.00605116/step  Wall: 4823.52, 0.00605829/step, 0.339937 hours remaining, 0.000000 MB of memory in use.
PERFORMANCE: 798000  averaging 28.5884 ns/day, 0.00604442 sec/step with standard deviation 4.36998e-05
ENERGY:  798000       342.7516       965.0194      1440.4475        25.8156        -591317.6004     42534.8040        51.5131         0.0000     48419.8503        -497537.3990       292.4350   -545957.2493   -497426.6064       292.7181             22.5386        52.9773    832122.1034        -0.0190         0.0110

TIMING: 799000  CPU: 4821.19, 0.00605466/step  Wall: 4829.58, 0.00606477/step, 0.338617 hours remaining, 0.000000 MB of memory in use.
PERFORMANCE: 799000  averaging 28.5882 ns/day, 0.00604444 sec/step with standard deviation 4.36783e-05
ENERGY:  799000       333.5197       940.8127      1445.1933        22.9962        -591042.3308     42203.0261        50.9423         0.0000     48126.4070        -497919.4335       290.6627   -546045.8405   -497817.0869       291.7621            -73.1716       -42.8876    831245.6412         5.7012         5.6900

TIMING: 800000  CPU: 4827.24, 0.00605585/step  Wall: 4835.64, 0.00606143/step, 0.336746 hours remaining, 0.000000 MB of memory in use.
PERFORMANCE: 800000  averaging 28.5881 ns/day, 0.00604447 sec/step with standard deviation 4.36551e-05
ETITLE:      TS           BOND          ANGLE          DIHED          IMPRP               ELECT            VDW       BOUNDARY           MISC        KINETIC               TOTAL           TEMP      POTENTIAL         TOTAL3        TEMPAVG            PRESSURE      GPRESSURE         VOLUME       PRESSAVG      GPRESSAVG

ENERGY:  800000       323.0420       973.1054      1433.1542        27.5397        -590783.9168     42050.0612        54.8794         0.0000     48379.2061        -497542.9288       292.1895   -545922.1349   -497437.3187       291.9836            -44.7174       -13.3562    832776.0655        -3.2917        -3.2953

WRITING EXTENDED SYSTEM TO RESTART FILE AT STEP 800000
WRITING COORDINATES TO DCD FILE eq1.dcd AT STEP 800000
WRITING COORDINATES TO RESTART FILE AT STEP 800000
FINISHED WRITING RESTART COORDINATES
WRITING VELOCITIES TO RESTART FILE AT STEP 800000
FINISHED WRITING RESTART VELOCITIES
LDB: ============= START OF LOAD BALANCING ============== 4838.33
LDB: ============== END OF LOAD BALANCING =============== 4838.33
Info: useSync: 0 useProxySync: 0
LDB: =============== DONE WITH MIGRATION ================ 4838.33
LDB: ============= START OF LOAD BALANCING ============== 4838.94
LDB: TIME 4838.94 LOAD: AVG 0.468091 MAX 0.507472  PROXIES: TOTAL 348 MAXPE 45 MAXPATCH 5 None MEM: 0 MB
LDB: TIME 4838.94 LOAD: AVG 0.468091 MAX 0.507472  PROXIES: TOTAL 348 MAXPE 45 MAXPATCH 5 RefineTorusLB MEM: 0 MB
LDB: TIME 4838.94 LOAD: AVG 0.468091 MAX 0.507472  PROXIES: TOTAL 348 MAXPE 45 MAXPATCH 5 RefineTorusLB MEM: 0 MB
LDB: Reverting to original mapping
LDB: ============== END OF LOAD BALANCING =============== 4838.94
Info: useSync: 0 useProxySync: 0
LDB: =============== DONE WITH MIGRATION ================ 4838.94
TIMING: 801000  CPU: 4833.29, 0.00604198/step  Wall: 4841.71, 0.0060673/step, 0.335387 hours remaining, 0.000000 MB of memory in use.
PERFORMANCE: 801000  averaging 28.588 ns/day, 0.00604449 sec/step with standard deviation 4.36353e-05
ENERGY:  801000       386.0400       951.5589      1424.7994        23.6996        -591207.7308     42381.6903        54.4210         0.0000     48332.9450        -497652.5767       291.9101   -545985.5217   -497542.0854       291.7581            -16.3100        14.9944    830633.5579        -5.7332        -5.6561

TIMING: 802000  CPU: 4839.34, 0.00605519/step  Wall: 4847.77, 0.00606166/step, 0.333391 hours remaining, 0.000000 MB of memory in use.
PERFORMANCE: 802000  averaging 28.5879 ns/day, 0.00604452 sec/step with standard deviation 4.36123e-05
ENERGY:  802000       335.9476       971.5987      1417.6427        22.2147        -590805.0113     42026.0497        54.6210         0.0000     48395.3462        -497581.5907       292.2870   -545976.9369   -497479.7278       292.1768           -171.9452      -142.6541    833782.0138         2.6469         2.6101

TIMING: 803000  CPU: 4845.42, 0.00607464/step  Wall: 4853.86, 0.00608307/step, 0.332879 hours remaining, 0.000000 MB of memory in use.
PERFORMANCE: 803000  averaging 28.5877 ns/day, 0.00604456 sec/step with standard deviation 4.36063e-05
ENERGY:  803000       350.3030       976.8970      1431.1548        31.4305        -591493.6947     42627.4360        56.3030         0.0000     48341.0910        -497679.0794       291.9593   -546020.1703   -497578.7076       291.5423            113.5217       147.9886    832246.0045         0.8460         0.8857

TIMING: 804000  CPU: 4851.47, 0.00605555/step  Wall: 4859.92, 0.00606531/step, 0.330222 hours remaining, 0.000000 MB of memory in use.
PERFORMANCE: 804000  averaging 28.5876 ns/day, 0.00604459 sec/step with standard deviation 4.35853e-05
ENERGY:  804000       294.5245       943.3307      1419.6751        24.4721        -590702.5281     42152.8036        58.0355         0.0000     48261.2249        -497548.4616       291.4770   -545809.6865   -497446.7693       291.6330            -57.9948       -23.6951    833941.3792        -2.6888        -2.6540

LDB: ============= START OF LOAD BALANCING ============== 4862.59
LDB: ============== END OF LOAD BALANCING =============== 4862.59
Info: useSync: 0 useProxySync: 0
LDB: =============== DONE WITH MIGRATION ================ 4862.59
LDB: ============= START OF LOAD BALANCING ============== 4863.2
LDB: TIME 4863.2 LOAD: AVG 0.469442 MAX 0.510197  PROXIES: TOTAL 348 MAXPE 45 MAXPATCH 5 None MEM: 0 MB
LDB: TIME 4863.2 LOAD: AVG 0.469442 MAX 0.510197  PROXIES: TOTAL 348 MAXPE 45 MAXPATCH 5 RefineTorusLB MEM: 0 MB
LDB: TIME 4863.2 LOAD: AVG 0.469442 MAX 0.510197  PROXIES: TOTAL 348 MAXPE 45 MAXPATCH 5 RefineTorusLB MEM: 0 MB
LDB: Reverting to original mapping
LDB: ============== END OF LOAD BALANCING =============== 4863.2
Info: useSync: 0 useProxySync: 0
LDB: =============== DONE WITH MIGRATION ================ 4863.2
TIMING: 805000  CPU: 4857.53, 0.0060639/step  Wall: 4865.99, 0.00607168/step, 0.328883 hours remaining, 0.000000 MB of memory in use.
PERFORMANCE: 805000  averaging 28.5874 ns/day, 0.00604462 sec/step with standard deviation 4.35686e-05
ENERGY:  805000       345.2957       970.5742      1425.8906        23.3752        -590781.3738     42308.4280        58.4580         0.0000     48630.7197        -497018.6324       293.7086   -545649.3522   -496912.3416       291.8994             -9.6898        20.6423    832381.6027         5.9847         6.0179

WRITING COORDINATES TO DCD FILE eq1.dcd AT STEP 805000
TIMING: 806000  CPU: 4863.6, 0.00606336/step  Wall: 4872.06, 0.00607148/step, 0.327185 hours remaining, 0.000000 MB of memory in use.
PERFORMANCE: 806000  averaging 28.5872 ns/day, 0.00604466 sec/step with standard deviation 4.35518e-05
ENERGY:  806000       343.4720       964.4692      1428.3835        24.9670        -591123.9880     42468.6135        55.9716         0.0000     48584.9645        -497253.1468       293.4322   -545838.1112   -497145.6425       291.8706             19.2078        50.3701    830659.4804        -2.3635        -2.4072

TIMING: 807000  CPU: 4869.65, 0.00605063/step  Wall: 4878.12, 0.00605984/step, 0.324875 hours remaining, 0.000000 MB of memory in use.
PERFORMANCE: 807000  averaging 28.5871 ns/day, 0.00604467 sec/step with standard deviation 4.35281e-05
ENERGY:  807000       344.7664       945.6408      1457.3941        20.6990        -590367.9243     41945.4006        47.4578         0.0000     48214.4713        -497392.0943       291.1946   -545606.5656   -497287.2043       291.6854           -169.5611      -139.8936    833705.6054        -3.1233        -3.2034

TIMING: 808000  CPU: 4875.7, 0.00605542/step  Wall: 4884.19, 0.00606631/step, 0.323537 hours remaining, 0.000000 MB of memory in use.
PERFORMANCE: 808000  averaging 28.587 ns/day, 0.0060447 sec/step with standard deviation 4.35078e-05
ENERGY:  808000       353.8829       964.9405      1427.4764        23.8444        -590890.3010     42170.9751        49.7973         0.0000     48306.1956        -497593.1887       291.7486   -545899.3843   -497483.3447       291.5431           -147.3429      -117.7005    834665.6210        -1.8076        -1.7380

LDB: ============= START OF LOAD BALANCING ============== 4886.85
LDB: ============== END OF LOAD BALANCING =============== 4886.85
Info: useSync: 0 useProxySync: 0
LDB: =============== DONE WITH MIGRATION ================ 4886.85
LDB: ============= START OF LOAD BALANCING ============== 4887.45
LDB: TIME 4887.45 LOAD: AVG 0.468136 MAX 0.510187  PROXIES: TOTAL 348 MAXPE 45 MAXPATCH 5 None MEM: 0 MB
LDB: TIME 4887.45 LOAD: AVG 0.468136 MAX 0.510187  PROXIES: TOTAL 348 MAXPE 45 MAXPATCH 5 RefineTorusLB MEM: 0 MB
LDB: TIME 4887.45 LOAD: AVG 0.468136 MAX 0.510187  PROXIES: TOTAL 348 MAXPE 45 MAXPATCH 5 RefineTorusLB MEM: 0 MB
LDB: Reverting to original mapping
LDB: ============== END OF LOAD BALANCING =============== 4887.45
Info: useSync: 0 useProxySync: 0
LDB: =============== DONE WITH MIGRATION ================ 4887.45
TIMING: 809000  CPU: 4881.75, 0.00604713/step  Wall: 4890.25, 0.00605417/step, 0.321207 hours remaining, 0.000000 MB of memory in use.
PERFORMANCE: 809000  averaging 28.587 ns/day, 0.00604471 sec/step with standard deviation 4.34821e-05
ENERGY:  809000       349.9374       934.0731      1420.8999        20.8729        -591014.0458     42365.4317        55.2598         0.0000     48574.5589        -497293.0121       293.3694   -545867.5710   -497190.3789       292.3162             13.8750        47.9089    832098.3379         1.5824         1.6555

TIMING: 810000  CPU: 4887.79, 0.00603951/step  Wall: 4896.29, 0.00604982/step, 0.319296 hours remaining, 0.000000 MB of memory in use.
PERFORMANCE: 810000  averaging 28.5869 ns/day, 0.00604472 sec/step with standard deviation 4.34556e-05
ETITLE:      TS           BOND          ANGLE          DIHED          IMPRP               ELECT            VDW       BOUNDARY           MISC        KINETIC               TOTAL           TEMP      POTENTIAL         TOTAL3        TEMPAVG            PRESSURE      GPRESSURE         VOLUME       PRESSAVG      GPRESSAVG

ENERGY:  810000       340.8478       922.1335      1427.4177        20.8624        -590781.8273     42132.3235        51.5201         0.0000     48544.9761        -497341.7461       293.1907   -545886.7222   -497238.3907       292.5357             10.2460        37.9674    831870.2456         1.1531         1.1145

WRITING EXTENDED SYSTEM TO RESTART FILE AT STEP 810000
WRITING COORDINATES TO DCD FILE eq1.dcd AT STEP 810000
WRITING COORDINATES TO RESTART FILE AT STEP 810000
FINISHED WRITING RESTART COORDINATES
WRITING VELOCITIES TO RESTART FILE AT STEP 810000
FINISHED WRITING RESTART VELOCITIES
TIMING: 811000  CPU: 4893.85, 0.00605796/step  Wall: 4902.37, 0.00607868/step, 0.319131 hours remaining, 0.000000 MB of memory in use.
PERFORMANCE: 811000  averaging 28.5867 ns/day, 0.00604476 sec/step with standard deviation 4.34451e-05
ENERGY:  811000       315.6346       922.5328      1424.8848        21.7948        -590773.3885     42050.0559        48.7223         0.0000     48670.7387        -497319.0246       293.9503   -545989.7633   -497208.7917       291.9005            -39.2131        -4.9583    831742.0142         0.1692         0.1599

TIMING: 812000  CPU: 4899.91, 0.00605911/step  Wall: 4908.44, 0.00606717/step, 0.316841 hours remaining, 0.000000 MB of memory in use.
PERFORMANCE: 812000  averaging 28.5866 ns/day, 0.00604479 sec/step with standard deviation 4.34255e-05
ENERGY:  812000       351.7605       987.8454      1435.3002        20.9830        -590471.9150     41969.5490        47.4191         0.0000     48265.6020        -497393.4558       291.5034   -545659.0578   -497281.9003       292.3951           -163.5061      -133.3929    834355.3073         6.2114         6.1929

LDB: ============= START OF LOAD BALANCING ============== 4911.11
LDB: ============== END OF LOAD BALANCING =============== 4911.11
Info: useSync: 0 useProxySync: 0
LDB: =============== DONE WITH MIGRATION ================ 4911.11
LDB: ============= START OF LOAD BALANCING ============== 4911.71
LDB: TIME 4911.71 LOAD: AVG 0.469227 MAX 0.509489  PROXIES: TOTAL 348 MAXPE 45 MAXPATCH 5 None MEM: 0 MB
LDB: TIME 4911.71 LOAD: AVG 0.469227 MAX 0.509489  PROXIES: TOTAL 348 MAXPE 45 MAXPATCH 5 RefineTorusLB MEM: 0 MB
LDB: TIME 4911.71 LOAD: AVG 0.469227 MAX 0.509489  PROXIES: TOTAL 348 MAXPE 45 MAXPATCH 5 RefineTorusLB MEM: 0 MB
LDB: ============== END OF LOAD BALANCING =============== 4911.71
Info: useSync: 0 useProxySync: 0
LDB: =============== DONE WITH MIGRATION ================ 4911.71
TIMING: 813000  CPU: 4905.96, 0.00604977/step  Wall: 4914.5, 0.00606264/step, 0.31492 hours remaining, 0.000000 MB of memory in use.
PERFORMANCE: 813000  averaging 28.5865 ns/day, 0.00604481 sec/step with standard deviation 4.34032e-05
ENERGY:  813000       316.4624       935.9400      1437.3032        31.2578        -590397.5268     41774.8312        57.0946         0.0000     48526.9643        -497317.6733       293.0819   -545844.6377   -497218.3582       292.1539           -223.5986      -189.5290    832628.2079        -0.2474        -0.1869

TIMING: 814000  CPU: 4912.01, 0.0060518/step  Wall: 4920.56, 0.00605726/step, 0.312958 hours remaining, 0.000000 MB of memory in use.
PERFORMANCE: 814000  averaging 28.5864 ns/day, 0.00604483 sec/step with standard deviation 4.33787e-05
ENERGY:  814000       336.5638       932.3609      1437.1774        25.1562        -590802.4517     42250.6354        47.3709         0.0000     48489.7225        -497283.4646       292.8570   -545773.1871   -497179.2385       292.0360            -90.9615       -60.7740    832336.3088         3.2220         3.1279

TIMING: 815000  CPU: 4918.05, 0.00604323/step  Wall: 4926.61, 0.00605249/step, 0.311031 hours remaining, 0.000000 MB of memory in use.
PERFORMANCE: 815000  averaging 28.5864 ns/day, 0.00604484 sec/step with standard deviation 4.33529e-05
ENERGY:  815000       350.4157       946.2510      1426.5270        20.6772        -590481.3122     42152.8070        44.1187         0.0000     48418.4856        -497122.0300       292.4268   -545540.5156   -497010.6930       292.6449              4.3009        36.8374    831275.9670         7.4183         7.3925

WRITING COORDINATES TO DCD FILE eq1.dcd AT STEP 815000
TIMING: 816000  CPU: 4924.1, 0.00605171/step  Wall: 4932.68, 0.0060619/step, 0.30983 hours remaining, 0.000000 MB of memory in use.
PERFORMANCE: 816000  averaging 28.5863 ns/day, 0.00604486 sec/step with standard deviation 4.33304e-05
ENERGY:  816000       340.0244      1004.2216      1426.4320        26.8819        -590311.2904     41878.0105        50.2583         0.0000     48197.5495        -497387.9122       291.0924   -545585.4617   -497282.5421       292.7055           -126.1834       -90.0505    832269.1119         0.3706         0.4148

LDB: ============= START OF LOAD BALANCING ============== 4935.34
LDB: ============== END OF LOAD BALANCING =============== 4935.34
Info: useSync: 0 useProxySync: 0
LDB: =============== DONE WITH MIGRATION ================ 4935.34
LDB: ============= START OF LOAD BALANCING ============== 4935.95
LDB: TIME 4935.95 LOAD: AVG 0.469825 MAX 0.507526  PROXIES: TOTAL 348 MAXPE 45 MAXPATCH 5 None MEM: 0 MB
LDB: TIME 4935.95 LOAD: AVG 0.469825 MAX 0.507526  PROXIES: TOTAL 348 MAXPE 45 MAXPATCH 5 RefineTorusLB MEM: 0 MB
LDB: TIME 4935.95 LOAD: AVG 0.469825 MAX 0.507526  PROXIES: TOTAL 348 MAXPE 45 MAXPATCH 5 RefineTorusLB MEM: 0 MB
LDB: Reverting to original mapping
LDB: ============== END OF LOAD BALANCING =============== 4935.95
Info: useSync: 0 useProxySync: 0
LDB: =============== DONE WITH MIGRATION ================ 4935.95
TIMING: 817000  CPU: 4930.15, 0.0060432/step  Wall: 4938.73, 0.00605076/step, 0.30758 hours remaining, 0.000000 MB of memory in use.
PERFORMANCE: 817000  averaging 28.5863 ns/day, 0.00604486 sec/step with standard deviation 4.33044e-05
ENERGY:  817000       330.9287       970.8376      1424.1611        21.1965        -591179.0188     42528.5629        57.1602         0.0000     48426.5973        -497419.5745       292.4758   -545846.1718   -497317.1237       292.2875            111.0462       142.8921    831100.3187        -0.9558        -0.9706

TIMING: 818000  CPU: 4936.17, 0.00601974/step  Wall: 4944.76, 0.00603012/step, 0.304856 hours remaining, 0.000000 MB of memory in use.
PERFORMANCE: 818000  averaging 28.5863 ns/day, 0.00604485 sec/step with standard deviation 4.32809e-05
ENERGY:  818000       331.6718       948.1404      1433.2706        25.5491        -590860.5639     42154.8759        49.7059         0.0000     48274.6487        -497642.7017       291.5580   -545917.3503   -497544.0036       292.5002           -110.3503       -78.0492    832009.1343        -1.0874        -1.0606

TIMING: 819000  CPU: 4942.2, 0.00603205/step  Wall: 4950.8, 0.00604005/step, 0.30368 hours remaining, 0.000000 MB of memory in use.
PERFORMANCE: 819000  averaging 28.5864 ns/day, 0.00604484 sec/step with standard deviation 4.32548e-05
ENERGY:  819000       358.4843       994.2560      1446.9795        31.5840        -590422.3146     41775.5434        45.3866         0.0000     48197.3539        -497572.7269       291.0912   -545770.0809   -497464.0120       291.2702           -142.2193      -108.0998    832996.7501        -3.4899        -3.5202

TIMING: 820000  CPU: 4948.25, 0.00604687/step  Wall: 4956.85, 0.00605285/step, 0.302642 hours remaining, 0.000000 MB of memory in use.
PERFORMANCE: 820000  averaging 28.5863 ns/day, 0.00604485 sec/step with standard deviation 4.32293e-05
ETITLE:      TS           BOND          ANGLE          DIHED          IMPRP               ELECT            VDW       BOUNDARY           MISC        KINETIC               TOTAL           TEMP      POTENTIAL         TOTAL3        TEMPAVG            PRESSURE      GPRESSURE         VOLUME       PRESSAVG      GPRESSAVG

ENERGY:  820000       344.8216       940.8187      1436.4639        22.2736        -590667.6974     41804.3422        48.1464         0.0000     48638.0823        -497432.7488       293.7530   -546070.8311   -497337.5196       291.5846           -168.0349      -136.3567    832036.2707         0.2802         0.2867

WRITING EXTENDED SYSTEM TO RESTART FILE AT STEP 820000
WRITING COORDINATES TO DCD FILE eq1.dcd AT STEP 820000
WRITING COORDINATES TO RESTART FILE AT STEP 820000
FINISHED WRITING RESTART COORDINATES
WRITING VELOCITIES TO RESTART FILE AT STEP 820000
FINISHED WRITING RESTART VELOCITIES
LDB: ============= START OF LOAD BALANCING ============== 4959.54
LDB: ============== END OF LOAD BALANCING =============== 4959.54
Info: useSync: 0 useProxySync: 0
LDB: =============== DONE WITH MIGRATION ================ 4959.54
LDB: ============= START OF LOAD BALANCING ============== 4960.15
LDB: TIME 4960.15 LOAD: AVG 0.468978 MAX 0.509161  PROXIES: TOTAL 348 MAXPE 45 MAXPATCH 5 None MEM: 0 MB
LDB: TIME 4960.15 LOAD: AVG 0.468978 MAX 0.509161  PROXIES: TOTAL 348 MAXPE 45 MAXPATCH 5 RefineTorusLB MEM: 0 MB
LDB: TIME 4960.15 LOAD: AVG 0.468978 MAX 0.509161  PROXIES: TOTAL 348 MAXPE 45 MAXPATCH 5 RefineTorusLB MEM: 0 MB
LDB: ============== END OF LOAD BALANCING =============== 4960.15
Info: useSync: 0 useProxySync: 0
LDB: =============== DONE WITH MIGRATION ================ 4960.15
TIMING: 821000  CPU: 4954.31, 0.00606708/step  Wall: 4962.94, 0.0060896/step, 0.302788 hours remaining, 0.000000 MB of memory in use.
PERFORMANCE: 821000  averaging 28.5861 ns/day, 0.0060449 sec/step with standard deviation 4.32311e-05
ENERGY:  821000       323.6088       927.9066      1438.1742        24.0631        -591153.1792     42392.9023        53.2371         0.0000     48463.7335        -497529.5536       292.7000   -545993.2871   -497425.0420       291.9866             48.7695        82.6629    832845.9790         4.0613         4.0412

TIMING: 822000  CPU: 4960.35, 0.00603731/step  Wall: 4968.99, 0.00604711/step, 0.298996 hours remaining, 0.000000 MB of memory in use.
PERFORMANCE: 822000  averaging 28.586 ns/day, 0.00604491 sec/step with standard deviation 4.32048e-05
ENERGY:  822000       340.8827       979.0788      1429.8319        23.5280        -590409.3232     41735.4655        54.7534         0.0000     48370.9519        -497474.8311       292.1397   -545845.7829   -497367.9777       291.5901           -221.4485      -186.8306    832872.4999         2.4860         2.4972

TIMING: 823000  CPU: 4966.41, 0.00605667/step  Wall: 4975.05, 0.00606936/step, 0.29841 hours remaining, 0.000000 MB of memory in use.
PERFORMANCE: 823000  averaging 28.5859 ns/day, 0.00604494 sec/step with standard deviation 4.3187e-05
ENERGY:  823000       330.8219       906.9620      1439.4642        27.4327        -590529.1497     42202.5009        51.1723         0.0000     48216.4784        -497354.3173       291.2067   -545570.7957   -497248.7320       291.8717             -8.5807        25.6705    832864.5432         5.7935         5.7613

TIMING: 824000  CPU: 4972.46, 0.00604924/step  Wall: 4981.11, 0.00605765/step, 0.296152 hours remaining, 0.000000 MB of memory in use.
PERFORMANCE: 824000  averaging 28.5858 ns/day, 0.00604495 sec/step with standard deviation 4.3163e-05
ENERGY:  824000       327.7223       946.6976      1443.0257        24.4424        -590553.8558     42106.2862        54.8673         0.0000     48377.1744        -497273.6401       292.1773   -545650.8145   -497162.5871       292.0702            -22.4215        11.5627    833452.4550        -0.3774        -0.3870

LDB: ============= START OF LOAD BALANCING ============== 4983.78
LDB: ============== END OF LOAD BALANCING =============== 4983.78
Info: useSync: 0 useProxySync: 0
LDB: =============== DONE WITH MIGRATION ================ 4983.78
LDB: ============= START OF LOAD BALANCING ============== 4984.39
LDB: TIME 4984.39 LOAD: AVG 0.468341 MAX 0.510916  PROXIES: TOTAL 348 MAXPE 45 MAXPATCH 5 None MEM: 0 MB
LDB: TIME 4984.39 LOAD: AVG 0.468341 MAX 0.510916  PROXIES: TOTAL 348 MAXPE 45 MAXPATCH 5 RefineTorusLB MEM: 0 MB
LDB: TIME 4984.39 LOAD: AVG 0.468341 MAX 0.510916  PROXIES: TOTAL 348 MAXPE 45 MAXPATCH 5 RefineTorusLB MEM: 0 MB
LDB: ============== END OF LOAD BALANCING =============== 4984.39
Info: useSync: 0 useProxySync: 0
LDB: =============== DONE WITH MIGRATION ================ 4984.39
TIMING: 825000  CPU: 4978.51, 0.00605701/step  Wall: 4987.18, 0.00607149/step, 0.295142 hours remaining, 0.000000 MB of memory in use.
PERFORMANCE: 825000  averaging 28.5857 ns/day, 0.00604498 sec/step with standard deviation 4.31467e-05
ENERGY:  825000       336.2514       946.6351      1449.9147        21.7236        -590846.4681     42140.4360        50.1805         0.0000     47975.0515        -497926.2752       289.7486   -545901.3267   -497828.5900       291.6558           -171.4071      -138.7684    834017.7385         8.4135         8.3785

WRITING COORDINATES TO DCD FILE eq1.dcd AT STEP 825000
TIMING: 826000  CPU: 4984.56, 0.0060447/step  Wall: 4993.24, 0.00605392/step, 0.292606 hours remaining, 0.000000 MB of memory in use.
PERFORMANCE: 826000  averaging 28.5856 ns/day, 0.006045 sec/step with standard deviation 4.31217e-05
ENERGY:  826000       322.2302       964.5915      1426.4358        22.4350        -591086.8277     42124.6439        58.1946         0.0000     48138.4195        -498029.8773       290.7353   -546168.2968   -497923.5215       290.8445           -129.4304       -95.4357    833024.0547         0.4693         0.4396

TIMING: 827000  CPU: 4990.61, 0.00605287/step  Wall: 4999.3, 0.00606432/step, 0.291424 hours remaining, 0.000000 MB of memory in use.
PERFORMANCE: 827000  averaging 28.5855 ns/day, 0.00604502 sec/step with standard deviation 4.31008e-05
ENERGY:  827000       315.6500      1008.7535      1436.1732        22.1234        -590562.0088     41848.2173        53.6891         0.0000     48150.3895        -497727.0127       290.8076   -545877.4022   -497614.6845       291.0872           -258.5761      -227.1145    832214.1649         0.1869         0.1596

TIMING: 828000  CPU: 4996.71, 0.00610153/step  Wall: 5005.42, 0.00611293/step, 0.292062 hours remaining, 0.000000 MB of memory in use.
PERFORMANCE: 828000  averaging 28.5851 ns/day, 0.0060451 sec/step with standard deviation 4.31393e-05
ENERGY:  828000       330.3299       973.4506      1426.7073        21.0860        -590054.4294     41645.8215        48.1284         0.0000     48472.0222        -497136.8836       292.7501   -545608.9058   -497026.1657       292.5807           -183.7076      -150.4332    833280.5781         1.4271         1.4747

LDB: ============= START OF LOAD BALANCING ============== 5008.09
LDB: ============== END OF LOAD BALANCING =============== 5008.09
Info: useSync: 0 useProxySync: 0
LDB: =============== DONE WITH MIGRATION ================ 5008.09
LDB: ============= START OF LOAD BALANCING ============== 5008.7
LDB: TIME 5008.7 LOAD: AVG 0.47073 MAX 0.515732  PROXIES: TOTAL 348 MAXPE 45 MAXPATCH 5 None MEM: 0 MB
LDB: TIME 5008.7 LOAD: AVG 0.47073 MAX 0.515732  PROXIES: TOTAL 348 MAXPE 45 MAXPATCH 5 RefineTorusLB MEM: 0 MB
LDB: TIME 5008.7 LOAD: AVG 0.47073 MAX 0.515732  PROXIES: TOTAL 348 MAXPE 45 MAXPATCH 5 RefineTorusLB MEM: 0 MB
LDB: ============== END OF LOAD BALANCING =============== 5008.71
Info: useSync: 0 useProxySync: 0
LDB: =============== DONE WITH MIGRATION ================ 5008.71
TIMING: 829000  CPU: 5002.8, 0.00609146/step  Wall: 5011.51, 0.00609892/step, 0.289699 hours remaining, 0.000000 MB of memory in use.
PERFORMANCE: 829000  averaging 28.5848 ns/day, 0.00604517 sec/step with standard deviation 4.31538e-05
ENERGY:  829000       367.3089      1005.0742      1421.3493        23.9073        -589920.3186     42018.5995        55.4997         0.0000     48422.3943        -496606.1853       292.4504   -545028.5796   -496506.8459       293.3515           -139.0224      -107.5006    835063.1384         2.9567         2.9791

TIMING: 830000  CPU: 5008.9, 0.0060988/step  Wall: 5017.62, 0.00610654/step, 0.288364 hours remaining, 0.000000 MB of memory in use.
PERFORMANCE: 830000  averaging 28.5845 ns/day, 0.00604524 sec/step with standard deviation 4.31803e-05
ETITLE:      TS           BOND          ANGLE          DIHED          IMPRP               ELECT            VDW       BOUNDARY           MISC        KINETIC               TOTAL           TEMP      POTENTIAL         TOTAL3        TEMPAVG            PRESSURE      GPRESSURE         VOLUME       PRESSAVG      GPRESSAVG

ENERGY:  830000       335.8377       948.9307      1423.6919        23.2755        -589784.0111     41886.6372        53.0577         0.0000     48402.7410        -496709.8395       292.3317   -545112.5805   -496598.8668       293.1142           -121.3283       -92.5129    834074.6107         1.1504         1.1367

WRITING EXTENDED SYSTEM TO RESTART FILE AT STEP 830000
WRITING COORDINATES TO DCD FILE eq1.dcd AT STEP 830000
WRITING COORDINATES TO RESTART FILE AT STEP 830000
FINISHED WRITING RESTART COORDINATES
WRITING VELOCITIES TO RESTART FILE AT STEP 830000
FINISHED WRITING RESTART VELOCITIES
TIMING: 831000  CPU: 5014.99, 0.0060832/step  Wall: 5023.73, 0.00610569/step, 0.286628 hours remaining, 0.000000 MB of memory in use.
PERFORMANCE: 831000  averaging 28.5841 ns/day, 0.00604531 sec/step with standard deviation 4.32052e-05
ENERGY:  831000       354.3535       956.9313      1447.3703        22.6704        -590888.0603     42273.4599        53.5443         0.0000     48635.3275        -497144.4032       293.7364   -545779.7307   -497049.6600       292.8699            -59.1853       -29.1099    832618.3184         6.5848         6.6510

TIMING: 832000  CPU: 5021.05, 0.00606713/step  Wall: 5029.8, 0.00607589/step, 0.283542 hours remaining, 0.000000 MB of memory in use.
PERFORMANCE: 832000  averaging 28.584 ns/day, 0.00604535 sec/step with standard deviation 4.31922e-05
ENERGY:  832000       307.5253       953.2536      1439.1930        26.6027        -591492.2691     42462.4037        50.2949         0.0000     48359.2472        -497893.7487       292.0690   -546252.9959   -497782.1874       292.3296             29.2217        59.5963    831245.3875        -3.7978        -3.8108

LDB: ============= START OF LOAD BALANCING ============== 5032.48
LDB: ============== END OF LOAD BALANCING =============== 5032.48
Info: useSync: 0 useProxySync: 0
LDB: =============== DONE WITH MIGRATION ================ 5032.48
LDB: ============= START OF LOAD BALANCING ============== 5033.09
LDB: TIME 5033.09 LOAD: AVG 0.469691 MAX 0.512319  PROXIES: TOTAL 348 MAXPE 45 MAXPATCH 5 None MEM: 0 MB
LDB: TIME 5033.09 LOAD: AVG 0.469691 MAX 0.512319  PROXIES: TOTAL 348 MAXPE 45 MAXPATCH 5 RefineTorusLB MEM: 0 MB
LDB: TIME 5033.09 LOAD: AVG 0.469691 MAX 0.512319  PROXIES: TOTAL 348 MAXPE 45 MAXPATCH 5 RefineTorusLB MEM: 0 MB
LDB: ============== END OF LOAD BALANCING =============== 5033.09
Info: useSync: 0 useProxySync: 0
LDB: =============== DONE WITH MIGRATION ================ 5033.09
TIMING: 833000  CPU: 5027.14, 0.00608315/step  Wall: 5035.9, 0.00609286/step, 0.282641 hours remaining, 0.000000 MB of memory in use.
PERFORMANCE: 833000  averaging 28.5837 ns/day, 0.00604541 sec/step with standard deviation 4.31976e-05
ENERGY:  833000       361.9316       928.8757      1425.7327        23.5271        -590881.0799     42222.5076        60.4703         0.0000     48114.5296        -497743.5054       290.5910   -545858.0350   -497638.7411       291.1891            -17.8652        13.1493    831979.6511         2.5047         2.5605

TIMING: 834000  CPU: 5033.21, 0.00607074/step  Wall: 5041.97, 0.00607763/step, 0.280246 hours remaining, 0.000000 MB of memory in use.
PERFORMANCE: 834000  averaging 28.5835 ns/day, 0.00604544 sec/step with standard deviation 4.31861e-05
ENERGY:  834000       366.2765       954.6709      1433.8620        18.5210        -590373.7971     41971.0925        52.5454         0.0000     48025.7835        -497551.0454       290.0550   -545576.8289   -497447.5653       291.2661           -177.6040      -147.1735    835458.3297        -2.4060        -2.4769

TIMING: 835000  CPU: 5039.27, 0.00606706/step  Wall: 5048.05, 0.00607775/step, 0.278564 hours remaining, 0.000000 MB of memory in use.
PERFORMANCE: 835000  averaging 28.5833 ns/day, 0.00604548 sec/step with standard deviation 4.31747e-05
ENERGY:  835000       342.9834       948.2589      1452.9922        24.5194        -590627.9555     42084.3267        49.5773         0.0000     48102.4252        -497622.8723       290.5179   -545725.2976   -497518.4297       291.5682            -92.0640       -60.7853    833926.5093         3.8686         3.7991

WRITING COORDINATES TO DCD FILE eq1.dcd AT STEP 835000
TIMING: 836000  CPU: 5045.32, 0.0060477/step  Wall: 5054.1, 0.00605406/step, 0.275796 hours remaining, 0.000000 MB of memory in use.
PERFORMANCE: 836000  averaging 28.5833 ns/day, 0.00604549 sec/step with standard deviation 4.31499e-05
ENERGY:  836000       325.6191      1001.7955      1434.3091        27.0490        -590925.4308     42338.8364        60.9086         0.0000     48586.2088        -497150.7045       293.4397   -545736.9133   -497046.6624       292.1134            -27.9540         4.3635    831778.1037        -3.2504        -3.2076

LDB: ============= START OF LOAD BALANCING ============== 5056.76
LDB: ============== END OF LOAD BALANCING =============== 5056.76
Info: useSync: 0 useProxySync: 0
LDB: =============== DONE WITH MIGRATION ================ 5056.76
LDB: ============= START OF LOAD BALANCING ============== 5057.36
LDB: TIME 5057.36 LOAD: AVG 0.468415 MAX 0.496748  PROXIES: TOTAL 348 MAXPE 45 MAXPATCH 5 None MEM: 0 MB
LDB: TIME 5057.36 LOAD: AVG 0.468415 MAX 0.496748  PROXIES: TOTAL 348 MAXPE 45 MAXPATCH 5 RefineTorusLB MEM: 0 MB
LDB: TIME 5057.36 LOAD: AVG 0.468415 MAX 0.496748  PROXIES: TOTAL 348 MAXPE 45 MAXPATCH 5 RefineTorusLB MEM: 0 MB
LDB: Reverting to original mapping
LDB: ============== END OF LOAD BALANCING =============== 5057.36
Info: useSync: 0 useProxySync: 0
LDB: =============== DONE WITH MIGRATION ================ 5057.36
TIMING: 837000  CPU: 5051.33, 0.00601237/step  Wall: 5060.12, 0.00602034/step, 0.272588 hours remaining, 0.000000 MB of memory in use.
PERFORMANCE: 837000  averaging 28.5834 ns/day, 0.00604546 sec/step with standard deviation 4.31328e-05
ENERGY:  837000       355.7338       912.1525      1413.6389        25.4682        -590794.5010     42305.9888        53.2262         0.0000     48529.2951        -497198.9975       293.0960   -545728.2926   -497084.8844       292.3943            -10.2638        23.0924    831621.0152         1.8288         1.8415

TIMING: 838000  CPU: 5057.36, 0.00602464/step  Wall: 5066.16, 0.00603264/step, 0.271469 hours remaining, 0.000000 MB of memory in use.
PERFORMANCE: 838000  averaging 28.5835 ns/day, 0.00604545 sec/step with standard deviation 4.31093e-05
ENERGY:  838000       326.9283       966.9677      1445.8567        26.3529        -590389.5471     41968.0599        57.5794         0.0000     48218.1783        -497379.6239       291.2170   -545597.8022   -497276.9868       292.2728           -122.2126       -90.7505    832525.2303         3.0685         3.1665

TIMING: 839000  CPU: 5063.37, 0.00601271/step  Wall: 5072.18, 0.00602077/step, 0.269262 hours remaining, 0.000000 MB of memory in use.
PERFORMANCE: 839000  averaging 28.5836 ns/day, 0.00604542 sec/step with standard deviation 4.3092e-05
ENERGY:  839000       345.9168       957.4787      1442.7993        28.5839        -590631.6282     42247.6728        55.7800         0.0000     48401.7663        -497151.6305       292.3258   -545553.3968   -497045.3005       292.6117            -32.0182        -1.8501    832942.0457         5.8624         5.9050

TIMING: 840000  CPU: 5069.4, 0.00603271/step  Wall: 5078.22, 0.0060398/step, 0.268436 hours remaining, 0.000000 MB of memory in use.
PERFORMANCE: 840000  averaging 28.5837 ns/day, 0.00604541 sec/step with standard deviation 4.30668e-05
ETITLE:      TS           BOND          ANGLE          DIHED          IMPRP               ELECT            VDW       BOUNDARY           MISC        KINETIC               TOTAL           TEMP      POTENTIAL         TOTAL3        TEMPAVG            PRESSURE      GPRESSURE         VOLUME       PRESSAVG      GPRESSAVG

ENERGY:  840000       332.8955       966.3012      1429.6775        28.7239        -590704.1250     42272.8873        46.0787         0.0000     48307.9654        -497319.5956       291.7593   -545627.5610   -497219.5432       292.0530             62.8775        91.5368    831577.4321         5.3029         5.3174

WRITING EXTENDED SYSTEM TO RESTART FILE AT STEP 840000
WRITING COORDINATES TO DCD FILE eq1.dcd AT STEP 840000
WRITING COORDINATES TO RESTART FILE AT STEP 840000
FINISHED WRITING RESTART COORDINATES
WRITING VELOCITIES TO RESTART FILE AT STEP 840000
FINISHED WRITING RESTART VELOCITIES
LDB: ============= START OF LOAD BALANCING ============== 5080.91
LDB: ============== END OF LOAD BALANCING =============== 5080.91
Info: useSync: 0 useProxySync: 0
LDB: =============== DONE WITH MIGRATION ================ 5080.91
LDB: ============= START OF LOAD BALANCING ============== 5081.52
LDB: TIME 5081.52 LOAD: AVG 0.471794 MAX 0.50356  PROXIES: TOTAL 348 MAXPE 45 MAXPATCH 5 None MEM: 0 MB
LDB: TIME 5081.52 LOAD: AVG 0.471794 MAX 0.50356  PROXIES: TOTAL 348 MAXPE 45 MAXPATCH 5 RefineTorusLB MEM: 0 MB
LDB: TIME 5081.52 LOAD: AVG 0.471794 MAX 0.50356  PROXIES: TOTAL 348 MAXPE 45 MAXPATCH 5 RefineTorusLB MEM: 0 MB
LDB: Reverting to original mapping
LDB: ============== END OF LOAD BALANCING =============== 5081.52
Info: useSync: 0 useProxySync: 0
LDB: =============== DONE WITH MIGRATION ================ 5081.52
TIMING: 841000  CPU: 5075.44, 0.0060366/step  Wall: 5084.28, 0.00606063/step, 0.267678 hours remaining, 0.000000 MB of memory in use.
PERFORMANCE: 841000  averaging 28.5836 ns/day, 0.00604543 sec/step with standard deviation 4.30443e-05
ENERGY:  841000       355.3655      1000.9334      1438.3828        18.2795        -591157.8082     42448.5185        45.5100         0.0000     48637.0431        -497213.7753       293.7468   -545850.8184   -497120.6145       292.4149             15.0138        47.3225    833547.9575         0.5990         0.6617

TIMING: 842000  CPU: 5081.45, 0.00600891/step  Wall: 5090.29, 0.00601591/step, 0.264032 hours remaining, 0.000000 MB of memory in use.
PERFORMANCE: 842000  averaging 28.5837 ns/day, 0.00604539 sec/step with standard deviation 4.30307e-05
ENERGY:  842000       364.7733       935.1686      1432.8571        25.8941        -590755.6660     42386.8884        44.2113         0.0000     48091.6904        -497474.1828       290.4531   -545565.8732   -497368.5140       292.3924             37.0221        71.7957    832285.9817         4.4114         4.4674

TIMING: 843000  CPU: 5087.48, 0.00602858/step  Wall: 5096.33, 0.00603418/step, 0.263157 hours remaining, 0.000000 MB of memory in use.
PERFORMANCE: 843000  averaging 28.5838 ns/day, 0.00604538 sec/step with standard deviation 4.30069e-05
ENERGY:  843000       343.6508       952.9461      1433.3329        21.6751        -590106.5356     42079.2729        53.5672         0.0000     48332.6480        -496889.4426       291.9083   -545222.0906   -496787.1166       292.2255           -157.8935      -122.5245    834715.9821         0.9860         1.0277

TIMING: 844000  CPU: 5093.5, 0.00601659/step  Wall: 5102.35, 0.00602477/step, 0.261073 hours remaining, 0.000000 MB of memory in use.
PERFORMANCE: 844000  averaging 28.5839 ns/day, 0.00604536 sec/step with standard deviation 4.29873e-05
ENERGY:  844000       332.3471       968.5358      1412.4415        21.3501        -590105.6814     42127.3282        54.3242         0.0000     48486.9668        -496702.3877       292.8404   -545189.3546   -496599.7562       292.8772            -48.6104       -17.1262    834459.4897        -2.0207        -2.1270

LDB: ============= START OF LOAD BALANCING ============== 5105.01
LDB: ============== END OF LOAD BALANCING =============== 5105.01
Info: useSync: 0 useProxySync: 0
LDB: =============== DONE WITH MIGRATION ================ 5105.01
LDB: ============= START OF LOAD BALANCING ============== 5105.61
LDB: TIME 5105.61 LOAD: AVG 0.470741 MAX 0.503277  PROXIES: TOTAL 348 MAXPE 45 MAXPATCH 5 None MEM: 0 MB
LDB: TIME 5105.61 LOAD: AVG 0.470741 MAX 0.503277  PROXIES: TOTAL 348 MAXPE 45 MAXPATCH 5 RefineTorusLB MEM: 0 MB
LDB: TIME 5105.61 LOAD: AVG 0.470741 MAX 0.503277  PROXIES: TOTAL 348 MAXPE 45 MAXPATCH 5 RefineTorusLB MEM: 0 MB
LDB: Reverting to original mapping
LDB: ============== END OF LOAD BALANCING =============== 5105.61
Info: useSync: 0 useProxySync: 0
LDB: =============== DONE WITH MIGRATION ================ 5105.61
TIMING: 845000  CPU: 5099.5, 0.00600867/step  Wall: 5108.37, 0.00601595/step, 0.25902 hours remaining, 0.000000 MB of memory in use.
PERFORMANCE: 845000  averaging 28.5841 ns/day, 0.00604532 sec/step with standard deviation 4.29737e-05
ENERGY:  845000       316.3301       922.0295      1432.0535        23.4688        -590409.7448     42130.4585        53.6686         0.0000     48614.8781        -496916.8579       293.6129   -545531.7359   -496812.4072       292.7788            -71.6321       -35.1680    833555.6010        -8.3654        -8.4066

WRITING COORDINATES TO DCD FILE eq1.dcd AT STEP 845000
TIMING: 846000  CPU: 5105.51, 0.00600491/step  Wall: 5114.38, 0.00601107/step, 0.25714 hours remaining, 0.000000 MB of memory in use.
PERFORMANCE: 846000  averaging 28.5843 ns/day, 0.00604528 sec/step with standard deviation 4.29644e-05
ENERGY:  846000       372.2736       942.2725      1444.0929        22.5135        -590832.3611     42163.0786        40.5408         0.0000     48554.2394        -497293.3498       293.2467   -545847.5891   -497190.0256       292.5896           -145.1913      -117.5812    832317.7503        -1.1905        -1.1792

TIMING: 847000  CPU: 5111.53, 0.00602426/step  Wall: 5120.42, 0.00603458/step, 0.25647 hours remaining, 0.000000 MB of memory in use.
PERFORMANCE: 847000  averaging 28.5843 ns/day, 0.00604527 sec/step with standard deviation 4.29406e-05
ENERGY:  847000       339.9849       972.8480      1435.7822        23.4963        -590848.0056     42421.7400        54.3417         0.0000     48515.9884        -497083.8242       293.0156   -545599.8126   -496978.9786       292.6258             13.4928        41.9517    833226.8192        -2.1734        -2.1758

TIMING: 848000  CPU: 5117.55, 0.00602049/step  Wall: 5126.44, 0.0060265/step, 0.254452 hours remaining, 0.000000 MB of memory in use.
PERFORMANCE: 848000  averaging 28.5844 ns/day, 0.00604525 sec/step with standard deviation 4.29201e-05
ENERGY:  848000       319.8590       991.5865      1433.9135        21.0702        -590221.2991     41945.5401        58.2677         0.0000     48396.3175        -497054.7447       292.2929   -545451.0622   -496949.5411       292.6668            -81.2311       -49.3705    832231.3919         4.7149         4.6975

LDB: ============= START OF LOAD BALANCING ============== 5129.1
LDB: ============== END OF LOAD BALANCING =============== 5129.1
Info: useSync: 0 useProxySync: 0
LDB: =============== DONE WITH MIGRATION ================ 5129.1
LDB: ============= START OF LOAD BALANCING ============== 5129.7
LDB: TIME 5129.7 LOAD: AVG 0.469722 MAX 0.503314  PROXIES: TOTAL 348 MAXPE 45 MAXPATCH 5 None MEM: 0 MB
LDB: TIME 5129.7 LOAD: AVG 0.469722 MAX 0.503314  PROXIES: TOTAL 348 MAXPE 45 MAXPATCH 5 RefineTorusLB MEM: 0 MB
LDB: TIME 5129.7 LOAD: AVG 0.469722 MAX 0.503314  PROXIES: TOTAL 348 MAXPE 45 MAXPATCH 5 RefineTorusLB MEM: 0 MB
LDB: ============== END OF LOAD BALANCING =============== 5129.7
Info: useSync: 0 useProxySync: 0
LDB: =============== DONE WITH MIGRATION ================ 5129.7
TIMING: 849000  CPU: 5123.57, 0.0060164/step  Wall: 5132.47, 0.00602434/step, 0.252688 hours remaining, 0.000000 MB of memory in use.
PERFORMANCE: 849000  averaging 28.5846 ns/day, 0.00604522 sec/step with standard deviation 4.29007e-05
ENERGY:  849000       317.4588       914.2265      1443.1141        24.1322        -591059.9816     42519.4878        60.0296         0.0000     48608.3275        -497173.2052       293.5733   -545781.5326   -497057.9672       292.2335             31.8053        65.6664    832235.4962        -8.4645        -8.4777

TIMING: 850000  CPU: 5129.59, 0.00602023/step  Wall: 5138.49, 0.00602637/step, 0.251099 hours remaining, 0.000000 MB of memory in use.
PERFORMANCE: 850000  averaging 28.5847 ns/day, 0.0060452 sec/step with standard deviation 4.28803e-05
ETITLE:      TS           BOND          ANGLE          DIHED          IMPRP               ELECT            VDW       BOUNDARY           MISC        KINETIC               TOTAL           TEMP      POTENTIAL         TOTAL3        TEMPAVG            PRESSURE      GPRESSURE         VOLUME       PRESSAVG      GPRESSAVG

ENERGY:  850000       368.8812       978.2254      1436.6950        20.5431        -591179.9666     42720.6460        49.7712         0.0000     48466.6355        -497138.5693       292.7176   -545605.2047   -497039.6815       292.8401            123.2229       153.1590    832450.8794        -1.3006        -1.2888

WRITING EXTENDED SYSTEM TO RESTART FILE AT STEP 850000
WRITING COORDINATES TO DCD FILE eq1.dcd AT STEP 850000
WRITING COORDINATES TO RESTART FILE AT STEP 850000
FINISHED WRITING RESTART COORDINATES
WRITING VELOCITIES TO RESTART FILE AT STEP 850000
FINISHED WRITING RESTART VELOCITIES
TIMING: 851000  CPU: 5135.64, 0.00605066/step  Wall: 5144.57, 0.00607375/step, 0.251386 hours remaining, 0.000000 MB of memory in use.
PERFORMANCE: 851000  averaging 28.5845 ns/day, 0.00604523 sec/step with standard deviation 4.28663e-05
ENERGY:  851000       346.4636       917.9334      1437.7630        26.3594        -590599.4495     41999.0809        59.9210         0.0000     48675.9512        -497135.9770       293.9817   -545811.9282   -497024.2794       292.6552            -73.5640       -43.2741    831196.9784         3.4079         3.3868

TIMING: 852000  CPU: 5141.65, 0.00600888/step  Wall: 5150.58, 0.00601737/step, 0.247381 hours remaining, 0.000000 MB of memory in use.
PERFORMANCE: 852000  averaging 28.5847 ns/day, 0.0060452 sec/step with standard deviation 4.28517e-05
ENERGY:  852000       377.2981       982.5851      1433.4506        20.8411        -591119.2409     42365.7537        49.4883         0.0000     48117.5512        -497772.2726       290.6092   -545889.8238   -497672.0363       292.4497             36.0525        66.6469    830369.8816        -3.4555        -3.4147

LDB: ============= START OF LOAD BALANCING ============== 5153.24
LDB: ============== END OF LOAD BALANCING =============== 5153.24
Info: useSync: 0 useProxySync: 0
LDB: =============== DONE WITH MIGRATION ================ 5153.24
LDB: ============= START OF LOAD BALANCING ============== 5153.84
LDB: TIME 5153.84 LOAD: AVG 0.470569 MAX 0.503478  PROXIES: TOTAL 348 MAXPE 45 MAXPATCH 5 None MEM: 0 MB
LDB: TIME 5153.84 LOAD: AVG 0.470569 MAX 0.503478  PROXIES: TOTAL 348 MAXPE 45 MAXPATCH 5 RefineTorusLB MEM: 0 MB
LDB: TIME 5153.84 LOAD: AVG 0.470569 MAX 0.503478  PROXIES: TOTAL 348 MAXPE 45 MAXPATCH 5 RefineTorusLB MEM: 0 MB
LDB: ============== END OF LOAD BALANCING =============== 5153.84
Info: useSync: 0 useProxySync: 0
LDB: =============== DONE WITH MIGRATION ================ 5153.84
TIMING: 853000  CPU: 5147.67, 0.00602461/step  Wall: 5156.61, 0.00603016/step, 0.246232 hours remaining, 0.000000 MB of memory in use.
PERFORMANCE: 853000  averaging 28.5847 ns/day, 0.00604518 sec/step with standard deviation 4.28297e-05
ENERGY:  853000       361.4929       959.8518      1435.2990        25.0969        -591407.7494     42547.6793        47.1087         0.0000     48388.2122        -497643.0086       292.2439   -546031.2209   -497530.0941       291.9736             14.1220        51.5277    831333.8791         6.8658         6.9743

TIMING: 854000  CPU: 5153.69, 0.00602027/step  Wall: 5162.64, 0.00602857/step, 0.244492 hours remaining, 0.000000 MB of memory in use.
PERFORMANCE: 854000  averaging 28.5848 ns/day, 0.00604516 sec/step with standard deviation 4.28083e-05
ENERGY:  854000       338.8046      1004.4963      1432.0543        24.8927        -591148.9041     42147.7724        50.9205         0.0000     48505.9545        -497644.0088       292.9550   -546149.9633   -497531.1123       291.8792            -74.4379       -41.1744    831150.3744        -1.7044        -1.6108

TIMING: 855000  CPU: 5159.71, 0.00602019/step  Wall: 5168.67, 0.00602833/step, 0.242808 hours remaining, 0.000000 MB of memory in use.
PERFORMANCE: 855000  averaging 28.5849 ns/day, 0.00604514 sec/step with standard deviation 4.27871e-05
ENERGY:  855000       340.9408       984.3377      1432.7806        23.5979        -590879.8961     42052.0006        59.2019         0.0000     48277.3974        -497709.6391       291.5747   -545987.0365   -497610.7469       291.6190            -59.1573       -19.0910    831374.1069         1.7856         1.7967

WRITING COORDINATES TO DCD FILE eq1.dcd AT STEP 855000
TIMING: 856000  CPU: 5165.72, 0.00600803/step  Wall: 5174.69, 0.00601641/step, 0.240657 hours remaining, 0.000000 MB of memory in use.
PERFORMANCE: 856000  averaging 28.5851 ns/day, 0.00604511 sec/step with standard deviation 4.27734e-05
ENERGY:  856000       333.8596       945.9540      1431.6129        23.7721        -591272.3147     42405.3303        59.2303         0.0000     48445.4264        -497627.1292       292.5895   -546072.5555   -497518.0583       291.8454             62.3085        96.0432    830798.0532         2.3949         2.4084

LDB: ============= START OF LOAD BALANCING ============== 5177.35
LDB: ============== END OF LOAD BALANCING =============== 5177.35
Info: useSync: 0 useProxySync: 0
LDB: =============== DONE WITH MIGRATION ================ 5177.35
LDB: ============= START OF LOAD BALANCING ============== 5177.96
LDB: TIME 5177.96 LOAD: AVG 0.472129 MAX 0.505258  PROXIES: TOTAL 348 MAXPE 45 MAXPATCH 5 None MEM: 0 MB
LDB: TIME 5177.96 LOAD: AVG 0.472129 MAX 0.505258  PROXIES: TOTAL 348 MAXPE 45 MAXPATCH 5 RefineTorusLB MEM: 0 MB
LDB: TIME 5177.96 LOAD: AVG 0.472129 MAX 0.505258  PROXIES: TOTAL 348 MAXPE 45 MAXPATCH 5 RefineTorusLB MEM: 0 MB
LDB: Reverting to original mapping
LDB: ============== END OF LOAD BALANCING =============== 5177.96
Info: useSync: 0 useProxySync: 0
LDB: =============== DONE WITH MIGRATION ================ 5177.96
TIMING: 857000  CPU: 5171.76, 0.00604049/step  Wall: 5180.73, 0.00604791/step, 0.240236 hours remaining, 0.000000 MB of memory in use.
PERFORMANCE: 857000  averaging 28.5851 ns/day, 0.00604511 sec/step with standard deviation 4.27485e-05
ENERGY:  857000       348.8434       955.8903      1426.6253        17.7209        -590889.7743     42238.8113        58.7157         0.0000     48289.1472        -497554.0202       291.6456   -545843.1674   -497449.6626       291.6639             10.8900        45.8685    830617.1238         3.2445         3.2352

TIMING: 858000  CPU: 5177.79, 0.00603/step  Wall: 5186.77, 0.00603844/step, 0.238183 hours remaining, 0.000000 MB of memory in use.
PERFORMANCE: 858000  averaging 28.5851 ns/day, 0.00604511 sec/step with standard deviation 4.27242e-05
ENERGY:  858000       359.6988       973.6846      1442.9020        24.4237        -590732.0526     42279.4576        60.0905         0.0000     48379.8008        -497211.9946       292.1931   -545591.7954   -497103.9369       292.1969            -54.4723       -18.5528    832324.4022         2.1861         2.1597

TIMING: 859000  CPU: 5183.8, 0.00600604/step  Wall: 5192.79, 0.0060165/step, 0.235646 hours remaining, 0.000000 MB of memory in use.
PERFORMANCE: 859000  averaging 28.5853 ns/day, 0.00604507 sec/step with standard deviation 4.27104e-05
ENERGY:  859000       344.3080       968.4755      1424.8142        20.3202        -591016.7256     42398.6855        51.7616         0.0000     48399.0144        -497409.3460       292.3092   -545808.3604   -497305.3973       291.8255             75.9568       110.1781    832228.1807         3.8658         3.8447

TIMING: 860000  CPU: 5189.81, 0.00601557/step  Wall: 5198.81, 0.00602513/step, 0.234311 hours remaining, 0.000000 MB of memory in use.
PERFORMANCE: 860000  averaging 28.5854 ns/day, 0.00604505 sec/step with standard deviation 4.2691e-05
ETITLE:      TS           BOND          ANGLE          DIHED          IMPRP               ELECT            VDW       BOUNDARY           MISC        KINETIC               TOTAL           TEMP      POTENTIAL         TOTAL3        TEMPAVG            PRESSURE      GPRESSURE         VOLUME       PRESSAVG      GPRESSAVG

ENERGY:  860000       340.0132       932.4347      1450.8250        20.8211        -590407.8541     41831.6265        57.0316         0.0000     48304.0296        -497471.0724       291.7355   -545775.1019   -497365.9111       291.8918            -94.8383       -59.7526    832966.4287         0.5110         0.4792

WRITING EXTENDED SYSTEM TO RESTART FILE AT STEP 860000
WRITING COORDINATES TO DCD FILE eq1.dcd AT STEP 860000
WRITING COORDINATES TO RESTART FILE AT STEP 860000
FINISHED WRITING RESTART COORDINATES
WRITING VELOCITIES TO RESTART FILE AT STEP 860000
FINISHED WRITING RESTART VELOCITIES
LDB: ============= START OF LOAD BALANCING ============== 5201.49
LDB: ============== END OF LOAD BALANCING =============== 5201.49
Info: useSync: 0 useProxySync: 0
LDB: =============== DONE WITH MIGRATION ================ 5201.49
LDB: ============= START OF LOAD BALANCING ============== 5202.1
LDB: TIME 5202.1 LOAD: AVG 0.473053 MAX 0.499446  PROXIES: TOTAL 348 MAXPE 45 MAXPATCH 5 None MEM: 0 MB
LDB: TIME 5202.1 LOAD: AVG 0.473053 MAX 0.499446  PROXIES: TOTAL 348 MAXPE 45 MAXPATCH 5 RefineTorusLB MEM: 0 MB
LDB: TIME 5202.1 LOAD: AVG 0.473053 MAX 0.499446  PROXIES: TOTAL 348 MAXPE 45 MAXPATCH 5 RefineTorusLB MEM: 0 MB
LDB: ============== END OF LOAD BALANCING =============== 5202.1
Info: useSync: 0 useProxySync: 0
LDB: =============== DONE WITH MIGRATION ================ 5202.1
TIMING: 861000  CPU: 5195.83, 0.00601537/step  Wall: 5204.85, 0.00603674/step, 0.233085 hours remaining, 0.000000 MB of memory in use.
PERFORMANCE: 861000  averaging 28.5854 ns/day, 0.00604504 sec/step with standard deviation 4.26671e-05
ENERGY:  861000       360.3386       960.5811      1432.3619        21.8749        -590604.9638     42081.9900        61.8464         0.0000     48332.3192        -497353.6516       291.9064   -545685.9708   -497249.8780       292.3017            -95.1350       -60.6641    832734.8330        -2.9149        -2.9132

TIMING: 862000  CPU: 5201.84, 0.00600874/step  Wall: 5210.87, 0.00601539/step, 0.23059 hours remaining, 0.000000 MB of memory in use.
PERFORMANCE: 862000  averaging 28.5856 ns/day, 0.00604501 sec/step with standard deviation 4.26542e-05
ENERGY:  862000       347.4663       972.9861      1438.0402        25.6373        -590403.8581     41960.4053        57.5838         0.0000     48104.0157        -497497.7235       290.5275   -545601.7391   -497390.5806       292.8711           -161.9911      -128.9026    832721.8209         1.8054         1.8553

TIMING: 863000  CPU: 5207.86, 0.00602414/step  Wall: 5216.9, 0.00602951/step, 0.229456 hours remaining, 0.000000 MB of memory in use.
PERFORMANCE: 863000  averaging 28.5857 ns/day, 0.00604499 sec/step with standard deviation 4.26328e-05
ENERGY:  863000       327.4701       944.7718      1438.1423        27.3779        -590691.3715     42180.3906        54.0526         0.0000     48232.0896        -497487.0765       291.3010   -545719.1661   -497388.3975       292.0569            -78.1527       -47.7216    834043.7976         3.0093         3.0017

TIMING: 864000  CPU: 5213.87, 0.00601085/step  Wall: 5222.92, 0.00602296/step, 0.227534 hours remaining, 0.000000 MB of memory in use.
PERFORMANCE: 864000  averaging 28.5858 ns/day, 0.00604496 sec/step with standard deviation 4.26146e-05
ENERGY:  864000       323.3076       957.1032      1434.0575        22.6402        -590779.6888     42248.6818        53.4461         0.0000     48564.8870        -497175.5656       293.3110   -545740.4525   -497064.1480       291.6376             59.7935        90.8390    831243.9961        -7.4045        -7.4152

LDB: ============= START OF LOAD BALANCING ============== 5225.57
LDB: ============== END OF LOAD BALANCING =============== 5225.57
Info: useSync: 0 useProxySync: 0
LDB: =============== DONE WITH MIGRATION ================ 5225.57
LDB: ============= START OF LOAD BALANCING ============== 5226.18
LDB: TIME 5226.18 LOAD: AVG 0.470766 MAX 0.501664  PROXIES: TOTAL 348 MAXPE 45 MAXPATCH 5 None MEM: 0 MB
LDB: TIME 5226.18 LOAD: AVG 0.470766 MAX 0.501664  PROXIES: TOTAL 348 MAXPE 45 MAXPATCH 5 RefineTorusLB MEM: 0 MB
LDB: TIME 5226.18 LOAD: AVG 0.470766 MAX 0.501664  PROXIES: TOTAL 348 MAXPE 45 MAXPATCH 5 RefineTorusLB MEM: 0 MB
LDB: Reverting to original mapping
LDB: ============== END OF LOAD BALANCING =============== 5226.18
Info: useSync: 0 useProxySync: 0
LDB: =============== DONE WITH MIGRATION ================ 5226.18
TIMING: 865000  CPU: 5219.89, 0.00601426/step  Wall: 5228.94, 0.00602293/step, 0.22586 hours remaining, 0.000000 MB of memory in use.
PERFORMANCE: 865000  averaging 28.5859 ns/day, 0.00604494 sec/step with standard deviation 4.25966e-05
ENERGY:  865000       323.9583       943.5667      1435.1283        25.7820        -590591.7320     42051.6653        47.0175         0.0000     48488.6316        -497275.9823       292.8504   -545764.6139   -497175.2140       292.0262            -43.7067       -10.6726    831416.8103         1.2234         1.2288

WRITING COORDINATES TO DCD FILE eq1.dcd AT STEP 865000
TIMING: 866000  CPU: 5225.91, 0.00602137/step  Wall: 5234.98, 0.00603285/step, 0.224556 hours remaining, 0.000000 MB of memory in use.
PERFORMANCE: 866000  averaging 28.586 ns/day, 0.00604492 sec/step with standard deviation 4.25739e-05
ENERGY:  866000       337.5926       965.1600      1432.1998        25.2563        -589583.7401     41423.8125        46.2868         0.0000     48625.1993        -496728.2328       293.6752   -545353.4321   -496629.6985       292.6097           -263.4712      -230.4982    833033.3086         2.8954         2.8031

TIMING: 867000  CPU: 5231.92, 0.00601097/step  Wall: 5241, 0.00602046/step, 0.222422 hours remaining, 0.000000 MB of memory in use.
PERFORMANCE: 867000  averaging 28.5861 ns/day, 0.00604489 sec/step with standard deviation 4.25574e-05
ENERGY:  867000       334.4114       981.0916      1431.1222        22.2667        -590805.6313     42325.5231        54.2149         0.0000     48304.0408        -497352.9606       291.7356   -545657.0014   -497237.2669       292.4008           -106.3167       -76.1848    833418.4409        -3.4732        -3.4954

TIMING: 868000  CPU: 5237.92, 0.00600107/step  Wall: 5247, 0.00600687/step, 0.220252 hours remaining, 0.000000 MB of memory in use.
PERFORMANCE: 868000  averaging 28.5863 ns/day, 0.00604485 sec/step with standard deviation 4.25525e-05
ENERGY:  868000       320.4101       983.5402      1447.3003        25.6156        -591246.5918     42629.7340        55.6784         0.0000     48434.2069        -497350.1062       292.5217   -545784.3131   -497245.1852       291.5349            130.7729       164.4182    832656.2850         2.7906         2.7552

LDB: ============= START OF LOAD BALANCING ============== 5249.65
LDB: ============== END OF LOAD BALANCING =============== 5249.65
Info: useSync: 0 useProxySync: 0
LDB: =============== DONE WITH MIGRATION ================ 5249.65
LDB: ============= START OF LOAD BALANCING ============== 5250.26
LDB: TIME 5250.26 LOAD: AVG 0.47187 MAX 0.503554  PROXIES: TOTAL 348 MAXPE 45 MAXPATCH 5 None MEM: 0 MB
LDB: TIME 5250.26 LOAD: AVG 0.47187 MAX 0.503554  PROXIES: TOTAL 348 MAXPE 45 MAXPATCH 5 RefineTorusLB MEM: 0 MB
LDB: TIME 5250.26 LOAD: AVG 0.47187 MAX 0.503554  PROXIES: TOTAL 348 MAXPE 45 MAXPATCH 5 RefineTorusLB MEM: 0 MB
LDB: ============== END OF LOAD BALANCING =============== 5250.26
Info: useSync: 0 useProxySync: 0
LDB: =============== DONE WITH MIGRATION ================ 5250.26
TIMING: 869000  CPU: 5243.94, 0.0060206/step  Wall: 5253.03, 0.00602784/step, 0.219346 hours remaining, 0.000000 MB of memory in use.
PERFORMANCE: 869000  averaging 28.5864 ns/day, 0.00604483 sec/step with standard deviation 4.25319e-05
ENERGY:  869000       346.3495       936.5834      1438.0604        20.6241        -590024.6600     41779.1612        57.8451         0.0000     48466.0164        -496980.0198       292.7138   -545446.0362   -496865.9770       292.5901           -173.9188      -142.2184    833387.5418         3.9799         4.0082

TIMING: 870000  CPU: 5249.97, 0.00602405/step  Wall: 5259.06, 0.00602958/step, 0.217735 hours remaining, 0.000000 MB of memory in use.
PERFORMANCE: 870000  averaging 28.5865 ns/day, 0.00604481 sec/step with standard deviation 4.25105e-05
ETITLE:      TS           BOND          ANGLE          DIHED          IMPRP               ELECT            VDW       BOUNDARY           MISC        KINETIC               TOTAL           TEMP      POTENTIAL         TOTAL3        TEMPAVG            PRESSURE      GPRESSURE         VOLUME       PRESSAVG      GPRESSAVG

ENERGY:  870000       351.8403       934.4652      1451.4866        20.4983        -590354.8180     42084.7852        59.9024         0.0000     48510.0417        -496941.7983       292.9797   -545451.8399   -496836.1849       292.4809            -30.2644         2.2053    832144.0909        -0.5808        -0.5105

WRITING EXTENDED SYSTEM TO RESTART FILE AT STEP 870000
WRITING COORDINATES TO DCD FILE eq1.dcd AT STEP 870000
WRITING COORDINATES TO RESTART FILE AT STEP 870000
FINISHED WRITING RESTART COORDINATES
WRITING VELOCITIES TO RESTART FILE AT STEP 870000
FINISHED WRITING RESTART VELOCITIES
TIMING: 871000  CPU: 5256.01, 0.00604724/step  Wall: 5265.13, 0.00606919/step, 0.217479 hours remaining, 0.000000 MB of memory in use.
PERFORMANCE: 871000  averaging 28.5864 ns/day, 0.00604484 sec/step with standard deviation 4.24941e-05
ENERGY:  871000       327.6033       936.5582      1438.1016        22.4663        -590518.4073     42143.8003        51.5502         0.0000     48270.3947        -497327.9327       291.5324   -545598.3274   -497223.7131       292.7561            -17.4481        11.5655    832270.1228         2.4279         2.3614

TIMING: 872000  CPU: 5262.04, 0.00602875/step  Wall: 5271.16, 0.00603566/step, 0.214601 hours remaining, 0.000000 MB of memory in use.
PERFORMANCE: 872000  averaging 28.5864 ns/day, 0.00604483 sec/step with standard deviation 4.24708e-05
ENERGY:  872000       321.4089       964.2765      1431.9939        28.4023        -591271.2045     42688.0281        57.2081         0.0000     48497.5137        -497282.3730       292.9041   -545779.8867   -497170.0758       292.4316            101.0295       130.7758    832164.8399         5.2464         5.2005

LDB: ============= START OF LOAD BALANCING ============== 5273.82
LDB: ============== END OF LOAD BALANCING =============== 5273.82
Info: useSync: 0 useProxySync: 0
LDB: =============== DONE WITH MIGRATION ================ 5273.82
LDB: ============= START OF LOAD BALANCING ============== 5274.43
LDB: TIME 5274.43 LOAD: AVG 0.472653 MAX 0.505703  PROXIES: TOTAL 348 MAXPE 45 MAXPATCH 5 None MEM: 0 MB
LDB: TIME 5274.43 LOAD: AVG 0.472653 MAX 0.505703  PROXIES: TOTAL 348 MAXPE 45 MAXPATCH 5 RefineTorusLB MEM: 0 MB
LDB: TIME 5274.43 LOAD: AVG 0.472653 MAX 0.505703  PROXIES: TOTAL 348 MAXPE 45 MAXPATCH 5 RefineTorusLB MEM: 0 MB
LDB: ============== END OF LOAD BALANCING =============== 5274.43
Info: useSync: 0 useProxySync: 0
LDB: =============== DONE WITH MIGRATION ================ 5274.43
TIMING: 873000  CPU: 5268.08, 0.00603296/step  Wall: 5277.2, 0.00603995/step, 0.213076 hours remaining, 0.000000 MB of memory in use.
PERFORMANCE: 873000  averaging 28.5864 ns/day, 0.00604483 sec/step with standard deviation 4.24468e-05
ENERGY:  873000       326.8859       967.6939      1435.7558        29.0649        -591097.4256     42405.8416        50.8703         0.0000     48120.5837        -497760.7296       290.6276   -545881.3133   -497652.2418       291.3951            -62.6946       -31.7161    832611.3668         0.6933         0.7190

TIMING: 874000  CPU: 5274.08, 0.00600101/step  Wall: 5283.21, 0.00600872/step, 0.210305 hours remaining, 0.000000 MB of memory in use.
PERFORMANCE: 874000  averaging 28.5866 ns/day, 0.00604478 sec/step with standard deviation 4.24401e-05
ENERGY:  874000       338.0277       953.8152      1441.7563        26.9035        -590951.8573     42304.8181        53.6156         0.0000     48373.6479        -497459.2731       292.1560   -545832.9209   -497366.7862       291.7379            -28.4481         4.4562    833594.1280        -4.3752        -4.3371

TIMING: 875000  CPU: 5280.13, 0.00605271/step  Wall: 5289.27, 0.00606097/step, 0.21045 hours remaining, 0.000000 MB of memory in use.
PERFORMANCE: 875000  averaging 28.5865 ns/day, 0.0060448 sec/step with standard deviation 4.24193e-05
ENERGY:  875000       361.4624       986.1532      1433.1101        21.2049        -590363.4576     42105.6328        59.0627         0.0000     48142.3215        -497254.5100       290.7589   -545396.8315   -497148.0345       292.1678            -99.8831       -67.6940    834045.1819         5.0318         5.0182

WRITING COORDINATES TO DCD FILE eq1.dcd AT STEP 875000
TIMING: 876000  CPU: 5286.17, 0.00604477/step  Wall: 5295.32, 0.00604978/step, 0.208381 hours remaining, 0.000000 MB of memory in use.
PERFORMANCE: 876000  averaging 28.5865 ns/day, 0.00604481 sec/step with standard deviation 4.23954e-05
ENERGY:  876000       327.5771       936.8062      1432.1782        23.2900        -590221.1665     41670.5403        70.6048         0.0000     48571.0343        -497189.1357       293.3481   -545760.1700   -497078.2658       292.6484           -184.2542      -154.6294    832988.4564        -1.0737        -1.1552

LDB: ============= START OF LOAD BALANCING ============== 5297.97
LDB: ============== END OF LOAD BALANCING =============== 5297.97
Info: useSync: 0 useProxySync: 0
LDB: =============== DONE WITH MIGRATION ================ 5297.97
LDB: ============= START OF LOAD BALANCING ============== 5298.57
LDB: TIME 5298.57 LOAD: AVG 0.468271 MAX 0.500681  PROXIES: TOTAL 348 MAXPE 45 MAXPATCH 5 None MEM: 0 MB
LDB: TIME 5298.57 LOAD: AVG 0.468271 MAX 0.500681  PROXIES: TOTAL 348 MAXPE 45 MAXPATCH 5 RefineTorusLB MEM: 0 MB
LDB: TIME 5298.57 LOAD: AVG 0.468271 MAX 0.500681  PROXIES: TOTAL 348 MAXPE 45 MAXPATCH 5 RefineTorusLB MEM: 0 MB
LDB: ============== END OF LOAD BALANCING =============== 5298.57
Info: useSync: 0 useProxySync: 0
LDB: =============== DONE WITH MIGRATION ================ 5298.57
TIMING: 877000  CPU: 5292.18, 0.00600491/step  Wall: 5301.34, 0.00601562/step, 0.205534 hours remaining, 0.000000 MB of memory in use.
PERFORMANCE: 877000  averaging 28.5867 ns/day, 0.00604478 sec/step with standard deviation 4.23827e-05
ENERGY:  877000       360.6877       971.2383      1424.7582        21.6904        -590729.5980     42270.1647        57.0835         0.0000     48252.2229        -497371.7524       291.4226   -545623.9753   -497273.4311       292.4088             -0.5146        33.5162    832204.5550         3.5864         3.5247

TIMING: 878000  CPU: 5298.21, 0.00603633/step  Wall: 5307.38, 0.00604243/step, 0.204771 hours remaining, 0.000000 MB of memory in use.
PERFORMANCE: 878000  averaging 28.5867 ns/day, 0.00604477 sec/step with standard deviation 4.23586e-05
ENERGY:  878000       323.2095       929.1123      1432.4692        20.8033        -590167.9482     41974.0525        56.7583         0.0000     48311.4440        -497120.0992       291.7803   -545431.5432   -497010.6800       292.3793           -135.7683      -104.6050    833017.6980         0.8015         0.7654

TIMING: 879000  CPU: 5304.23, 0.00601706/step  Wall: 5313.41, 0.00602401/step, 0.202474 hours remaining, 0.000000 MB of memory in use.
PERFORMANCE: 879000  averaging 28.5868 ns/day, 0.00604475 sec/step with standard deviation 4.23402e-05
ENERGY:  879000       322.8683       918.3786      1436.0795        27.3715        -591317.0436     42626.0651        57.8284         0.0000     48267.4894        -497660.9628       291.5148   -545928.4522   -497564.4725       292.0322            110.5627       146.4048    831410.6550         3.6128         3.7203

TIMING: 880000  CPU: 5310.26, 0.00603295/step  Wall: 5319.45, 0.00603957/step, 0.201319 hours remaining, 0.000000 MB of memory in use.
PERFORMANCE: 880000  averaging 28.5868 ns/day, 0.00604474 sec/step with standard deviation 4.23165e-05
ETITLE:      TS           BOND          ANGLE          DIHED          IMPRP               ELECT            VDW       BOUNDARY           MISC        KINETIC               TOTAL           TEMP      POTENTIAL         TOTAL3        TEMPAVG            PRESSURE      GPRESSURE         VOLUME       PRESSAVG      GPRESSAVG

ENERGY:  880000       324.7652       984.1238      1444.2877        21.0356        -591404.6702     42704.5071        54.0181         0.0000     48227.1408        -497644.7919       291.2711   -545871.9328   -497535.7346       291.1928            137.8350       172.2301    832186.2188         1.9142         1.9354

WRITING EXTENDED SYSTEM TO RESTART FILE AT STEP 880000
WRITING COORDINATES TO DCD FILE eq1.dcd AT STEP 880000
WRITING COORDINATES TO RESTART FILE AT STEP 880000
FINISHED WRITING RESTART COORDINATES
WRITING VELOCITIES TO RESTART FILE AT STEP 880000
FINISHED WRITING RESTART VELOCITIES
LDB: ============= START OF LOAD BALANCING ============== 5322.14
LDB: ============== END OF LOAD BALANCING =============== 5322.14
Info: useSync: 0 useProxySync: 0
LDB: =============== DONE WITH MIGRATION ================ 5322.14
LDB: ============= START OF LOAD BALANCING ============== 5322.74
LDB: TIME 5322.74 LOAD: AVG 0.469019 MAX 0.498016  PROXIES: TOTAL 348 MAXPE 45 MAXPATCH 5 None MEM: 0 MB
LDB: TIME 5322.74 LOAD: AVG 0.469019 MAX 0.498016  PROXIES: TOTAL 348 MAXPE 45 MAXPATCH 5 RefineTorusLB MEM: 0 MB
LDB: TIME 5322.74 LOAD: AVG 0.469019 MAX 0.498016  PROXIES: TOTAL 348 MAXPE 45 MAXPATCH 5 RefineTorusLB MEM: 0 MB
LDB: Reverting to original mapping
LDB: ============== END OF LOAD BALANCING =============== 5322.74
Info: useSync: 0 useProxySync: 0
LDB: =============== DONE WITH MIGRATION ================ 5322.74
TIMING: 881000  CPU: 5316.28, 0.00601793/step  Wall: 5325.49, 0.00603974/step, 0.199647 hours remaining, 0.000000 MB of memory in use.
PERFORMANCE: 881000  averaging 28.5868 ns/day, 0.00604474 sec/step with standard deviation 4.22928e-05
ENERGY:  881000       306.5778       974.0709      1443.9798        26.4382        -591119.3951     42174.1158        51.9711         0.0000     48155.5912        -497986.6503       290.8390   -546142.2415   -497883.9946       290.9265           -231.5096      -197.5809    834873.8317         8.1125         8.1418

TIMING: 882000  CPU: 5322.29, 0.00600497/step  Wall: 5331.5, 0.00601425/step, 0.197134 hours remaining, 0.000000 MB of memory in use.
PERFORMANCE: 882000  averaging 28.587 ns/day, 0.0060447 sec/step with standard deviation 4.22812e-05
ENERGY:  882000       310.1797       996.6423      1431.8772        24.6516        -590361.1741     41659.8874        51.6013         0.0000     48382.5913        -497503.7433       292.2100   -545886.3346   -497397.9135       290.9749           -231.6573      -198.7920    831964.4440        -0.9721        -1.0045

TIMING: 883000  CPU: 5328.32, 0.00602878/step  Wall: 5337.53, 0.00603373/step, 0.196096 hours remaining, 0.000000 MB of memory in use.
PERFORMANCE: 883000  averaging 28.5871 ns/day, 0.00604469 sec/step with standard deviation 4.22589e-05
ENERGY:  883000       340.2477       973.9580      1427.8730        23.4083        -590832.0065     41981.0898        50.7802         0.0000     48875.4472        -497159.2022       295.1866   -546034.6495   -497039.8898       292.5752           -210.0703      -178.1971    833684.7910         6.1953         6.2647

TIMING: 884000  CPU: 5334.33, 0.00601365/step  Wall: 5343.55, 0.0060187/step, 0.193936 hours remaining, 0.000000 MB of memory in use.
PERFORMANCE: 884000  averaging 28.5872 ns/day, 0.00604466 sec/step with standard deviation 4.2244e-05
ENERGY:  884000       339.6504       972.1909      1434.9034        25.7608        -591194.3637     42559.8857        56.1492         0.0000     48546.0358        -497259.7876       293.1971   -545805.8233   -497153.8940       293.0631             66.0103       101.5532    832255.1626         7.3840         7.4412

LDB: ============= START OF LOAD BALANCING ============== 5346.2
LDB: ============== END OF LOAD BALANCING =============== 5346.2
Info: useSync: 0 useProxySync: 0
LDB: =============== DONE WITH MIGRATION ================ 5346.2
LDB: ============= START OF LOAD BALANCING ============== 5346.81
LDB: TIME 5346.81 LOAD: AVG 0.471774 MAX 0.50275  PROXIES: TOTAL 348 MAXPE 45 MAXPATCH 5 None MEM: 0 MB
LDB: TIME 5346.81 LOAD: AVG 0.471774 MAX 0.50275  PROXIES: TOTAL 348 MAXPE 45 MAXPATCH 5 RefineTorusLB MEM: 0 MB
LDB: TIME 5346.81 LOAD: AVG 0.471774 MAX 0.50275  PROXIES: TOTAL 348 MAXPE 45 MAXPATCH 5 RefineTorusLB MEM: 0 MB
LDB: Reverting to original mapping
LDB: ============== END OF LOAD BALANCING =============== 5346.81
Info: useSync: 0 useProxySync: 0
LDB: =============== DONE WITH MIGRATION ================ 5346.81
TIMING: 885000  CPU: 5340.35, 0.00601717/step  Wall: 5349.58, 0.00602417/step, 0.192439 hours remaining, 0.000000 MB of memory in use.
PERFORMANCE: 885000  averaging 28.5873 ns/day, 0.00604464 sec/step with standard deviation 4.22257e-05
ENERGY:  885000       328.5469       966.5596      1429.9902        18.9475        -590588.2795     42245.7668        56.1541         0.0000     48537.1567        -497005.1578       293.1435   -545542.3144   -496906.7790       292.1883             10.8330        45.6268    832192.7510         5.7828         5.7730

WRITING COORDINATES TO DCD FILE eq1.dcd AT STEP 885000
TIMING: 886000  CPU: 5346.34, 0.00599288/step  Wall: 5355.58, 0.00599981/step, 0.189994 hours remaining, 0.000000 MB of memory in use.
PERFORMANCE: 886000  averaging 28.5876 ns/day, 0.00604459 sec/step with standard deviation 4.22287e-05
ENERGY:  886000       338.9755       971.5534      1442.2665        20.3258        -590294.9983     42306.8877        57.7858         0.0000     48642.2348        -496514.9687       293.7781   -545157.2035   -496421.6987       293.4075             65.6341        93.1337    832628.6200        -2.9752        -2.9637

TIMING: 887000  CPU: 5352.34, 0.00600091/step  Wall: 5361.59, 0.00601005/step, 0.188649 hours remaining, 0.000000 MB of memory in use.
PERFORMANCE: 887000  averaging 28.5877 ns/day, 0.00604455 sec/step with standard deviation 4.22208e-05
ENERGY:  887000       340.5853       960.3172      1427.8363        22.2855        -590532.2874     42274.5489        55.9019         0.0000     48527.7451        -496923.0672       293.0866   -545450.8123   -496820.9140       293.1454             57.5713        91.1327    831549.3562        -0.2592        -0.2435

TIMING: 888000  CPU: 5358.33, 0.00598868/step  Wall: 5367.58, 0.00599619/step, 0.186548 hours remaining, 0.000000 MB of memory in use.
PERFORMANCE: 888000  averaging 28.588 ns/day, 0.00604449 sec/step with standard deviation 4.22282e-05
ENERGY:  888000       335.5214       980.6660      1445.1001        24.8966        -590165.6856     42041.2890        63.4186         0.0000     48447.7349        -496827.0591       292.6034   -545274.7939   -496714.6216       293.0058            -70.6801       -32.8810    832348.7013        -0.7210        -0.6899

LDB: ============= START OF LOAD BALANCING ============== 5370.23
LDB: ============== END OF LOAD BALANCING =============== 5370.23
Info: useSync: 0 useProxySync: 0
LDB: =============== DONE WITH MIGRATION ================ 5370.23
LDB: ============= START OF LOAD BALANCING ============== 5370.84
LDB: TIME 5370.84 LOAD: AVG 0.474691 MAX 0.502115  PROXIES: TOTAL 348 MAXPE 45 MAXPATCH 5 None MEM: 0 MB
LDB: TIME 5370.84 LOAD: AVG 0.474691 MAX 0.502115  PROXIES: TOTAL 348 MAXPE 45 MAXPATCH 5 RefineTorusLB MEM: 0 MB
LDB: TIME 5370.84 LOAD: AVG 0.474691 MAX 0.502115  PROXIES: TOTAL 348 MAXPE 45 MAXPATCH 5 RefineTorusLB MEM: 0 MB
LDB: Reverting to original mapping
LDB: ============== END OF LOAD BALANCING =============== 5370.84
Info: useSync: 0 useProxySync: 0
LDB: =============== DONE WITH MIGRATION ================ 5370.84
TIMING: 889000  CPU: 5364.33, 0.00599869/step  Wall: 5373.59, 0.00600859/step, 0.185265 hours remaining, 0.000000 MB of memory in use.
PERFORMANCE: 889000  averaging 28.5882 ns/day, 0.00604445 sec/step with standard deviation 4.22216e-05
ENERGY:  889000       346.8970       981.5035      1442.1948        25.4307        -590679.4696     42383.3675        55.6225         0.0000     48329.9275        -497114.5261       291.8919   -545444.4536   -497002.0886       292.3328             10.6998        43.2647    832375.8176        -3.0717        -3.1485

TIMING: 890000  CPU: 5370.34, 0.00600897/step  Wall: 5379.61, 0.00601652/step, 0.183838 hours remaining, 0.000000 MB of memory in use.
PERFORMANCE: 890000  averaging 28.5883 ns/day, 0.00604442 sec/step with standard deviation 4.22082e-05
ETITLE:      TS           BOND          ANGLE          DIHED          IMPRP               ELECT            VDW       BOUNDARY           MISC        KINETIC               TOTAL           TEMP      POTENTIAL         TOTAL3        TEMPAVG            PRESSURE      GPRESSURE         VOLUME       PRESSAVG      GPRESSAVG

ENERGY:  890000       315.6449       947.6050      1443.1214        21.7060        -590751.4296     42395.3643        51.9688         0.0000     48151.4639        -497424.5551       290.8141   -545576.0190   -497326.8865       292.2343             45.7530        78.9115    831976.6676        -1.4392        -1.4422

WRITING EXTENDED SYSTEM TO RESTART FILE AT STEP 890000
WRITING COORDINATES TO DCD FILE eq1.dcd AT STEP 890000
WRITING COORDINATES TO RESTART FILE AT STEP 890000
FINISHED WRITING RESTART COORDINATES
WRITING VELOCITIES TO RESTART FILE AT STEP 890000
FINISHED WRITING RESTART VELOCITIES
TIMING: 891000  CPU: 5376.36, 0.00602385/step  Wall: 5385.65, 0.00604411/step, 0.183002 hours remaining, 0.000000 MB of memory in use.
PERFORMANCE: 891000  averaging 28.5883 ns/day, 0.00604442 sec/step with standard deviation 4.21845e-05
ENERGY:  891000       343.9713       965.5034      1439.5260        25.4576        -591100.6177     42415.5208        59.5836         0.0000     48260.3882        -497590.6667       291.4719   -545851.0549   -497492.9712       291.5303             -9.2750        22.9635    832942.1521         3.4054         3.4335

TIMING: 892000  CPU: 5382.36, 0.00599696/step  Wall: 5391.66, 0.00600367/step, 0.18011 hours remaining, 0.000000 MB of memory in use.
PERFORMANCE: 892000  averaging 28.5886 ns/day, 0.00604438 sec/step with standard deviation 4.21829e-05
ENERGY:  892000       345.1643       944.8818      1443.1770        19.1114        -590991.6937     42326.6095        60.7777         0.0000     48310.8515        -497541.1203       291.7767   -545851.9718   -497432.9632       291.2733             47.0148        81.1399    831052.1849         2.6721         2.7361

LDB: ============= START OF LOAD BALANCING ============== 5394.3
LDB: ============== END OF LOAD BALANCING =============== 5394.3
Info: useSync: 0 useProxySync: 0
LDB: =============== DONE WITH MIGRATION ================ 5394.3
LDB: ============= START OF LOAD BALANCING ============== 5394.9
LDB: TIME 5394.9 LOAD: AVG 0.469444 MAX 0.502521  PROXIES: TOTAL 348 MAXPE 45 MAXPATCH 5 None MEM: 0 MB
LDB: TIME 5394.9 LOAD: AVG 0.469444 MAX 0.502521  PROXIES: TOTAL 348 MAXPE 45 MAXPATCH 5 RefineTorusLB MEM: 0 MB
LDB: TIME 5394.9 LOAD: AVG 0.469444 MAX 0.502521  PROXIES: TOTAL 348 MAXPE 45 MAXPATCH 5 RefineTorusLB MEM: 0 MB
LDB: ============== END OF LOAD BALANCING =============== 5394.9
Info: useSync: 0 useProxySync: 0
LDB: =============== DONE WITH MIGRATION ================ 5394.9
TIMING: 893000  CPU: 5388.36, 0.00600414/step  Wall: 5397.67, 0.00601134/step, 0.17867 hours remaining, 0.000000 MB of memory in use.
PERFORMANCE: 893000  averaging 28.5887 ns/day, 0.00604434 sec/step with standard deviation 4.21737e-05
ENERGY:  893000       362.2290       949.9134      1434.5580        25.0609        -590396.6090     41974.1630        50.8618         0.0000     48561.7280        -497038.0947       293.2919   -545599.8227   -496935.1336       292.7657           -113.9892       -82.5070    833896.0321         4.0362         4.0482

TIMING: 894000  CPU: 5394.35, 0.00598518/step  Wall: 5403.66, 0.00599286/step, 0.176457 hours remaining, 0.000000 MB of memory in use.
PERFORMANCE: 894000  averaging 28.589 ns/day, 0.00604428 sec/step with standard deviation 4.21852e-05
ENERGY:  894000       299.4511       969.8586      1438.9345        25.3475        -591586.1144     42765.8657        52.6701         0.0000     48429.4394        -497604.5475       292.4929   -546033.9869   -497504.6303       292.5750            113.7065       146.9571    831713.3874        -4.4401        -4.3732

TIMING: 895000  CPU: 5400.35, 0.00600435/step  Wall: 5409.67, 0.00600869/step, 0.175254 hours remaining, 0.000000 MB of memory in use.
PERFORMANCE: 895000  averaging 28.5892 ns/day, 0.00604424 sec/step with standard deviation 4.21784e-05
ENERGY:  895000       332.4980       950.4368      1445.2973        20.5695        -591112.2391     41997.8539        62.4960         0.0000     48311.4644        -497991.6230       291.7804   -546303.0875   -497883.8083       291.4990           -140.1848      -106.3021    832316.0701        -2.8571        -2.8087

WRITING COORDINATES TO DCD FILE eq1.dcd AT STEP 895000
TIMING: 896000  CPU: 5406.36, 0.00600886/step  Wall: 5415.69, 0.00601856/step, 0.17387 hours remaining, 0.000000 MB of memory in use.
PERFORMANCE: 896000  averaging 28.5893 ns/day, 0.00604421 sec/step with standard deviation 4.21636e-05
ENERGY:  896000       333.6021       942.3566      1438.4450        21.9002        -591575.5314     42606.6833        65.7267         0.0000     48425.8645        -497740.9529       292.4713   -546166.8175   -497630.6547       291.2518             50.9391        78.8881    832224.2396         5.1359         5.1000

LDB: ============= START OF LOAD BALANCING ============== 5418.33
LDB: ============== END OF LOAD BALANCING =============== 5418.33
Info: useSync: 0 useProxySync: 0
LDB: =============== DONE WITH MIGRATION ================ 5418.33
LDB: ============= START OF LOAD BALANCING ============== 5418.93
LDB: TIME 5418.93 LOAD: AVG 0.471798 MAX 0.502168  PROXIES: TOTAL 348 MAXPE 45 MAXPATCH 5 None MEM: 0 MB
LDB: TIME 5418.93 LOAD: AVG 0.471798 MAX 0.502168  PROXIES: TOTAL 348 MAXPE 45 MAXPATCH 5 RefineTorusLB MEM: 0 MB
LDB: TIME 5418.93 LOAD: AVG 0.471798 MAX 0.502168  PROXIES: TOTAL 348 MAXPE 45 MAXPATCH 5 RefineTorusLB MEM: 0 MB
LDB: Reverting to original mapping
LDB: ============== END OF LOAD BALANCING =============== 5418.93
Info: useSync: 0 useProxySync: 0
LDB: =============== DONE WITH MIGRATION ================ 5418.93
TIMING: 897000  CPU: 5412.36, 0.00599732/step  Wall: 5421.69, 0.00600178/step, 0.171718 hours remaining, 0.000000 MB of memory in use.
PERFORMANCE: 897000  averaging 28.5896 ns/day, 0.00604417 sec/step with standard deviation 4.21638e-05
ENERGY:  897000       351.0666       905.9021      1438.7161        22.5123        -590747.5143     42155.7516        48.0267         0.0000     48131.2233        -497694.3155       290.6918   -545825.5389   -497582.8916       291.9539           -142.1066      -107.2183    833753.2517        -1.1174        -1.1637

TIMING: 898000  CPU: 5418.36, 0.00600065/step  Wall: 5427.7, 0.00600805/step, 0.170228 hours remaining, 0.000000 MB of memory in use.
PERFORMANCE: 898000  averaging 28.5897 ns/day, 0.00604413 sec/step with standard deviation 4.21576e-05
ENERGY:  898000       311.2756       973.4154      1432.7264        22.7420        -590722.8438     42263.6052        54.8410         0.0000     48643.0602        -497021.1781       293.7831   -545664.2383   -496923.9019       292.5074            -16.9329        16.8263    832151.9722        -0.5667        -0.5917

TIMING: 899000  CPU: 5424.36, 0.00600499/step  Wall: 5433.71, 0.0060124/step, 0.168681 hours remaining, 0.000000 MB of memory in use.
PERFORMANCE: 899000  averaging 28.5899 ns/day, 0.00604409 sec/step with standard deviation 4.21474e-05
ENERGY:  899000       337.2740       921.7781      1433.3861        20.8438        -590552.1484     42257.9550        63.5215         0.0000     48599.9150        -496917.4749       293.5225   -545517.3899   -496809.7497       293.3625             -6.9669        23.8534    833036.2061         4.4388         4.4497

TIMING: 900000  CPU: 5430.38, 0.00601627/step  Wall: 5439.73, 0.00602413/step, 0.167337 hours remaining, 0.000000 MB of memory in use.
PERFORMANCE: 900000  averaging 28.59 ns/day, 0.00604407 sec/step with standard deviation 4.21292e-05
ETITLE:      TS           BOND          ANGLE          DIHED          IMPRP               ELECT            VDW       BOUNDARY           MISC        KINETIC               TOTAL           TEMP      POTENTIAL         TOTAL3        TEMPAVG            PRESSURE      GPRESSURE         VOLUME       PRESSAVG      GPRESSAVG

ENERGY:  900000       335.5239       980.2728      1437.1599        25.0711        -590665.2545     42084.8545        48.6196         0.0000     48537.3530        -497216.3995       293.1447   -545753.7526   -497118.8996       293.0042            -66.9520       -35.5385    831301.3041        -0.7989        -0.7764

WRITING EXTENDED SYSTEM TO RESTART FILE AT STEP 900000
WRITING COORDINATES TO DCD FILE eq1.dcd AT STEP 900000
WRITING COORDINATES TO RESTART FILE AT STEP 900000
FINISHED WRITING RESTART COORDINATES
WRITING VELOCITIES TO RESTART FILE AT STEP 900000
FINISHED WRITING RESTART VELOCITIES
LDB: ============= START OF LOAD BALANCING ============== 5442.43
LDB: ============== END OF LOAD BALANCING =============== 5442.43
Info: useSync: 0 useProxySync: 0
LDB: =============== DONE WITH MIGRATION ================ 5442.43
LDB: ============= START OF LOAD BALANCING ============== 5443.04
LDB: TIME 5443.04 LOAD: AVG 0.474019 MAX 0.505984  PROXIES: TOTAL 348 MAXPE 45 MAXPATCH 5 None MEM: 0 MB
LDB: TIME 5443.04 LOAD: AVG 0.474019 MAX 0.505984  PROXIES: TOTAL 348 MAXPE 45 MAXPATCH 5 RefineTorusLB MEM: 0 MB
LDB: TIME 5443.04 LOAD: AVG 0.474019 MAX 0.505984  PROXIES: TOTAL 348 MAXPE 45 MAXPATCH 5 RefineTorusLB MEM: 0 MB
LDB: Reverting to original mapping
LDB: ============== END OF LOAD BALANCING =============== 5443.04
Info: useSync: 0 useProxySync: 0
LDB: =============== DONE WITH MIGRATION ================ 5443.04
TIMING: 901000  CPU: 5436.44, 0.00606015/step  Wall: 5445.82, 0.00608657/step, 0.167381 hours remaining, 0.000000 MB of memory in use.
PERFORMANCE: 901000  averaging 28.5898 ns/day, 0.00604412 sec/step with standard deviation 4.21296e-05
ENERGY:  901000       368.7856       937.6556      1441.3093        27.6432        -591568.2602     42725.1149        52.7688         0.0000     48244.2298        -497770.7529       291.3743   -546014.9828   -497672.4659       291.8371             68.2143       101.1585    832122.9778         1.5780         1.5572

TIMING: 902000  CPU: 5442.46, 0.00602054/step  Wall: 5451.85, 0.00602616/step, 0.164045 hours remaining, 0.000000 MB of memory in use.
PERFORMANCE: 902000  averaging 28.5899 ns/day, 0.0060441 sec/step with standard deviation 4.21104e-05
ENERGY:  902000       335.7176       947.9697      1438.7391        25.5582        -591256.1469     42222.1996        60.4784         0.0000     48419.6997        -497805.7845       292.4341   -546225.4843   -497700.2241       291.6981           -109.4673       -77.2507    832539.4164         6.2820         6.3003

TIMING: 903000  CPU: 5448.47, 0.00600499/step  Wall: 5457.86, 0.00601177/step, 0.161984 hours remaining, 0.000000 MB of memory in use.
PERFORMANCE: 903000  averaging 28.5901 ns/day, 0.00604406 sec/step with standard deviation 4.21008e-05
ENERGY:  903000       371.0736       971.8437      1438.7632        20.9437        -591111.7113     42390.5938        58.6227         0.0000     48275.1476        -497584.7230       291.5611   -545859.8705   -497474.4800       291.3611             50.9829        82.4114    831498.8117        -3.1217        -3.1085

TIMING: 904000  CPU: 5454.47, 0.00600497/step  Wall: 5463.87, 0.00601197/step, 0.160319 hours remaining, 0.000000 MB of memory in use.
PERFORMANCE: 904000  averaging 28.5902 ns/day, 0.00604402 sec/step with standard deviation 4.2091e-05
ENERGY:  904000       319.5720       942.0383      1435.6224        22.7547        -591041.5857     42253.1186        56.9745         0.0000     48502.0408        -497509.4644       292.9314   -546011.5052   -497406.5410       291.8067             19.8724        54.1878    831130.2128         6.1041         6.1397

LDB: ============= START OF LOAD BALANCING ============== 5466.52
LDB: ============== END OF LOAD BALANCING =============== 5466.52
Info: useSync: 0 useProxySync: 0
LDB: =============== DONE WITH MIGRATION ================ 5466.52
LDB: ============= START OF LOAD BALANCING ============== 5467.13
LDB: TIME 5467.13 LOAD: AVG 0.470712 MAX 0.500325  PROXIES: TOTAL 348 MAXPE 45 MAXPATCH 5 None MEM: 0 MB
LDB: TIME 5467.13 LOAD: AVG 0.470712 MAX 0.500325  PROXIES: TOTAL 348 MAXPE 45 MAXPATCH 5 RefineTorusLB MEM: 0 MB
LDB: TIME 5467.13 LOAD: AVG 0.470712 MAX 0.500325  PROXIES: TOTAL 348 MAXPE 45 MAXPATCH 5 RefineTorusLB MEM: 0 MB
LDB: Reverting to original mapping
LDB: ============== END OF LOAD BALANCING =============== 5467.13
Info: useSync: 0 useProxySync: 0
LDB: =============== DONE WITH MIGRATION ================ 5467.13
TIMING: 905000  CPU: 5460.49, 0.00602109/step  Wall: 5469.9, 0.00602724/step, 0.159052 hours remaining, 0.000000 MB of memory in use.
PERFORMANCE: 905000  averaging 28.5903 ns/day, 0.00604401 sec/step with standard deviation 4.20715e-05
ENERGY:  905000       335.0055       949.3970      1425.6741        24.6743        -590654.2936     42448.0839        54.7713         0.0000     48141.2589        -497275.4286       290.7524   -545416.6875   -497164.9552       292.4313             16.8389        49.5080    832358.1617         2.3749         2.4525

WRITING COORDINATES TO DCD FILE eq1.dcd AT STEP 905000
TIMING: 906000  CPU: 5466.5, 0.00601284/step  Wall: 5475.92, 0.00602134/step, 0.157224 hours remaining, 0.000000 MB of memory in use.
PERFORMANCE: 906000  averaging 28.5904 ns/day, 0.00604398 sec/step with standard deviation 4.20549e-05
ENERGY:  906000       338.8256       961.6595      1430.3879        26.7109        -590859.9013     42240.0186        67.8214         0.0000     48421.3288        -497373.1486       292.4439   -545794.4774   -497267.9959       292.5452             14.7680        48.0990    832092.7659         2.7630         2.7279

TIMING: 907000  CPU: 5472.51, 0.00600857/step  Wall: 5481.94, 0.00601712/step, 0.155442 hours remaining, 0.000000 MB of memory in use.
PERFORMANCE: 907000  averaging 28.5906 ns/day, 0.00604395 sec/step with standard deviation 4.20412e-05
ENERGY:  907000       344.6349       920.5083      1430.8054        20.6279        -591289.2570     42627.8787        59.6802         0.0000     48467.1121        -497418.0094       292.7204   -545885.1216   -497322.4853       292.0475            137.1516       168.7052    831760.1822         0.5811         0.5586

TIMING: 908000  CPU: 5478.51, 0.00600094/step  Wall: 5487.94, 0.00600767/step, 0.153529 hours remaining, 0.000000 MB of memory in use.
PERFORMANCE: 908000  averaging 28.5908 ns/day, 0.00604391 sec/step with standard deviation 4.20353e-05
ENERGY:  908000       331.2155       963.7775      1429.4795        22.5320        -591312.3540     42632.8764        53.3654         0.0000     48199.4332        -497679.6746       291.1038   -545879.1078   -497567.6500       291.7227             49.9607        81.5415    832622.5702         6.8637         6.8557

LDB: ============= START OF LOAD BALANCING ============== 5490.6
LDB: ============== END OF LOAD BALANCING =============== 5490.6
Info: useSync: 0 useProxySync: 0
LDB: =============== DONE WITH MIGRATION ================ 5490.6
LDB: ============= START OF LOAD BALANCING ============== 5491.21
LDB: TIME 5491.21 LOAD: AVG 0.471638 MAX 0.505842  PROXIES: TOTAL 348 MAXPE 45 MAXPATCH 5 None MEM: 0 MB
LDB: TIME 5491.21 LOAD: AVG 0.471638 MAX 0.505842  PROXIES: TOTAL 348 MAXPE 45 MAXPATCH 5 RefineTorusLB MEM: 0 MB
LDB: TIME 5491.21 LOAD: AVG 0.471638 MAX 0.505842  PROXIES: TOTAL 348 MAXPE 45 MAXPATCH 5 RefineTorusLB MEM: 0 MB
LDB: Reverting to original mapping
LDB: ============== END OF LOAD BALANCING =============== 5491.21
Info: useSync: 0 useProxySync: 0
LDB: =============== DONE WITH MIGRATION ================ 5491.21
TIMING: 909000  CPU: 5484.54, 0.00602506/step  Wall: 5493.98, 0.006032/step, 0.152475 hours remaining, 0.000000 MB of memory in use.
PERFORMANCE: 909000  averaging 28.5908 ns/day, 0.0060439 sec/step with standard deviation 4.2014e-05
ENERGY:  909000       353.3135       961.9580      1424.1615        21.2194        -590471.2816     42023.9911        54.2797         0.0000     48295.2847        -497337.0738       291.6827   -545632.3585   -497227.6169       292.0351            -95.9288       -65.0132    832381.3387         2.2125         2.1666

TIMING: 910000  CPU: 5490.55, 0.00601306/step  Wall: 5500, 0.00602074/step, 0.150519 hours remaining, 0.000000 MB of memory in use.
PERFORMANCE: 910000  averaging 28.5909 ns/day, 0.00604387 sec/step with standard deviation 4.19979e-05
ETITLE:      TS           BOND          ANGLE          DIHED          IMPRP               ELECT            VDW       BOUNDARY           MISC        KINETIC               TOTAL           TEMP      POTENTIAL         TOTAL3        TEMPAVG            PRESSURE      GPRESSURE         VOLUME       PRESSAVG      GPRESSAVG

ENERGY:  910000       336.8266       943.3244      1419.7367        21.2511        -590733.1076     42390.3534        53.3575         0.0000     48221.7419        -497346.5160       291.2385   -545568.2579   -497235.4171       292.0664             56.2218        89.7660    832849.8719        -7.3609        -7.3956

WRITING EXTENDED SYSTEM TO RESTART FILE AT STEP 910000
WRITING COORDINATES TO DCD FILE eq1.dcd AT STEP 910000
WRITING COORDINATES TO RESTART FILE AT STEP 910000
FINISHED WRITING RESTART COORDINATES
WRITING VELOCITIES TO RESTART FILE AT STEP 910000
FINISHED WRITING RESTART VELOCITIES
TIMING: 911000  CPU: 5496.59, 0.00604257/step  Wall: 5506.06, 0.00606206/step, 0.149868 hours remaining, 0.000000 MB of memory in use.
PERFORMANCE: 911000  averaging 28.5908 ns/day, 0.00604389 sec/step with standard deviation 4.19791e-05
ENERGY:  911000       326.7074       924.2884      1448.6339        22.6643        -590518.7374     42063.9952        57.0261         0.0000     48169.3717        -497506.0504       290.9222   -545675.4221   -497409.0579       291.7577           -118.5950       -87.0379    834062.8188         2.1867         2.2043

TIMING: 912000  CPU: 5502.62, 0.00602103/step  Wall: 5512.09, 0.00602969/step, 0.147392 hours remaining, 0.000000 MB of memory in use.
PERFORMANCE: 912000  averaging 28.5909 ns/day, 0.00604388 sec/step with standard deviation 4.19587e-05
ENERGY:  912000       331.1881       960.6660      1433.0845        25.0161        -590626.4872     42288.5539        54.4288         0.0000     48207.0407        -497326.5090       291.1497   -545533.5496   -497222.2350       292.1499             33.2646        61.5984    831218.2144        -0.9621        -1.0412

LDB: ============= START OF LOAD BALANCING ============== 5514.73
LDB: ============== END OF LOAD BALANCING =============== 5514.73
Info: useSync: 0 useProxySync: 0
LDB: =============== DONE WITH MIGRATION ================ 5514.73
LDB: ============= START OF LOAD BALANCING ============== 5515.34
LDB: TIME 5515.34 LOAD: AVG 0.473014 MAX 0.50546  PROXIES: TOTAL 348 MAXPE 45 MAXPATCH 5 None MEM: 0 MB
LDB: TIME 5515.34 LOAD: AVG 0.473014 MAX 0.50546  PROXIES: TOTAL 348 MAXPE 45 MAXPATCH 5 RefineTorusLB MEM: 0 MB
LDB: TIME 5515.34 LOAD: AVG 0.473014 MAX 0.50546  PROXIES: TOTAL 348 MAXPE 45 MAXPATCH 5 RefineTorusLB MEM: 0 MB
LDB: Reverting to original mapping
LDB: ============== END OF LOAD BALANCING =============== 5515.34
Info: useSync: 0 useProxySync: 0
LDB: =============== DONE WITH MIGRATION ================ 5515.34
TIMING: 913000  CPU: 5508.63, 0.00601658/step  Wall: 5518.11, 0.00602101/step, 0.145508 hours remaining, 0.000000 MB of memory in use.
PERFORMANCE: 913000  averaging 28.591 ns/day, 0.00604385 sec/step with standard deviation 4.19425e-05
ENERGY:  913000       334.1646       972.4029      1445.5533        22.4389        -590233.5914     41954.1884        57.7081         0.0000     48627.4345        -496819.7007       293.6887   -545447.1353   -496716.9316       292.7490           -124.2994       -89.8955    832675.9128         0.4673         0.4350

TIMING: 914000  CPU: 5514.67, 0.00603284/step  Wall: 5524.15, 0.006043/step, 0.144361 hours remaining, 0.000000 MB of memory in use.
PERFORMANCE: 914000  averaging 28.591 ns/day, 0.00604385 sec/step with standard deviation 4.19195e-05
ENERGY:  914000       350.2892       932.5699      1424.0625        25.0691        -590676.2219     42132.0870        54.1595         0.0000     48240.1403        -497517.8444       291.3496   -545757.9847   -497410.5869       292.5943            -51.2501       -18.9349    831027.8738        -0.8977        -0.8754

TIMING: 915000  CPU: 5520.69, 0.00602439/step  Wall: 5530.18, 0.00603146/step, 0.14241 hours remaining, 0.000000 MB of memory in use.
PERFORMANCE: 915000  averaging 28.5911 ns/day, 0.00604384 sec/step with standard deviation 4.18986e-05
ENERGY:  915000       331.1169       911.5758      1432.2636        21.7875        -591654.9836     42798.7347        64.5691         0.0000     48362.7425        -497732.1936       292.0901   -546094.9361   -497627.4415       291.2458            118.5752       150.8957    832146.5784        -1.6711        -1.6079

WRITING COORDINATES TO DCD FILE eq1.dcd AT STEP 915000
TIMING: 916000  CPU: 5526.73, 0.00604371/step  Wall: 5536.23, 0.00604894/step, 0.141142 hours remaining, 0.000000 MB of memory in use.
PERFORMANCE: 916000  averaging 28.5911 ns/day, 0.00604384 sec/step with standard deviation 4.1876e-05
ENERGY:  916000       325.1537       939.8697      1423.6563        20.6206        -590983.1475     42509.2629        68.5868         0.0000     48279.1137        -497416.8838       291.5850   -545695.9975   -497306.5718       291.5872             19.6274        49.5874    831957.4962        -2.0918        -2.0698

LDB: ============= START OF LOAD BALANCING ============== 5538.89
LDB: ============== END OF LOAD BALANCING =============== 5538.89
Info: useSync: 0 useProxySync: 0
LDB: =============== DONE WITH MIGRATION ================ 5538.89
LDB: ============= START OF LOAD BALANCING ============== 5539.49
LDB: TIME 5539.49 LOAD: AVG 0.47025 MAX 0.49999  PROXIES: TOTAL 348 MAXPE 45 MAXPATCH 5 None MEM: 0 MB
LDB: TIME 5539.49 LOAD: AVG 0.47025 MAX 0.49999  PROXIES: TOTAL 348 MAXPE 45 MAXPATCH 5 RefineTorusLB MEM: 0 MB
LDB: TIME 5539.49 LOAD: AVG 0.47025 MAX 0.49999  PROXIES: TOTAL 348 MAXPE 45 MAXPATCH 5 RefineTorusLB MEM: 0 MB
LDB: Reverting to original mapping
LDB: ============== END OF LOAD BALANCING =============== 5539.49
Info: useSync: 0 useProxySync: 0
LDB: =============== DONE WITH MIGRATION ================ 5539.49
TIMING: 917000  CPU: 5532.75, 0.00602036/step  Wall: 5542.26, 0.00603036/step, 0.139033 hours remaining, 0.000000 MB of memory in use.
PERFORMANCE: 917000  averaging 28.5912 ns/day, 0.00604383 sec/step with standard deviation 4.18555e-05
ENERGY:  917000       324.4112       987.3280      1426.8254        21.0674        -590348.2123     42181.4297        59.3412         0.0000     48174.7084        -497173.1009       290.9545   -545347.8093   -497066.2528       292.6517            -19.2868        16.9826    833052.1649         4.2939         4.3149

TIMING: 918000  CPU: 5538.77, 0.0060208/step  Wall: 5548.29, 0.0060258/step, 0.137254 hours remaining, 0.000000 MB of memory in use.
PERFORMANCE: 918000  averaging 28.5912 ns/day, 0.00604381 sec/step with standard deviation 4.1837e-05
ENERGY:  918000       357.3752       938.4843      1415.4162        25.6531        -590703.7116     42257.6899        62.4575         0.0000     48169.9443        -497476.6912       290.9257   -545646.6355   -497375.8904       292.4292            -36.3895        -6.0272    831462.7064        -0.2228        -0.3127

TIMING: 919000  CPU: 5544.78, 0.00600832/step  Wall: 5554.3, 0.00601594/step, 0.135359 hours remaining, 0.000000 MB of memory in use.
PERFORMANCE: 919000  averaging 28.5914 ns/day, 0.00604378 sec/step with standard deviation 4.18243e-05
ENERGY:  919000       327.2999       958.1474      1425.3171        20.8214        -590895.9788     42036.4942        65.5229         0.0000     48565.1817        -497497.1942       293.3127   -546062.3759   -497392.4271       292.1603           -107.3343       -72.1961    830835.9978         1.7895         1.7741

TIMING: 920000  CPU: 5550.81, 0.0060243/step  Wall: 5560.34, 0.00603306/step, 0.134068 hours remaining, 0.000000 MB of memory in use.
PERFORMANCE: 920000  averaging 28.5914 ns/day, 0.00604377 sec/step with standard deviation 4.1803e-05
ETITLE:      TS           BOND          ANGLE          DIHED          IMPRP               ELECT            VDW       BOUNDARY           MISC        KINETIC               TOTAL           TEMP      POTENTIAL         TOTAL3        TEMPAVG            PRESSURE      GPRESSURE         VOLUME       PRESSAVG      GPRESSAVG

ENERGY:  920000       321.4478       978.4635      1423.2245        30.5263        -591298.0336     42731.0319        54.5764         0.0000     48515.0088        -497243.7546       293.0097   -545758.7633   -497142.6884       292.2355            114.6777       148.5881    832315.2834         3.2259         3.2820

WRITING EXTENDED SYSTEM TO RESTART FILE AT STEP 920000
WRITING COORDINATES TO DCD FILE eq1.dcd AT STEP 920000
WRITING COORDINATES TO RESTART FILE AT STEP 920000
FINISHED WRITING RESTART COORDINATES
WRITING VELOCITIES TO RESTART FILE AT STEP 920000
FINISHED WRITING RESTART VELOCITIES
LDB: ============= START OF LOAD BALANCING ============== 5563.03
LDB: ============== END OF LOAD BALANCING =============== 5563.03
Info: useSync: 0 useProxySync: 0
LDB: =============== DONE WITH MIGRATION ================ 5563.03
LDB: ============= START OF LOAD BALANCING ============== 5563.64
LDB: TIME 5563.64 LOAD: AVG 0.47143 MAX 0.506709  PROXIES: TOTAL 348 MAXPE 45 MAXPATCH 5 None MEM: 0 MB
LDB: TIME 5563.64 LOAD: AVG 0.47143 MAX 0.506709  PROXIES: TOTAL 348 MAXPE 45 MAXPATCH 5 RefineTorusLB MEM: 0 MB
LDB: TIME 5563.64 LOAD: AVG 0.47143 MAX 0.506709  PROXIES: TOTAL 348 MAXPE 45 MAXPATCH 5 RefineTorusLB MEM: 0 MB
LDB: ============== END OF LOAD BALANCING =============== 5563.64
Info: useSync: 0 useProxySync: 0
LDB: =============== DONE WITH MIGRATION ================ 5563.64
TIMING: 921000  CPU: 5556.84, 0.00603114/step  Wall: 5566.39, 0.00605695/step, 0.132916 hours remaining, 0.000000 MB of memory in use.
PERFORMANCE: 921000  averaging 28.5914 ns/day, 0.00604378 sec/step with standard deviation 4.17825e-05
ENERGY:  921000       336.3028       990.6349      1417.9741        25.2489        -590854.7007     42299.6212        62.4485         0.0000     48756.3032        -496966.1670       294.4670   -545722.4702   -496874.8696       292.8517            -27.0935         5.9264    833572.0264         2.2272         2.2158

TIMING: 922000  CPU: 5562.84, 0.00600205/step  Wall: 5572.41, 0.00601126/step, 0.130244 hours remaining, 0.000000 MB of memory in use.
PERFORMANCE: 922000  averaging 28.5915 ns/day, 0.00604375 sec/step with standard deviation 4.17736e-05
ENERGY:  922000       321.5348       967.8970      1432.8722        19.6066        -589822.8123     41846.9449        52.2564         0.0000     48271.4584        -496910.2419       291.5388   -545181.7003   -496803.1312       292.7300           -194.2597      -162.5008    834303.8336         4.2607         4.2102

TIMING: 923000  CPU: 5568.85, 0.00600576/step  Wall: 5578.42, 0.00601556/step, 0.128666 hours remaining, 0.000000 MB of memory in use.
PERFORMANCE: 923000  averaging 28.5917 ns/day, 0.00604371 sec/step with standard deviation 4.17612e-05
ENERGY:  923000       326.3960       931.3035      1404.7969        19.1454        -590648.7655     42529.6421        60.6946         0.0000     48513.3407        -496863.4464       292.9996   -545376.7871   -496754.4501       293.2774            152.5860       187.9674    830864.4912         3.4059         3.4686

TIMING: 924000  CPU: 5574.86, 0.00601764/step  Wall: 5584.45, 0.0060272/step, 0.127241 hours remaining, 0.000000 MB of memory in use.
PERFORMANCE: 924000  averaging 28.5918 ns/day, 0.0060437 sec/step with standard deviation 4.17421e-05
ENERGY:  924000       346.4112       986.3269      1431.1621        22.5686        -590716.3414     42296.9100        63.6734         0.0000     48735.4349        -496833.8542       294.3410   -545569.2891   -496735.0330       293.1646            -34.1058        -6.9474    832874.4027         0.5364         0.5157

LDB: ============= START OF LOAD BALANCING ============== 5587.1
LDB: ============== END OF LOAD BALANCING =============== 5587.1
Info: useSync: 0 useProxySync: 0
LDB: =============== DONE WITH MIGRATION ================ 5587.1
LDB: ============= START OF LOAD BALANCING ============== 5587.71
LDB: TIME 5587.71 LOAD: AVG 0.470283 MAX 0.506896  PROXIES: TOTAL 348 MAXPE 45 MAXPATCH 5 None MEM: 0 MB
LDB: TIME 5587.71 LOAD: AVG 0.470283 MAX 0.506896  PROXIES: TOTAL 348 MAXPE 45 MAXPATCH 5 RefineTorusLB MEM: 0 MB
LDB: TIME 5587.71 LOAD: AVG 0.470283 MAX 0.506896  PROXIES: TOTAL 348 MAXPE 45 MAXPATCH 5 RefineTorusLB MEM: 0 MB
LDB: ============== END OF LOAD BALANCING =============== 5587.71
Info: useSync: 0 useProxySync: 0
LDB: =============== DONE WITH MIGRATION ================ 5587.71
TIMING: 925000  CPU: 5580.88, 0.00601363/step  Wall: 5590.47, 0.00602501/step, 0.125521 hours remaining, 0.000000 MB of memory in use.
PERFORMANCE: 925000  averaging 28.5919 ns/day, 0.00604368 sec/step with standard deviation 4.17241e-05
ENERGY:  925000       319.4593       966.9596      1432.2942        20.5324        -590084.0415     41899.5779        59.9052         0.0000     48441.6544        -496943.6584       292.5667   -545385.3129   -496840.9499       293.2887            -74.8234       -42.3710    831322.1960        -3.2796        -3.3102

WRITING COORDINATES TO DCD FILE eq1.dcd AT STEP 925000
TIMING: 926000  CPU: 5586.9, 0.00601785/step  Wall: 5596.5, 0.00602827/step, 0.123915 hours remaining, 0.000000 MB of memory in use.
PERFORMANCE: 926000  averaging 28.5919 ns/day, 0.00604366 sec/step with standard deviation 4.17046e-05
ENERGY:  926000       327.6553       924.4107      1436.1392        27.3170        -590916.4239     42505.6541        56.8515         0.0000     48390.6479        -497247.7482       292.2586   -545638.3961   -497144.3197       292.3159              1.1909        30.4763    833536.1415         2.7359         2.7901

TIMING: 927000  CPU: 5592.89, 0.00598987/step  Wall: 5602.5, 0.00599983/step, 0.121663 hours remaining, 0.000000 MB of memory in use.
PERFORMANCE: 927000  averaging 28.5922 ns/day, 0.00604361 sec/step with standard deviation 4.17069e-05
ENERGY:  927000       336.1541       929.8995      1432.3227        25.6577        -590794.5757     42510.9919        61.9846         0.0000     48436.3658        -497061.1993       292.5348   -545497.5651   -496958.7325       292.3213             72.3478       103.8071    831704.4686        -4.2328        -4.2349

TIMING: 928000  CPU: 5598.89, 0.00600962/step  Wall: 5608.52, 0.00601899/step, 0.12038 hours remaining, 0.000000 MB of memory in use.
PERFORMANCE: 928000  averaging 28.5923 ns/day, 0.00604359 sec/step with standard deviation 4.16922e-05
ENERGY:  928000       337.5520       966.2349      1438.9557        22.4618        -590636.1481     42142.1357        47.3447         0.0000     48515.0132        -497166.4501       293.0097   -545681.4633   -497060.9257       292.8409            -90.7748       -57.3810    833980.7993         2.1663         2.1481

LDB: ============= START OF LOAD BALANCING ============== 5611.17
LDB: ============== END OF LOAD BALANCING =============== 5611.17
Info: useSync: 0 useProxySync: 0
LDB: =============== DONE WITH MIGRATION ================ 5611.17
LDB: ============= START OF LOAD BALANCING ============== 5611.77
LDB: TIME 5611.77 LOAD: AVG 0.469387 MAX 0.501145  PROXIES: TOTAL 348 MAXPE 45 MAXPATCH 5 None MEM: 0 MB
LDB: TIME 5611.77 LOAD: AVG 0.469387 MAX 0.501145  PROXIES: TOTAL 348 MAXPE 45 MAXPATCH 5 RefineTorusLB MEM: 0 MB
LDB: TIME 5611.77 LOAD: AVG 0.469387 MAX 0.501145  PROXIES: TOTAL 348 MAXPE 45 MAXPATCH 5 RefineTorusLB MEM: 0 MB
LDB: Reverting to original mapping
LDB: ============== END OF LOAD BALANCING =============== 5611.78
Info: useSync: 0 useProxySync: 0
LDB: =============== DONE WITH MIGRATION ================ 5611.78
TIMING: 929000  CPU: 5604.91, 0.00601105/step  Wall: 5614.54, 0.00602142/step, 0.118756 hours remaining, 0.000000 MB of memory in use.
PERFORMANCE: 929000  averaging 28.5924 ns/day, 0.00604356 sec/step with standard deviation 4.16761e-05
ENERGY:  929000       331.7156       950.6542      1446.6066        27.4772        -591316.5049     42539.4472        54.2437         0.0000     48289.6660        -497676.6943       291.6487   -545966.3603   -497576.2114       291.7607             42.8279        75.5100    833487.4927        -2.1497        -2.2027

TIMING: 930000  CPU: 5610.91, 0.00600872/step  Wall: 5620.56, 0.00601901/step, 0.117036 hours remaining, 0.000000 MB of memory in use.
PERFORMANCE: 930000  averaging 28.5925 ns/day, 0.00604354 sec/step with standard deviation 4.16615e-05
ETITLE:      TS           BOND          ANGLE          DIHED          IMPRP               ELECT            VDW       BOUNDARY           MISC        KINETIC               TOTAL           TEMP      POTENTIAL         TOTAL3        TEMPAVG            PRESSURE      GPRESSURE         VOLUME       PRESSAVG      GPRESSAVG

ENERGY:  930000       325.1037       957.3565      1420.1327        28.3916        -590999.1943     42410.3393        67.0448         0.0000     48210.1887        -497580.6371       291.1687   -545790.8258   -497487.3496       291.0931            -21.4722        10.7630    833364.8202         1.7261         1.7274

WRITING EXTENDED SYSTEM TO RESTART FILE AT STEP 930000
WRITING COORDINATES TO DCD FILE eq1.dcd AT STEP 930000
WRITING COORDINATES TO RESTART FILE AT STEP 930000
FINISHED WRITING RESTART COORDINATES
WRITING VELOCITIES TO RESTART FILE AT STEP 930000
FINISHED WRITING RESTART VELOCITIES
TIMING: 931000  CPU: 5616.92, 0.00600924/step  Wall: 5626.59, 0.00603346/step, 0.115641 hours remaining, 0.000000 MB of memory in use.
PERFORMANCE: 931000  averaging 28.5926 ns/day, 0.00604353 sec/step with standard deviation 4.16404e-05
ENERGY:  931000       319.8328       979.0250      1436.4764        24.1578        -590633.9942     42063.9108        64.6189         0.0000     48236.8788        -497509.0938       291.3299   -545745.9725   -497410.3667       291.2124            -91.5261       -58.8844    832109.8970        -2.5727        -2.6216

TIMING: 932000  CPU: 5622.93, 0.00601027/step  Wall: 5632.61, 0.00601859/step, 0.113685 hours remaining, 0.000000 MB of memory in use.
PERFORMANCE: 932000  averaging 28.5927 ns/day, 0.0060435 sec/step with standard deviation 4.1626e-05
ENERGY:  932000       347.3961       945.2148      1428.0896        26.5526        -591036.8180     42203.4234        52.2178         0.0000     48501.3854        -497532.5383       292.9274   -546033.9237   -497427.8225       291.7853            -99.6210       -65.3603    833256.8175         0.5373         0.4770

LDB: ============= START OF LOAD BALANCING ============== 5635.27
LDB: ============== END OF LOAD BALANCING =============== 5635.27
Info: useSync: 0 useProxySync: 0
LDB: =============== DONE WITH MIGRATION ================ 5635.27
LDB: ============= START OF LOAD BALANCING ============== 5635.88
LDB: TIME 5635.88 LOAD: AVG 0.474325 MAX 0.505162  PROXIES: TOTAL 348 MAXPE 45 MAXPATCH 5 None MEM: 0 MB
LDB: TIME 5635.88 LOAD: AVG 0.474325 MAX 0.505162  PROXIES: TOTAL 348 MAXPE 45 MAXPATCH 5 RefineTorusLB MEM: 0 MB
LDB: TIME 5635.88 LOAD: AVG 0.474325 MAX 0.505162  PROXIES: TOTAL 348 MAXPE 45 MAXPATCH 5 RefineTorusLB MEM: 0 MB
LDB: ============== END OF LOAD BALANCING =============== 5635.88
Info: useSync: 0 useProxySync: 0
LDB: =============== DONE WITH MIGRATION ================ 5635.88
TIMING: 933000  CPU: 5628.95, 0.00601783/step  Wall: 5638.64, 0.00603002/step, 0.112225 hours remaining, 0.000000 MB of memory in use.
PERFORMANCE: 933000  averaging 28.5928 ns/day, 0.00604348 sec/step with standard deviation 4.1606e-05
ENERGY:  933000       333.8260       988.5443      1438.0199        28.7059        -591170.3736     42423.6035        50.5609         0.0000     48628.8432        -497278.2699       293.6972   -545907.1130   -497177.7917       292.4806             39.0649        71.8317    831971.2479         2.2471         2.2315

TIMING: 934000  CPU: 5634.97, 0.0060141/step  Wall: 5644.66, 0.00602212/step, 0.110405 hours remaining, 0.000000 MB of memory in use.
PERFORMANCE: 934000  averaging 28.5929 ns/day, 0.00604346 sec/step with standard deviation 4.15896e-05
ENERGY:  934000       318.5871       958.9682      1431.0749        24.7816        -590727.1750     42155.8202        56.5602         0.0000     48283.5118        -497497.8710       291.6116   -545781.3828   -497396.0096       292.3637            -74.9915       -41.1205    831316.5038         1.2152         1.2424

TIMING: 935000  CPU: 5640.98, 0.00601794/step  Wall: 5650.69, 0.00602948/step, 0.108866 hours remaining, 0.000000 MB of memory in use.
PERFORMANCE: 935000  averaging 28.593 ns/day, 0.00604345 sec/step with standard deviation 4.15698e-05
ENERGY:  935000       341.7386       933.3677      1414.1556        20.8811        -590273.9078     41800.3966        61.1527         0.0000     48308.7482        -497393.4674       291.7640   -545702.2156   -497286.6444       291.8849           -187.1036      -154.0743    833556.5199         0.8187         0.7741

WRITING COORDINATES TO DCD FILE eq1.dcd AT STEP 935000
TIMING: 936000  CPU: 5647.01, 0.00602582/step  Wall: 5656.73, 0.00603743/step, 0.107332 hours remaining, 0.000000 MB of memory in use.
PERFORMANCE: 936000  averaging 28.593 ns/day, 0.00604344 sec/step with standard deviation 4.15481e-05
ENERGY:  936000       314.6254       948.2238      1433.6920        19.2968        -590188.4272     42224.8212        54.5439         0.0000     48124.4125        -497068.8116       290.6507   -545193.2241   -496963.6815       291.9328              3.6958        37.7202    834682.0320         5.5927         5.4824

LDB: ============= START OF LOAD BALANCING ============== 5659.39
LDB: ============== END OF LOAD BALANCING =============== 5659.39
Info: useSync: 0 useProxySync: 0
LDB: =============== DONE WITH MIGRATION ================ 5659.39
LDB: ============= START OF LOAD BALANCING ============== 5660
LDB: TIME 5660 LOAD: AVG 0.471286 MAX 0.506993  PROXIES: TOTAL 348 MAXPE 45 MAXPATCH 5 None MEM: 0 MB
LDB: TIME 5660 LOAD: AVG 0.471286 MAX 0.506993  PROXIES: TOTAL 348 MAXPE 45 MAXPATCH 5 RefineTorusLB MEM: 0 MB
LDB: TIME 5660 LOAD: AVG 0.471286 MAX 0.506993  PROXIES: TOTAL 348 MAXPE 45 MAXPATCH 5 RefineTorusLB MEM: 0 MB
LDB: ============== END OF LOAD BALANCING =============== 5660
Info: useSync: 0 useProxySync: 0
LDB: =============== DONE WITH MIGRATION ================ 5660
TIMING: 937000  CPU: 5653.05, 0.00603672/step  Wall: 5662.77, 0.00604169/step, 0.10573 hours remaining, 0.000000 MB of memory in use.
PERFORMANCE: 937000  averaging 28.593 ns/day, 0.00604344 sec/step with standard deviation 4.15259e-05
ENERGY:  937000       337.6577       920.7961      1437.0494        20.9467        -590517.8289     42013.4446        56.4717         0.0000     48543.8191        -497187.6436       293.1837   -545731.4627   -497080.4328       292.4810            -61.2064       -26.2752    832184.1882         2.5095         2.5065

TIMING: 938000  CPU: 5659.06, 0.00601281/step  Wall: 5668.8, 0.00602211/step, 0.103714 hours remaining, 0.000000 MB of memory in use.
PERFORMANCE: 938000  averaging 28.5931 ns/day, 0.00604342 sec/step with standard deviation 4.15096e-05
ENERGY:  938000       345.8871       969.0803      1436.8595        24.7700        -591169.4064     42304.7247        60.4046         0.0000     48553.8107        -497473.8696       293.2441   -546027.6803   -497375.4651       291.9499            -78.7023       -48.5158    831792.6560         2.4450         2.4191

TIMING: 939000  CPU: 5665.08, 0.00602509/step  Wall: 5674.83, 0.00603171/step, 0.102204 hours remaining, 0.000000 MB of memory in use.
PERFORMANCE: 939000  averaging 28.5932 ns/day, 0.0060434 sec/step with standard deviation 4.14892e-05
ENERGY:  939000       344.2455       962.5574      1408.4729        20.7430        -590956.9419     42277.7973        66.6394         0.0000     48254.6381        -497621.8482       291.4372   -545876.4863   -497524.6203       291.4868            -79.4801       -43.1524    832047.1913         1.2423         1.2658

TIMING: 940000  CPU: 5671.11, 0.00602907/step  Wall: 5680.86, 0.00603616/step, 0.100603 hours remaining, 0.000000 MB of memory in use.
PERFORMANCE: 940000  averaging 28.5932 ns/day, 0.0060434 sec/step with standard deviation 4.14678e-05
ETITLE:      TS           BOND          ANGLE          DIHED          IMPRP               ELECT            VDW       BOUNDARY           MISC        KINETIC               TOTAL           TEMP      POTENTIAL         TOTAL3        TEMPAVG            PRESSURE      GPRESSURE         VOLUME       PRESSAVG      GPRESSAVG

ENERGY:  940000       320.9619       943.7608      1429.6012        27.0071        -591163.7187     42491.3235        63.6943         0.0000     48495.4730        -497391.8970       292.8917   -545887.3700   -497277.7553       292.0092            114.2754       145.8011    831732.3529         5.5829         5.5714

WRITING EXTENDED SYSTEM TO RESTART FILE AT STEP 940000
WRITING COORDINATES TO DCD FILE eq1.dcd AT STEP 940000
WRITING COORDINATES TO RESTART FILE AT STEP 940000
FINISHED WRITING RESTART COORDINATES
WRITING VELOCITIES TO RESTART FILE AT STEP 940000
FINISHED WRITING RESTART VELOCITIES
LDB: ============= START OF LOAD BALANCING ============== 5683.55
LDB: ============== END OF LOAD BALANCING =============== 5683.55
Info: useSync: 0 useProxySync: 0
LDB: =============== DONE WITH MIGRATION ================ 5683.55
LDB: ============= START OF LOAD BALANCING ============== 5684.16
LDB: TIME 5684.16 LOAD: AVG 0.472365 MAX 0.509094  PROXIES: TOTAL 348 MAXPE 45 MAXPATCH 5 None MEM: 0 MB
LDB: TIME 5684.16 LOAD: AVG 0.472365 MAX 0.509094  PROXIES: TOTAL 348 MAXPE 45 MAXPATCH 5 RefineTorusLB MEM: 0 MB
LDB: TIME 5684.16 LOAD: AVG 0.472365 MAX 0.509094  PROXIES: TOTAL 348 MAXPE 45 MAXPATCH 5 RefineTorusLB MEM: 0 MB
LDB: Reverting to original mapping
LDB: ============== END OF LOAD BALANCING =============== 5684.16
Info: useSync: 0 useProxySync: 0
LDB: =============== DONE WITH MIGRATION ================ 5684.16
TIMING: 941000  CPU: 5677.16, 0.0060468/step  Wall: 5686.93, 0.00606561/step, 0.0994087 hours remaining, 0.000000 MB of memory in use.
PERFORMANCE: 941000  averaging 28.5931 ns/day, 0.00604342 sec/step with standard deviation 4.1452e-05
ENERGY:  941000       336.3622       948.1577      1420.0740        20.9985        -590754.2641     42348.6564        63.9780         0.0000     48500.8810        -497115.1564       292.9244   -545616.0374   -497003.5842       292.3530            -25.2249         5.2189    832145.7383         0.3183         0.3762

TIMING: 942000  CPU: 5683.18, 0.00601701/step  Wall: 5692.95, 0.00602419/step, 0.0970563 hours remaining, 0.000000 MB of memory in use.
PERFORMANCE: 942000  averaging 28.5932 ns/day, 0.0060434 sec/step with standard deviation 4.14347e-05
ENERGY:  942000       316.5892       969.3298      1419.7967        24.0437        -590997.4478     42145.3204        63.3835         0.0000     48307.8605        -497751.1241       291.7586   -546058.9845   -497645.1056       292.2297            -38.6445       -10.4212    830506.6737         0.0563         0.0238

TIMING: 943000  CPU: 5689.21, 0.00602803/step  Wall: 5698.99, 0.00603476/step, 0.0955503 hours remaining, 0.000000 MB of memory in use.
PERFORMANCE: 943000  averaging 28.5932 ns/day, 0.00604339 sec/step with standard deviation 4.14137e-05
ENERGY:  943000       339.9323       947.0469      1435.1391        19.4451        -591281.7642     42565.2073        72.2618         0.0000     48377.9714        -497524.7604       292.1821   -545902.7318   -497417.3442       291.9592             29.8425        62.8659    831084.6971         3.6743         3.6340

TIMING: 944000  CPU: 5695.23, 0.00601998/step  Wall: 5705.02, 0.00603159/step, 0.0938248 hours remaining, 0.000000 MB of memory in use.
PERFORMANCE: 944000  averaging 28.5933 ns/day, 0.00604338 sec/step with standard deviation 4.13935e-05
ENERGY:  944000       336.5268      1009.9843      1436.0475        22.6030        -591710.2434     42842.5287        58.3492         0.0000     48305.0816        -497699.1222       291.7419   -546004.2038   -497595.1736       291.4963            199.5076       233.4845    831045.7098         1.3191         1.3118

LDB: ============= START OF LOAD BALANCING ============== 5707.67
LDB: ============== END OF LOAD BALANCING =============== 5707.67
Info: useSync: 0 useProxySync: 0
LDB: =============== DONE WITH MIGRATION ================ 5707.67
LDB: ============= START OF LOAD BALANCING ============== 5708.28
LDB: TIME 5708.28 LOAD: AVG 0.471491 MAX 0.50622  PROXIES: TOTAL 348 MAXPE 45 MAXPATCH 5 None MEM: 0 MB
LDB: TIME 5708.28 LOAD: AVG 0.471491 MAX 0.50622  PROXIES: TOTAL 348 MAXPE 45 MAXPATCH 5 RefineTorusLB MEM: 0 MB
LDB: TIME 5708.28 LOAD: AVG 0.471491 MAX 0.50622  PROXIES: TOTAL 348 MAXPE 45 MAXPATCH 5 RefineTorusLB MEM: 0 MB
LDB: ============== END OF LOAD BALANCING =============== 5708.28
Info: useSync: 0 useProxySync: 0
LDB: =============== DONE WITH MIGRATION ================ 5708.28
TIMING: 945000  CPU: 5701.27, 0.00604848/step  Wall: 5711.07, 0.00605401/step, 0.0924918 hours remaining, 0.000000 MB of memory in use.
PERFORMANCE: 945000  averaging 28.5932 ns/day, 0.00604339 sec/step with standard deviation 4.1373e-05
ENERGY:  945000       340.5869       976.7285      1440.1642        25.3251        -590640.5989     41994.3446        64.5835         0.0000     48042.9990        -497755.8670       290.1590   -545798.8661   -497655.2997       291.5475           -113.6975       -78.1104    831554.5684         0.5302         0.5208

WRITING COORDINATES TO DCD FILE eq1.dcd AT STEP 945000
TIMING: 946000  CPU: 5707.3, 0.006024/step  Wall: 5717.1, 0.00603061/step, 0.0904591 hours remaining, 0.000000 MB of memory in use.
PERFORMANCE: 946000  averaging 28.5933 ns/day, 0.00604337 sec/step with standard deviation 4.13532e-05
ENERGY:  946000       341.5523       952.7422      1426.8366        19.7876        -591229.9000     42701.8981        62.7978         0.0000     48183.8252        -497540.4602       291.0095   -545724.2854   -497436.0345       290.9162            145.6233       177.6872    832806.2325        -6.1664        -6.2127

TIMING: 947000  CPU: 5713.32, 0.00602366/step  Wall: 5723.14, 0.00603259/step, 0.0888132 hours remaining, 0.000000 MB of memory in use.
PERFORMANCE: 947000  averaging 28.5934 ns/day, 0.00604336 sec/step with standard deviation 4.13329e-05
ENERGY:  947000       325.5736       920.7508      1436.5834        22.9758        -591055.1262     42276.7739        55.4428         0.0000     48246.1194        -497770.9064       291.3857   -546017.0258   -497672.0142       290.8999            -63.8087       -31.3369    832452.7969        -1.4978        -1.3448

TIMING: 948000  CPU: 5719.35, 0.00603294/step  Wall: 5729.18, 0.00604043/step, 0.0872506 hours remaining, 0.000000 MB of memory in use.
PERFORMANCE: 948000  averaging 28.5934 ns/day, 0.00604336 sec/step with standard deviation 4.13111e-05
ENERGY:  948000       331.0435       921.7497      1454.8784        21.2292        -590991.4000     42526.5720        65.9973         0.0000     48519.2784        -497150.6515       293.0355   -545669.9299   -497043.7119       292.1512             77.2213       113.9062    832577.9138        -0.4737        -0.4308

LDB: ============= START OF LOAD BALANCING ============== 5731.83
LDB: ============== END OF LOAD BALANCING =============== 5731.83
Info: useSync: 0 useProxySync: 0
LDB: =============== DONE WITH MIGRATION ================ 5731.83
LDB: ============= START OF LOAD BALANCING ============== 5732.43
LDB: TIME 5732.43 LOAD: AVG 0.470512 MAX 0.504633  PROXIES: TOTAL 348 MAXPE 45 MAXPATCH 5 None MEM: 0 MB
LDB: TIME 5732.43 LOAD: AVG 0.470512 MAX 0.504633  PROXIES: TOTAL 348 MAXPE 45 MAXPATCH 5 RefineTorusLB MEM: 0 MB
LDB: TIME 5732.43 LOAD: AVG 0.470512 MAX 0.504633  PROXIES: TOTAL 348 MAXPE 45 MAXPATCH 5 RefineTorusLB MEM: 0 MB
LDB: Reverting to original mapping
LDB: ============== END OF LOAD BALANCING =============== 5732.43
Info: useSync: 0 useProxySync: 0
LDB: =============== DONE WITH MIGRATION ================ 5732.43
TIMING: 949000  CPU: 5725.39, 0.00603639/step  Wall: 5735.22, 0.00604431/step, 0.0856277 hours remaining, 0.000000 MB of memory in use.
PERFORMANCE: 949000  averaging 28.5934 ns/day, 0.00604336 sec/step with standard deviation 4.12893e-05
ENERGY:  949000       319.7774       923.6039      1440.1737        28.6874        -590491.3965     42289.1409        62.3478         0.0000     48527.3226        -496900.3428       293.0841   -545427.6654   -496800.0437       292.7190              2.9624        31.9986    832770.8318         1.4488         1.4942

TIMING: 950000  CPU: 5731.41, 0.00602108/step  Wall: 5741.25, 0.00602936/step, 0.0837411 hours remaining, 0.000000 MB of memory in use.
PERFORMANCE: 950000  averaging 28.5934 ns/day, 0.00604335 sec/step with standard deviation 4.12701e-05
ETITLE:      TS           BOND          ANGLE          DIHED          IMPRP               ELECT            VDW       BOUNDARY           MISC        KINETIC               TOTAL           TEMP      POTENTIAL         TOTAL3        TEMPAVG            PRESSURE      GPRESSURE         VOLUME       PRESSAVG      GPRESSAVG

ENERGY:  950000       342.1701       934.5165      1439.8392        20.5475        -590609.8643     42657.8242        70.8806         0.0000     48502.7411        -496641.3451       292.9356   -545144.0862   -496535.2153       293.3806             66.2260        94.3074    835050.3601        -1.9450        -1.9030

WRITING EXTENDED SYSTEM TO RESTART FILE AT STEP 950000
WRITING COORDINATES TO DCD FILE eq1.dcd AT STEP 950000
WRITING COORDINATES TO RESTART FILE AT STEP 950000
FINISHED WRITING RESTART COORDINATES
WRITING VELOCITIES TO RESTART FILE AT STEP 950000
FINISHED WRITING RESTART VELOCITIES
TIMING: 951000  CPU: 5737.44, 0.0060298/step  Wall: 5747.3, 0.00605228/step, 0.0823783 hours remaining, 0.000000 MB of memory in use.
PERFORMANCE: 951000  averaging 28.5934 ns/day, 0.00604336 sec/step with standard deviation 4.12494e-05
ENERGY:  951000       325.0189       958.4949      1434.4756        26.1358        -590287.1790     42166.1486        59.3304         0.0000     48157.8620        -497159.7129       290.8527   -545317.5749   -497055.7955       292.3979            -54.2163       -21.3281    835386.0079        -3.5739        -3.5458

TIMING: 952000  CPU: 5743.47, 0.00602482/step  Wall: 5753.33, 0.00602978/step, 0.080397 hours remaining, 0.000000 MB of memory in use.
PERFORMANCE: 952000  averaging 28.5935 ns/day, 0.00604334 sec/step with standard deviation 4.123e-05
ENERGY:  952000       326.8204       956.6997      1437.3572        19.1467        -590703.6238     42098.0141        63.5292         0.0000     48499.1622        -497302.8943       292.9140   -545802.0566   -497190.4456       291.8852            -86.7788       -55.3343    831193.8058         2.4614         2.4252

LDB: ============= START OF LOAD BALANCING ============== 5755.99
LDB: ============== END OF LOAD BALANCING =============== 5755.99
Info: useSync: 0 useProxySync: 0
LDB: =============== DONE WITH MIGRATION ================ 5755.99
LDB: ============= START OF LOAD BALANCING ============== 5756.6
LDB: TIME 5756.6 LOAD: AVG 0.472266 MAX 0.501723  PROXIES: TOTAL 348 MAXPE 45 MAXPATCH 5 None MEM: 0 MB
LDB: TIME 5756.6 LOAD: AVG 0.472266 MAX 0.501723  PROXIES: TOTAL 348 MAXPE 45 MAXPATCH 5 RefineTorusLB MEM: 0 MB
LDB: TIME 5756.6 LOAD: AVG 0.472266 MAX 0.501723  PROXIES: TOTAL 348 MAXPE 45 MAXPATCH 5 RefineTorusLB MEM: 0 MB
LDB: ============== END OF LOAD BALANCING =============== 5756.6
Info: useSync: 0 useProxySync: 0
LDB: =============== DONE WITH MIGRATION ================ 5756.6
TIMING: 953000  CPU: 5749.49, 0.00602419/step  Wall: 5759.37, 0.00603462/step, 0.0787853 hours remaining, 0.000000 MB of memory in use.
PERFORMANCE: 953000  averaging 28.5935 ns/day, 0.00604333 sec/step with standard deviation 4.12093e-05
ENERGY:  953000       315.2653       953.7495      1459.5110        20.7346        -591212.4499     42396.6884        54.5850         0.0000     48611.7140        -497400.2021       293.5938   -546011.9161   -497309.9316       292.6179            114.7599       148.5385    830017.0102         1.6428         1.6582

TIMING: 954000  CPU: 5755.55, 0.00606033/step  Wall: 5765.43, 0.00606498/step, 0.0774969 hours remaining, 0.000000 MB of memory in use.
PERFORMANCE: 954000  averaging 28.5934 ns/day, 0.00604335 sec/step with standard deviation 4.11937e-05
ENERGY:  954000       327.5043       928.0377      1425.7820        20.5485        -590675.8055     42289.9477        62.1746         0.0000     48562.0126        -497059.7981       293.2936   -545621.8107   -496952.6010       292.2706             38.1043        70.8866    832590.7519         1.3679         1.3048

TIMING: 955000  CPU: 5761.58, 0.00602483/step  Wall: 5771.46, 0.00603154/step, 0.0753943 hours remaining, 0.000000 MB of memory in use.
PERFORMANCE: 955000  averaging 28.5934 ns/day, 0.00604334 sec/step with standard deviation 4.11739e-05
ENERGY:  955000       323.9269       963.8420      1429.2052        41.7708        -590360.6941     42102.6158        57.5508         0.0000     48567.1199        -496874.6627       293.3244   -545441.7826   -496770.5587       293.0617           -142.8480      -109.7279    833145.4347         8.5199         8.5548

WRITING COORDINATES TO DCD FILE eq1.dcd AT STEP 955000
TIMING: 956000  CPU: 5767.59, 0.00601233/step  Wall: 5777.49, 0.00602248/step, 0.0736081 hours remaining, 0.000000 MB of memory in use.
PERFORMANCE: 956000  averaging 28.5936 ns/day, 0.00604332 sec/step with standard deviation 4.11578e-05
ENERGY:  956000       341.3576       974.8396      1430.3953        29.0312        -590583.4105     42272.5528        69.2479         0.0000     48522.8518        -496943.1343       293.0571   -545465.9861   -496844.6498       292.7865            -44.7093       -13.5144    832656.5895        -0.6789        -0.7035

LDB: ============= START OF LOAD BALANCING ============== 5780.14
LDB: ============== END OF LOAD BALANCING =============== 5780.14
Info: useSync: 0 useProxySync: 0
LDB: =============== DONE WITH MIGRATION ================ 5780.14
LDB: ============= START OF LOAD BALANCING ============== 5780.75
LDB: TIME 5780.76 LOAD: AVG 0.473771 MAX 0.506017  PROXIES: TOTAL 348 MAXPE 45 MAXPATCH 5 None MEM: 0 MB
LDB: TIME 5780.76 LOAD: AVG 0.473771 MAX 0.506017  PROXIES: TOTAL 348 MAXPE 45 MAXPATCH 5 RefineTorusLB MEM: 0 MB
LDB: TIME 5780.76 LOAD: AVG 0.473771 MAX 0.506017  PROXIES: TOTAL 348 MAXPE 45 MAXPATCH 5 RefineTorusLB MEM: 0 MB
LDB: ============== END OF LOAD BALANCING =============== 5780.76
Info: useSync: 0 useProxySync: 0
LDB: =============== DONE WITH MIGRATION ================ 5780.76
TIMING: 957000  CPU: 5773.62, 0.00603668/step  Wall: 5783.53, 0.0060449/step, 0.072203 hours remaining, 0.000000 MB of memory in use.
PERFORMANCE: 957000  averaging 28.5935 ns/day, 0.00604332 sec/step with standard deviation 4.11363e-05
ENERGY:  957000       353.6324       936.5131      1425.3510        20.7988        -590446.5216     42520.9529        57.8478         0.0000     48250.9988        -496880.4267       291.4152   -545131.4254   -496769.5221       292.8313            138.2495       168.4565    833114.9456        -2.0260        -2.0518

TIMING: 958000  CPU: 5779.64, 0.0060169/step  Wall: 5789.55, 0.0060206/step, 0.0702404 hours remaining, 0.000000 MB of memory in use.
PERFORMANCE: 958000  averaging 28.5937 ns/day, 0.0060433 sec/step with standard deviation 4.11214e-05
ENERGY:  958000       349.3637       944.6161      1423.6211        22.1331        -590816.5132     42222.1082        65.8962         0.0000     48604.4642        -497184.3106       293.5500   -545788.7748   -497068.6750       292.9252             11.5990        44.5891    830226.5236         0.9629         1.0131

TIMING: 959000  CPU: 5785.69, 0.00604453/step  Wall: 5795.61, 0.00605422/step, 0.0689508 hours remaining, 0.000000 MB of memory in use.
PERFORMANCE: 959000  averaging 28.5936 ns/day, 0.00604331 sec/step with standard deviation 4.11014e-05
ENERGY:  959000       321.4348       935.6619      1442.9055        24.7446        -590766.6412     42256.7281        56.0726         0.0000     48454.6690        -497274.4248       292.6453   -545729.0938   -497171.6314       292.3381            -75.5159       -45.6673    833028.7859         2.0105         1.9901

TIMING: 960000  CPU: 5791.71, 0.00602839/step  Wall: 5801.64, 0.0060372/step, 0.06708 hours remaining, 0.000000 MB of memory in use.
PERFORMANCE: 960000  averaging 28.5936 ns/day, 0.0060433 sec/step with standard deviation 4.10805e-05
ETITLE:      TS           BOND          ANGLE          DIHED          IMPRP               ELECT            VDW       BOUNDARY           MISC        KINETIC               TOTAL           TEMP      POTENTIAL         TOTAL3        TEMPAVG            PRESSURE      GPRESSURE         VOLUME       PRESSAVG      GPRESSAVG

ENERGY:  960000       318.2002       963.5841      1452.1897        26.2512        -590998.5048     42499.9045        59.1504         0.0000     48447.7687        -497231.4559       292.6036   -545679.2246   -497133.7436       292.5878             54.6409        85.0999    833234.2690         0.8424         0.7980

WRITING EXTENDED SYSTEM TO RESTART FILE AT STEP 960000
WRITING COORDINATES TO DCD FILE eq1.dcd AT STEP 960000
WRITING COORDINATES TO RESTART FILE AT STEP 960000
FINISHED WRITING RESTART COORDINATES
WRITING VELOCITIES TO RESTART FILE AT STEP 960000
FINISHED WRITING RESTART VELOCITIES
LDB: ============= START OF LOAD BALANCING ============== 5804.34
LDB: ============== END OF LOAD BALANCING =============== 5804.34
Info: useSync: 0 useProxySync: 0
LDB: =============== DONE WITH MIGRATION ================ 5804.34
LDB: ============= START OF LOAD BALANCING ============== 5804.94
LDB: TIME 5804.94 LOAD: AVG 0.46974 MAX 0.501867  PROXIES: TOTAL 348 MAXPE 45 MAXPATCH 5 None MEM: 0 MB
LDB: TIME 5804.94 LOAD: AVG 0.46974 MAX 0.501867  PROXIES: TOTAL 348 MAXPE 45 MAXPATCH 5 RefineTorusLB MEM: 0 MB
LDB: TIME 5804.94 LOAD: AVG 0.46974 MAX 0.501867  PROXIES: TOTAL 348 MAXPE 45 MAXPATCH 5 RefineTorusLB MEM: 0 MB
LDB: ============== END OF LOAD BALANCING =============== 5804.94
Info: useSync: 0 useProxySync: 0
LDB: =============== DONE WITH MIGRATION ================ 5804.94
TIMING: 961000  CPU: 5797.75, 0.00603611/step  Wall: 5807.7, 0.00605256/step, 0.0655694 hours remaining, 0.000000 MB of memory in use.
PERFORMANCE: 961000  averaging 28.5936 ns/day, 0.00604331 sec/step with standard deviation 4.10601e-05
ENERGY:  961000       333.4212       969.1618      1433.6011        20.9649        -590712.5948     42212.0225        62.4581         0.0000     48369.0109        -497311.9542       292.1280   -545680.9651   -497209.7070       292.0559             20.6608        50.3678    830943.7235        -3.3132        -3.3182

TIMING: 962000  CPU: 5803.8, 0.00604896/step  Wall: 5813.75, 0.00605755/step, 0.0639408 hours remaining, 0.000000 MB of memory in use.
PERFORMANCE: 962000  averaging 28.5935 ns/day, 0.00604333 sec/step with standard deviation 4.10413e-05
ENERGY:  962000       357.9541       915.0021      1431.3146        20.8610        -590146.5493     41956.9876        66.1628         0.0000     48345.9398        -497052.3273       291.9886   -545398.2671   -496948.2448       292.3440           -119.8700       -89.2485    832359.2544         6.3741         6.4566

TIMING: 963000  CPU: 5809.84, 0.00604398/step  Wall: 5819.81, 0.00605244/step, 0.0622057 hours remaining, 0.000000 MB of memory in use.
PERFORMANCE: 963000  averaging 28.5935 ns/day, 0.00604334 sec/step with standard deviation 4.10211e-05
ENERGY:  963000       374.6695       938.6698      1438.7750        26.7849        -591161.5667     42259.8295        55.3554         0.0000     48471.0919        -497596.3906       292.7445   -546067.4825   -497498.0548       292.1772            -33.4147         1.1368    831263.8825         3.5299         3.5349

TIMING: 964000  CPU: 5815.87, 0.00602439/step  Wall: 5825.84, 0.00603232/step, 0.0603232 hours remaining, 0.000000 MB of memory in use.
PERFORMANCE: 964000  averaging 28.5935 ns/day, 0.00604333 sec/step with standard deviation 4.10013e-05
ENERGY:  964000       344.3503       979.3422      1422.2462        23.7521        -590919.2780     42305.8171        59.4227         0.0000     48150.3384        -497634.0088       290.8073   -545784.3472   -497537.6912       291.7233            -43.4201       -10.5747    832641.2344        -0.6560        -0.5839

LDB: ============= START OF LOAD BALANCING ============== 5828.49
LDB: ============== END OF LOAD BALANCING =============== 5828.49
Info: useSync: 0 useProxySync: 0
LDB: =============== DONE WITH MIGRATION ================ 5828.49
LDB: ============= START OF LOAD BALANCING ============== 5829.1
LDB: TIME 5829.1 LOAD: AVG 0.472478 MAX 0.504307  PROXIES: TOTAL 348 MAXPE 45 MAXPATCH 5 None MEM: 0 MB
LDB: TIME 5829.1 LOAD: AVG 0.472478 MAX 0.504307  PROXIES: TOTAL 348 MAXPE 45 MAXPATCH 5 RefineTorusLB MEM: 0 MB
LDB: TIME 5829.1 LOAD: AVG 0.472478 MAX 0.504307  PROXIES: TOTAL 348 MAXPE 45 MAXPATCH 5 RefineTorusLB MEM: 0 MB
LDB: ============== END OF LOAD BALANCING =============== 5829.1
Info: useSync: 0 useProxySync: 0
LDB: =============== DONE WITH MIGRATION ================ 5829.1
TIMING: 965000  CPU: 5821.9, 0.00603581/step  Wall: 5831.88, 0.00604255/step, 0.058747 hours remaining, 0.000000 MB of memory in use.
PERFORMANCE: 965000  averaging 28.5935 ns/day, 0.00604333 sec/step with standard deviation 4.098e-05
ENERGY:  965000       324.5420       939.5453      1426.2167        19.9047        -590363.8918     42123.4028        49.5286         0.0000     48278.2217        -497202.5299       291.5796   -545480.7516   -497101.1083       291.5376            -28.9197         4.2033    832137.2600         2.9654         2.9566

WRITING COORDINATES TO DCD FILE eq1.dcd AT STEP 965000
TIMING: 966000  CPU: 5827.96, 0.00605314/step  Wall: 5837.95, 0.00606532/step, 0.0572836 hours remaining, 0.000000 MB of memory in use.
PERFORMANCE: 966000  averaging 28.5934 ns/day, 0.00604335 sec/step with standard deviation 4.09649e-05
ENERGY:  966000       324.2524       941.5910      1447.7128        18.6117        -591219.6066     42698.4811        56.5742         0.0000     48651.6037        -497080.7798       293.8347   -545732.3835   -496976.9195       292.3205            123.9336       162.5577    833939.0334        -2.2281        -2.2978

TIMING: 967000  CPU: 5834.01, 0.0060497/step  Wall: 5844, 0.00605843/step, 0.0555356 hours remaining, 0.000000 MB of memory in use.
PERFORMANCE: 967000  averaging 28.5933 ns/day, 0.00604336 sec/step with standard deviation 4.09466e-05
ENERGY:  967000       322.5896       989.4967      1435.3630        23.0310        -590292.3197     42152.2176        58.7789         0.0000     48259.7373        -497051.1056       291.4680   -545310.8429   -496948.0085       292.2231             19.5903        48.3402    831800.2481        -1.8092        -1.7778

TIMING: 968000  CPU: 5840.04, 0.00602969/step  Wall: 5850.05, 0.00604268/step, 0.0537127 hours remaining, 0.000000 MB of memory in use.
PERFORMANCE: 968000  averaging 28.5934 ns/day, 0.00604336 sec/step with standard deviation 4.09254e-05
ENERGY:  968000       342.0582       957.3970      1420.7828        22.8304        -590001.6348     41778.7011        61.4309         0.0000     48367.8865        -497050.5479       292.1212   -545418.4344   -496945.1666       292.9455           -160.5948      -130.7140    834219.0955        -2.4004        -2.4307

LDB: ============= START OF LOAD BALANCING ============== 5852.7
LDB: ============== END OF LOAD BALANCING =============== 5852.7
Info: useSync: 0 useProxySync: 0
LDB: =============== DONE WITH MIGRATION ================ 5852.7
LDB: ============= START OF LOAD BALANCING ============== 5853.3
LDB: TIME 5853.3 LOAD: AVG 0.470792 MAX 0.503592  PROXIES: TOTAL 348 MAXPE 45 MAXPATCH 5 None MEM: 0 MB
LDB: TIME 5853.3 LOAD: AVG 0.470792 MAX 0.503592  PROXIES: TOTAL 348 MAXPE 45 MAXPATCH 5 RefineTorusLB MEM: 0 MB
LDB: TIME 5853.3 LOAD: AVG 0.470792 MAX 0.503592  PROXIES: TOTAL 348 MAXPE 45 MAXPATCH 5 RefineTorusLB MEM: 0 MB
LDB: ============== END OF LOAD BALANCING =============== 5853.3
Info: useSync: 0 useProxySync: 0
LDB: =============== DONE WITH MIGRATION ================ 5853.3
TIMING: 969000  CPU: 5846.06, 0.00601957/step  Wall: 5856.07, 0.00602546/step, 0.0518859 hours remaining, 0.000000 MB of memory in use.
PERFORMANCE: 969000  averaging 28.5934 ns/day, 0.00604334 sec/step with standard deviation 4.09083e-05
ENERGY:  969000       310.6593       962.5543      1437.5887        33.8254        -590479.3037     42235.0562        56.4002         0.0000     48630.3016        -496812.9180       293.7060   -545443.2196   -496702.2497       292.8264             39.8842        72.4824    830356.6821         2.7524         2.6949

TIMING: 970000  CPU: 5852.06, 0.00600141/step  Wall: 5862.08, 0.00600855/step, 0.0500713 hours remaining, 0.000000 MB of memory in use.
PERFORMANCE: 970000  averaging 28.5936 ns/day, 0.00604331 sec/step with standard deviation 4.09024e-05
ETITLE:      TS           BOND          ANGLE          DIHED          IMPRP               ELECT            VDW       BOUNDARY           MISC        KINETIC               TOTAL           TEMP      POTENTIAL         TOTAL3        TEMPAVG            PRESSURE      GPRESSURE         VOLUME       PRESSAVG      GPRESSAVG

ENERGY:  970000       335.7045       946.4748      1432.8530        25.4041        -590580.7886     42251.2270        69.1376         0.0000     48450.9952        -497068.9923       292.6231   -545519.9875   -496966.4951       292.6574             24.7055        57.4195    831545.7175        -1.7413        -1.8325

WRITING EXTENDED SYSTEM TO RESTART FILE AT STEP 970000
WRITING COORDINATES TO DCD FILE eq1.dcd AT STEP 970000
WRITING COORDINATES TO RESTART FILE AT STEP 970000
FINISHED WRITING RESTART COORDINATES
WRITING VELOCITIES TO RESTART FILE AT STEP 970000
FINISHED WRITING RESTART VELOCITIES
TIMING: 971000  CPU: 5858.08, 0.00602455/step  Wall: 5868.13, 0.00604793/step, 0.0487194 hours remaining, 0.000000 MB of memory in use.
PERFORMANCE: 971000  averaging 28.5936 ns/day, 0.00604331 sec/step with standard deviation 4.08816e-05
ENERGY:  971000       323.1722       933.5710      1411.4262        24.4608        -590458.9382     41940.4585        60.0157         0.0000     48504.8005        -497261.0334       292.9481   -545765.8338   -497160.1895       292.5147           -159.4477      -127.3040    833570.8646        -5.6496        -5.6931

TIMING: 972000  CPU: 5864.08, 0.00600039/step  Wall: 5874.14, 0.00600772/step, 0.0467267 hours remaining, 0.000000 MB of memory in use.
PERFORMANCE: 972000  averaging 28.5938 ns/day, 0.00604328 sec/step with standard deviation 4.08765e-05
ENERGY:  972000       333.8265       949.1062      1438.8204        23.3170        -591018.2427     42337.7269        64.8987         0.0000     48157.4414        -497713.1057       290.8502   -545870.5471   -497620.8224       291.4725            -20.4250        12.7065    831517.9223        -4.3971        -4.4544

LDB: ============= START OF LOAD BALANCING ============== 5876.8
LDB: ============== END OF LOAD BALANCING =============== 5876.8
Info: useSync: 0 useProxySync: 0
LDB: =============== DONE WITH MIGRATION ================ 5876.8
LDB: ============= START OF LOAD BALANCING ============== 5877.41
LDB: TIME 5877.41 LOAD: AVG 0.470326 MAX 0.506329  PROXIES: TOTAL 348 MAXPE 45 MAXPATCH 5 None MEM: 0 MB
LDB: TIME 5877.41 LOAD: AVG 0.470326 MAX 0.506329  PROXIES: TOTAL 348 MAXPE 45 MAXPATCH 5 RefineTorusLB MEM: 0 MB
LDB: TIME 5877.41 LOAD: AVG 0.470326 MAX 0.506329  PROXIES: TOTAL 348 MAXPE 45 MAXPATCH 5 RefineTorusLB MEM: 0 MB
LDB: ============== END OF LOAD BALANCING =============== 5877.41
Info: useSync: 0 useProxySync: 0
LDB: =============== DONE WITH MIGRATION ================ 5877.41
TIMING: 973000  CPU: 5870.13, 0.00604786/step  Wall: 5880.19, 0.00605588/step, 0.0454191 hours remaining, 0.000000 MB of memory in use.
PERFORMANCE: 973000  averaging 28.5937 ns/day, 0.00604329 sec/step with standard deviation 4.08575e-05
ENERGY:  973000       345.2559       954.7255      1450.6839        21.5155        -591121.4171     42394.6134        74.7519         0.0000     48409.6809        -497470.1901       292.3736   -545879.8711   -497370.9901       291.9456             27.1663        62.2366    830940.6672         5.5321         5.4760

TIMING: 974000  CPU: 5876.18, 0.00605168/step  Wall: 5886.25, 0.00605914/step, 0.0437605 hours remaining, 0.000000 MB of memory in use.
PERFORMANCE: 974000  averaging 28.5936 ns/day, 0.00604331 sec/step with standard deviation 4.08396e-05
ENERGY:  974000       349.0401       942.2394      1443.7724        21.3192        -590736.6855     42250.3191        70.2055         0.0000     48231.5538        -497428.2360       291.2978   -545659.7898   -497328.4370       291.8279             20.9362        53.6832    832097.3162         3.2725         3.3541

TIMING: 975000  CPU: 5882.21, 0.00602483/step  Wall: 5892.28, 0.00603284/step, 0.0418947 hours remaining, 0.000000 MB of memory in use.
PERFORMANCE: 975000  averaging 28.5937 ns/day, 0.0060433 sec/step with standard deviation 4.082e-05
ENERGY:  975000       348.3585       945.8994      1448.8146        22.8313        -591227.4529     42476.2383        60.4348         0.0000     48477.2925        -497447.5835       292.7819   -545924.8759   -497345.1072       292.1587             42.6869        75.3031    832134.0816        -0.0639        -0.1543

WRITING COORDINATES TO DCD FILE eq1.dcd AT STEP 975000
TIMING: 976000  CPU: 5888.21, 0.00600454/step  Wall: 5898.3, 0.00601432/step, 0.0400955 hours remaining, 0.000000 MB of memory in use.
PERFORMANCE: 976000  averaging 28.5938 ns/day, 0.00604327 sec/step with standard deviation 4.08096e-05
ENERGY:  976000       345.4790       965.4489      1423.0689        27.7393        -590956.3521     42322.9223        62.5765         0.0000     48374.3291        -497434.7882       292.1601   -545809.1173   -497334.2985       292.0402             45.4605        77.8316    831884.2229         0.1805         0.2346

LDB: ============= START OF LOAD BALANCING ============== 5900.96
LDB: ============== END OF LOAD BALANCING =============== 5900.96
Info: useSync: 0 useProxySync: 0
LDB: =============== DONE WITH MIGRATION ================ 5900.96
LDB: ============= START OF LOAD BALANCING ============== 5901.57
LDB: TIME 5901.57 LOAD: AVG 0.472801 MAX 0.506019  PROXIES: TOTAL 348 MAXPE 45 MAXPATCH 5 None MEM: 0 MB
LDB: TIME 5901.57 LOAD: AVG 0.472801 MAX 0.506019  PROXIES: TOTAL 348 MAXPE 45 MAXPATCH 5 RefineTorusLB MEM: 0 MB
LDB: TIME 5901.57 LOAD: AVG 0.472801 MAX 0.506019  PROXIES: TOTAL 348 MAXPE 45 MAXPATCH 5 RefineTorusLB MEM: 0 MB
LDB: Reverting to original mapping
LDB: ============== END OF LOAD BALANCING =============== 5901.57
Info: useSync: 0 useProxySync: 0
LDB: =============== DONE WITH MIGRATION ================ 5901.57
TIMING: 977000  CPU: 5894.25, 0.00603661/step  Wall: 5904.34, 0.00604164/step, 0.0385994 hours remaining, 0.000000 MB of memory in use.
PERFORMANCE: 977000  averaging 28.5938 ns/day, 0.00604326 sec/step with standard deviation 4.07887e-05
ENERGY:  977000       336.1488       938.3364      1425.3205        23.1953        -590592.6814     41980.5054        60.9446         0.0000     48327.6845        -497500.5460       291.8784   -545828.2305   -497394.8668       291.6919           -246.5822      -214.9111    833931.1936         3.6256         3.6520

TIMING: 978000  CPU: 5900.26, 0.00600852/step  Wall: 5910.36, 0.00601615/step, 0.0367654 hours remaining, 0.000000 MB of memory in use.
PERFORMANCE: 978000  averaging 28.594 ns/day, 0.00604324 sec/step with standard deviation 4.07771e-05
ENERGY:  978000       323.3430       954.7400      1425.1864        27.5130        -591596.8706     42757.6272        63.4638         0.0000     48537.2123        -497507.7849       293.1438   -546044.9972   -497404.4025       291.5824            121.3085       155.7091    831219.0619         1.8632         1.8609

TIMING: 979000  CPU: 5906.25, 0.00599698/step  Wall: 5916.36, 0.00600348/step, 0.0350203 hours remaining, 0.000000 MB of memory in use.
PERFORMANCE: 979000  averaging 28.5941 ns/day, 0.0060432 sec/step with standard deviation 4.0776e-05
ENERGY:  979000       331.6902       942.9010      1424.1026        27.0932        -591290.1366     42367.5285        54.3988         0.0000     48253.8322        -497888.5901       291.4323   -546142.4223   -497781.7820       291.7571            -87.5819       -53.9183    831748.2006        -2.8626        -2.7823

TIMING: 980000  CPU: 5912.25, 0.00599646/step  Wall: 5922.37, 0.00600747/step, 0.0333748 hours remaining, 0.000000 MB of memory in use.
PERFORMANCE: 980000  averaging 28.5943 ns/day, 0.00604316 sec/step with standard deviation 4.07712e-05
ETITLE:      TS           BOND          ANGLE          DIHED          IMPRP               ELECT            VDW       BOUNDARY           MISC        KINETIC               TOTAL           TEMP      POTENTIAL         TOTAL3        TEMPAVG            PRESSURE      GPRESSURE         VOLUME       PRESSAVG      GPRESSAVG

ENERGY:  980000       343.0991       950.1718      1434.5805        26.6412        -590905.4366     42454.9245        61.5802         0.0000     48035.7688        -497598.6706       290.1153   -545634.4394   -497499.1535       291.4522             67.7384        96.4259    832331.9497         2.4360         2.4180

WRITING EXTENDED SYSTEM TO RESTART FILE AT STEP 980000
WRITING COORDINATES TO DCD FILE eq1.dcd AT STEP 980000
WRITING COORDINATES TO RESTART FILE AT STEP 980000
FINISHED WRITING RESTART COORDINATES
WRITING VELOCITIES TO RESTART FILE AT STEP 980000
FINISHED WRITING RESTART VELOCITIES
LDB: ============= START OF LOAD BALANCING ============== 5925.05
LDB: ============== END OF LOAD BALANCING =============== 5925.05
Info: useSync: 0 useProxySync: 0
LDB: =============== DONE WITH MIGRATION ================ 5925.05
LDB: ============= START OF LOAD BALANCING ============== 5925.65
LDB: TIME 5925.65 LOAD: AVG 0.468459 MAX 0.50127  PROXIES: TOTAL 348 MAXPE 45 MAXPATCH 5 None MEM: 0 MB
LDB: TIME 5925.65 LOAD: AVG 0.468459 MAX 0.50127  PROXIES: TOTAL 348 MAXPE 45 MAXPATCH 5 RefineTorusLB MEM: 0 MB
LDB: TIME 5925.65 LOAD: AVG 0.468459 MAX 0.50127  PROXIES: TOTAL 348 MAXPE 45 MAXPATCH 5 RefineTorusLB MEM: 0 MB
LDB: ============== END OF LOAD BALANCING =============== 5925.65
Info: useSync: 0 useProxySync: 0
LDB: =============== DONE WITH MIGRATION ================ 5925.65
TIMING: 981000  CPU: 5918.29, 0.00603931/step  Wall: 5928.42, 0.0060569/step, 0.031967 hours remaining, 0.000000 MB of memory in use.
PERFORMANCE: 981000  averaging 28.5942 ns/day, 0.00604317 sec/step with standard deviation 4.07527e-05
ENERGY:  981000       325.8467       957.1479      1443.0587        23.4204        -590537.0744     42340.0998        53.9951         0.0000     48166.7876        -497226.7182       290.9066   -545393.5058   -497121.1578       292.0593            -13.9592        17.0434    832428.2266         0.8258         0.8685

TIMING: 982000  CPU: 5924.32, 0.00603274/step  Wall: 5934.47, 0.00604049/step, 0.0302025 hours remaining, 0.000000 MB of memory in use.
PERFORMANCE: 982000  averaging 28.5943 ns/day, 0.00604317 sec/step with standard deviation 4.07321e-05
ENERGY:  982000       312.4856       945.1470      1425.0744        27.3374        -590577.4312     42380.8339        56.0605         0.0000     48345.2402        -497085.2521       291.9844   -545430.4923   -496980.7834       292.4393            125.0030       154.7843    832102.6014         1.7041         1.6802

TIMING: 983000  CPU: 5930.33, 0.00600496/step  Wall: 5940.48, 0.00601068/step, 0.0283838 hours remaining, 0.000000 MB of memory in use.
PERFORMANCE: 983000  averaging 28.5944 ns/day, 0.00604314 sec/step with standard deviation 4.07245e-05
ENERGY:  983000       361.6725       920.7251      1438.6398        28.3013        -590388.4169     42302.0977        48.5201         0.0000     48921.3097        -496367.1508       295.4636   -545288.4605   -496263.6543       293.3345              1.2475        35.1172    832794.4219         1.6172         1.6862

TIMING: 984000  CPU: 5936.33, 0.00600476/step  Wall: 5946.49, 0.00601501/step, 0.0267334 hours remaining, 0.000000 MB of memory in use.
PERFORMANCE: 984000  averaging 28.5946 ns/day, 0.00604311 sec/step with standard deviation 4.07136e-05
ENERGY:  984000       342.8994       982.5215      1447.1899        29.8688        -589928.0885     41893.8471        47.3265         0.0000     48340.5245        -496843.9108       291.9559   -545184.4353   -496733.1143       293.9136           -121.1828       -90.5418    833720.7122         0.2873         0.2879

LDB: ============= START OF LOAD BALANCING ============== 5949.14
LDB: ============== END OF LOAD BALANCING =============== 5949.14
Info: useSync: 0 useProxySync: 0
LDB: =============== DONE WITH MIGRATION ================ 5949.14
LDB: ============= START OF LOAD BALANCING ============== 5949.75
LDB: TIME 5949.75 LOAD: AVG 0.472544 MAX 0.503454  PROXIES: TOTAL 348 MAXPE 45 MAXPATCH 5 None MEM: 0 MB
LDB: TIME 5949.75 LOAD: AVG 0.472544 MAX 0.503454  PROXIES: TOTAL 348 MAXPE 45 MAXPATCH 5 RefineTorusLB MEM: 0 MB
LDB: TIME 5949.75 LOAD: AVG 0.472544 MAX 0.503454  PROXIES: TOTAL 348 MAXPE 45 MAXPATCH 5 RefineTorusLB MEM: 0 MB
LDB: ============== END OF LOAD BALANCING =============== 5949.75
Info: useSync: 0 useProxySync: 0
LDB: =============== DONE WITH MIGRATION ================ 5949.75
TIMING: 985000  CPU: 5942.36, 0.0060287/step  Wall: 5952.52, 0.00603315/step, 0.0251381 hours remaining, 0.000000 MB of memory in use.
PERFORMANCE: 985000  averaging 28.5946 ns/day, 0.0060431 sec/step with standard deviation 4.06942e-05
ENERGY:  985000       357.4153      1000.2142      1422.2489        17.3177        -590086.3324     41729.7954        53.6367         0.0000     48459.1385        -497046.5659       292.6723   -545505.7043   -496936.0875       293.7680           -241.3173      -204.8900    833848.7811         6.5123         6.4777

WRITING COORDINATES TO DCD FILE eq1.dcd AT STEP 985000
TIMING: 986000  CPU: 5948.38, 0.00601627/step  Wall: 5958.55, 0.00602559/step, 0.0234329 hours remaining, 0.000000 MB of memory in use.
PERFORMANCE: 986000  averaging 28.5947 ns/day, 0.00604308 sec/step with standard deviation 4.06773e-05
ENERGY:  986000       336.3217       932.9229      1434.8950        19.7775        -590661.8649     42459.1574        50.1790         0.0000     48504.2226        -496924.3886       292.9446   -545428.6112   -496820.1779       293.0543             51.3448        84.1014    832646.4561        -1.7980        -1.9107

TIMING: 987000  CPU: 5954.38, 0.00600485/step  Wall: 5964.56, 0.00601354/step, 0.0217156 hours remaining, 0.000000 MB of memory in use.
PERFORMANCE: 987000  averaging 28.5948 ns/day, 0.00604305 sec/step with standard deviation 4.06676e-05
ENERGY:  987000       309.6256       961.6460      1436.1886        25.8849        -590166.5114     42067.6513        51.3301         0.0000     48629.1546        -496685.0303       293.6991   -545314.1849   -496584.3633       293.5145            -98.0213       -62.0615    833649.7555        -2.6200        -2.5756

TIMING: 988000  CPU: 5960.41, 0.00602449/step  Wall: 5970.6, 0.00603167/step, 0.0201056 hours remaining, 0.000000 MB of memory in use.
PERFORMANCE: 988000  averaging 28.5949 ns/day, 0.00604304 sec/step with standard deviation 4.06486e-05
ENERGY:  988000       336.6989       904.6606      1442.1943        23.5691        -590717.3762     42455.3849        48.2804         0.0000     48471.3373        -497035.2507       292.7460   -545506.5880   -496926.9777       293.1701             79.9317       114.3332    831663.6206        -1.8563        -1.8454

LDB: ============= START OF LOAD BALANCING ============== 5973.24
LDB: ============== END OF LOAD BALANCING =============== 5973.24
Info: useSync: 0 useProxySync: 0
LDB: =============== DONE WITH MIGRATION ================ 5973.24
LDB: ============= START OF LOAD BALANCING ============== 5973.85
LDB: TIME 5973.85 LOAD: AVG 0.474662 MAX 0.50609  PROXIES: TOTAL 348 MAXPE 45 MAXPATCH 5 None MEM: 0 MB
LDB: TIME 5973.85 LOAD: AVG 0.474662 MAX 0.50609  PROXIES: TOTAL 348 MAXPE 45 MAXPATCH 5 RefineTorusLB MEM: 0 MB
LDB: TIME 5973.85 LOAD: AVG 0.474662 MAX 0.50609  PROXIES: TOTAL 348 MAXPE 45 MAXPATCH 5 RefineTorusLB MEM: 0 MB
LDB: ============== END OF LOAD BALANCING =============== 5973.85
Info: useSync: 0 useProxySync: 0
LDB: =============== DONE WITH MIGRATION ================ 5973.85
TIMING: 989000  CPU: 5966.45, 0.00603988/step  Wall: 5976.64, 0.00604674/step, 0.0184761 hours remaining, 0.000000 MB of memory in use.
PERFORMANCE: 989000  averaging 28.5949 ns/day, 0.00604304 sec/step with standard deviation 4.06282e-05
ENERGY:  989000       332.1963       961.4881      1423.4942        23.0771        -590523.3786     42101.0799        55.4049         0.0000     48136.8605        -497489.7775       290.7259   -545626.6380   -497378.5358       292.3336           -157.9402      -129.8413    833368.1407         3.3423         3.3064

TIMING: 990000  CPU: 5972.49, 0.00604438/step  Wall: 5982.7, 0.00605419/step, 0.0168172 hours remaining, 0.000000 MB of memory in use.
PERFORMANCE: 990000  averaging 28.5948 ns/day, 0.00604305 sec/step with standard deviation 4.06092e-05
ETITLE:      TS           BOND          ANGLE          DIHED          IMPRP               ELECT            VDW       BOUNDARY           MISC        KINETIC               TOTAL           TEMP      POTENTIAL         TOTAL3        TEMPAVG            PRESSURE      GPRESSURE         VOLUME       PRESSAVG      GPRESSAVG

ENERGY:  990000       326.2395       946.7804      1447.6317        26.8833        -590324.5269     41846.2284        49.7761         0.0000     48470.9776        -497210.0098       292.7438   -545680.9875   -497103.2719       292.3053           -207.4671      -171.9383    834225.8950         7.7756         7.8235

WRITING EXTENDED SYSTEM TO RESTART FILE AT STEP 990000
WRITING COORDINATES TO DCD FILE eq1.dcd AT STEP 990000
WRITING COORDINATES TO RESTART FILE AT STEP 990000
FINISHED WRITING RESTART COORDINATES
WRITING VELOCITIES TO RESTART FILE AT STEP 990000
FINISHED WRITING RESTART VELOCITIES
TIMING: 991000  CPU: 5978.54, 0.00604652/step  Wall: 5988.76, 0.00606645/step, 0.0151661 hours remaining, 0.000000 MB of memory in use.
PERFORMANCE: 991000  averaging 28.5947 ns/day, 0.00604308 sec/step with standard deviation 4.05955e-05
ENERGY:  991000       339.1758       931.4092      1432.1332        24.7726        -591308.2289     42621.5968        47.4399         0.0000     48287.5329        -497624.1685       291.6359   -545911.7015   -497524.4640       291.6008            109.7186       140.3738    831213.8909         4.2679         4.2847

TIMING: 992000  CPU: 5984.56, 0.00602443/step  Wall: 5994.8, 0.00603285/step, 0.0134063 hours remaining, 0.000000 MB of memory in use.
PERFORMANCE: 992000  averaging 28.5947 ns/day, 0.00604307 sec/step with standard deviation 4.05763e-05
ENERGY:  992000       354.2940       957.2332      1428.9278        24.2644        -591014.3494     42301.7196        58.6539         0.0000     48406.2955        -497482.9609       292.3531   -545889.2564   -497370.5295       291.6452            -56.7387       -25.4291    831348.8382        -1.2686        -1.3050

LDB: ============= START OF LOAD BALANCING ============== 5997.46
LDB: ============== END OF LOAD BALANCING =============== 5997.46
Info: useSync: 0 useProxySync: 0
LDB: =============== DONE WITH MIGRATION ================ 5997.46
LDB: ============= START OF LOAD BALANCING ============== 5998.06
LDB: TIME 5998.06 LOAD: AVG 0.472968 MAX 0.499808  PROXIES: TOTAL 348 MAXPE 45 MAXPATCH 5 None MEM: 0 MB
LDB: TIME 5998.06 LOAD: AVG 0.472968 MAX 0.499808  PROXIES: TOTAL 348 MAXPE 45 MAXPATCH 5 RefineTorusLB MEM: 0 MB
LDB: TIME 5998.06 LOAD: AVG 0.472968 MAX 0.499808  PROXIES: TOTAL 348 MAXPE 45 MAXPATCH 5 RefineTorusLB MEM: 0 MB
LDB: ============== END OF LOAD BALANCING =============== 5998.06
Info: useSync: 0 useProxySync: 0
LDB: =============== DONE WITH MIGRATION ================ 5998.06
TIMING: 993000  CPU: 5990.59, 0.00602496/step  Wall: 6000.82, 0.0060288/step, 0.0117227 hours remaining, 0.000000 MB of memory in use.
PERFORMANCE: 993000  averaging 28.5948 ns/day, 0.00604305 sec/step with standard deviation 4.05583e-05
ENERGY:  993000       348.6657       921.1342      1433.5367        20.5254        -589759.2403     41571.5949        53.5943         0.0000     48436.3241        -496973.8651       292.5345   -545410.1892   -496862.5036       292.1408           -246.7350      -211.7516    833817.1903        -1.3979        -1.4227

TIMING: 994000  CPU: 5996.63, 0.00604065/step  Wall: 6006.87, 0.00604944/step, 0.0100824 hours remaining, 0.000000 MB of memory in use.
PERFORMANCE: 994000  averaging 28.5948 ns/day, 0.00604306 sec/step with standard deviation 4.05384e-05
ENERGY:  994000       325.5262       963.1075      1434.7169        24.6436        -591190.7976     42449.7434        51.5684         0.0000     48410.4554        -497531.0362       292.3783   -545941.4916   -497438.3957       292.4642            -64.2981       -30.0279    833868.2583         5.7435         5.7421

TIMING: 995000  CPU: 6002.64, 0.0060126/step  Wall: 6012.89, 0.00602113/step, 0.00836268 hours remaining, 0.000000 MB of memory in use.
PERFORMANCE: 995000  averaging 28.5949 ns/day, 0.00604304 sec/step with standard deviation 4.0524e-05
ENERGY:  995000       340.0334       974.2529      1448.8750        20.0121        -590803.6201     42519.9440        48.5523         0.0000     48257.6697        -497194.2807       291.4555   -545451.9504   -497088.9706       292.2839             20.9524        52.2251    833207.3565         4.5152         4.5636

WRITING COORDINATES TO DCD FILE eq1.dcd AT STEP 995000
TIMING: 996000  CPU: 6008.65, 0.00600847/step  Wall: 6018.91, 0.00601524/step, 0.0066836 hours remaining, 0.000000 MB of memory in use.
PERFORMANCE: 996000  averaging 28.595 ns/day, 0.00604301 sec/step with standard deviation 4.05132e-05
ENERGY:  996000       338.1548       965.9945      1425.4533        27.1457        -590615.2614     41968.9122        55.4948         0.0000     48334.7436        -497499.3625       291.9210   -545834.1061   -497384.9343       292.0952           -166.7308      -135.5196    834017.3492         4.7382         4.7498

LDB: ============= START OF LOAD BALANCING ============== 6021.56
LDB: ============== END OF LOAD BALANCING =============== 6021.56
Info: useSync: 0 useProxySync: 0
LDB: =============== DONE WITH MIGRATION ================ 6021.56
LDB: ============= START OF LOAD BALANCING ============== 6022.16
LDB: TIME 6022.16 LOAD: AVG 0.470746 MAX 0.500154  PROXIES: TOTAL 348 MAXPE 45 MAXPATCH 5 None MEM: 0 MB
LDB: TIME 6022.16 LOAD: AVG 0.470746 MAX 0.500154  PROXIES: TOTAL 348 MAXPE 45 MAXPATCH 5 RefineTorusLB MEM: 0 MB
LDB: TIME 6022.16 LOAD: AVG 0.470746 MAX 0.500154  PROXIES: TOTAL 348 MAXPE 45 MAXPATCH 5 RefineTorusLB MEM: 0 MB
LDB: Reverting to original mapping
LDB: ============== END OF LOAD BALANCING =============== 6022.16
Info: useSync: 0 useProxySync: 0
LDB: =============== DONE WITH MIGRATION ================ 6022.16
TIMING: 997000  CPU: 6014.67, 0.00601996/step  Wall: 6024.94, 0.00603/step, 0.005025 hours remaining, 0.000000 MB of memory in use.
PERFORMANCE: 997000  averaging 28.5951 ns/day, 0.006043 sec/step with standard deviation 4.0495e-05
ENERGY:  997000       323.1727       984.3822      1431.0931        24.3275        -590639.0756     42383.9212        48.1199         0.0000     48387.6892        -497056.3698       292.2408   -545444.0590   -496949.9252       292.1135             98.7709       132.6112    832093.3919        -5.3464        -5.3056

TIMING: 998000  CPU: 6020.69, 0.00602056/step  Wall: 6030.97, 0.00602705/step, 0.00334836 hours remaining, 0.000000 MB of memory in use.
PERFORMANCE: 998000  averaging 28.5952 ns/day, 0.00604298 sec/step with standard deviation 4.04778e-05
ENERGY:  998000       317.0323       989.6881      1420.0768        23.0921        -590815.5280     42213.5641        47.8357         0.0000     48481.3544        -497322.8844       292.8065   -545804.2388   -497220.7640       291.8670            -50.1000       -16.1691    833559.6978         0.8849         0.9006

TIMING: 999000  CPU: 6026.73, 0.00604019/step  Wall: 6037.02, 0.00604867/step, 0.00168019 hours remaining, 0.000000 MB of memory in use.
PERFORMANCE: 999000  averaging 28.5951 ns/day, 0.00604299 sec/step with standard deviation 4.04579e-05
ENERGY:  999000       334.9953       949.1455      1425.5758        26.1984        -590591.0198     42190.5947        54.2267         0.0000     48219.2326        -497391.0508       291.2234   -545610.2834   -497288.0687       292.2928            -49.6921       -16.1386    833361.3166         0.5812         0.5712

TIMING: 1000000  CPU: 6032.76, 0.00603628/step  Wall: 6043.06, 0.00604407/step, 0 hours remaining, 0.000000 MB of memory in use.
PERFORMANCE: 1000000  averaging 28.5951 ns/day, 0.00604299 sec/step with standard deviation 4.04377e-05
ETITLE:      TS           BOND          ANGLE          DIHED          IMPRP               ELECT            VDW       BOUNDARY           MISC        KINETIC               TOTAL           TEMP      POTENTIAL         TOTAL3        TEMPAVG            PRESSURE      GPRESSURE         VOLUME       PRESSAVG      GPRESSAVG

ENERGY: 1000000       318.5688       942.3444      1430.4917        27.4769        -590777.5862     42183.8196        51.9167         0.0000     48119.0796        -497703.8884       290.6185   -545822.9680   -497602.6825       291.5722            -29.6416         6.9151    831165.3660        -3.3010        -3.2746

WRITING EXTENDED SYSTEM TO RESTART FILE AT STEP 1000000
WRITING COORDINATES TO DCD FILE eq1.dcd AT STEP 1000000
WRITING COORDINATES TO RESTART FILE AT STEP 1000000
FINISHED WRITING RESTART COORDINATES
WRITING VELOCITIES TO RESTART FILE AT STEP 1000000
FINISHED WRITING RESTART VELOCITIES
WRITING EXTENDED SYSTEM TO OUTPUT FILE AT STEP 1000000
CLOSING EXTENDED SYSTEM TRAJECTORY FILE
WRITING COORDINATES TO OUTPUT FILE AT STEP 1000000
CLOSING COORDINATE DCD FILE eq1.dcd
WRITING VELOCITIES TO OUTPUT FILE AT STEP 1000000
====================================================

WallClock: 6043.978516  CPUTime: 6033.633301  Memory: 0.000000 MB
[Partition 0][Node 0] End of program
