sequence,window_time_ns,source_time_ns,rg_A,end_to_end_A,c1_contour_A,extension_fraction,shape_anisotropy,adjacent_stacks,nonadjacent_stacks,unstacked_neighbor_fraction,unstacked_any_fraction,syn_fraction,outward_projection_mean,nonlocal_contact_pairs,base_base_hbonds,all_interresidue_hbonds,max_DNA_bond_A
dA40,0.01,45.01,25.830839,56.098757,262.93626,0.21335497,0.55532991,14,5,0.425,0.25,0.6,0.1683067,27,2,7,1.637399
dA40,0.02,45.02,25.265952,55.026406,261.73858,0.21023422,0.53554327,12,5,0.5,0.275,0.575,0.17333382,28,3,6,1.6510131
dA40,0.03,45.03,25.165554,54.957319,261.379,0.21025913,0.53931456,11,5,0.55,0.35,0.6,0.16339334,28,5,9,1.6437207
dA40,0.04,45.04,25.553304,55.876919,262.46522,0.21289266,0.55563697,11,5,0.55,0.325,0.6,0.16212561,29,2,6,1.620044
dA40,0.05,45.05,25.459106,56.529506,263.6691,0.21439564,0.55645432,11,6,0.55,0.275,0.65,0.17769149,27,4,9,1.6480724
dA40,0.06,45.06,25.311187,55.825097,262.84085,0.21239126,0.53336345,10,5,0.575,0.35,0.55,0.17841999,28,4,9,1.6348607
dA40,0.07,45.07,25.336904,55.698458,264.88779,0.2102719,0.53971053,13,5,0.475,0.275,0.575,0.19113594,29,5,9,1.6555487
dA40,0.08,45.08,25.558433,56.162923,262.74272,0.21375635,0.55029819,14,4,0.45,0.3,0.575,0.16382548,29,3,4,1.6332702
dA40,0.09,45.09,25.672396,57.223684,259.43587,0.22056967,0.55562873,15,4,0.425,0.3,0.625,0.15093959,28,4,7,1.6413743
dA40,0.1,45.1,25.523015,56.157741,265.04228,0.21188219,0.55416852,11,5,0.525,0.325,0.525,0.18621936,27,1,5,1.6466492
dA40,0.11,45.11,25.768668,55.313643,262.71176,0.21054879,0.56066931,12,5,0.5,0.3,0.575,0.15857803,29,5,8,1.6448903
dA40,0.12,45.12,25.541975,54.572925,262.8078,0.20765337,0.56024287,13,5,0.45,0.25,0.7,0.135723,31,3,8,1.6583191
dA40,0.13,45.13,25.909155,55.069589,263.4353,0.20904408,0.57009298,15,5,0.375,0.225,0.525,0.13812856,31,2,5,1.6355827
dA40,0.14,45.14,26.202372,56.043392,261.15771,0.21459597,0.57939994,14,5,0.4,0.25,0.55,0.13333631,30,5,8,1.6603638
dA40,0.15,45.15,26.288606,55.436847,262.89042,0.21087436,0.57465414,12,5,0.475,0.275,0.625,0.15154324,31,4,7,1.6737718
dA40,0.16,45.16,26.520793,55.973467,263.17005,0.21268935,0.5839441,14,4,0.425,0.275,0.55,0.15502467,28,5,7,1.6494576
dA40,0.17,45.17,26.437804,55.091381,260.42717,0.21154237,0.59035488,15,4,0.4,0.25,0.6,0.1535737,29,2,5,1.6410281
dA40,0.18,45.18,26.466594,56.056666,263.81034,0.21248851,0.58323086,13,4,0.475,0.325,0.55,0.1609078,31,3,7,1.6523065
dA40,0.19,45.19,26.735978,55.926533,263.68819,0.21209343,0.57285529,13,5,0.4,0.25,0.55,0.15246808,29,4,8,1.6388285
dA40,0.2,45.2,26.499332,55.951681,261.62542,0.2138618,0.58466312,14,4,0.425,0.325,0.55,0.14007497,29,6,9,1.640887
dA40,0.21,45.21,26.493265,55.942097,262.86954,0.21281315,0.58109403,12,5,0.5,0.275,0.675,0.14503016,28,7,10,1.664745
dA40,0.22,45.22,26.102658,55.47795,262.76497,0.21113145,0.56953803,11,4,0.55,0.375,0.6,0.11688621,30,3,6,1.6916521
dA40,0.23,45.23,25.773027,54.414079,262.99173,0.20690415,0.55265689,14,6,0.4,0.2,0.575,0.12756644,28,3,6,1.6554344
dA40,0.24,45.24,26.075787,54.398657,264.36832,0.20576844,0.56695976,14,5,0.45,0.3,0.55,0.13043529,30,2,4,1.6911885
dA40,0.25,45.25,26.040581,54.362719,264.63169,0.20542785,0.56514312,14,5,0.45,0.275,0.625,0.12723961,29,5,7,1.6555254
dA40,0.26,45.26,25.883005,53.250228,264.22473,0.20153385,0.55913595,15,5,0.4,0.3,0.55,0.12013749,28,3,5,1.6599089
dA40,0.27,45.27,25.804216,53.325869,266.46235,0.20012534,0.55527362,15,5,0.375,0.2,0.7,0.13169816,29,3,6,1.639661
dA40,0.28,45.28,25.760406,54.56832,264.12459,0.20660068,0.55806758,13,4,0.475,0.4,0.55,0.1385616,29,5,9,1.6561954
dA40,0.29,45.29,25.794064,55.194337,263.62298,0.20936846,0.55461911,14,5,0.45,0.325,0.625,0.12282839,29,4,8,1.6591196
dA40,0.3,45.3,25.802048,55.325518,266.68314,0.20745788,0.55180398,14,5,0.425,0.25,0.6,0.13001088,28,5,9,1.6664907
dA40,0.31,45.31,25.565737,54.785406,262.72192,0.20853002,0.56109764,11,4,0.55,0.375,0.6,0.1448439,30,5,9,1.6479877
dA40,0.32,45.32,25.847721,54.91294,262.62988,0.2090887,0.56598838,12,5,0.525,0.3,0.55,0.1186688,28,6,10,1.64699
dA40,0.33,45.33,25.811386,55.686662,263.05078,0.21169549,0.56430939,15,5,0.375,0.225,0.525,0.13519329,30,5,9,1.6433884
dA40,0.34,45.34,25.853279,55.871643,264.42047,0.21129848,0.55994305,12,5,0.5,0.275,0.525,0.13746601,31,5,8,1.633073
dA40,0.35,45.35,26.049284,57.497696,262.63211,0.21892866,0.58287761,13,4,0.45,0.3,0.5,0.14495523,31,4,8,1.6614819
dA40,0.36,45.36,26.015645,57.98174,262.81267,0.22062004,0.59243182,14,4,0.425,0.325,0.55,0.12806335,33,3,7,1.6584067
dA40,0.37,45.37,26.184646,57.39913,261.97649,0.21910031,0.5910047,13,6,0.45,0.2,0.575,0.13923133,29,4,7,1.6709178
dA40,0.38,45.38,26.162027,57.883426,263.78311,0.21943568,0.58225342,15,5,0.4,0.25,0.625,0.13920773,29,7,11,1.652221
dA40,0.39,45.39,26.109836,58.213702,264.01017,0.22049795,0.5950253,13,5,0.475,0.3,0.675,0.13346537,32,5,7,1.6488466
dA40,0.4,45.4,25.998167,58.500789,262.26421,0.22306051,0.59006613,14,6,0.4,0.2,0.625,0.13723188,29,4,9,1.6627916
dA40,0.41,45.41,26.022974,58.026675,264.13149,0.21968859,0.5880148,16,5,0.35,0.225,0.575,0.13877522,28,5,8,1.6661338
dA40,0.42,45.42,26.13426,57.664623,261.66362,0.22037692,0.58724982,13,5,0.475,0.325,0.575,0.11867753,27,4,7,1.6848534
dA40,0.43,45.43,25.963312,56.863251,262.81316,0.21636379,0.56462851,15,5,0.4,0.25,0.675,0.16150795,31,5,8,1.6788569
dA40,0.44,45.44,25.86163,56.162581,262.4712,0.21397616,0.56267149,14,5,0.425,0.3,0.65,0.17141935,31,7,10,1.642907
dA40,0.45,45.45,25.755474,56.239717,260.58049,0.21582474,0.56810592,14,5,0.425,0.3,0.675,0.18941184,31,5,9,1.6603121
dA40,0.46,45.46,25.91471,56.313176,262.80043,0.21428114,0.56728553,14,5,0.425,0.3,0.625,0.17992967,30,5,8,1.6427877
dA40,0.47,45.47,25.476023,55.417218,261.79389,0.21168263,0.5616888,14,5,0.425,0.3,0.6,0.17172621,29,7,11,1.6494369
dA40,0.48,45.48,25.3801,53.202367,260.57646,0.20417181,0.54482501,13,5,0.5,0.325,0.65,0.19285086,29,3,8,1.6656055
dA40,0.49,45.49,25.244203,53.37999,262.60412,0.20327171,0.54748744,15,5,0.425,0.275,0.525,0.22252142,29,7,13,1.6492011
dA40,0.5,45.5,24.992827,54.440944,263.46298,0.20663603,0.54241957,13,5,0.5,0.325,0.525,0.19943914,30,4,9,1.6505082
dA40,0.51,45.51,25.29747,54.180024,264.71104,0.2046761,0.54672708,11,5,0.55,0.375,0.575,0.18627347,29,5,8,1.6684844
dA40,0.52,45.52,25.02624,54.289119,263.89741,0.20572054,0.54943679,12,5,0.5,0.3,0.65,0.18827291,28,1,6,1.6695059
dA40,0.53,45.53,25.090481,53.891162,265.19185,0.20321575,0.55192892,13,5,0.45,0.325,0.625,0.20704939,33,4,9,1.6706139
dA40,0.54,45.54,25.331253,54.91642,265.2572,0.20703083,0.55285424,12,5,0.5,0.325,0.575,0.2056502,32,5,11,1.6629456
dA40,0.55,45.55,25.343577,54.843041,265.70556,0.20640531,0.55384126,13,5,0.475,0.35,0.575,0.19597987,31,4,9,1.6453597
dA40,0.56,45.56,25.34598,54.452184,263.37735,0.20674589,0.54685863,15,5,0.4,0.3,0.625,0.19800273,32,5,9,1.6965067
dA40,0.57,45.57,25.00439,53.714178,265.03277,0.20266995,0.54224563,14,5,0.425,0.325,0.575,0.2026603,32,4,9,1.6444995
dA40,0.58,45.58,25.002117,53.711538,263.00499,0.2042225,0.546476,16,5,0.375,0.275,0.5,0.22086435,34,6,10,1.6944758
dA40,0.59,45.59,25.109877,54.219113,265.02118,0.20458408,0.5445552,16,5,0.375,0.25,0.575,0.21318873,29,5,11,1.6587612
dA40,0.6,45.6,25.283059,55.262386,261.42566,0.21138853,0.54582795,14,5,0.425,0.3,0.575,0.2260979,31,6,10,1.6569712
dA40,0.61,45.61,25.217589,54.594133,261.9286,0.20843135,0.53913592,13,5,0.475,0.325,0.55,0.2304363,35,6,12,1.6421735
dA40,0.62,45.62,25.05518,54.384427,265.24505,0.20503466,0.53168842,11,5,0.525,0.375,0.55,0.22808594,32,6,10,1.6605818
dA40,0.63,45.63,24.668705,53.601378,260.77347,0.20554767,0.51875605,15,5,0.425,0.3,0.6,0.20695939,34,4,9,1.6616529
dA40,0.64,45.64,24.446474,53.910556,258.78529,0.20832156,0.50234818,14,5,0.45,0.325,0.55,0.21635703,33,6,10,1.6571438
dA40,0.65,45.65,24.586895,54.352261,259.7633,0.20923765,0.50955119,14,4,0.45,0.325,0.625,0.23380908,32,2,6,1.6610868
dA40,0.66,45.66,24.208029,54.073349,262.03876,0.2063563,0.49189892,13,4,0.475,0.375,0.55,0.19711199,32,3,7,1.6438137
dA40,0.67,45.67,24.349588,53.856774,262.74156,0.20498003,0.49762194,12,6,0.525,0.35,0.55,0.21232871,32,5,8,1.6548582
dA40,0.68,45.68,24.516263,53.537395,259.74621,0.20611425,0.50502071,14,5,0.45,0.325,0.55,0.20362015,33,4,7,1.6521075
dA40,0.69,45.69,24.456834,53.961362,262.55805,0.20552165,0.50955389,13,4,0.45,0.325,0.5,0.19671126,35,4,10,1.65003
dA40,0.7,45.7,24.487007,53.622662,262.23804,0.20448087,0.50326954,13,5,0.45,0.325,0.6,0.18948413,32,6,9,1.6688744
dA40,0.71,45.71,24.636828,53.412833,264.07605,0.20226307,0.49981582,13,6,0.475,0.325,0.55,0.22250689,32,6,9,1.6502757
dA40,0.72,45.72,24.812983,53.86706,262.81343,0.20496312,0.49540297,13,5,0.475,0.325,0.525,0.21694586,31,5,9,1.6494989
dA40,0.73,45.73,25.104331,54.847613,262.61759,0.20884973,0.51339109,11,5,0.55,0.375,0.525,0.22750235,29,4,8,1.6550188
dA40,0.74,45.74,24.958433,54.909056,264.05432,0.20794606,0.50767638,12,6,0.5,0.35,0.525,0.23723636,31,5,7,1.6657755
dA40,0.75,45.75,24.737025,53.212677,264.45249,0.20121828,0.49922722,12,6,0.475,0.3,0.6,0.22954203,36,4,9,1.648639
dA40,0.76,45.76,24.868516,54.26652,260.65727,0.20819108,0.50899846,14,5,0.45,0.325,0.525,0.21432416,33,2,6,1.6710967
dA40,0.77,45.77,24.517168,53.250817,260.74452,0.20422603,0.50999281,14,4,0.45,0.375,0.675,0.2339114,33,3,9,1.6508652
dA40,0.78,45.78,24.295981,53.046627,259.37926,0.20451376,0.50350253,16,5,0.4,0.3,0.675,0.22050477,35,5,9,1.6533796
dA40,0.79,45.79,24.491461,53.195457,260.17693,0.20445878,0.49228765,15,5,0.4,0.3,0.675,0.22996933,33,5,9,1.6627404
dA40,0.8,45.8,24.754657,53.494028,259.91718,0.20581182,0.49766922,15,5,0.4,0.275,0.7,0.25128167,31,2,5,1.6286368
dA40,0.81,45.81,24.785784,54.534994,259.67598,0.2100117,0.50930085,17,5,0.35,0.25,0.75,0.23631287,30,5,9,1.6370035
dA40,0.82,45.82,24.753631,55.347685,263.72166,0.2098716,0.50668687,12,5,0.5,0.375,0.575,0.23766108,31,4,8,1.6453257
dA40,0.83,45.83,24.415591,54.840074,259.46564,0.21135775,0.50525537,11,5,0.525,0.375,0.625,0.23106099,30,5,5,1.665703
dA40,0.84,45.84,24.064202,53.371535,261.88661,0.20379635,0.47674822,14,5,0.475,0.3,0.55,0.2231271,31,4,7,1.6526703
dA40,0.85,45.85,23.966277,53.152352,261.38198,0.20335125,0.47303265,14,5,0.45,0.3,0.675,0.20770863,29,5,10,1.6485269
dA40,0.86,45.86,24.029858,53.076731,262.81426,0.20195529,0.46295007,13,5,0.5,0.3,0.675,0.23716919,30,3,6,1.6405578
dA40,0.87,45.87,23.758297,52.123159,261.07903,0.19964514,0.4636889,12,5,0.525,0.325,0.625,0.21433318,32,3,7,1.6462172
dA40,0.88,45.88,23.783879,52.862928,257.5641,0.20524184,0.46592095,15,5,0.425,0.25,0.55,0.21906488,32,5,8,1.6436737
dA40,0.89,45.89,23.690861,52.884974,259.54597,0.20375956,0.45937286,15,5,0.425,0.25,0.55,0.23112409,32,3,7,1.6589753
dA40,0.9,45.9,23.726936,52.926932,260.87846,0.20287965,0.45535926,12,5,0.525,0.325,0.575,0.23485069,29,2,7,1.6416845
dA40,0.91,45.91,24.065999,53.564882,261.65234,0.20471777,0.44059595,13,5,0.5,0.325,0.625,0.2341343,29,6,8,1.6618806
dA40,0.92,45.92,23.973861,53.017605,262.94787,0.20162781,0.45459111,14,5,0.45,0.275,0.675,0.22218701,30,4,5,1.6365009
dA40,0.93,45.93,23.824591,53.804332,264.01713,0.20379106,0.44934052,12,4,0.525,0.375,0.7,0.20182241,32,4,6,1.6411782
dA40,0.94,45.94,24.288149,55.535258,266.52615,0.20836702,0.47432145,11,4,0.55,0.375,0.75,0.22523297,30,4,9,1.6446868
dA40,0.95,45.95,24.27521,56.108683,263.66446,0.21280336,0.494618,13,4,0.45,0.325,0.675,0.22848366,31,4,8,1.6626463
dA40,0.96,45.96,24.083675,55.030886,263.44487,0.20888957,0.4901017,11,4,0.525,0.375,0.7,0.2348262,31,4,8,1.6571464
dA40,0.97,45.97,23.834669,55.125541,263.95589,0.20884376,0.48346235,11,4,0.55,0.375,0.775,0.25974543,30,2,6,1.6340192
dA40,0.98,45.98,23.629135,53.825596,261.26727,0.20601737,0.49369148,13,3,0.475,0.4,0.625,0.23765065,31,5,9,1.6499881
dA40,0.99,45.99,23.543655,53.941372,260.60855,0.20698236,0.50030069,13,4,0.45,0.3,0.65,0.21371814,33,4,8,1.6555466
dA40,1,46,23.418482,53.974538,261.50005,0.20640355,0.50371413,13,4,0.45,0.325,0.6,0.24852286,30,3,7,1.6429647
dA40,1.01,46.01,23.61482,55.474272,261.73514,0.21194812,0.5285457,16,3,0.375,0.325,0.65,0.24872497,30,5,9,1.6419733
dA40,1.02,46.02,23.459479,55.954472,264.76942,0.21133283,0.52361416,10,3,0.575,0.5,0.725,0.25395452,30,3,5,1.6418677
dA40,1.03,46.03,23.467174,55.828271,265.09986,0.21059336,0.52509466,11,4,0.525,0.4,0.725,0.22207371,31,4,5,1.6519563
dA40,1.04,46.04,23.519259,55.613931,266.83422,0.20842128,0.52021171,13,3,0.45,0.35,0.675,0.22699413,31,2,4,1.6515362
dA40,1.05,46.05,23.744731,55.318998,265.60146,0.20827821,0.53359128,11,4,0.525,0.4,0.6,0.2570661,31,5,7,1.6420184
dA40,1.06,46.06,23.887332,56.47535,265.65009,0.212593,0.54472199,10,4,0.575,0.45,0.7,0.23892072,32,7,11,1.6718414
dA40,1.07,46.07,23.874596,55.712235,264.99788,0.21023654,0.54473934,14,4,0.45,0.4,0.7,0.23650937,32,6,8,1.6601551
dA40,1.08,46.08,24.126806,57.633145,264.79941,0.21764831,0.54523352,10,5,0.55,0.375,0.725,0.22506348,31,3,3,1.6333899
dA40,1.09,46.09,23.988164,56.084096,262.87943,0.21334532,0.54296792,11,5,0.525,0.4,0.7,0.23823164,33,6,7,1.6289344
dA40,1.1,46.1,23.920666,55.861936,262.43736,0.21285817,0.52278355,12,5,0.5,0.375,0.625,0.24342616,33,6,7,1.6747214
dA40,1.11,46.11,23.916487,54.996762,264.48689,0.20793757,0.51097017,12,4,0.475,0.325,0.675,0.2247382,31,2,5,1.6490823
dA40,1.12,46.12,23.867818,55.099494,265.3443,0.20765283,0.51098578,12,2,0.5,0.4,0.625,0.25663641,30,3,7,1.6449105
dA40,1.13,46.13,23.897565,55.010633,266.12252,0.20671168,0.51923166,11,4,0.525,0.4,0.625,0.22570134,33,6,10,1.6463302
dA40,1.14,46.14,23.824574,56.329612,264.07122,0.21331219,0.52848927,13,4,0.5,0.375,0.725,0.20618018,31,3,6,1.645908
dA40,1.15,46.15,23.936035,56.604946,263.24757,0.21502552,0.53401958,13,3,0.475,0.375,0.725,0.20864731,31,5,9,1.6311427
dA40,1.16,46.16,24.077904,57.208766,263.91537,0.21676936,0.54187509,12,4,0.475,0.35,0.65,0.20182234,34,3,7,1.6617762
dA40,1.17,46.17,24.180942,56.970127,265.32374,0.2147193,0.55204315,14,3,0.45,0.375,0.675,0.21135842,32,4,7,1.6497196
dA40,1.18,46.18,24.158467,56.583334,261.7563,0.21616799,0.54772835,16,4,0.35,0.25,0.675,0.21531501,31,2,5,1.6568287
dA40,1.19,46.19,23.94523,55.778377,264.35015,0.21100187,0.5346641,12,4,0.525,0.425,0.675,0.24082093,32,3,7,1.7013819
dA40,1.2,46.2,23.898896,55.019207,263.58068,0.20873764,0.53387832,14,5,0.425,0.275,0.65,0.22497553,31,5,10,1.6548547
dA40,1.21,46.21,24.346002,56.662806,264.30108,0.21438735,0.56816635,13,5,0.475,0.35,0.6,0.26021877,33,5,11,1.6564821
dA40,1.22,46.22,24.213807,56.488602,267.14137,0.21145584,0.55890278,14,4,0.425,0.35,0.7,0.26730316,33,6,11,1.6425259
dA40,1.23,46.23,24.196836,57.013659,267.25875,0.21332757,0.54388556,12,5,0.475,0.35,0.65,0.2533869,33,3,6,1.6568746
dA40,1.24,46.24,24.329985,55.711083,268.40179,0.20756599,0.55191285,12,5,0.475,0.35,0.625,0.25244789,35,6,9,1.6823349
dA40,1.25,46.25,24.525885,57.046354,265.70062,0.21470162,0.56293453,13,5,0.45,0.325,0.775,0.25239629,32,3,8,1.6638356
dA40,1.26,46.26,24.416437,57.077824,266.44837,0.2142172,0.56200744,12,4,0.475,0.375,0.675,0.24870936,32,3,4,1.6819797
dA40,1.27,46.27,24.153721,55.588515,269.86031,0.20598996,0.55053271,13,3,0.475,0.425,0.625,0.24899444,34,3,9,1.6515013
dA40,1.28,46.28,23.748259,53.995696,268.12503,0.20138252,0.51922964,11,3,0.525,0.45,0.575,0.25161074,31,5,9,1.6462894
dA40,1.29,46.29,23.397773,53.0755,263.62474,0.20132974,0.51169458,11,5,0.525,0.375,0.525,0.28846834,33,4,7,1.6610143
dA40,1.3,46.3,23.47509,54.194459,266.06555,0.20368837,0.50071029,14,4,0.4,0.325,0.575,0.27479248,30,1,5,1.6520976
dA40,1.31,46.31,23.585593,54.223728,263.28684,0.20594926,0.50518894,14,4,0.4,0.325,0.675,0.26934903,31,4,11,1.6621832
dA40,1.32,46.32,23.728598,53.403344,264.24286,0.20209948,0.51366055,11,3,0.5,0.4,0.65,0.26819074,31,4,8,1.6562776
dA40,1.33,46.33,24.076148,54.563086,263.72774,0.20689172,0.52972775,13,4,0.45,0.375,0.65,0.25277278,32,5,10,1.6457045
dA40,1.34,46.34,23.989798,53.144485,264.74322,0.20073974,0.5305066,14,4,0.45,0.325,0.6,0.23396915,33,2,5,1.6579591
dA40,1.35,46.35,24.171873,55.038068,264.84147,0.20781514,0.53932694,12,4,0.475,0.375,0.675,0.26652482,31,3,9,1.6640447
dA40,1.36,46.36,24.338492,55.187362,264.8771,0.20835083,0.54861159,13,4,0.45,0.35,0.725,0.26054474,32,3,8,1.6487757
dA40,1.37,46.37,24.561357,55.011945,265.77854,0.20698415,0.54083006,10,5,0.525,0.35,0.675,0.27825212,33,2,8,1.6517432
dA40,1.38,46.38,24.418178,54.665525,264.87218,0.20638455,0.53027236,10,4,0.55,0.425,0.725,0.27546111,33,3,9,1.6477172
dA40,1.39,46.39,24.360717,54.611093,263.70932,0.20708822,0.52294662,11,4,0.5,0.4,0.7,0.26304834,33,4,9,1.6552098
dA40,1.4,46.4,24.393126,54.737952,262.72063,0.20835041,0.53347678,10,4,0.55,0.425,0.7,0.25641009,32,2,7,1.6775532
dA40,1.41,46.41,24.468397,54.501179,264.31122,0.20620077,0.54452316,11,4,0.5,0.35,0.625,0.26885466,30,6,12,1.6538104
dA40,1.42,46.42,24.180234,53.924511,264.54637,0.20383766,0.53040049,11,5,0.5,0.3,0.625,0.28201429,31,5,9,1.649633
dA40,1.43,46.43,24.431126,54.617046,266.09484,0.20525406,0.54396397,11,4,0.525,0.4,0.725,0.24952685,31,4,7,1.6739328
dA40,1.44,46.44,24.554348,55.5111,265.43868,0.20912966,0.5603206,13,4,0.475,0.375,0.575,0.24056147,31,3,8,1.648483
dA40,1.45,46.45,24.42619,56.146938,266.60807,0.2105973,0.556434,13,4,0.475,0.375,0.575,0.28474753,30,5,9,1.6504498
dA40,1.46,46.46,24.301037,56.669699,267.51361,0.21183856,0.55383758,10,4,0.575,0.45,0.725,0.27014595,28,3,9,1.6428587
dA40,1.47,46.47,24.588164,56.083329,266.96045,0.21008104,0.55853773,13,4,0.5,0.35,0.675,0.25418665,29,4,9,1.6780729
dA40,1.48,46.48,24.537193,56.166283,265.83312,0.21128399,0.55260272,11,4,0.55,0.425,0.7,0.25794078,27,6,10,1.6589477
dA40,1.49,46.49,24.570135,55.210134,267.01659,0.20676668,0.54863291,10,2,0.55,0.4,0.725,0.26719995,28,5,8,1.6622738
dA40,1.5,46.5,24.467527,55.212498,266.42448,0.20723508,0.54983381,10,4,0.575,0.425,0.625,0.26097767,29,4,8,1.6447865
dA40,1.51,46.51,24.52144,55.101985,271.64877,0.20284275,0.56844674,9,5,0.6,0.4,0.775,0.26266732,29,5,10,1.6387005
dA40,1.52,46.52,24.754581,56.486067,268.44093,0.2104227,0.57602425,12,5,0.5,0.275,0.65,0.25604168,28,3,8,1.648433
dA40,1.53,46.53,24.418321,55.668349,268.72156,0.20715997,0.54684023,11,4,0.525,0.375,0.7,0.26479943,28,4,10,1.6392956
dA40,1.54,46.54,24.516972,56.219597,265.892,0.21143771,0.54353018,9,5,0.6,0.375,0.775,0.24303787,27,4,9,1.6441488
dA40,1.55,46.55,24.531699,55.108912,268.88716,0.20495181,0.52396165,13,5,0.45,0.3,0.65,0.25098943,28,5,10,1.6801456
dA40,1.56,46.56,24.394356,55.060528,266.30556,0.20675696,0.52416386,9,5,0.575,0.4,0.75,0.25868284,28,4,9,1.6616882
dA40,1.57,46.57,24.531498,55.294552,265.93781,0.20792287,0.5131361,11,5,0.525,0.35,0.725,0.24719444,28,4,9,1.6435048
dA40,1.58,46.58,24.426673,54.768683,263.5531,0.20780891,0.51512682,14,5,0.425,0.25,0.725,0.24456637,29,3,6,1.6601677
dA40,1.59,46.59,24.230524,54.584195,260.75521,0.20933118,0.51087151,13,4,0.475,0.35,0.7,0.2380125,30,4,10,1.6828839
dA40,1.6,46.6,24.195295,54.684598,262.1291,0.20861704,0.51823051,13,5,0.475,0.325,0.675,0.25500904,29,4,8,1.6744524
dA40,1.61,46.61,24.482802,54.089075,263.52952,0.20524864,0.5155225,12,4,0.5,0.375,0.7,0.2458512,30,4,9,1.6535128
dA40,1.62,46.62,24.269297,53.800687,260.94613,0.20617546,0.50670923,13,5,0.45,0.3,0.6,0.23894042,29,2,6,1.6363971
dA40,1.63,46.63,24.157496,53.289924,258.03207,0.20652442,0.52083783,13,4,0.475,0.375,0.625,0.23487466,32,6,10,1.6499978
dA40,1.64,46.64,24.273111,53.346371,264.63831,0.20158219,0.50270458,9,4,0.625,0.5,0.65,0.23194583,32,6,10,1.6363684
dA40,1.65,46.65,24.106538,53.127258,260.81104,0.20370019,0.49647432,15,4,0.425,0.35,0.575,0.24847744,30,2,6,1.6565359
dA40,1.66,46.66,24.321119,55.09294,263.65213,0.20896072,0.51459388,13,4,0.475,0.375,0.65,0.2309044,31,5,10,1.6482646
dA40,1.67,46.67,24.296293,53.521251,264.51224,0.20233941,0.50085874,13,3,0.5,0.4,0.7,0.21953863,32,6,10,1.6483802
dA40,1.68,46.68,24.432219,55.046821,263.54217,0.20887292,0.52100733,12,4,0.5,0.4,0.65,0.25543188,31,5,11,1.6453646
dA40,1.69,46.69,24.754966,55.931713,264.57345,0.21140335,0.52951409,10,4,0.6,0.475,0.675,0.24385681,31,4,9,1.6694907
dA40,1.7,46.7,24.503082,55.442917,263.46542,0.21043717,0.52785722,12,4,0.5,0.4,0.7,0.23031761,31,3,7,1.6341131
dA40,1.71,46.71,24.701999,55.791005,264.03343,0.21130281,0.53188061,10,4,0.575,0.475,0.675,0.22981343,32,5,9,1.6570739
dA40,1.72,46.72,24.813458,54.997111,264.94942,0.20757589,0.51800011,11,3,0.525,0.45,0.675,0.23518625,29,4,8,1.6410235
dA40,1.73,46.73,24.72853,55.614665,264.751,0.21006405,0.5117106,12,4,0.525,0.375,0.675,0.25440257,30,3,7,1.6488274
dA40,1.74,46.74,25.009611,56.528584,265.14622,0.21319778,0.52764908,10,4,0.6,0.45,0.675,0.2258422,29,4,7,1.6512191
dA40,1.75,46.75,24.899646,55.557038,261.93553,0.21210196,0.53068374,11,4,0.55,0.475,0.675,0.22374868,32,5,9,1.6983755
dA40,1.76,46.76,24.64164,54.26737,260.45151,0.20835882,0.51992073,14,4,0.425,0.35,0.7,0.22934886,31,5,7,1.6377608
dA40,1.77,46.77,24.698364,54.403199,263.12955,0.20675443,0.51460162,10,4,0.55,0.425,0.725,0.24370525,31,7,11,1.6469237
dA40,1.78,46.78,24.784827,54.455547,264.16157,0.20614485,0.5125061,10,4,0.575,0.45,0.7,0.27120232,31,5,9,1.65326
dA40,1.79,46.79,24.741345,54.320913,267.42771,0.20312373,0.52465265,8,4,0.625,0.5,0.75,0.24506971,33,5,10,1.650515
dA40,1.8,46.8,24.456959,53.803784,264.69388,0.20326795,0.51860431,11,4,0.525,0.4,0.675,0.27070738,31,6,11,1.6501283
dA40,1.81,46.81,25.071222,55.303829,262.42574,0.21074087,0.55063611,13,4,0.475,0.375,0.65,0.27263533,32,5,10,1.6474204
dA40,1.82,46.82,25.023085,54.565687,262.71794,0.20769685,0.5419511,13,4,0.45,0.35,0.7,0.28947568,33,4,7,1.6706555
dA40,1.83,46.83,25.105798,54.120684,264.30561,0.20476555,0.55048939,11,4,0.525,0.425,0.725,0.29378994,30,4,10,1.6443459
dA40,1.84,46.84,25.172606,55.39192,265.98214,0.20825428,0.55459389,13,4,0.475,0.375,0.725,0.25863145,32,5,9,1.6752955
dA40,1.85,46.85,25.295512,56.517764,261.91699,0.21578503,0.57343558,12,4,0.5,0.4,0.775,0.2643853,31,5,8,1.6405715
dA40,1.86,46.86,25.663624,56.835787,265.99309,0.21367392,0.57837247,13,4,0.45,0.325,0.7,0.27023593,31,4,10,1.6625689
dA40,1.87,46.87,25.748202,58.771818,262.83897,0.2236039,0.59050442,13,4,0.475,0.375,0.65,0.25556578,30,2,7,1.6693118
dA40,1.88,46.88,25.769419,57.651206,264.71031,0.21778981,0.58943841,14,4,0.45,0.35,0.675,0.26947815,31,1,3,1.654332
dA40,1.89,46.89,25.86826,59.435614,261.58262,0.22721545,0.60242755,15,4,0.4,0.3,0.65,0.28859596,30,5,8,1.6560021
dA40,1.9,46.9,25.94357,59.344644,265.57461,0.22345752,0.59732939,13,4,0.45,0.325,0.575,0.28564168,29,5,10,1.6248624
dA40,1.91,46.91,26.027072,59.028462,263.59854,0.22393319,0.59473258,14,4,0.45,0.375,0.725,0.27658072,30,2,9,1.6385934
dA40,1.92,46.92,25.92881,59.393261,265.15665,0.22399311,0.60158206,14,4,0.45,0.375,0.625,0.29151386,28,3,8,1.6527848
dA40,1.93,46.93,25.72314,59.004641,263.94387,0.22354996,0.59340537,13,4,0.5,0.425,0.7,0.29781174,29,5,8,1.6444895
dA40,1.94,46.94,25.951962,59.276381,264.30086,0.22427616,0.59246755,11,4,0.525,0.45,0.65,0.28865151,30,2,6,1.6386694
dA40,1.95,46.95,26.284718,59.157169,266.01685,0.22238129,0.60337384,11,4,0.5,0.4,0.675,0.25063487,31,4,9,1.6749079
dA40,1.96,46.96,26.485929,59.297614,267.88089,0.22135814,0.60614405,10,4,0.55,0.4,0.675,0.23461714,31,3,6,1.6695211
dA40,1.97,46.97,26.519913,59.51298,266.28338,0.22349491,0.60273339,10,4,0.575,0.475,0.65,0.23082315,30,4,8,1.6546594
dA40,1.98,46.98,26.57502,59.523155,263.92369,0.22553169,0.6008855,11,4,0.55,0.45,0.675,0.21182692,31,3,9,1.6444219
dA40,1.99,46.99,26.602067,58.823999,268.10308,0.21940814,0.60030013,12,4,0.5,0.425,0.725,0.24126268,29,3,7,1.6780104
dA40,2,47,26.46848,58.539001,265.71845,0.22030462,0.60194473,13,4,0.475,0.375,0.675,0.25911368,30,3,7,1.6581335
dA40,2.01,47.01,26.695581,60.313111,269.41217,0.22386929,0.59521152,13,4,0.475,0.4,0.675,0.26271781,30,5,9,1.6526836
dA40,2.02,47.02,26.876985,60.282043,267.54209,0.22531798,0.59867767,11,4,0.525,0.425,0.7,0.24453372,28,3,7,1.6660632
dA40,2.03,47.03,26.832943,60.763356,265.43466,0.22892021,0.60947695,11,4,0.55,0.45,0.55,0.24305716,29,4,8,1.6824969
dA40,2.04,47.04,27.050854,61.436324,270.08086,0.22747382,0.60198074,12,4,0.475,0.375,0.675,0.25205337,30,3,8,1.6511749
dA40,2.05,47.05,27.304578,61.001868,272.20096,0.224106,0.60770951,8,4,0.65,0.475,0.7,0.23690475,31,2,6,1.6473874
dA40,2.06,47.06,26.966692,59.251733,271.20468,0.21847607,0.59407884,10,4,0.575,0.4,0.65,0.24270992,31,2,8,1.6417155
dA40,2.07,47.07,26.84116,58.576662,264.56456,0.22140781,0.60753127,11,5,0.55,0.325,0.65,0.2293746,30,4,9,1.6834692
dA40,2.08,47.08,26.643377,57.795009,266.43908,0.21691642,0.59335141,11,4,0.525,0.35,0.575,0.24688723,30,4,10,1.6241076
dA40,2.09,47.09,26.672779,57.621873,264.01154,0.21825513,0.58375046,14,4,0.425,0.3,0.6,0.22730474,29,3,6,1.625459
dA40,2.1,47.1,26.558075,58.185411,265.3687,0.21926253,0.58009934,14,3,0.425,0.35,0.575,0.25466118,31,3,8,1.6615131
dA40,2.11,47.11,26.62795,58.347962,265.48963,0.21977492,0.57409279,12,4,0.5,0.4,0.6,0.27252788,28,5,10,1.6593312
dA40,2.12,47.12,26.210239,56.90337,263.76716,0.21573334,0.56835892,13,4,0.475,0.375,0.7,0.28065994,28,4,10,1.6682798
dA40,2.13,47.13,26.140485,56.806586,267.16363,0.21262844,0.56234002,14,3,0.45,0.375,0.6,0.29145426,28,2,8,1.6287187
dA40,2.14,47.14,26.436335,57.469327,264.40866,0.2173504,0.57180953,14,3,0.45,0.375,0.575,0.30776611,30,5,9,1.6281298
dA40,2.15,47.15,26.333156,57.421832,263.82688,0.21764966,0.56643303,13,4,0.5,0.375,0.625,0.28866856,28,4,9,1.6665925
dA40,2.16,47.16,26.083212,56.670808,265.9056,0.21312378,0.55119055,13,3,0.5,0.4,0.7,0.28588014,29,2,7,1.6416671
dA40,2.17,47.17,26.387443,58.667899,267.61115,0.21922816,0.56932211,11,4,0.575,0.4,0.575,0.2755999,26,4,10,1.6375189
dA40,2.18,47.18,26.443403,57.981388,267.97926,0.21636521,0.57736746,11,4,0.55,0.4,0.625,0.27033616,28,3,5,1.6207197
dA40,2.19,47.19,26.651686,57.982175,270.3665,0.21445769,0.58390422,10,4,0.575,0.475,0.675,0.26757569,27,4,9,1.6617538
dA40,2.2,47.2,26.323627,57.196357,270.75192,0.21125005,0.56831452,10,4,0.575,0.475,0.65,0.27524345,28,5,8,1.6477465
dA40,2.21,47.21,26.123187,56.733092,267.35303,0.21220291,0.56607939,10,4,0.575,0.475,0.65,0.28184193,29,7,12,1.6325842
dA40,2.22,47.22,26.225948,56.76279,268.53712,0.21137781,0.57295761,10,4,0.55,0.425,0.625,0.27040706,28,3,7,1.6584014
dA40,2.23,47.23,26.451926,58.404749,270.54297,0.21587975,0.5802675,8,3,0.65,0.525,0.7,0.29464448,28,3,8,1.6507544
dA40,2.24,47.24,26.035537,56.96605,269.58747,0.21130822,0.56468457,11,5,0.55,0.325,0.725,0.26691565,28,4,7,1.7071883
dA40,2.25,47.25,26.052521,57.27879,268.38685,0.21341877,0.57029566,12,3,0.525,0.4,0.775,0.24785366,27,4,7,1.6600645
dA40,2.26,47.26,25.974987,56.591727,266.05387,0.21270778,0.5636235,10,3,0.575,0.45,0.675,0.25564844,29,5,9,1.6715186
dA40,2.27,47.27,25.732552,56.553841,268.1333,0.21091689,0.56990799,9,4,0.6,0.475,0.775,0.23446689,28,6,11,1.6344333
dA40,2.28,47.28,25.603016,55.940106,266.76727,0.20969629,0.55936505,9,4,0.625,0.475,0.75,0.24602588,28,6,11,1.655238
dA40,2.29,47.29,25.560657,56.222238,267.98183,0.2097987,0.55531726,10,4,0.575,0.425,0.625,0.23956348,29,3,7,1.6373101
dA40,2.3,47.3,25.75057,57.812831,266.32965,0.21707245,0.56847492,8,4,0.675,0.525,0.65,0.24612504,32,4,9,1.6358409
dA40,2.31,47.31,25.813329,58.267601,266.59414,0.21856294,0.5788677,10,4,0.575,0.425,0.6,0.28072908,28,3,10,1.6780006
dA40,2.32,47.32,25.622984,56.661332,267.02041,0.21219851,0.55631632,10,4,0.6,0.45,0.6,0.24216829,29,5,9,1.6446384
dA40,2.33,47.33,25.759671,57.808048,266.99987,0.21650965,0.55048883,10,4,0.575,0.425,0.65,0.25914163,31,4,8,1.6517656
dA40,2.34,47.34,25.697093,56.596631,269.19357,0.21024511,0.54454906,11,4,0.525,0.375,0.675,0.25705463,33,4,8,1.6515739
dA40,2.35,47.35,25.707719,54.609319,269.11587,0.20292122,0.52282939,11,4,0.55,0.375,0.65,0.25901081,31,3,6,1.6460666
dA40,2.36,47.36,25.245889,55.225156,267.36857,0.20655066,0.52991794,12,4,0.475,0.325,0.7,0.25170233,32,5,8,1.6384042
dA40,2.37,47.37,25.094889,54.43951,267.81145,0.20327551,0.51590664,11,4,0.525,0.35,0.55,0.25144245,30,3,7,1.6407955
dA40,2.38,47.38,25.116203,53.496639,269.38978,0.19858451,0.51138282,11,3,0.525,0.45,0.7,0.25658838,32,4,9,1.6529222
dA40,2.39,47.39,25.457236,54.083427,269.03071,0.20103068,0.51536145,8,4,0.6,0.45,0.625,0.25107008,32,4,8,1.6591884
dA40,2.4,47.4,25.573573,54.696167,272.44572,0.20075986,0.51198363,8,4,0.65,0.475,0.625,0.25046782,32,2,8,1.6348528
dA40,2.41,47.41,25.43927,54.494762,270.47861,0.20147531,0.50153386,11,4,0.5,0.325,0.65,0.25141533,33,4,7,1.6472136
dA40,2.42,47.42,25.171833,52.957383,270.63927,0.19567516,0.48822482,9,4,0.6,0.425,0.75,0.26356068,32,5,9,1.6314391
dA40,2.43,47.43,25.528172,54.086775,271.04865,0.19954637,0.49347293,12,4,0.5,0.375,0.675,0.24742687,33,3,9,1.6558179
dA40,2.44,47.44,25.363528,53.17965,265.05016,0.20063995,0.50020175,10,3,0.55,0.425,0.65,0.24067332,34,5,11,1.6639099
dA40,2.45,47.45,25.407716,52.634189,265.06454,0.19857122,0.50766714,10,4,0.55,0.375,0.675,0.21515141,32,3,7,1.6319801
dA40,2.46,47.46,25.288226,52.843786,263.51793,0.20053203,0.5016652,10,4,0.575,0.375,0.675,0.2299031,31,3,7,1.6352821
dA40,2.47,47.47,25.483411,53.231966,266.52891,0.19972305,0.50733045,14,5,0.425,0.25,0.675,0.2363191,31,5,8,1.6767726
dA40,2.48,47.48,25.311532,52.926229,265.67826,0.19921174,0.50739479,13,3,0.475,0.375,0.7,0.23658883,31,1,6,1.6599018
dA40,2.49,47.49,25.663669,53.860655,268.82564,0.20035535,0.51387495,10,4,0.575,0.5,0.75,0.20195076,30,4,5,1.6568592
dA40,2.5,47.5,25.294714,53.209087,269.27977,0.19759779,0.4901618,8,4,0.65,0.475,0.75,0.19881222,30,3,5,1.6364845
dA40,2.51,47.51,25.37,52.974718,266.62399,0.19868699,0.48051075,11,4,0.525,0.35,0.675,0.20511619,31,4,7,1.6355661
dA40,2.52,47.52,25.211139,52.723971,266.7732,0.19763594,0.48559812,9,4,0.6,0.425,0.65,0.1931076,31,4,7,1.6723134
dA40,2.53,47.53,24.895869,51.795222,266.83948,0.19410629,0.48288398,9,4,0.625,0.45,0.75,0.22099018,32,4,8,1.6454487
dA40,2.54,47.54,24.836,52.35215,266.72809,0.19627535,0.48641271,11,4,0.525,0.35,0.675,0.20519812,33,2,6,1.6484922
dA40,2.55,47.55,24.497054,51.23756,265.47974,0.19299989,0.46916397,10,4,0.575,0.4,0.675,0.20134207,33,5,9,1.6578656
dA40,2.56,47.56,24.751871,51.851834,265.14649,0.19555919,0.49828709,11,5,0.525,0.35,0.65,0.20367932,32,4,8,1.6424028
dA40,2.57,47.57,24.665907,50.958089,265.81427,0.19170562,0.49381853,11,5,0.525,0.3,0.7,0.22304658,32,4,9,1.6548624
dA40,2.58,47.58,24.571242,51.199096,265.1484,0.193096,0.50461985,11,5,0.55,0.35,0.675,0.24320584,29,4,7,1.6400764
dA40,2.59,47.59,24.442874,51.007469,265.58131,0.19205971,0.48986974,14,4,0.45,0.3,0.625,0.22727371,32,3,5,1.6420396
dA40,2.6,47.6,24.305799,50.507341,263.42574,0.19173275,0.48034765,14,4,0.425,0.3,0.6,0.2467119,33,2,6,1.6689774
dA40,2.61,47.61,24.046653,50.138091,265.73476,0.1886772,0.46687802,12,4,0.525,0.375,0.7,0.21704983,31,4,9,1.6582235
dA40,2.62,47.62,24.240901,51.122473,266.28348,0.19198515,0.4799352,10,4,0.575,0.375,0.6,0.22799323,32,4,10,1.6791269
dA40,2.63,47.63,24.124478,51.579407,269.60544,0.19131442,0.46530111,12,4,0.525,0.375,0.625,0.23588902,30,2,7,1.6549693
dA40,2.64,47.64,24.049011,50.976667,266.55214,0.19124464,0.47123754,11,4,0.55,0.375,0.675,0.22124691,31,3,8,1.6517528
dA40,2.65,47.65,24.258069,51.154842,266.11637,0.19222734,0.48858033,12,4,0.525,0.375,0.7,0.25625872,32,5,9,1.6516077
dA40,2.66,47.66,24.274457,50.515018,266.1107,0.18982708,0.49606589,12,4,0.525,0.375,0.675,0.24982559,31,5,12,1.6449217
dA40,2.67,47.67,24.115126,50.581033,265.7645,0.19032276,0.49197055,14,4,0.45,0.3,0.625,0.22001543,30,4,10,1.6482233
dA40,2.68,47.68,24.006792,51.207584,266.87914,0.19187556,0.47613192,13,4,0.45,0.325,0.65,0.21817968,32,4,8,1.680867
dA40,2.69,47.69,23.889134,51.506507,260.18673,0.19795978,0.48553304,14,4,0.475,0.325,0.625,0.23775793,32,4,9,1.6617742
dA40,2.7,47.7,23.945094,51.159171,264.4308,0.19346903,0.47499499,12,4,0.525,0.375,0.625,0.23226566,31,4,8,1.6553802
dA40,2.71,47.71,24.02863,50.690807,265.05865,0.19124373,0.48107849,12,4,0.525,0.375,0.65,0.24683621,29,3,7,1.6373442
dA40,2.72,47.72,24.09659,51.000158,265.9541,0.19176301,0.48166567,15,4,0.425,0.3,0.75,0.24372578,31,4,8,1.6625363
dA40,2.73,47.73,24.169515,51.938058,265.42193,0.19568111,0.50148503,13,5,0.5,0.275,0.65,0.24601028,30,3,6,1.6921487
dA40,2.74,47.74,24.23193,51.476709,267.3349,0.19255514,0.50752287,13,3,0.5,0.375,0.675,0.23228771,30,3,6,1.6520502
dA40,2.75,47.75,24.405635,50.951259,263.34036,0.19348063,0.49799744,13,4,0.475,0.35,0.6,0.24954391,30,4,8,1.6537122
dA40,2.76,47.76,24.373667,51.028857,265.07289,0.19250878,0.49921855,14,4,0.45,0.3,0.625,0.25119764,29,3,7,1.6328785
dA40,2.77,47.77,24.427098,51.115075,265.258,0.19269946,0.51964372,14,4,0.45,0.375,0.75,0.21762483,29,3,8,1.6623055
dA40,2.78,47.78,24.244414,51.402965,264.66288,0.19422053,0.51932097,14,4,0.45,0.325,0.725,0.23498567,31,6,10,1.6481483
dA40,2.79,47.79,24.293251,51.093102,266.45863,0.19174872,0.51285206,10,4,0.575,0.425,0.675,0.24450706,30,2,4,1.6705149
dA40,2.8,47.8,24.120335,50.636671,263.40552,0.19223846,0.51690171,11,4,0.55,0.425,0.625,0.24108338,31,2,8,1.6637268
dA40,2.81,47.81,23.911487,50.603093,263.44506,0.19208214,0.50830276,12,4,0.5,0.425,0.725,0.25011997,30,1,5,1.6556637
dA40,2.82,47.82,24.021017,50.252172,264.45589,0.190021,0.49485554,12,4,0.525,0.4,0.625,0.24889361,31,3,10,1.6316332
dA40,2.83,47.83,24.334283,51.08886,263.02659,0.19423458,0.5152072,14,4,0.425,0.325,0.675,0.24599759,32,4,9,1.6703725
dA40,2.84,47.84,24.579516,51.251182,263.4973,0.19450363,0.51505052,13,4,0.475,0.325,0.625,0.24346356,30,3,8,1.6472064
dA40,2.85,47.85,24.515636,50.393696,265.38943,0.18988585,0.51027231,12,4,0.525,0.35,0.7,0.23245361,32,3,6,1.6563111
dA40,2.86,47.86,24.441746,50.163461,268.37509,0.18691549,0.49779256,12,4,0.5,0.35,0.75,0.24170561,29,5,8,1.6641378
dA40,2.87,47.87,24.385925,49.227061,267.93594,0.18372698,0.49432732,10,4,0.6,0.425,0.725,0.24909437,30,1,4,1.6469729
dA40,2.88,47.88,24.192203,48.524945,264.35661,0.18355866,0.50286168,11,4,0.575,0.425,0.75,0.24740395,31,5,10,1.6559903
dA40,2.89,47.89,24.056128,48.808618,264.02752,0.18486186,0.49458021,11,4,0.575,0.425,0.625,0.24402988,30,5,6,1.6501535
dA40,2.9,47.9,24.358103,49.358415,265.03765,0.18623171,0.51267781,12,4,0.5,0.325,0.65,0.26879212,31,4,9,1.6511735
dA40,2.91,47.91,24.463558,49.725929,268.17661,0.18542232,0.4984661,11,4,0.525,0.35,0.775,0.25865862,31,5,11,1.6260742
dA40,2.92,47.92,24.551405,50.023391,266.88781,0.18743228,0.50355718,11,4,0.525,0.35,0.725,0.24591388,31,2,6,1.652268
dA40,2.93,47.93,24.420402,49.945676,267.08317,0.18700421,0.51310853,11,4,0.525,0.375,0.725,0.24870587,32,2,8,1.6268016
dA40,2.94,47.94,24.188429,50.15387,267.11467,0.18776157,0.49859899,8,4,0.65,0.475,0.65,0.24664687,32,3,7,1.6541773
dA40,2.95,47.95,24.286102,51.066508,266.07249,0.19192705,0.51711973,11,4,0.55,0.4,0.725,0.24883991,30,4,8,1.6356452
dA40,2.96,47.96,24.489239,51.088171,265.45419,0.1924557,0.51212981,11,4,0.55,0.4,0.7,0.2533537,32,2,5,1.6628813
dA40,2.97,47.97,24.502885,51.488773,267.02622,0.19282291,0.51509802,12,5,0.525,0.35,0.625,0.26064857,31,3,7,1.6456794
dA40,2.98,47.98,24.700743,52.212105,267.35976,0.19528782,0.52424222,11,4,0.55,0.4,0.725,0.26479224,30,3,6,1.6673303
dA40,2.99,47.99,24.409661,50.378154,267.82484,0.18810112,0.51356529,11,4,0.55,0.425,0.725,0.27351887,33,3,5,1.6809637
dA40,3,48,24.677555,50.760391,270.91775,0.18736458,0.52973319,11,4,0.55,0.4,0.725,0.27681237,31,3,5,1.643336
dA40,3.01,48.01,24.818576,50.322629,268.01894,0.18775774,0.53125171,9,4,0.6,0.45,0.7,0.26720044,32,3,7,1.6398861
dA40,3.02,48.02,24.940281,50.183821,267.96516,0.18727741,0.54209596,9,4,0.6,0.425,0.725,0.22900304,31,2,6,1.6415498
dA40,3.03,48.03,24.829942,49.107552,267.07382,0.18387257,0.55215859,11,4,0.525,0.375,0.725,0.22103333,32,2,7,1.6466891
dA40,3.04,48.04,24.781637,49.850163,265.77225,0.18756723,0.54246528,10,4,0.575,0.425,0.65,0.24820634,32,2,7,1.6617245
dA40,3.05,48.05,25.115723,51.643903,267.22936,0.19325684,0.55192477,8,4,0.625,0.45,0.725,0.25377855,32,4,7,1.6625643
dA40,3.06,48.06,25.119352,52.206452,266.35914,0.19600023,0.55871017,9,4,0.575,0.4,0.675,0.22072379,33,3,7,1.6737062
dA40,3.07,48.07,25.373307,52.14366,268.40773,0.19427034,0.56005246,12,4,0.5,0.35,0.7,0.21171407,33,1,4,1.6292435
dA40,3.08,48.08,25.415573,51.057627,269.45906,0.18948195,0.56747693,8,4,0.625,0.45,0.725,0.23905173,32,4,9,1.6505884
dA40,3.09,48.09,25.089998,50.595162,265.32498,0.19069128,0.55806936,11,4,0.55,0.425,0.675,0.24035557,31,3,7,1.6507871
dA40,3.1,48.1,25.045685,51.164873,267.2247,0.1914676,0.5518888,10,4,0.55,0.45,0.775,0.25601042,31,5,9,1.6621936
dA40,3.11,48.11,25.00309,50.21182,265.66721,0.1890027,0.54894225,11,4,0.525,0.425,0.85,0.27570754,30,2,5,1.6693785
dA40,3.12,48.12,25.445217,51.385247,266.7642,0.19262422,0.55485094,11,4,0.5,0.35,0.7,0.24647452,31,0,4,1.641467
dA40,3.13,48.13,25.267504,52.02173,263.66611,0.19730155,0.56793545,11,4,0.525,0.4,0.675,0.25184723,30,6,12,1.643646
dA40,3.14,48.14,25.234562,51.245257,262.42032,0.1952793,0.56503438,11,3,0.55,0.425,0.675,0.26302054,31,4,9,1.6358691
dA40,3.15,48.15,25.085609,51.064068,263.34541,0.19390529,0.5756607,10,4,0.6,0.475,0.65,0.25423638,32,4,9,1.6355084
dA40,3.16,48.16,24.796734,50.583429,265.91024,0.19022746,0.57127102,11,4,0.55,0.4,0.675,0.25800288,29,6,8,1.6422596
dA40,3.17,48.17,24.807586,51.434756,262.87583,0.1956618,0.56055838,14,4,0.475,0.375,0.7,0.23413763,31,5,8,1.6475628
dA40,3.18,48.18,24.803647,50.780532,264.67007,0.19186352,0.56549373,13,4,0.45,0.4,0.65,0.24376682,28,3,7,1.6278387
dA40,3.19,48.19,24.951667,51.880111,262.48915,0.19764669,0.56976406,11,5,0.525,0.375,0.6,0.25127434,28,4,8,1.6489468
dA40,3.2,48.2,25.207807,52.859854,262.12909,0.20165581,0.57579368,10,4,0.55,0.475,0.6,0.2642505,28,4,8,1.6382595
dA40,3.21,48.21,25.317502,52.618458,266.15555,0.19769815,0.57106751,12,4,0.525,0.45,0.65,0.26820479,28,3,7,1.6497352
dA40,3.22,48.22,25.461582,53.558822,263.85363,0.20298687,0.58276091,11,4,0.525,0.425,0.75,0.23093762,28,3,7,1.6681164
dA40,3.23,48.23,25.138847,53.855573,265.06023,0.20318239,0.56942217,10,4,0.575,0.425,0.675,0.24064135,29,3,7,1.648575
dA40,3.24,48.24,25.478297,55.025846,264.08488,0.20836424,0.58704943,12,5,0.5,0.375,0.725,0.23125903,31,4,6,1.6573123
dA40,3.25,48.25,25.158507,52.955478,263.91304,0.20065503,0.57974289,12,4,0.5,0.4,0.7,0.22482898,32,1,3,1.6529392
dA40,3.26,48.26,25.209764,53.532971,262.83268,0.203677,0.58245206,10,4,0.575,0.425,0.725,0.23225197,32,3,7,1.6841643
dA40,3.27,48.27,24.929862,53.842696,262.855,0.20483801,0.57582254,11,4,0.5,0.4,0.65,0.2377489,31,2,6,1.6668186
dA40,3.28,48.28,24.892465,54.036832,264.36832,0.2043998,0.55225415,11,4,0.525,0.4,0.625,0.22184569,31,1,4,1.651388
dA40,3.29,48.29,24.952144,54.014192,264.00692,0.20459385,0.55716354,13,4,0.5,0.375,0.65,0.22808458,32,1,2,1.6285377
dA40,3.3,48.3,25.107718,54.071257,264.96169,0.20407198,0.55596787,10,4,0.6,0.45,0.725,0.22736849,28,5,7,1.6767817
dA40,3.31,48.31,25.298281,54.264964,266.54292,0.20358809,0.55027311,9,5,0.625,0.4,0.65,0.23730742,28,3,6,1.6586719
dA40,3.32,48.32,25.494924,54.399358,266.67261,0.20399304,0.56286514,12,4,0.475,0.375,0.6,0.24106515,30,3,5,1.6487293
dA40,3.33,48.33,25.151922,53.792727,267.01967,0.20145605,0.55289295,10,4,0.575,0.45,0.65,0.25693501,29,5,7,1.6414352
dA40,3.34,48.34,25.212789,52.454858,267.35162,0.19620176,0.55308114,11,4,0.5,0.4,0.625,0.24559668,29,4,7,1.6264848
dA40,3.35,48.35,25.363852,53.6013,268.20113,0.19985486,0.56722986,10,4,0.525,0.4,0.625,0.25424404,33,4,7,1.6428311
dA40,3.36,48.36,25.717107,54.293011,265.80696,0.20425729,0.58624886,13,4,0.45,0.375,0.675,0.23389143,30,3,7,1.6458809
dA40,3.37,48.37,25.360986,53.590774,264.73965,0.20242821,0.57792589,13,4,0.45,0.375,0.7,0.2501178,30,4,7,1.6410779
dA40,3.38,48.38,25.284392,53.314813,263.33592,0.20245933,0.57383214,13,5,0.45,0.3,0.625,0.27105393,32,4,9,1.6735618
dA40,3.39,48.39,25.190274,53.52447,265.0365,0.20195131,0.56792421,11,4,0.525,0.425,0.65,0.25903574,33,5,7,1.6398969
dA40,3.4,48.4,25.210968,54.001986,264.46878,0.2041904,0.56356534,13,4,0.475,0.375,0.7,0.24868286,33,4,9,1.6569769
dA40,3.41,48.41,25.247805,53.324515,264.33196,0.20173314,0.57301667,12,4,0.525,0.425,0.65,0.24052885,32,4,8,1.6710656
dA40,3.42,48.42,25.148568,53.37634,265.20122,0.20126733,0.57421014,14,4,0.45,0.3,0.55,0.2517471,32,5,9,1.6579429
dA40,3.43,48.43,25.159589,52.736681,267.69505,0.19700283,0.57499121,11,4,0.55,0.4,0.6,0.23128833,31,2,7,1.6430984
dA40,3.44,48.44,24.908247,52.795583,266.50081,0.19810665,0.57592517,11,4,0.55,0.375,0.6,0.23924777,33,4,9,1.6559355
dA40,3.45,48.45,24.826126,52.436951,268.43796,0.19534104,0.57285709,9,4,0.625,0.425,0.675,0.24363194,31,6,9,1.6470064
dA40,3.46,48.46,24.456681,51.517459,268.36854,0.19196535,0.54503528,11,4,0.55,0.4,0.625,0.24285261,32,3,8,1.643361
dA40,3.47,48.47,24.806421,52.109444,269.69042,0.19321949,0.56481176,7,4,0.7,0.525,0.675,0.23718038,32,4,9,1.6654104
dA40,3.48,48.48,24.702174,51.30239,267.62121,0.19169777,0.54726439,10,4,0.6,0.425,0.625,0.24938369,31,5,10,1.6376651
dA40,3.49,48.49,24.894179,52.322242,264.89472,0.1975209,0.57118072,11,4,0.55,0.4,0.675,0.26432545,31,1,6,1.6676286
dA40,3.5,48.5,24.907735,52.070464,269.84774,0.19296239,0.56253543,10,4,0.575,0.4,0.55,0.22995132,31,5,9,1.6485413
dA40,3.51,48.51,25.022792,52.246493,269.33004,0.19398688,0.57123416,11,4,0.525,0.375,0.6,0.25582802,31,4,8,1.6548654
dA40,3.52,48.52,25.127441,52.018605,270.29168,0.19245359,0.57179088,11,4,0.525,0.35,0.65,0.26359961,32,4,7,1.6600522
dA40,3.53,48.53,24.604591,49.897319,267.88285,0.18626545,0.56104745,11,4,0.575,0.425,0.65,0.2628013,32,4,7,1.661358
dA40,3.54,48.54,24.580947,51.026296,268.74086,0.18987174,0.55350609,11,4,0.55,0.4,0.7,0.2487409,33,5,9,1.6502659
dA40,3.55,48.55,24.682493,50.940849,267.60292,0.19035984,0.55364312,12,4,0.525,0.375,0.725,0.26297436,32,5,8,1.6374177
dA40,3.56,48.56,24.441999,50.962058,268.1596,0.19004376,0.54490711,9,4,0.6,0.425,0.7,0.2638168,33,1,6,1.6722815
dA40,3.57,48.57,24.359923,51.18279,268.23148,0.19081575,0.54596227,12,4,0.5,0.35,0.675,0.23766285,33,2,6,1.6411899
dA40,3.58,48.58,24.544706,51.557554,268.03373,0.19235473,0.553222,10,4,0.575,0.4,0.675,0.26320039,32,3,8,1.6498221
dA40,3.59,48.59,24.383985,52.252555,266.6685,0.19594573,0.54536888,12,4,0.525,0.375,0.65,0.24789723,31,4,9,1.6366658
dA40,3.6,48.6,24.398108,52.269897,264.63661,0.19751574,0.5502088,14,4,0.45,0.35,0.65,0.25004947,32,4,7,1.6465652
dA40,3.61,48.61,24.754904,52.49726,262.55472,0.19994788,0.55861318,12,3,0.5,0.425,0.675,0.25317354,31,5,8,1.6595263
dA40,3.62,48.62,24.899014,52.658232,263.42972,0.1998948,0.55439633,11,3,0.525,0.425,0.675,0.22582235,30,3,9,1.6512914
dA40,3.63,48.63,24.89445,53.179807,263.89494,0.20151886,0.54228413,11,4,0.55,0.375,0.65,0.24037869,32,2,8,1.6409442
dA40,3.64,48.64,24.975057,52.776759,265.01273,0.19914801,0.54300569,11,4,0.55,0.4,0.75,0.20318388,32,3,9,1.6510714
dA40,3.65,48.65,25.122473,53.33656,266.94242,0.19980548,0.55867391,11,3,0.525,0.375,0.65,0.20667867,31,3,7,1.6429237
dA40,3.66,48.66,25.302374,53.36354,264.91471,0.20143668,0.5709417,12,3,0.5,0.4,0.7,0.23234155,30,1,6,1.66512
dA40,3.67,48.67,25.431224,53.2513,268.79714,0.19810963,0.5772101,8,3,0.625,0.475,0.6,0.20651081,31,6,11,1.6510418
dA40,3.68,48.68,25.037724,52.919266,265.91437,0.19900867,0.56780926,11,3,0.5,0.4,0.65,0.20996637,30,5,10,1.6530292
dA40,3.69,48.69,24.913291,52.219178,262.68593,0.1987894,0.56445735,11,3,0.525,0.425,0.675,0.18568172,31,4,10,1.6707455
dA40,3.7,48.7,24.830009,52.00329,267.09122,0.19470236,0.55418273,10,3,0.55,0.4,0.625,0.19705278,31,1,8,1.6529891
dA40,3.71,48.71,24.761859,51.246213,264.59765,0.193676,0.54880578,9,3,0.625,0.475,0.65,0.18621146,29,3,9,1.6557174
dA40,3.72,48.72,24.988858,51.508728,265.02391,0.19435502,0.54286888,10,3,0.55,0.425,0.625,0.2026506,31,3,7,1.6608433
dA40,3.73,48.73,24.670069,51.43278,262.62521,0.19584099,0.5397296,11,3,0.5,0.4,0.7,0.1871972,28,2,8,1.6577253
dA40,3.74,48.74,24.650298,51.175547,263.74864,0.19403151,0.54229371,10,4,0.575,0.4,0.8,0.19793808,26,3,10,1.6526536
dA40,3.75,48.75,24.732809,51.903846,263.05524,0.19731158,0.52588637,12,4,0.5,0.35,0.675,0.18517831,27,4,9,1.6692661
dA40,3.76,48.76,24.831771,51.538851,265.07784,0.19442912,0.51676799,9,3,0.625,0.525,0.725,0.20609871,26,2,7,1.6633968
dA40,3.77,48.77,24.841939,51.252341,264.89963,0.19347834,0.54474695,11,3,0.55,0.475,0.7,0.20658093,28,1,7,1.6589231
dA40,3.78,48.78,25.09132,51.769865,265.64978,0.19488014,0.55420776,9,3,0.6,0.525,0.65,0.20372776,29,4,7,1.6462712
dA40,3.79,48.79,25.206143,52.452067,264.91726,0.19799415,0.55127286,11,4,0.525,0.4,0.725,0.17707431,27,3,7,1.6334083
dA40,3.8,48.8,25.169474,52.42732,261.56694,0.20043557,0.54922416,14,3,0.45,0.35,0.65,0.18071478,27,2,6,1.6499582
dA40,3.81,48.81,25.186579,52.702393,263.00205,0.20038776,0.5495961,14,3,0.425,0.35,0.675,0.1901419,27,1,5,1.6323238
dA40,3.82,48.82,25.3214,53.403795,264.74378,0.20171879,0.55174135,13,3,0.475,0.375,0.625,0.19126444,28,3,5,1.6499607
dA40,3.83,48.83,25.263121,53.200782,261.94439,0.20309953,0.55143563,15,3,0.425,0.35,0.625,0.19338919,28,4,8,1.6413491
dA40,3.84,48.84,25.205032,53.099883,264.05259,0.20109586,0.52399903,12,3,0.5,0.425,0.625,0.20920599,29,3,8,1.6677669
dA40,3.85,48.85,25.093654,52.426775,263.82511,0.19871791,0.53033966,14,3,0.45,0.4,0.65,0.17871654,29,2,6,1.6477998
dA40,3.86,48.86,25.326641,52.802318,262.54872,0.20111436,0.53244112,13,3,0.425,0.325,0.675,0.17066723,28,4,8,1.6405004
dA40,3.87,48.87,25.402299,53.567546,262.86376,0.20378445,0.53998099,14,3,0.45,0.375,0.7,0.18713221,28,2,4,1.6216969
dA40,3.88,48.88,25.427043,53.588081,263.40572,0.20344312,0.52911329,13,3,0.425,0.325,0.7,0.19018377,28,3,6,1.6536861
dA40,3.89,48.89,25.370751,53.075066,264.77419,0.20045408,0.53078774,12,3,0.475,0.375,0.55,0.17067096,30,4,9,1.6402536
dA40,3.9,48.9,25.376736,52.096983,263.17696,0.1979542,0.53059382,13,3,0.425,0.35,0.625,0.14601283,30,3,7,1.6313488
dA40,3.91,48.91,25.571243,52.46758,265.26973,0.19778955,0.54249236,11,3,0.55,0.475,0.75,0.15182612,30,3,7,1.6451454
dA40,3.92,48.92,25.642447,53.004777,261.424,0.20275406,0.55374125,12,3,0.5,0.375,0.475,0.17676928,30,1,5,1.6301557
dA40,3.93,48.93,25.381533,51.776015,264.76261,0.19555637,0.53757679,10,4,0.575,0.45,0.65,0.17448212,29,5,9,1.6495046
dA40,3.94,48.94,25.066928,51.580915,263.32793,0.19588091,0.52985884,13,4,0.5,0.35,0.65,0.18515161,30,6,7,1.6464366
dA40,3.95,48.95,25.205587,50.869533,266.37015,0.1909731,0.52894363,12,3,0.5,0.4,0.6,0.17030127,29,5,6,1.6369979
dA40,3.96,48.96,25.110959,51.008607,264.57576,0.19279396,0.52465884,13,5,0.5,0.325,0.575,0.14228326,29,5,9,1.6490201
dA40,3.97,48.97,25.316047,52.242221,262.36383,0.19912128,0.54234644,12,4,0.525,0.375,0.625,0.16952568,29,4,8,1.6532901
dA40,3.98,48.98,25.218899,51.175688,264.39168,0.19356013,0.52976392,14,4,0.45,0.325,0.675,0.13496167,29,5,8,1.6378438
dA40,3.99,48.99,25.106175,52.698148,263.24176,0.20018917,0.53309594,13,4,0.475,0.35,0.7,0.1563821,27,5,8,1.6864194
dA40,4,49,25.41603,53.249468,265.34753,0.20067821,0.53677314,14,4,0.425,0.3,0.7,0.14722034,27,4,9,1.6509528
dA40,4.01,49.01,25.79677,53.186953,264.14667,0.20135386,0.54482849,12,5,0.525,0.35,0.575,0.1474681,29,4,7,1.6671517
dA40,4.02,49.02,26.250238,54.958606,262.99394,0.2089729,0.56364286,13,4,0.475,0.35,0.675,0.15046213,31,5,9,1.650793
dA40,4.03,49.03,26.165862,54.344088,265.51604,0.20467346,0.56670448,14,4,0.45,0.325,0.725,0.14807442,28,4,7,1.6380111
dA40,4.04,49.04,26.144877,54.239292,265.4523,0.20432783,0.56958762,12,4,0.475,0.325,0.575,0.16736883,30,4,8,1.6493057
dA40,4.05,49.05,26.085144,54.790719,265.33018,0.20650014,0.56748033,12,4,0.5,0.375,0.7,0.18090511,29,6,12,1.6541543
dA40,4.06,49.06,25.953245,53.381163,264.22096,0.20203228,0.56497349,13,4,0.475,0.35,0.6,0.17941307,29,5,10,1.6482986
dA40,4.07,49.07,25.955852,53.252097,265.37182,0.20066975,0.56348807,10,3,0.575,0.475,0.65,0.16290403,30,6,9,1.6754221
dA40,4.08,49.08,25.690493,53.277542,265.74718,0.20048206,0.56352067,12,4,0.5,0.35,0.625,0.19004484,30,6,9,1.6691581
dA40,4.09,49.09,26.022991,53.608032,264.8049,0.2024435,0.55989203,14,4,0.45,0.325,0.6,0.19774816,29,6,9,1.649303
dA40,4.1,49.1,26.242042,53.571887,265.64129,0.20167003,0.57140254,13,4,0.475,0.325,0.625,0.20994181,28,4,6,1.6407063
dA40,4.11,49.11,26.068351,53.36499,267.11368,0.19978382,0.5720371,12,4,0.475,0.325,0.65,0.20261391,30,5,9,1.6471188
dA40,4.12,49.12,25.794849,52.563682,266.70298,0.19708697,0.54918195,11,4,0.525,0.4,0.675,0.21216523,26,5,7,1.6240423
dA40,4.13,49.13,25.692806,52.613833,266.75621,0.19723564,0.55760672,13,3,0.45,0.35,0.675,0.22768121,27,6,8,1.653526
dA40,4.14,49.14,25.909708,53.125301,265.14855,0.20036052,0.55868952,11,3,0.525,0.375,0.65,0.22809483,29,4,7,1.6541429
dA40,4.15,49.15,25.700937,52.59472,263.71437,0.19943821,0.55413974,13,3,0.475,0.35,0.675,0.21260257,28,5,10,1.6440461
dA40,4.16,49.16,25.581494,51.808028,266.55537,0.19436122,0.55464228,12,3,0.525,0.4,0.575,0.23209825,29,3,8,1.6563345
dA40,4.17,49.17,25.466328,51.848321,264.70362,0.19587311,0.55324122,13,4,0.475,0.3,0.7,0.22411634,29,5,7,1.6560871
dA40,4.18,49.18,25.219278,50.989832,261.65005,0.19487798,0.54326075,11,4,0.55,0.375,0.6,0.26606189,28,4,7,1.6423988
dA40,4.19,49.19,25.353187,51.294009,265.8322,0.19295635,0.54491424,9,3,0.6,0.525,0.575,0.23905632,31,3,8,1.6861189
dA40,4.2,49.2,25.461742,52.425316,266.30087,0.19686498,0.54209763,12,3,0.475,0.4,0.55,0.26667667,31,5,9,1.6329141
dA40,4.21,49.21,25.198834,50.605107,263.2522,0.19223052,0.54065501,13,4,0.475,0.375,0.525,0.24801516,30,5,7,1.6621327
dA40,4.22,49.22,25.431531,51.243322,265.14202,0.19326745,0.54912249,12,3,0.5,0.425,0.65,0.2361174,30,3,6,1.6412519
dA40,4.23,49.23,25.178547,51.444923,264.26745,0.19466992,0.54750504,12,3,0.475,0.35,0.7,0.22631688,29,2,4,1.655076
dA40,4.24,49.24,25.130286,51.689118,261.40945,0.1977324,0.54972361,14,4,0.45,0.275,0.575,0.21406507,32,4,8,1.6445473
dA40,4.25,49.25,25.067941,49.204508,260.511,0.18887689,0.55389978,14,4,0.45,0.3,0.525,0.20988807,32,5,9,1.6576221
dA40,4.26,49.26,25.063406,48.589787,264.24831,0.18387927,0.54414917,13,3,0.475,0.3,0.625,0.20663645,30,6,8,1.637433
dA40,4.27,49.27,25.068077,49.898918,262.33124,0.1902134,0.54851073,15,4,0.4,0.225,0.575,0.20366328,28,4,8,1.6431582
dA40,4.28,49.28,24.694812,47.416387,261.86086,0.18107474,0.54136838,16,4,0.375,0.225,0.575,0.18766601,28,3,6,1.677952
dA40,4.29,49.29,24.885621,48.207169,261.0001,0.18470173,0.52673402,12,4,0.475,0.275,0.6,0.19781843,29,6,10,1.6491782
dA40,4.3,49.3,24.977851,47.064924,260.02616,0.18100073,0.52293093,15,4,0.4,0.225,0.55,0.2017402,27,4,7,1.6713479
dA40,4.31,49.31,25.060772,48.840879,262.6933,0.18592358,0.51695855,12,4,0.5,0.3,0.675,0.17894147,28,5,8,1.6481264
dA40,4.32,49.32,24.93799,48.558093,264.63252,0.18349254,0.51427714,12,3,0.475,0.3,0.575,0.17156281,28,5,7,1.6337728
dA40,4.33,49.33,24.850658,49.014361,264.60309,0.18523729,0.5201049,12,4,0.475,0.25,0.675,0.17548155,28,5,6,1.6386551
dA40,4.34,49.34,24.62821,48.956935,262.86568,0.18624316,0.50976528,15,4,0.4,0.25,0.575,0.16902491,31,4,5,1.6445229
dA40,4.35,49.35,24.677148,48.901928,264.50848,0.18487849,0.51460897,13,4,0.45,0.275,0.65,0.17584907,28,5,10,1.6547517
dA40,4.36,49.36,24.651409,48.859897,261.21817,0.18704632,0.50697354,13,3,0.475,0.35,0.6,0.16566447,31,3,9,1.653187
dA40,4.37,49.37,24.685259,48.558403,260.03896,0.18673511,0.49722999,15,4,0.425,0.275,0.575,0.17405224,30,3,7,1.6464143
dA40,4.38,49.38,25.068804,49.116361,260.95278,0.18821935,0.49276215,13,4,0.475,0.275,0.65,0.17588555,30,3,8,1.6289243
dA40,4.39,49.39,24.770449,48.300642,260.4617,0.1854424,0.47182282,13,3,0.475,0.325,0.525,0.17638504,32,1,6,1.6379645
dA40,4.4,49.4,24.923662,49.350998,265.07897,0.1861747,0.47677379,14,3,0.425,0.3,0.675,0.1790472,30,5,8,1.6509789
dA40,4.41,49.41,24.923638,50.408451,264.52541,0.19056185,0.48710606,10,3,0.55,0.375,0.625,0.17735609,30,2,7,1.656991
dA40,4.42,49.42,24.980067,49.741931,266.27269,0.18680823,0.49818698,13,3,0.475,0.375,0.725,0.17099558,30,5,8,1.6618974
dA40,4.43,49.43,25.134706,50.880033,265.41249,0.19170173,0.49583982,13,3,0.5,0.375,0.7,0.19337585,28,5,10,1.6320076
dA40,4.44,49.44,25.178762,51.151783,265.75741,0.19247547,0.49482877,13,3,0.475,0.325,0.65,0.16961654,29,4,8,1.6623113
dA40,4.45,49.45,25.332634,50.773243,267.34022,0.18991995,0.49847104,13,3,0.475,0.325,0.575,0.17453208,29,5,8,1.6614609
dA40,4.46,49.46,25.40665,50.834089,265.93854,0.19114976,0.49391061,12,3,0.5,0.325,0.675,0.14486486,28,4,8,1.6427845
dA40,4.47,49.47,25.28828,48.962369,264.50261,0.1851111,0.48521223,11,3,0.55,0.4,0.65,0.18071498,28,3,7,1.6475296
dA40,4.48,49.48,25.304982,50.972635,266.4859,0.19127704,0.48514344,12,4,0.5,0.325,0.6,0.17102805,28,2,7,1.6556762
dA40,4.49,49.49,24.889128,49.144622,264.17831,0.18602823,0.48213709,10,4,0.55,0.35,0.65,0.17436714,28,2,5,1.6448584
dA40,4.5,49.5,25.085898,49.978742,268.36369,0.18623511,0.48159577,8,3,0.625,0.45,0.575,0.17823792,27,0,3,1.6846424
dA40,4.51,49.51,25.108008,50.440968,265.67334,0.18986085,0.48596341,8,3,0.65,0.475,0.725,0.19393763,26,3,6,1.6452918
dA40,4.52,49.52,25.22094,51.331941,265.86481,0.19307535,0.50029464,9,3,0.6,0.475,0.725,0.18729569,27,4,7,1.6653996
dA40,4.53,49.53,24.909671,50.093244,265.70113,0.18853229,0.48667985,9,4,0.6,0.375,0.7,0.20234251,29,3,8,1.652047
dA40,4.54,49.54,25.090217,48.907005,269.40725,0.18153559,0.49314436,7,4,0.675,0.45,0.65,0.1959433,28,3,8,1.6520497
dA40,4.55,49.55,25.020809,48.966589,266.56464,0.18369499,0.48384399,9,3,0.6,0.475,0.625,0.21765206,29,5,8,1.6635128
dA40,4.56,49.56,24.943802,48.287788,265.71737,0.18172613,0.47926578,10,3,0.575,0.4,0.65,0.19975686,27,5,9,1.6517984
dA40,4.57,49.57,25.129325,48.606348,262.74635,0.18499343,0.49939033,10,3,0.55,0.375,0.65,0.19485463,30,4,7,1.6394875
dA40,4.58,49.58,25.176778,49.15073,262.87261,0.18697547,0.49099022,12,3,0.525,0.4,0.65,0.20365097,31,5,10,1.6404488
dA40,4.59,49.59,25.181977,48.534784,263.14746,0.18443949,0.5070606,12,4,0.475,0.275,0.675,0.21204988,31,4,8,1.650227
dA40,4.6,49.6,25.281695,49.887132,265.89812,0.18761747,0.5105093,12,4,0.5,0.3,0.525,0.19904378,33,4,7,1.6439846
dA40,4.61,49.61,25.283072,50.121484,268.75211,0.18649708,0.5113767,11,4,0.55,0.35,0.675,0.17175824,29,5,9,1.6463038
dA40,4.62,49.62,25.132679,49.128667,265.54709,0.18500925,0.51225682,13,4,0.5,0.3,0.65,0.19131657,31,5,9,1.6865005
dA40,4.63,49.63,25.350392,49.360684,263.85813,0.18707282,0.5139191,13,4,0.5,0.325,0.65,0.18738344,30,5,9,1.6366693
dA40,4.64,49.64,25.502597,49.485786,268.71098,0.1841599,0.51168056,11,2,0.575,0.45,0.7,0.17962189,31,6,10,1.6757866
dA40,4.65,49.65,25.484729,49.37782,266.90538,0.18500122,0.51315418,10,3,0.575,0.4,0.75,0.17439061,30,5,9,1.6496378
dA40,4.66,49.66,25.617348,49.943158,264.38801,0.188901,0.5058708,12,4,0.525,0.35,0.675,0.20192342,28,4,8,1.6597761
dA40,4.67,49.67,25.940009,50.97581,266.47152,0.19129929,0.51357682,8,3,0.65,0.475,0.625,0.18218998,30,6,11,1.6490721
dA40,4.68,49.68,25.563526,50.072372,263.7012,0.18988299,0.50077326,9,3,0.625,0.475,0.7,0.17161043,30,4,7,1.6659513
dA40,4.69,49.69,25.865622,50.379568,264.10473,0.19075602,0.50853137,9,3,0.65,0.475,0.575,0.19108083,31,3,6,1.6437192
dA40,4.7,49.7,25.836327,51.349071,266.40847,0.19274564,0.51020207,8,4,0.65,0.45,0.575,0.17384905,29,4,9,1.6308505
dA40,4.71,49.71,25.910774,51.705478,265.99848,0.19438261,0.51990995,9,4,0.6,0.4,0.575,0.19917794,30,4,8,1.6715595
dA40,4.72,49.72,26.194551,51.484127,265.51487,0.19390299,0.52951908,9,4,0.6,0.425,0.575,0.18191061,31,4,10,1.6407105
dA40,4.73,49.73,25.814148,50.682165,264.81855,0.19138449,0.50643046,9,4,0.6,0.4,0.625,0.21412552,32,3,7,1.6457642
dA40,4.74,49.74,25.833887,51.884708,263.68283,0.19676938,0.50900337,10,2,0.575,0.45,0.65,0.2100629,31,2,6,1.6551292
dA40,4.75,49.75,25.703969,50.971659,265.06296,0.19230019,0.50283219,10,2,0.55,0.45,0.725,0.2142178,29,3,9,1.6528822
dA40,4.76,49.76,25.845189,51.536413,267.48983,0.19266681,0.49877803,9,2,0.6,0.5,0.6,0.214817,29,4,8,1.6616508
dA40,4.77,49.77,25.530589,51.352802,268.45887,0.19128741,0.50560666,9,2,0.625,0.5,0.65,0.22440271,28,4,10,1.6401594
dA40,4.78,49.78,25.549629,50.827987,268.30466,0.18944131,0.50928725,12,2,0.525,0.45,0.65,0.21311478,28,5,8,1.6649329
dA40,4.79,49.79,25.89747,51.479521,267.9437,0.19212813,0.5166902,9,3,0.625,0.45,0.675,0.19669887,28,6,11,1.6434389
dA40,4.8,49.8,26.198244,51.77978,270.61373,0.19134203,0.52250223,8,2,0.625,0.525,0.55,0.1826254,26,3,9,1.6411525
dA40,4.81,49.81,26.181837,51.965102,266.79405,0.19477609,0.5259217,11,4,0.55,0.375,0.625,0.19300169,28,5,9,1.6361812
dA40,4.82,49.82,26.282094,51.674311,265.24466,0.19481753,0.52786074,9,2,0.6,0.5,0.525,0.20522968,29,7,11,1.6485894
dA40,4.83,49.83,26.183226,51.144416,266.9689,0.19157444,0.53566595,10,2,0.575,0.475,0.65,0.21176762,27,3,7,1.6260531
dA40,4.84,49.84,26.386607,51.766197,267.58606,0.19345625,0.54196223,12,2,0.525,0.45,0.6,0.204358,29,4,8,1.6970763
dA40,4.85,49.85,26.415343,51.521478,264.46736,0.19481224,0.54210767,9,3,0.625,0.475,0.7,0.20498606,29,5,10,1.6394555
dA40,4.86,49.86,26.445094,51.715234,268.50963,0.19260104,0.53944081,8,3,0.65,0.475,0.65,0.19925224,28,7,10,1.6483621
dA40,4.87,49.87,26.679656,51.939509,269.57205,0.19267394,0.55472556,12,3,0.475,0.375,0.6,0.21643733,29,5,7,1.6320328
dA40,4.88,49.88,26.584819,50.916815,265.17785,0.19201006,0.55007551,9,2,0.625,0.55,0.65,0.23460314,29,5,7,1.668981
dA40,4.89,49.89,26.467588,50.752753,263.12368,0.19288554,0.53765378,13,4,0.45,0.3,0.75,0.24259899,30,4,8,1.6432115
dA40,4.9,49.9,26.54214,50.906986,261.43451,0.19472175,0.55353673,14,3,0.425,0.275,0.675,0.23638658,27,2,6,1.6451912
dA40,4.91,49.91,26.886787,52.269003,262.97976,0.19875675,0.56362744,11,4,0.525,0.375,0.725,0.2209834,28,3,8,1.6407163
dA40,4.92,49.92,26.720971,53.206996,268.42786,0.19821711,0.56377211,10,4,0.55,0.375,0.7,0.24247498,29,4,6,1.6344595
dA40,4.93,49.93,26.865831,54.264558,262.5851,0.20665513,0.57434366,10,4,0.575,0.375,0.7,0.22854177,29,3,7,1.6518088
dA40,4.94,49.94,27.019239,54.804824,263.99562,0.20759747,0.57221983,11,2,0.55,0.425,0.7,0.23807201,29,4,8,1.6483163
dA40,4.95,49.95,26.776132,55.03994,263.03039,0.20925316,0.5738152,12,2,0.5,0.4,0.65,0.20798229,29,6,10,1.6463505
dA40,4.96,49.96,26.782085,55.748671,264.68145,0.21062553,0.58107723,12,4,0.5,0.35,0.575,0.21785587,27,4,8,1.6355326
dA40,4.97,49.97,26.800775,55.841266,261.65381,0.2134166,0.57674745,10,2,0.575,0.45,0.575,0.2385551,29,2,4,1.6672757
dA40,4.98,49.98,26.677006,54.568114,264.21932,0.20652582,0.58694561,12,4,0.5,0.35,0.6,0.20523765,28,6,8,1.6667433
dA40,4.99,49.99,26.59828,54.692378,266.04686,0.20557423,0.59267947,11,3,0.5,0.35,0.65,0.2040195,28,4,8,1.6540223
dA40,5,50,26.394348,54.809366,264.2192,0.207439,0.5711977,11,2,0.525,0.425,0.625,0.18761045,30,4,8,1.6452415
dT40,0.01,45.01,18.34137,44.148817,307.24003,0.14369487,0.26944469,0,5,1,0.75,0.275,-0.08408939,33,1,8,1.6211336
dT40,0.02,45.02,18.215912,45.235396,308.09459,0.14682308,0.27583722,0,5,1,0.7,0.275,-0.08544764,35,0,5,1.6339056
dT40,0.03,45.03,18.432024,45.464976,310.08026,0.14662325,0.28636313,0,6,1,0.6,0.275,-0.1012814,32,1,6,1.6423182
dT40,0.04,45.04,18.310633,45.873755,308.58139,0.14866015,0.26680364,1,7,0.95,0.525,0.35,-0.10374252,33,1,8,1.6599947
dT40,0.05,45.05,18.26396,45.345996,307.80153,0.14732219,0.2605793,0,7,1,0.6,0.275,-0.10344874,36,0,7,1.6441986
dT40,0.06,45.06,18.133805,45.602237,306.86158,0.14860849,0.25148541,0,5,1,0.65,0.275,-0.11811721,37,1,6,1.6711711
dT40,0.07,45.07,18.063361,44.741662,306.54654,0.1459539,0.25192736,0,5,1,0.65,0.3,-0.098415251,37,0,7,1.6462068
dT40,0.08,45.08,18.270763,45.191861,308.3957,0.14653856,0.25883063,0,5,1,0.7,0.25,-0.098559012,36,0,6,1.6487524
dT40,0.09,45.09,18.192651,45.405826,307.86541,0.14748596,0.25370136,0,6,1,0.6,0.375,-0.085809835,33,1,9,1.6490335
dT40,0.1,45.1,18.134776,45.11679,305.12345,0.14786405,0.26429291,0,6,1,0.65,0.275,-0.11888807,36,1,7,1.6399175
dT40,0.11,45.11,18.22644,43.920618,305.94337,0.143558,0.25220691,0,6,1,0.65,0.25,-0.10065205,34,0,9,1.667478
dT40,0.12,45.12,18.135257,44.716516,305.12828,0.14654989,0.25300272,0,4,1,0.8,0.325,-0.08975975,34,0,8,1.6582527
dT40,0.13,45.13,18.291772,46.530332,306.18904,0.15196603,0.2690212,0,4,1,0.75,0.2,-0.10786993,36,0,7,1.6663631
dT40,0.14,45.14,18.106729,44.877281,303.81418,0.14771292,0.26564918,0,6,1,0.7,0.3,-0.085447092,34,0,9,1.6673624
dT40,0.15,45.15,18.199463,44.656769,307.01287,0.14545569,0.27300191,0,7,1,0.55,0.2,-0.12246505,35,1,7,1.6715652
dT40,0.16,45.16,18.287196,44.681901,309.81376,0.14422181,0.28551451,0,7,1,0.6,0.25,-0.12674313,36,0,7,1.657767
dT40,0.17,45.17,18.042092,44.407815,307.39371,0.14446559,0.27762762,0,7,1,0.55,0.225,-0.12770385,35,2,10,1.6463026
dT40,0.18,45.18,18.199566,44.773246,308.82287,0.14498034,0.27942479,0,7,1,0.5,0.25,-0.13599462,36,0,7,1.6637335
dT40,0.19,45.19,18.196587,45.270643,306.64972,0.14762982,0.28410821,0,6,1,0.6,0.3,-0.13706634,35,1,9,1.6730946
dT40,0.2,45.2,18.045904,44.469943,308.50474,0.14414671,0.26077455,0,6,1,0.65,0.35,-0.084828648,36,1,9,1.65066
dT40,0.21,45.21,17.806677,43.729641,305.04928,0.14335271,0.25241895,0,5,1,0.65,0.275,-0.099500379,36,0,7,1.6390337
dT40,0.22,45.22,17.729653,42.173017,303.42018,0.13899213,0.24823463,0,5,1,0.7,0.275,-0.098263335,35,0,9,1.6318346
dT40,0.23,45.23,17.75007,43.776414,304.68695,0.14367669,0.26357563,0,7,1,0.55,0.25,-0.1257887,35,1,9,1.6512099
dT40,0.24,45.24,17.924406,46.946865,306.10634,0.15336783,0.28152462,0,6,1,0.65,0.275,-0.10725748,33,0,8,1.6523191
dT40,0.25,45.25,17.917863,46.537301,303.43862,0.15336644,0.27110717,0,6,1,0.55,0.35,-0.12854403,35,1,9,1.6496969
dT40,0.26,45.26,18.269371,48.172477,306.45241,0.15719399,0.30542204,0,7,1,0.55,0.35,-0.10570414,32,1,8,1.6811575
dT40,0.27,45.27,18.337113,48.391183,305.96691,0.15815822,0.29826917,0,6,1,0.6,0.425,-0.099759687,35,0,8,1.6672957
dT40,0.28,45.28,18.435601,47.730612,302.83697,0.15761158,0.30178988,0,6,1,0.6,0.35,-0.079044479,36,1,8,1.6421431
dT40,0.29,45.29,18.321091,48.779834,306.23224,0.15929033,0.3030841,0,4,1,0.75,0.25,-0.099094701,36,1,7,1.6616903
dT40,0.3,45.3,18.173493,47.40257,306.08635,0.15486666,0.2996241,0,5,1,0.6,0.2,-0.095225053,35,2,7,1.6594976
dT40,0.31,45.31,18.248145,48.617469,309.79883,0.15693239,0.3038054,0,5,1,0.65,0.225,-0.10063466,34,1,6,1.6569711
dT40,0.32,45.32,18.439986,48.964177,306.98727,0.15949905,0.30848977,1,5,0.95,0.575,0.375,-0.083979225,35,0,7,1.6441961
dT40,0.33,45.33,18.387692,49.754367,303.58963,0.16388692,0.31102882,0,6,1,0.55,0.35,-0.10866387,33,0,7,1.6636981
dT40,0.34,45.34,18.362973,48.676293,305.48286,0.15934214,0.30667158,0,5,1,0.7,0.3,-0.10184628,35,0,7,1.6464425
dT40,0.35,45.35,18.231172,48.273797,303.31888,0.15915197,0.30059314,0,6,1,0.55,0.225,-0.11939782,35,0,7,1.6416635
dT40,0.36,45.36,18.411131,48.896857,307.0182,0.15926371,0.29489624,0,3,1,0.75,0.275,-0.10804841,35,2,8,1.6320842
dT40,0.37,45.37,18.211013,48.695062,306.21578,0.15902205,0.29402005,0,5,1,0.65,0.225,-0.091609706,33,1,6,1.6809118
dT40,0.38,45.38,18.043129,48.126174,306.10183,0.15722276,0.28436332,0,7,1,0.55,0.35,-0.078748581,37,2,9,1.6640579
dT40,0.39,45.39,18.056352,48.705019,305.00923,0.15968375,0.2786987,0,6,1,0.65,0.325,-0.098822672,37,1,6,1.6551075
dT40,0.4,45.4,18.294394,49.564811,306.53148,0.16169567,0.28434584,0,6,1,0.55,0.275,-0.10907882,36,2,11,1.6512196
dT40,0.41,45.41,18.184002,49.592779,307.55123,0.16125046,0.27453548,1,5,0.95,0.575,0.35,-0.080987371,37,1,7,1.6595301
dT40,0.42,45.42,18.425081,48.753858,308.83209,0.15786526,0.28286799,0,6,1,0.5,0.275,-0.070457174,36,0,7,1.6729881
dT40,0.43,45.43,18.336465,47.797747,309.28089,0.15454478,0.2608828,1,6,0.95,0.575,0.275,-0.090403339,36,1,7,1.6535067
dT40,0.44,45.44,18.077247,48.362968,305.99659,0.15805068,0.27157757,1,7,0.95,0.475,0.275,-0.091303172,36,1,8,1.6391077
dT40,0.45,45.45,17.952992,47.533954,306.39736,0.15513826,0.26576993,1,6,0.95,0.625,0.375,-0.066573353,38,1,8,1.6587489
dT40,0.46,45.46,17.929285,45.808833,305.7781,0.14981071,0.25740776,1,7,0.95,0.475,0.3,-0.067250422,36,1,9,1.6284469
dT40,0.47,45.47,17.841597,46.333534,305.1304,0.1518483,0.24312818,0,5,1,0.65,0.3,-0.096950825,39,1,8,1.6599127
dT40,0.48,45.48,18.021685,46.639506,310.38025,0.1502657,0.2453245,1,6,0.95,0.575,0.3,-0.043640637,35,1,10,1.6527697
dT40,0.49,45.49,18.227031,48.433728,308.20739,0.15714655,0.26105338,1,6,0.95,0.525,0.275,-0.053768948,36,1,7,1.6497227
dT40,0.5,45.5,18.196833,48.426118,307.8203,0.15731944,0.26601104,1,7,0.95,0.475,0.325,-0.061510336,37,1,8,1.6395535
dT40,0.51,45.51,18.347633,48.54286,306.83317,0.15820604,0.27861646,0,6,1,0.55,0.275,-0.071566466,36,1,10,1.6795339
dT40,0.52,45.52,18.265728,47.809123,307.34853,0.15555344,0.27525877,0,7,1,0.5,0.4,-0.078901004,37,1,9,1.6488237
dT40,0.53,45.53,18.132961,47.308185,304.4144,0.15540719,0.2765092,0,7,1,0.5,0.375,-0.069508098,37,1,8,1.6473811
dT40,0.54,45.54,18.460222,48.870488,308.24446,0.15854458,0.2897229,1,6,0.95,0.525,0.35,-0.056449766,36,1,7,1.6319039
dT40,0.55,45.55,18.251893,48.08423,307.57136,0.1563352,0.28384315,0,7,1,0.45,0.175,-0.077355034,37,1,6,1.6808814
dT40,0.56,45.56,18.374319,47.804064,306.57686,0.15592848,0.28622686,0,7,1,0.5,0.3,-0.028675545,36,1,8,1.6587346
dT40,0.57,45.57,18.423628,46.367531,305.02291,0.15201327,0.28602656,0,6,1,0.55,0.375,-0.043090068,36,1,10,1.6448962
dT40,0.58,45.58,18.476473,47.833547,304.89351,0.15688608,0.28622978,0,7,1,0.45,0.3,-0.04609971,35,1,9,1.6447112
dT40,0.59,45.59,18.289512,46.471233,306.84247,0.15144981,0.2649653,0,7,1,0.5,0.35,-0.052094441,34,1,8,1.6473939
dT40,0.6,45.6,18.096469,45.283273,309.09207,0.14650415,0.24464919,0,6,1,0.6,0.4,-0.058007248,34,0,7,1.6458589
dT40,0.61,45.61,18.04191,44.990586,307.89626,0.14612255,0.25540797,1,6,0.95,0.575,0.35,-0.061906169,34,1,9,1.6647844
dT40,0.62,45.62,18.091264,45.03361,307.35726,0.14651878,0.24551435,0,6,1,0.6,0.35,-0.078657767,34,2,8,1.6393508
dT40,0.63,45.63,18.128245,46.099162,307.76382,0.14978747,0.24319936,1,7,0.95,0.475,0.225,-0.077072814,33,1,7,1.643046
dT40,0.64,45.64,18.10883,45.324914,305.17261,0.14852222,0.24790389,1,7,0.95,0.575,0.3,-0.087523915,34,1,5,1.6465727
dT40,0.65,45.65,18.05151,45.686343,310.20555,0.14727765,0.24291551,0,6,1,0.55,0.325,-0.087727583,35,1,7,1.6474422
dT40,0.66,45.66,18.241348,46.024939,307.51071,0.14966939,0.24555089,0,6,1,0.6,0.375,-0.05067,38,1,8,1.6474697
dT40,0.67,45.67,18.385951,46.19363,306.3648,0.15077982,0.25765905,1,7,0.95,0.5,0.25,-0.058127359,35,0,5,1.6645536
dT40,0.68,45.68,18.241396,45.055759,306.66192,0.14692323,0.24712338,1,6,0.95,0.575,0.275,-0.044146579,35,3,8,1.6419939
dT40,0.69,45.69,18.572048,45.636602,306.90299,0.14870042,0.25255101,1,6,0.95,0.625,0.275,-0.039872805,34,0,6,1.6422516
dT40,0.7,45.7,18.397064,46.180236,310.50728,0.14872513,0.25620133,0,5,1,0.7,0.225,-0.037325521,36,2,9,1.6310859
dT40,0.71,45.71,18.497241,46.575988,309.71531,0.15038323,0.25355499,0,6,1,0.65,0.225,-0.044478111,33,2,9,1.6489881
dT40,0.72,45.72,18.250578,45.1683,307.52611,0.14687631,0.23872273,0,6,1,0.6,0.35,-0.045002465,33,0,8,1.6466024
dT40,0.73,45.73,18.450777,45.952909,306.61326,0.14987254,0.25087308,0,6,1,0.6,0.325,-0.054685561,32,0,8,1.6597658
dT40,0.74,45.74,18.470072,46.938253,307.45215,0.15266848,0.27215556,0,5,1,0.6,0.3,-0.084990135,34,1,9,1.6576821
dT40,0.75,45.75,18.597825,48.989746,308.84329,0.15862331,0.28883902,0,6,1,0.6,0.3,-0.077261801,35,0,7,1.6542002
dT40,0.76,45.76,18.583786,48.177007,306.47151,0.15719897,0.28171525,0,5,1,0.65,0.3,-0.024187282,37,1,7,1.647396
dT40,0.77,45.77,18.54979,47.382127,307.47893,0.15409878,0.27553655,0,5,1,0.6,0.35,-0.021343898,36,1,8,1.6667875
dT40,0.78,45.78,18.651113,47.877849,306.92127,0.15599391,0.27868486,0,4,1,0.7,0.375,-0.033762343,38,1,10,1.6440004
dT40,0.79,45.79,18.821466,49.765031,309.6151,0.16073193,0.28407761,0,5,1,0.65,0.35,-0.035564044,38,2,9,1.6547741
dT40,0.8,45.8,18.73641,50.044641,308.39476,0.16227462,0.28146985,0,3,1,0.75,0.4,-0.066374885,35,0,7,1.643121
dT40,0.81,45.81,18.673633,48.529559,312.96361,0.15506454,0.28084426,0,5,1,0.7,0.275,-0.07619636,35,2,9,1.6459239
dT40,0.82,45.82,18.659494,48.021695,308.47903,0.15567248,0.28089065,1,4,0.95,0.7,0.425,-0.05766353,34,1,7,1.6386476
dT40,0.83,45.83,18.503515,46.337672,308.18381,0.15035726,0.26244838,1,6,0.95,0.625,0.375,-0.041421687,35,1,8,1.6449754
dT40,0.84,45.84,18.376835,44.531993,311.004,0.14318785,0.26967992,1,6,0.95,0.625,0.35,-0.053202794,36,0,6,1.6403551
dT40,0.85,45.85,18.587772,46.078275,314.78135,0.14638184,0.28449379,0,5,1,0.7,0.3,-0.037477224,34,0,7,1.6443038
dT40,0.86,45.86,18.595256,45.989216,310.0116,0.14834676,0.28922246,1,6,0.95,0.625,0.325,-0.052749974,37,2,7,1.6769043
dT40,0.87,45.87,18.643073,45.948502,309.7887,0.14832207,0.28042276,0,4,1,0.75,0.25,-0.091580301,38,2,7,1.6366098
dT40,0.88,45.88,18.553031,45.717768,308.26548,0.14830648,0.28442001,0,3,1,0.8,0.25,-0.083968171,36,1,6,1.6405705
dT40,0.89,45.89,18.700797,45.117738,312.58347,0.14433821,0.29958959,0,6,1,0.65,0.275,-0.076635266,39,2,8,1.6497267
dT40,0.9,45.9,18.611096,44.399211,310.9212,0.14279892,0.27750606,1,5,0.95,0.675,0.225,-0.07772433,36,2,8,1.6527665
dT40,0.91,45.91,18.553318,44.890318,310.95492,0.14436278,0.27652451,0,6,1,0.65,0.35,-0.086512264,37,2,6,1.6405096
dT40,0.92,45.92,18.508141,44.703955,312.73393,0.14294565,0.25698112,0,7,1,0.6,0.275,-0.087390526,36,1,7,1.6540043
dT40,0.93,45.93,18.633732,44.739538,311.12623,0.14379867,0.24744882,0,5,1,0.65,0.325,-0.10036873,35,1,7,1.659037
dT40,0.94,45.94,18.435627,42.507544,308.34732,0.13785605,0.26300529,1,6,0.95,0.625,0.325,-0.068999907,35,1,7,1.6329727
dT40,0.95,45.95,18.322345,43.715929,311.27747,0.14044039,0.26523719,1,7,0.95,0.575,0.25,-0.090682302,35,1,8,1.6560037
dT40,0.96,45.96,18.419101,43.121857,311.13311,0.13859617,0.26012806,1,6,0.95,0.625,0.425,-0.08152727,35,2,8,1.6573977
dT40,0.97,45.97,18.550632,42.734534,310.74242,0.13752398,0.25555059,1,6,0.95,0.625,0.325,-0.046794998,31,1,7,1.6465553
dT40,0.98,45.98,18.578897,44.342552,311.89351,0.14217209,0.2737012,0,7,1,0.6,0.35,-0.062522441,33,2,6,1.6960082
dT40,0.99,45.99,18.643517,44.590122,308.83575,0.14438135,0.28103234,1,7,0.95,0.525,0.3,-0.039772431,36,1,7,1.6826876
dT40,1,46,18.753715,46.104002,310.54481,0.14846168,0.29269891,0,7,1,0.6,0.45,-0.061702707,34,1,6,1.6576839
dT40,1.01,46.01,18.764146,45.245659,311.80662,0.14510808,0.28555957,1,7,0.95,0.575,0.375,-0.044762011,34,1,7,1.6476453
dT40,1.02,46.02,18.820071,46.755803,310.88106,0.15039772,0.29736025,1,7,0.95,0.575,0.4,-0.043405865,30,1,6,1.6393291
dT40,1.03,46.03,18.857698,47.593507,313.80996,0.15166347,0.29660886,0,7,1,0.6,0.325,-0.032886997,33,0,6,1.6510688
dT40,1.04,46.04,18.650454,46.180904,310.8409,0.14856765,0.2941882,0,7,1,0.6,0.35,-0.026272768,35,1,6,1.6428557
dT40,1.05,46.05,18.921317,46.514617,312.57559,0.14881078,0.2998276,1,6,0.95,0.6,0.3,-0.030698717,35,0,5,1.6314126
dT40,1.06,46.06,18.686671,44.850053,310.47872,0.14445451,0.28414543,1,7,0.95,0.575,0.375,-0.031983993,33,0,6,1.6500343
dT40,1.07,46.07,18.699243,44.396374,313.91363,0.14142863,0.28145987,0,7,1,0.6,0.275,-0.033849988,31,0,6,1.6773385
dT40,1.08,46.08,18.729447,44.507126,311.53956,0.14286188,0.2772885,2,7,0.9,0.525,0.225,-0.050254555,35,1,7,1.6508962
dT40,1.09,46.09,18.969207,45.997911,311.45791,0.1476858,0.2981197,0,7,1,0.6,0.225,-0.02953532,34,1,7,1.6452144
dT40,1.1,46.1,19.315569,47.934772,314.24169,0.1525411,0.30528025,1,6,0.95,0.6,0.35,-0.027786003,32,1,7,1.6448215
dT40,1.11,46.11,19.481424,47.413659,315.06106,0.15049038,0.3178851,1,7,0.95,0.575,0.3,-0.064758145,31,1,8,1.6417878
dT40,1.12,46.12,19.177284,47.62131,312.77705,0.15225321,0.30915069,1,7,0.95,0.575,0.35,-0.032493483,31,0,5,1.6719253
dT40,1.13,46.13,18.968808,47.193647,312.81502,0.15086759,0.30400685,1,7,0.95,0.475,0.35,-0.050236575,32,0,6,1.6409876
dT40,1.14,46.14,19.113311,47.607276,311.02861,0.15306398,0.31764509,1,7,0.95,0.525,0.25,-0.075012802,35,0,7,1.6205688
dT40,1.15,46.15,19.274005,48.419173,312.14109,0.15511951,0.31955038,1,6,0.95,0.575,0.375,-0.080893688,33,0,5,1.6710562
dT40,1.16,46.16,19.260634,47.052661,312.73581,0.15045498,0.32165645,0,6,1,0.65,0.35,-0.055714243,33,0,7,1.6408989
dT40,1.17,46.17,19.328254,48.317049,308.84311,0.15644529,0.32535912,0,6,1,0.6,0.325,-0.059123584,34,0,5,1.6593686
dT40,1.18,46.18,19.456837,50.701947,311.02794,0.16301412,0.34562218,0,6,1,0.6,0.3,-0.087902698,36,2,7,1.6486054
dT40,1.19,46.19,19.396877,49.595066,313.90377,0.15799449,0.33500805,0,7,1,0.6,0.275,-0.10705104,36,0,5,1.6299554
dT40,1.2,46.2,19.198954,48.531294,310.14719,0.15647826,0.34281647,0,6,1,0.55,0.325,-0.092717652,35,0,6,1.6464902
dT40,1.21,46.21,19.270458,48.190227,306.29522,0.15733261,0.34918493,0,6,1,0.6,0.375,-0.11903221,36,1,7,1.6669355
dT40,1.22,46.22,18.913352,46.943645,310.27427,0.15129725,0.34037158,0,6,1,0.65,0.275,-0.12276228,37,1,6,1.6455608
dT40,1.23,46.23,19.059417,48.228905,311.96837,0.1545955,0.35136259,0,8,1,0.5,0.325,-0.11539139,36,0,7,1.6590164
dT40,1.24,46.24,19.180275,48.589988,310.57867,0.15644986,0.34791438,0,7,1,0.6,0.275,-0.11424469,37,2,7,1.6430579
dT40,1.25,46.25,18.999567,47.097602,310.84673,0.15151391,0.33703222,0,8,1,0.5,0.325,-0.11617981,37,0,5,1.6489152
dT40,1.26,46.26,19.206128,47.699116,310.55621,0.15359254,0.34948648,1,8,0.95,0.475,0.275,-0.09202896,36,0,6,1.6476796
dT40,1.27,46.27,19.026074,47.059815,309.5349,0.15203396,0.35632922,0,6,1,0.6,0.275,-0.085795112,36,1,8,1.6449433
dT40,1.28,46.28,18.934314,47.502822,311.80806,0.15234636,0.34639174,0,8,1,0.5,0.3,-0.12333268,35,1,5,1.6646716
dT40,1.29,46.29,18.836423,47.248365,312.82653,0.15103695,0.33888154,0,8,1,0.5,0.225,-0.1062177,37,0,5,1.6338892
dT40,1.3,46.3,18.836764,46.503613,310.61199,0.14971609,0.32832519,1,8,0.95,0.475,0.25,-0.10855231,34,1,8,1.6543406
dT40,1.31,46.31,18.819828,47.250685,311.64023,0.15161934,0.30927745,0,8,1,0.5,0.325,-0.13946984,36,1,8,1.6428899
dT40,1.32,46.32,18.652877,45.254378,309.62748,0.1461575,0.29206436,0,8,1,0.5,0.25,-0.12531337,36,0,6,1.6505044
dT40,1.33,46.33,18.490983,44.39455,309.61625,0.14338572,0.29463359,0,8,1,0.5,0.4,-0.1175815,34,0,6,1.6698913
dT40,1.34,46.34,18.506332,44.726954,309.37754,0.14457079,0.28985904,0,8,1,0.5,0.325,-0.12815136,34,0,7,1.6646902
dT40,1.35,46.35,18.2191,43.632114,308.66892,0.14135571,0.27577446,1,7,0.95,0.525,0.225,-0.13284788,31,0,6,1.6596461
dT40,1.36,46.36,18.17726,43.079286,308.37504,0.13969771,0.26429031,1,6,0.95,0.575,0.225,-0.091090607,36,0,6,1.6633015
dT40,1.37,46.37,18.198321,43.394332,306.03585,0.14179493,0.28117299,0,6,1,0.55,0.275,-0.077913617,35,1,6,1.6479272
dT40,1.38,46.38,18.242715,43.855937,306.3443,0.14315898,0.27897624,1,7,0.95,0.575,0.3,-0.077693115,37,0,7,1.662391
dT40,1.39,46.39,18.292815,43.839081,306.76288,0.14290869,0.28763636,0,7,1,0.55,0.3,-0.11401894,31,0,5,1.649743
dT40,1.4,46.4,18.241803,43.777764,304.80916,0.14362352,0.29616012,1,7,0.95,0.525,0.375,-0.11327161,28,0,6,1.6616059
dT40,1.41,46.41,18.197038,43.797779,301.33846,0.14534414,0.29242029,1,7,0.95,0.525,0.275,-0.12152682,31,0,6,1.6481443
dT40,1.42,46.42,18.266173,44.672772,305.20247,0.14637094,0.31288795,0,5,1,0.65,0.175,-0.095100624,33,1,6,1.6468369
dT40,1.43,46.43,18.211749,44.951001,304.91936,0.14741931,0.30362047,1,7,0.95,0.575,0.325,-0.086865202,34,0,4,1.6543885
dT40,1.44,46.44,18.167101,44.476174,305.00206,0.14582254,0.31210766,1,6,0.95,0.625,0.375,-0.078000746,30,0,7,1.642921
dT40,1.45,46.45,18.359849,44.106922,304.99757,0.14461401,0.32080476,0,7,1,0.5,0.35,-0.090344766,33,0,7,1.6381108
dT40,1.46,46.46,18.027904,43.64534,305.63251,0.14280333,0.3034428,0,7,1,0.55,0.375,-0.090721656,36,1,7,1.6415151
dT40,1.47,46.47,18.091922,44.533137,304.01122,0.14648518,0.29534811,0,8,1,0.5,0.35,-0.11663154,36,1,7,1.6467589
dT40,1.48,46.48,18.282533,45.123358,309.55321,0.14576931,0.28260147,1,6,0.95,0.575,0.3,-0.15608593,35,1,5,1.6304462
dT40,1.49,46.49,18.0734,43.306,304.66074,0.142145,0.27058502,1,7,0.95,0.525,0.325,-0.15108713,36,0,6,1.6572287
dT40,1.5,46.5,18.269059,42.899983,306.29756,0.14005983,0.26379378,0,7,1,0.55,0.25,-0.11796023,36,0,7,1.6557639
dT40,1.51,46.51,18.090162,42.461257,306.49017,0.13854036,0.25718135,0,7,1,0.55,0.325,-0.13280711,39,1,8,1.6534536
dT40,1.52,46.52,18.094328,41.661837,306.31126,0.13601145,0.26331223,0,8,1,0.5,0.3,-0.15783983,35,0,5,1.6679408
dT40,1.53,46.53,18.100537,42.190328,305.05799,0.13830265,0.27983125,1,7,0.95,0.625,0.35,-0.10771791,38,0,7,1.6470319
dT40,1.54,46.54,18.28395,42.591119,307.45661,0.13852725,0.27965055,0,7,1,0.6,0.275,-0.12898498,37,0,6,1.6664872
dT40,1.55,46.55,18.401086,42.915601,305.42656,0.14051038,0.27785303,0,7,1,0.55,0.375,-0.13955462,35,1,8,1.6410143
dT40,1.56,46.56,18.472294,42.067667,307.06691,0.13699837,0.29194634,0,5,1,0.6,0.325,-0.11063038,36,0,6,1.6571357
dT40,1.57,46.57,18.620235,43.079916,310.72685,0.1386424,0.30319647,0,6,1,0.65,0.375,-0.080369773,36,1,7,1.6602222
dT40,1.58,46.58,18.485434,41.879505,305.88479,0.13691267,0.28632663,0,7,1,0.6,0.35,-0.091466286,35,1,8,1.6546723
dT40,1.59,46.59,18.451936,43.175651,306.53038,0.14085276,0.29212287,0,8,1,0.6,0.35,-0.09864687,36,1,7,1.6454
dT40,1.6,46.6,18.377633,41.602502,306.85337,0.13557779,0.28937807,1,7,0.95,0.625,0.35,-0.087082679,37,0,5,1.6611604
dT40,1.61,46.61,18.259441,40.673877,305.16877,0.13328322,0.26765528,0,7,1,0.625,0.35,-0.044133658,34,0,5,1.6540722
dT40,1.62,46.62,18.474139,40.206229,304.34606,0.13210695,0.27411792,0,6,1,0.65,0.225,-0.060200759,36,0,6,1.6298214
dT40,1.63,46.63,18.631564,42.825587,308.26377,0.13892514,0.28695739,0,6,1,0.7,0.275,-0.053361615,39,0,5,1.6407591
dT40,1.64,46.64,18.49836,42.561559,308.72987,0.13786019,0.28793069,1,7,0.95,0.625,0.35,-0.038710866,39,0,5,1.6436931
dT40,1.65,46.65,18.688547,42.05297,309.55961,0.13584773,0.2745393,0,7,1,0.55,0.275,-0.059550736,35,0,6,1.6511649
dT40,1.66,46.66,18.525159,42.1363,310.31623,0.13578504,0.27285598,0,7,1,0.55,0.375,-0.067940269,36,0,7,1.6583704
dT40,1.67,46.67,18.470119,41.426801,309.1051,0.13402173,0.27549082,0,7,1,0.55,0.25,-0.031867798,39,1,8,1.6426014
dT40,1.68,46.68,18.593764,40.673578,307.68452,0.13219247,0.2699709,1,7,0.95,0.525,0.375,-0.045879643,38,1,7,1.6426507
dT40,1.69,46.69,18.469961,39.846864,309.44852,0.12876734,0.27494588,0,7,1,0.55,0.325,-0.060022742,38,2,10,1.6608846
dT40,1.7,46.7,18.533996,39.618299,305.91424,0.12950786,0.28208195,0,7,1,0.6,0.375,-0.038432924,42,0,6,1.6535929
dT40,1.71,46.71,18.392753,39.54343,305.08172,0.12961586,0.26443932,0,6,1,0.6,0.45,-0.058444852,40,2,7,1.6317982
dT40,1.72,46.72,18.039521,37.605476,304.88271,0.12334408,0.25081089,0,7,1,0.6,0.275,-0.07894564,38,1,8,1.6445601
dT40,1.73,46.73,17.936631,37.035034,307.12589,0.12058584,0.23291213,0,7,1,0.6,0.325,-0.044949567,38,2,9,1.6461081
dT40,1.74,46.74,18.220932,38.306914,306.77467,0.12486987,0.23121308,0,5,1,0.7,0.325,-0.039338336,39,1,7,1.6479593
dT40,1.75,46.75,18.39515,39.176863,309.59714,0.12654142,0.23448884,0,7,1,0.55,0.275,-0.057915948,41,0,7,1.6402381
dT40,1.76,46.76,18.41479,39.828834,303.31662,0.13131109,0.2431474,0,7,1,0.6,0.275,-0.041867969,38,1,7,1.6641928
dT40,1.77,46.77,18.419221,39.051798,305.91234,0.12765683,0.23902854,0,7,1,0.55,0.275,-0.070157719,37,0,5,1.6656371
dT40,1.78,46.78,18.745615,40.396635,303.88965,0.13293192,0.26379431,0,7,1,0.525,0.3,-0.086601461,39,1,9,1.6428859
dT40,1.79,46.79,18.653486,41.003705,306.39005,0.13382845,0.25613949,0,7,1,0.525,0.275,-0.097406804,36,2,9,1.6627837
dT40,1.8,46.8,18.793398,40.695699,307.23947,0.13245596,0.25719641,0,7,1,0.55,0.325,-0.092710753,39,2,6,1.6811268
dT40,1.81,46.81,18.394203,40.633713,306.2986,0.13266046,0.23916702,0,7,1,0.55,0.375,-0.092962213,43,2,8,1.6696955
dT40,1.82,46.82,18.495712,40.986506,305.42325,0.13419576,0.25207739,0,7,1,0.55,0.4,-0.090781941,39,1,8,1.695287
dT40,1.83,46.83,18.382114,39.299763,305.22154,0.12875816,0.24748959,0,6,1,0.6,0.35,-0.10536643,36,1,7,1.6563306
dT40,1.84,46.84,18.323725,39.73032,308.123,0.12894305,0.23855283,0,8,1,0.5,0.375,-0.076254765,40,1,7,1.6478368
dT40,1.85,46.85,18.195543,38.028767,306.44355,0.12409714,0.21954747,0,8,1,0.55,0.375,-0.074316397,39,2,10,1.6321128
dT40,1.86,46.86,18.248795,38.143083,305.78727,0.12473731,0.22626828,0,7,1,0.6,0.45,-0.050914404,38,2,8,1.6444786
dT40,1.87,46.87,18.004892,38.114344,306.67668,0.12428185,0.21917246,0,7,1,0.5,0.325,-0.062939529,36,0,5,1.6482807
dT40,1.88,46.88,18.184742,37.912357,308.87353,0.12274395,0.2267924,0,8,1,0.5,0.325,-0.075140389,37,1,6,1.6831693
dT40,1.89,46.89,17.976895,36.250469,307.06749,0.11805375,0.22268215,0,6,1,0.65,0.425,-0.054394862,40,2,8,1.6678767
dT40,1.9,46.9,17.852896,35.880142,305.11441,0.1175957,0.2067208,0,8,1,0.5,0.275,-0.067099793,38,2,8,1.67924
dT40,1.91,46.91,17.886284,35.111133,306.31451,0.11462445,0.20139812,0,9,1,0.45,0.325,-0.085853464,39,1,7,1.6373156
dT40,1.92,46.92,17.748347,34.755726,306.08334,0.11354988,0.19449409,0,9,1,0.45,0.4,-0.061048692,39,0,6,1.6459082
dT40,1.93,46.93,17.854229,36.081156,307.94551,0.11716734,0.20721154,0,8,1,0.55,0.325,-0.067956578,41,0,5,1.6592942
dT40,1.94,46.94,18.062843,36.594401,305.69001,0.11971082,0.22032841,0,8,1,0.55,0.35,-0.077756334,37,1,6,1.6344368
dT40,1.95,46.95,18.194704,38.498578,307.18466,0.12532715,0.23971188,0,8,1,0.5,0.375,-0.058341135,37,1,5,1.6453416
dT40,1.96,46.96,18.31088,38.53745,309.4843,0.1245215,0.23076702,0,9,1,0.45,0.375,-0.079341123,35,1,6,1.6529316
dT40,1.97,46.97,18.149425,37.762195,307.88665,0.12264967,0.22604076,0,9,1,0.4,0.325,-0.042968979,37,1,6,1.6609302
dT40,1.98,46.98,17.833855,35.942894,307.0579,0.11705575,0.21656774,0,9,1,0.425,0.3,-0.041470913,37,1,6,1.6656955
dT40,1.99,46.99,17.82996,36.017929,310.55745,0.11597831,0.21364086,0,8,1,0.425,0.375,-0.064926216,38,1,7,1.655557
dT40,2,47,18.012083,36.190439,310.62302,0.1165092,0.21590165,0,9,1,0.4,0.35,-0.095649083,37,1,6,1.636872
dT40,2.01,47.01,17.785703,35.433621,307.86442,0.11509489,0.20870897,0,7,1,0.55,0.375,-0.076324761,37,2,9,1.659226
dT40,2.02,47.02,17.692652,35.704731,306.5875,0.11645854,0.19634356,0,7,1,0.55,0.4,-0.057397249,37,0,6,1.6403762
dT40,2.03,47.03,17.446593,35.003655,307.26497,0.1139201,0.19876942,0,8,1,0.45,0.35,-0.051182295,37,0,7,1.6471874
dT40,2.04,47.04,17.55496,34.789077,309.82651,0.11228567,0.19797176,0,6,1,0.5,0.375,-0.068794858,38,0,7,1.6466139
dT40,2.05,47.05,17.55367,35.313271,310.40001,0.11376698,0.20025174,0,7,1,0.5,0.375,-0.051016959,38,0,6,1.6624223
dT40,2.06,47.06,17.500204,34.991688,309.27722,0.1131402,0.20595613,0,8,1,0.45,0.35,-0.046025239,37,0,7,1.6420348
dT40,2.07,47.07,17.443129,34.550503,307.95054,0.11219498,0.19034114,0,7,1,0.55,0.325,-0.072280147,37,1,5,1.6275906
dT40,2.08,47.08,17.70359,35.182986,309.07116,0.11383458,0.2173977,0,9,1,0.45,0.375,-0.041139195,35,1,7,1.6299466
dT40,2.09,47.09,17.64421,35.711258,313.17566,0.11402948,0.2259628,0,9,1,0.45,0.325,-0.058236175,39,1,6,1.6402487
dT40,2.1,47.1,17.587158,36.624442,306.51536,0.11948648,0.23275503,0,7,1,0.5,0.3,-0.080224718,37,0,7,1.6296848
dT40,2.11,47.11,17.650433,36.833522,309.17451,0.11913506,0.22536232,0,8,1,0.45,0.375,-0.058309242,37,0,8,1.6842347
dT40,2.12,47.12,17.673144,37.271268,309.99599,0.12023145,0.23204745,0,7,1,0.5,0.3,-0.070850376,36,0,7,1.6538202
dT40,2.13,47.13,17.732723,37.510324,310.59173,0.12077052,0.23340151,0,6,1,0.5,0.275,-0.087656902,38,0,9,1.6363652
dT40,2.14,47.14,17.711133,37.065905,305.83418,0.12119609,0.23677555,0,6,1,0.5,0.35,-0.068442805,38,0,9,1.6537227
dT40,2.15,47.15,17.5452,37.838643,309.94062,0.12208352,0.23645443,0,6,1,0.45,0.35,-0.098731521,39,0,7,1.6517689
dT40,2.16,47.16,17.440199,37.662437,305.11343,0.12343749,0.23217276,0,6,1,0.5,0.4,-0.080767817,39,1,8,1.6552748
dT40,2.17,47.17,17.576039,37.666821,306.97826,0.12270192,0.23004462,0,5,1,0.55,0.525,-0.080898945,34,1,8,1.6439584
dT40,2.18,47.18,17.771842,38.450895,306.76748,0.12534215,0.24478748,0,5,1,0.55,0.475,-0.084507502,34,0,7,1.660539
dT40,2.19,47.19,17.386045,36.52995,308.92357,0.11824915,0.20357212,0,5,1,0.55,0.425,-0.076915577,33,0,6,1.6644483
dT40,2.2,47.2,17.501913,37.003289,311.63467,0.11873932,0.2253753,0,5,1,0.55,0.425,-0.068165834,34,0,6,1.6489475
dT40,2.21,47.21,17.612513,37.154421,307.05378,0.12100298,0.2256939,0,6,1,0.55,0.475,-0.078488916,35,0,7,1.645221
dT40,2.22,47.22,17.510137,37.619819,309.0191,0.12173946,0.21221035,0,6,1,0.55,0.5,-0.066730775,36,0,7,1.6365462
dT40,2.23,47.23,17.620927,38.017565,307.26044,0.12373075,0.22409702,0,6,1,0.5,0.425,-0.069698155,37,0,8,1.6590011
dT40,2.24,47.24,17.798912,38.967643,309.009,0.1261052,0.23859545,0,6,1,0.55,0.325,-0.073673727,37,0,6,1.6657257
dT40,2.25,47.25,17.81351,39.350642,310.21814,0.12684829,0.24741305,0,7,1,0.45,0.4,-0.066158148,36,0,8,1.670205
dT40,2.26,47.26,17.799855,40.909252,308.5132,0.1326013,0.24308362,0,7,1,0.425,0.4,-0.065738233,38,0,7,1.6606579
dT40,2.27,47.27,17.874029,40.056653,310.56028,0.1289819,0.24123184,0,6,1,0.55,0.425,-0.085052324,38,0,7,1.6682276
dT40,2.28,47.28,17.802526,41.292133,308.46961,0.13386127,0.25063939,0,6,1,0.5,0.35,-0.062510089,41,0,6,1.6448079
dT40,2.29,47.29,17.938857,40.344095,307.07924,0.13138008,0.2462115,0,6,1,0.5,0.375,-0.050693358,37,0,7,1.6432767
dT40,2.3,47.3,17.709883,39.807021,307.38129,0.12950372,0.23605105,0,7,1,0.45,0.275,-0.058204118,40,0,4,1.6471127
dT40,2.31,47.31,17.637535,40.70315,306.5486,0.13277878,0.23478543,0,7,1,0.45,0.275,-0.062032465,39,0,4,1.6484679
dT40,2.32,47.32,17.366268,40.214149,307.48639,0.13078351,0.20330603,0,5,1,0.55,0.275,-0.073568527,39,0,4,1.6550169
dT40,2.33,47.33,17.263416,37.73788,306.51519,0.12311912,0.19835295,0,6,1,0.45,0.375,-0.044725875,40,0,4,1.6558258
dT40,2.34,47.34,17.221293,36.884552,308.23106,0.11966526,0.2046173,0,7,1,0.4,0.35,-0.06629391,37,0,4,1.6309729
dT40,2.35,47.35,17.099275,36.752811,306.69596,0.11983468,0.19644963,0,7,1,0.4,0.4,-0.06294095,37,0,4,1.6486723
dT40,2.36,47.36,17.207131,37.711431,307.84837,0.12250002,0.1971915,0,7,1,0.45,0.375,-0.041596571,34,0,6,1.6496808
dT40,2.37,47.37,17.223134,37.947014,313.11087,0.12119354,0.20765885,0,7,1,0.4,0.35,-0.034892424,35,0,5,1.6506078
dT40,2.38,47.38,17.193607,38.181247,308.59539,0.12372592,0.22001258,0,7,1,0.4,0.375,-0.04522758,36,0,6,1.6443357
dT40,2.39,47.39,17.374856,39.915296,308.12691,0.12954174,0.24054408,0,7,1,0.4,0.275,-0.094617594,38,0,6,1.6355945
dT40,2.4,47.4,17.237728,38.178846,304.84611,0.12523973,0.22439229,0,7,1,0.5,0.375,-0.084848432,35,0,5,1.6465907
dT40,2.41,47.41,17.138288,36.980026,307.82867,0.12013185,0.2157203,0,7,1,0.4,0.275,-0.062154464,37,0,6,1.6440782
dT40,2.42,47.42,17.076478,37.462635,305.82574,0.12249667,0.21280445,0,6,1,0.5,0.35,-0.05759435,39,0,5,1.642952
dT40,2.43,47.43,17.160914,37.951947,307.7093,0.12333702,0.22621781,0,7,1,0.4,0.325,-0.11226765,39,0,5,1.6486506
dT40,2.44,47.44,17.084836,38.145753,306.35849,0.12451345,0.23326767,0,6,1,0.5,0.3,-0.10623241,39,1,5,1.6548216
dT40,2.45,47.45,16.854154,37.22427,308.18234,0.12078651,0.20371715,0,6,1,0.45,0.35,-0.097786001,37,1,7,1.6423774
dT40,2.46,47.46,16.952711,36.74747,308.04654,0.11929194,0.20259193,0,5,1,0.55,0.3,-0.080780359,42,2,4,1.6839741
dT40,2.47,47.47,16.811446,36.82311,307.12195,0.11989736,0.21527736,0,6,1,0.5,0.25,-0.086542315,39,1,7,1.6342538
dT40,2.48,47.48,16.747572,36.843053,304.51578,0.12098898,0.21121469,0,7,1,0.4,0.325,-0.070280662,40,1,7,1.6525478
dT40,2.49,47.49,16.811149,36.500245,310.1054,0.11770271,0.22251673,0,7,1,0.45,0.3,-0.077115773,39,1,4,1.6672028
dT40,2.5,47.5,16.8035,37.826598,305.44422,0.12384127,0.22653188,0,7,1,0.45,0.275,-0.087622894,43,1,7,1.6603462
dT40,2.51,47.51,16.847053,37.065592,305.23336,0.12143362,0.25605497,0,6,1,0.55,0.35,-0.089080419,39,2,7,1.6458891
dT40,2.52,47.52,17.055681,36.740757,306.66379,0.11980794,0.25591032,0,8,1,0.475,0.3,-0.060651689,40,0,7,1.6508917
dT40,2.53,47.53,17.045144,37.326533,311.29047,0.11990901,0.25861427,0,7,1,0.5,0.3,-0.062615756,40,0,4,1.664008
dT40,2.54,47.54,17.079492,38.06254,310.06405,0.12275703,0.26633779,0,6,1,0.6,0.275,-0.081140012,38,1,7,1.6485959
dT40,2.55,47.55,17.128366,38.119545,310.93775,0.12259542,0.26449164,0,6,1,0.55,0.25,-0.065099627,37,0,6,1.6528807
dT40,2.56,47.56,17.03639,37.71625,308.92624,0.1220882,0.24987338,0,7,1,0.5,0.225,-0.064532392,36,0,5,1.6505125
dT40,2.57,47.57,17.081617,37.699999,311.63646,0.12097429,0.23381611,0,6,1,0.55,0.275,-0.040366304,36,0,6,1.6493098
dT40,2.58,47.58,17.149,38.285435,309.59349,0.12366357,0.23767772,0,5,1,0.6,0.2,-0.075345025,40,0,8,1.6416165
dT40,2.59,47.59,17.22352,38.103418,309.52171,0.12310418,0.23896188,0,7,1,0.55,0.225,-0.052248114,39,0,6,1.621092
dT40,2.6,47.6,17.209553,37.705989,307.09735,0.12278188,0.24384771,0,4,1,0.7,0.3,-0.068702888,40,0,6,1.6710677
dT40,2.61,47.61,17.21011,39.135027,310.19737,0.1261617,0.25968135,0,6,1,0.6,0.2,-0.055667464,39,0,7,1.634177
dT40,2.62,47.62,17.358448,39.230929,309.53683,0.12674075,0.27458532,0,5,1,0.65,0.275,-0.044480499,39,1,9,1.6515379
dT40,2.63,47.63,17.583827,40.650162,309.59735,0.1313001,0.28423008,0,7,1,0.55,0.275,-0.062141367,39,0,8,1.6591442
dT40,2.64,47.64,17.452435,39.762639,310.39772,0.12810222,0.26889522,0,5,1,0.65,0.25,-0.032425372,39,1,9,1.6425678
dT40,2.65,47.65,17.179598,37.974739,310.78898,0.12218818,0.25047882,0,6,1,0.6,0.2,-0.037259698,39,1,8,1.6386973
dT40,2.66,47.66,17.148913,36.393802,311.65764,0.11677494,0.23992091,0,6,1,0.6,0.25,-0.01231008,38,0,7,1.6451088
dT40,2.67,47.67,17.356842,36.62525,308.9536,0.11854612,0.24212005,0,5,1,0.65,0.275,-0.021352936,39,1,8,1.649441
dT40,2.68,47.68,17.190553,35.686621,307.23927,0.11615254,0.24867251,1,5,0.95,0.6,0.2,-0.047902874,38,2,8,1.6660794
dT40,2.69,47.69,17.088753,34.703547,307.43823,0.11287974,0.22994236,1,6,0.95,0.55,0.275,-0.058982471,39,0,6,1.6571583
dT40,2.7,47.7,17.2323,35.933119,308.13096,0.11661639,0.23884036,0,5,1,0.65,0.2,-0.06527513,39,1,10,1.6291418
dT40,2.71,47.71,17.05902,36.966871,306.02483,0.12079696,0.22487736,0,6,1,0.6,0.275,-0.082349883,38,0,9,1.6341253
dT40,2.72,47.72,17.310449,36.018721,307.83961,0.11700483,0.23115354,0,7,1,0.55,0.175,-0.096934379,38,0,6,1.647176
dT40,2.73,47.73,17.190008,35.81724,308.89686,0.1159521,0.23592361,0,7,1,0.55,0.25,-0.080246122,40,0,6,1.6869134
dT40,2.74,47.74,17.248818,35.581949,305.95546,0.1162978,0.24497526,0,8,1,0.5,0.275,-0.069175457,38,0,6,1.6400458
dT40,2.75,47.75,17.322864,36.97437,303.92958,0.1216544,0.26626545,0,7,1,0.5,0.225,-0.064296003,39,0,3,1.6501652
dT40,2.76,47.76,17.18018,37.602012,307.28329,0.12236921,0.258713,0,9,1,0.425,0.2,-0.081920427,37,1,7,1.6249344
dT40,2.77,47.77,17.334352,38.522274,303.46568,0.12694112,0.27661248,0,7,1,0.55,0.25,-0.073945789,40,0,7,1.6825741
dT40,2.78,47.78,17.538099,38.737152,308.74053,0.12546831,0.27740123,0,7,1,0.55,0.225,-0.07739259,38,1,5,1.6491291
dT40,2.79,47.79,17.441749,38.869637,308.85162,0.12585214,0.28477268,0,8,1,0.5,0.2,-0.11151791,39,3,10,1.6344874
dT40,2.8,47.8,17.372118,38.388465,307.66727,0.12477267,0.27216978,1,8,0.95,0.475,0.175,-0.087744953,41,3,9,1.6605559
dT40,2.81,47.81,17.417105,39.327977,305.48045,0.12874139,0.29286589,1,7,0.95,0.45,0.225,-0.099700432,37,2,5,1.6446815
dT40,2.82,47.82,17.344897,38.534243,306.78263,0.12560764,0.29553001,0,8,1,0.5,0.2,-0.10097342,40,2,9,1.6402902
dT40,2.83,47.83,17.24683,38.667496,310.24615,0.1246349,0.29565846,0,7,1,0.55,0.25,-0.095544541,40,2,7,1.6278195
dT40,2.84,47.84,16.95985,38.069822,308.2197,0.12351521,0.2758064,0,8,1,0.5,0.25,-0.10442765,39,1,8,1.6436649
dT40,2.85,47.85,17.015719,36.888631,305.35348,0.12080632,0.26326246,2,7,0.9,0.525,0.25,-0.12822846,36,1,7,1.6355838
dT40,2.86,47.86,16.972774,36.486841,306.92817,0.11887746,0.2537213,1,7,0.95,0.475,0.3,-0.080752203,40,3,10,1.6617409
dT40,2.87,47.87,16.765141,36.409348,308.84829,0.11788749,0.24527073,0,6,1,0.6,0.325,-0.07909266,39,1,8,1.6322643
dT40,2.88,47.88,16.800725,36.182394,306.23364,0.1181529,0.24488106,0,7,1,0.55,0.35,-0.069308982,37,1,5,1.66978
dT40,2.89,47.89,16.696559,35.38745,309.96822,0.11416477,0.21998449,0,7,1,0.5,0.325,-0.048491612,34,1,8,1.6682941
dT40,2.9,47.9,16.894247,36.008348,307.73733,0.11701001,0.22813761,0,7,1,0.5,0.375,-0.076442378,34,0,7,1.6407929
dT40,2.91,47.91,16.938905,34.769778,308.53949,0.1126915,0.22778946,1,7,0.95,0.575,0.175,-0.067906148,35,1,6,1.6499207
dT40,2.92,47.92,16.950856,34.59308,309.07989,0.11192278,0.22231829,0,7,1,0.55,0.35,-0.071217849,34,2,8,1.6600145
dT40,2.93,47.93,16.861054,33.889739,307.15416,0.11033463,0.20865249,0,7,1,0.5,0.3,-0.034524632,33,1,7,1.6536424
dT40,2.94,47.94,16.880474,33.345598,308.16597,0.10820662,0.205903,0,7,1,0.45,0.3,-0.032727722,35,1,7,1.6401041
dT40,2.95,47.95,16.729784,33.789134,310.32116,0.1088844,0.20045699,1,7,0.95,0.425,0.225,-0.061610365,33,1,5,1.6660546
dT40,2.96,47.96,16.548872,32.948451,310.09305,0.10625343,0.20007081,1,6,0.95,0.475,0.3,-0.067338421,35,1,5,1.6616491
dT40,2.97,47.97,16.308746,31.873929,307.95778,0.10350097,0.18984092,1,7,0.95,0.425,0.2,-0.057610056,39,1,5,1.6463839
dT40,2.98,47.98,16.387981,32.70678,306.23367,0.10680334,0.20165167,1,7,0.95,0.425,0.325,-0.075458248,38,1,7,1.6529677
dT40,2.99,47.99,16.38431,32.118376,303.4724,0.10583623,0.20960122,1,6,0.95,0.575,0.3,-0.048532043,38,1,8,1.6453861
dT40,3,48,16.197186,31.62563,305.9315,0.10337487,0.18869958,1,7,0.95,0.425,0.325,-0.031917146,39,1,9,1.6716097
dT40,3.01,48.01,16.185143,30.992756,308.90786,0.1003301,0.18717983,1,7,0.95,0.425,0.225,-0.034302496,38,1,7,1.6506732
dT40,3.02,48.02,16.230036,31.957974,307.85342,0.10380906,0.20103169,1,8,0.95,0.375,0.35,-0.073384402,38,1,9,1.6334783
dT40,3.03,48.03,16.053999,30.850066,309.86114,0.09956094,0.19821104,1,7,0.95,0.475,0.325,-0.037118774,41,1,8,1.6636637
dT40,3.04,48.04,16.190464,31.705827,307.19391,0.10321112,0.20766239,0,7,1,0.5,0.35,-0.036886097,41,1,7,1.6503031
dT40,3.05,48.05,16.206156,32.204484,308.21375,0.1044875,0.21507514,1,7,0.95,0.475,0.3,-0.012943792,36,0,8,1.6494091
dT40,3.06,48.06,16.367696,32.26425,309.84656,0.10412977,0.2152729,1,7,0.95,0.425,0.325,-0.018766979,37,0,7,1.6768586
dT40,3.07,48.07,16.351713,32.703578,307.34247,0.10640761,0.20568423,0,7,1,0.5,0.4,-0.024602035,37,1,8,1.6453981
dT40,3.08,48.08,16.276811,33.114696,307.61256,0.10765066,0.20578023,1,8,0.95,0.425,0.325,-0.025156166,38,0,6,1.6482064
dT40,3.09,48.09,16.331243,34.038732,305.68894,0.11135088,0.21948045,1,7,0.95,0.425,0.3,-0.026818535,40,1,8,1.6373128
dT40,3.1,48.1,16.23291,33.309558,308.46037,0.10798651,0.21359274,1,7,0.95,0.475,0.275,-0.051417974,41,1,9,1.6493782
dT40,3.11,48.11,16.321241,34.249381,306.13077,0.11187827,0.22344944,1,8,0.95,0.475,0.4,-0.039581834,40,1,7,1.6401956
dT40,3.12,48.12,16.32429,34.288265,306.12102,0.11200886,0.227263,0,8,1,0.5,0.25,-0.052877421,43,1,9,1.6371458
dT40,3.13,48.13,16.201885,34.202162,303.41591,0.11272369,0.23706796,0,7,1,0.5,0.225,-0.067717168,40,1,8,1.6495153
dT40,3.14,48.14,16.301069,34.627638,302.30357,0.11454591,0.24491642,1,7,0.95,0.525,0.325,-0.053661814,39,1,7,1.643325
dT40,3.15,48.15,16.390798,34.564581,304.74762,0.11342035,0.24260426,1,6,0.95,0.575,0.275,-0.054376814,40,1,9,1.6365402
dT40,3.16,48.16,16.267286,33.919769,306.24856,0.11075895,0.23184544,0,6,1,0.6,0.225,-0.060979638,40,1,7,1.6348452
dT40,3.17,48.17,16.271371,33.913356,304.53577,0.11136083,0.24057054,1,8,0.95,0.475,0.325,-0.054593795,41,1,9,1.6459587
dT40,3.18,48.18,16.440906,34.120848,304.5317,0.11204367,0.24399746,1,7,0.95,0.525,0.225,-0.050871716,41,1,8,1.6375733
dT40,3.19,48.19,16.296229,34.934418,305.10619,0.11449921,0.23391855,0,7,1,0.5,0.15,-0.091433758,44,1,9,1.6800693
dT40,3.2,48.2,16.132564,33.811937,306.04077,0.11048181,0.23763141,0,6,1,0.6,0.225,-0.047976505,44,0,8,1.6417423
dT40,3.21,48.21,16.113423,33.091619,304.2068,0.10878001,0.22947711,0,5,1,0.55,0.25,-0.044065395,38,0,8,1.6697009
dT40,3.22,48.22,15.988113,32.185574,307.59154,0.10463738,0.21927369,0,7,1,0.5,0.15,-0.055581752,39,1,7,1.6681134
dT40,3.23,48.23,16.121083,31.449129,305.10531,0.10307631,0.2219874,1,8,0.95,0.425,0.275,-0.069273169,43,0,5,1.6602003
dT40,3.24,48.24,16.111587,32.653162,306.20723,0.10663746,0.23113608,0,6,1,0.55,0.275,-0.06536885,39,1,9,1.6390829
dT40,3.25,48.25,16.266609,33.39104,305.52721,0.10928991,0.24778489,1,6,0.95,0.575,0.125,-0.092335164,40,1,9,1.6637644
dT40,3.26,48.26,16.365855,33.097952,305.21134,0.10844273,0.24381758,1,6,0.95,0.575,0.275,-0.083223107,40,1,9,1.650421
dT40,3.27,48.27,16.281339,33.398177,305.39819,0.10935945,0.23466298,0,6,1,0.5,0.325,-0.059850107,42,1,7,1.6453507
dT40,3.28,48.28,16.406771,33.763636,307.35349,0.10985278,0.2490925,0,8,1,0.45,0.275,-0.066979591,40,1,7,1.6376447
dT40,3.29,48.29,16.539796,33.666347,309.78674,0.10867588,0.24677853,0,5,1,0.6,0.3,-0.070764484,41,1,7,1.6590996
dT40,3.3,48.3,16.222843,32.773803,306.59159,0.10689727,0.21955221,0,7,1,0.55,0.3,-0.062562437,41,0,7,1.638459
dT40,3.31,48.31,16.376811,34.399159,307.05655,0.11202874,0.24503193,1,8,0.95,0.475,0.3,-0.068683338,44,1,8,1.655651
dT40,3.32,48.32,16.388796,34.470279,303.46722,0.11358815,0.24410475,0,7,1,0.55,0.275,-0.063347345,42,1,7,1.6488445
dT40,3.33,48.33,16.2581,33.660354,309.53365,0.10874538,0.21681721,0,8,1,0.5,0.275,-0.035270428,40,1,9,1.660912
dT40,3.34,48.34,16.110221,32.443277,308.4974,0.10516548,0.21509415,0,6,1,0.55,0.175,-0.050770394,42,1,9,1.660548
dT40,3.35,48.35,16.170994,33.434752,309.88339,0.10789462,0.22168711,1,6,0.95,0.575,0.35,-0.055825366,37,1,8,1.6447261
dT40,3.36,48.36,16.183217,32.601428,306.87946,0.10623529,0.22124309,1,7,0.95,0.475,0.375,-0.043558064,39,0,8,1.6884888
dT40,3.37,48.37,16.316569,33.88912,307.45925,0.11022313,0.23627681,0,8,1,0.45,0.2,-0.074844724,40,1,8,1.6350859
dT40,3.38,48.38,16.149554,34.055416,305.86321,0.11134198,0.23223987,0,7,1,0.5,0.325,-0.070961316,40,2,9,1.6336439
dT40,3.39,48.39,16.017285,32.77645,310.13414,0.10568475,0.21934475,0,7,1,0.5,0.225,-0.055984644,42,0,6,1.6473586
dT40,3.4,48.4,16.166292,34.297734,307.47671,0.1115458,0.22468038,1,8,0.95,0.475,0.35,-0.065086836,40,1,6,1.643901
dT40,3.41,48.41,16.166638,33.423825,308.5458,0.10832695,0.2215879,0,7,1,0.5,0.3,-0.042117568,42,1,8,1.6492744
dT40,3.42,48.42,16.299998,33.613794,305.77693,0.10992913,0.22143538,0,7,1,0.5,0.35,-0.054953017,40,0,8,1.6577702
dT40,3.43,48.43,16.341192,33.163508,309.90829,0.10701072,0.23175673,0,8,1,0.45,0.325,-0.045708589,42,1,8,1.6462013
dT40,3.44,48.44,16.172004,33.353265,307.09436,0.10860918,0.23212416,0,7,1,0.55,0.275,-0.069597426,41,1,9,1.6398286
dT40,3.45,48.45,16.339091,32.489418,308.41518,0.10534312,0.24385444,1,7,0.95,0.425,0.225,-0.050337885,40,1,9,1.6562005
dT40,3.46,48.46,16.20626,32.115344,308.82042,0.10399359,0.23676435,0,8,1,0.4,0.25,-0.055376795,41,0,8,1.6334799
dT40,3.47,48.47,16.149948,31.621086,307.55454,0.10281456,0.22472667,1,7,0.95,0.425,0.3,-0.054826395,42,0,7,1.6602387
dT40,3.48,48.48,16.18674,31.307616,308.7896,0.10138818,0.22899106,0,10,1,0.375,0.275,-0.064276859,41,1,7,1.6611654
dT40,3.49,48.49,16.053117,30.699831,310.75846,0.098790009,0.23186163,0,9,1,0.375,0.325,-0.055910595,42,1,9,1.6458233
dT40,3.5,48.5,16.258272,32.873817,310.08161,0.10601666,0.24164083,0,9,1,0.375,0.3,-0.067292327,40,2,8,1.6544173
dT40,3.51,48.51,16.288842,33.3527,309.73143,0.10768265,0.25442786,0,8,1,0.45,0.275,-0.079516027,39,1,5,1.6614784
dT40,3.52,48.52,16.31279,34.168268,309.23965,0.11049123,0.2442819,0,9,1,0.425,0.25,-0.042138778,41,2,8,1.6510897
dT40,3.53,48.53,16.273413,33.169023,311.85498,0.10636041,0.23812688,0,9,1,0.425,0.375,-0.043579626,42,1,7,1.6581075
dT40,3.54,48.54,16.08171,33.151395,309.84812,0.1069924,0.2158109,0,9,1,0.425,0.25,-0.054929916,41,2,10,1.6508988
dT40,3.55,48.55,16.092038,32.722632,313.73999,0.10429857,0.20335717,0,10,1,0.375,0.225,-0.029462932,42,2,8,1.6591798
dT40,3.56,48.56,16.18578,33.455499,312.65248,0.10700538,0.20435182,0,9,1,0.475,0.3,-0.03676202,35,0,6,1.648833
dT40,3.57,48.57,16.02387,32.350668,313.69961,0.10312626,0.20922864,1,8,0.95,0.45,0.275,-0.048304013,38,0,7,1.6429998
dT40,3.58,48.58,15.813919,30.989517,310.6866,0.099745264,0.20184638,0,8,1,0.525,0.3,-0.031999957,42,1,6,1.6458302
dT40,3.59,48.59,15.597584,29.665906,312.41839,0.094955698,0.18803522,0,8,1,0.475,0.25,-0.033013838,38,0,6,1.6837503
dT40,3.6,48.6,15.756917,31.144229,314.31635,0.099085615,0.19697587,0,8,1,0.475,0.3,-0.036130652,40,0,6,1.6513343
dT40,3.61,48.61,15.798286,31.00706,312.70696,0.099156924,0.18679231,0,8,1,0.475,0.3,-0.059140438,39,1,8,1.6363061
dT40,3.62,48.62,15.830317,31.845495,311.79157,0.10213712,0.1936151,0,7,1,0.525,0.175,-0.068419626,40,2,7,1.6586289
dT40,3.63,48.63,15.895892,30.495622,313.81431,0.097177283,0.1947983,0,9,1,0.425,0.225,-0.051096496,44,1,9,1.6502895
dT40,3.64,48.64,15.968494,31.927006,311.40726,0.10252492,0.20535671,0,9,1,0.425,0.325,-0.051157003,45,2,9,1.6422593
dT40,3.65,48.65,15.844476,30.705186,311.4177,0.098598076,0.18741764,0,8,1,0.45,0.2,-0.052216428,41,1,9,1.6610426
dT40,3.66,48.66,15.955252,31.904477,313.48251,0.10177434,0.20105505,0,8,1,0.425,0.275,-0.038237449,39,0,8,1.6834853
dT40,3.67,48.67,15.897349,31.532448,314.0761,0.10039748,0.2008575,0,7,1,0.5,0.3,-0.041533747,42,1,6,1.6563043
dT40,3.68,48.68,15.938331,32.731943,310.16556,0.10553055,0.20127481,0,8,1,0.475,0.35,-0.052553102,42,2,10,1.6585635
dT40,3.69,48.69,15.903263,33.116642,311.21848,0.10640962,0.20158566,0,9,1,0.375,0.325,-0.046679475,43,1,9,1.6522245
dT40,3.7,48.7,16.003137,33.300297,309.58008,0.10756602,0.20052948,0,9,1,0.375,0.325,-0.060278949,43,2,7,1.6515769
dT40,3.71,48.71,15.930561,32.919177,307.03123,0.10721768,0.2059738,0,8,1,0.475,0.3,-0.068572189,43,1,8,1.6292281
dT40,3.72,48.72,16.126907,34.171567,310.02141,0.11022325,0.21661852,0,9,1,0.425,0.275,-0.080900855,43,2,8,1.65728
dT40,3.73,48.73,16.265799,33.630269,310.815,0.10820028,0.21419539,0,9,1,0.425,0.35,-0.058490737,43,0,6,1.6654941
dT40,3.74,48.74,15.901833,32.598387,310.4922,0.10498939,0.19967045,0,9,1,0.425,0.325,-0.033503555,42,1,8,1.6443414
dT40,3.75,48.75,16.030592,33.755958,312.18901,0.10812667,0.21320452,0,7,1,0.5,0.2,-0.050730418,44,1,9,1.6564663
dT40,3.76,48.76,16.041361,33.720565,312.22087,0.10800228,0.20030385,0,9,1,0.425,0.325,-0.052294675,42,1,7,1.6466712
dT40,3.77,48.77,15.967515,32.096698,312.58767,0.10268063,0.20085673,0,9,1,0.375,0.4,-0.023645775,43,1,9,1.6497217
dT40,3.78,48.78,15.897042,32.451454,314.17936,0.10328958,0.20446503,0,8,1,0.475,0.25,-0.058675004,44,1,9,1.6585981
dT40,3.79,48.79,15.993916,34.041905,311.65342,0.10923,0.21599047,0,8,1,0.475,0.35,-0.059972572,42,0,5,1.6565075
dT40,3.8,48.8,16.043385,34.66252,312.29923,0.11099137,0.21458429,0,9,1,0.375,0.375,-0.053226031,44,0,6,1.6335788
dT40,3.81,48.81,15.930287,33.565018,313.78604,0.10696785,0.20645005,0,8,1,0.525,0.325,-0.032237598,44,0,6,1.6898751
dT40,3.82,48.82,15.773354,32.885456,309.85576,0.1061315,0.2036723,0,9,1,0.375,0.375,-0.03353619,43,1,8,1.646773
dT40,3.83,48.83,15.812893,33.119028,311.42077,0.10634817,0.19647882,0,7,1,0.5,0.325,-0.048197499,45,1,8,1.6547942
dT40,3.84,48.84,15.588668,32.381617,313.11361,0.10341811,0.18894082,0,9,1,0.35,0.375,-0.046104623,46,1,8,1.6466666
dT40,3.85,48.85,15.701054,33.263622,310.65997,0.10707405,0.18843204,0,9,1,0.275,0.25,-0.040485691,44,1,9,1.6660072
dT40,3.86,48.86,15.684014,33.604199,315.18615,0.10661699,0.19323599,0,8,1,0.325,0.3,-0.06117048,47,2,10,1.6472323
dT40,3.87,48.87,15.688843,33.558498,315.38494,0.10640488,0.18879336,0,8,1,0.425,0.25,-0.053572928,45,1,10,1.6795045
dT40,3.88,48.88,15.709563,33.951089,316.55738,0.10725098,0.17586911,0,7,1,0.35,0.275,-0.049974335,44,1,10,1.6659487
dT40,3.89,48.89,15.635303,33.470904,310.8972,0.10765907,0.17975568,0,8,1,0.375,0.3,-0.031288096,46,1,9,1.643067
dT40,3.9,48.9,15.673844,33.205092,309.85594,0.107163,0.18172411,0,8,1,0.375,0.325,-0.050432631,42,1,7,1.6482783
dT40,3.91,48.91,15.634809,31.642734,312.39137,0.10129196,0.17995045,0,9,1,0.325,0.325,-0.05414527,44,1,7,1.6536715
dT40,3.92,48.92,15.560325,30.622672,313.03069,0.097826422,0.17170639,0,9,1,0.325,0.3,-0.065716883,44,2,8,1.6620047
dT40,3.93,48.93,15.499241,31.105347,316.22761,0.098363793,0.17750535,0,8,1,0.425,0.275,-0.056137068,42,1,9,1.6507906
dT40,3.94,48.94,15.611058,30.397181,315.62809,0.096306956,0.16841914,0,9,1,0.325,0.325,-0.046916985,46,0,8,1.6377639
dT40,3.95,48.95,15.431005,30.652806,314.86105,0.097353437,0.16108288,0,8,1,0.475,0.3,-0.046242645,44,1,10,1.6573383
dT40,3.96,48.96,15.431821,30.306058,313.41418,0.096696511,0.15973701,0,7,1,0.4,0.225,-0.047853374,47,1,8,1.6470154
dT40,3.97,48.97,15.460493,30.261736,315.23575,0.095997157,0.16610128,0,7,1,0.425,0.25,-0.037145762,48,0,8,1.6310134
dT40,3.98,48.98,15.348881,31.098979,316.49142,0.09826168,0.15714285,0,8,1,0.425,0.25,-0.048175155,45,0,6,1.673091
dT40,3.99,48.99,15.327672,30.128383,311.01252,0.096871931,0.15744519,0,8,1,0.375,0.25,-0.021654997,43,1,7,1.6543581
dT40,4,49,15.37344,30.936718,314.371,0.098408307,0.16758882,0,8,1,0.425,0.225,-0.06327513,44,0,7,1.6539799
dT40,4.01,49.01,15.382127,30.218167,313.87676,0.096273989,0.16777304,0,8,1,0.375,0.275,-0.065274214,48,1,9,1.6521949
dT40,4.02,49.02,15.405508,29.6029,310.07173,0.095471138,0.16321989,0,8,1,0.375,0.275,-0.057241835,47,1,9,1.6472421
dT40,4.03,49.03,15.340552,29.548966,315.35769,0.093699842,0.16496096,0,8,1,0.375,0.275,-0.062714474,47,1,10,1.6748978
dT40,4.04,49.04,15.477954,30.496771,311.88176,0.097783119,0.16672279,0,9,1,0.4,0.275,-0.062651016,49,1,7,1.6551656
dT40,4.05,49.05,15.343212,28.39259,315.7779,0.089913164,0.1568139,0,10,1,0.35,0.275,-0.064842949,47,2,11,1.6734228
dT40,4.06,49.06,15.396178,29.033477,314.81695,0.09222336,0.16115814,0,10,1,0.35,0.25,-0.062550553,50,1,8,1.6510438
dT40,4.07,49.07,15.388934,29.464576,311.85815,0.094480699,0.16842258,0,9,1,0.4,0.275,-0.064085899,46,3,11,1.6431788
dT40,4.08,49.08,15.400519,29.749394,312.76442,0.095117579,0.16577259,0,9,1,0.4,0.25,-0.049027969,47,2,9,1.6494843
dT40,4.09,49.09,15.290356,29.71674,316.5935,0.093864023,0.16602759,0,9,1,0.375,0.25,-0.054481849,50,1,9,1.6721498
dT40,4.1,49.1,15.219435,28.301696,314.98529,0.089850849,0.15741513,0,10,1,0.325,0.325,-0.01254838,46,0,8,1.6520485
dT40,4.11,49.11,15.162142,26.850536,315.90479,0.084995657,0.14510095,0,10,1,0.375,0.25,-0.031120477,45,0,6,1.6617389
dT40,4.12,49.12,15.182471,27.353599,317.26675,0.086216406,0.14887175,0,11,1,0.325,0.275,-0.018678494,47,0,8,1.6560361
dT40,4.13,49.13,15.108886,27.843428,315.32512,0.088300698,0.14110425,0,9,1,0.4,0.325,-0.034404185,48,1,7,1.6455061
dT40,4.14,49.14,15.31681,28.005665,313.22898,0.089409559,0.14902703,0,10,1,0.375,0.375,-0.02807635,42,1,10,1.6629937
dT40,4.15,49.15,15.417982,29.157566,313.26552,0.093076206,0.17011424,0,10,1,0.35,0.25,-0.0402927,46,0,7,1.6304524
dT40,4.16,49.16,15.276236,28.11609,314.00411,0.089540515,0.16049346,0,11,1,0.3,0.225,-0.043134861,47,0,8,1.6585049
dT40,4.17,49.17,15.232365,28.024987,313.74939,0.089322842,0.15896773,0,9,1,0.4,0.35,-0.039845442,43,1,8,1.6396719
dT40,4.18,49.18,15.248997,27.600702,313.99091,0.087902869,0.1619265,0,10,1,0.35,0.275,-0.041323708,46,1,8,1.6366725
dT40,4.19,49.19,15.182788,27.119594,314.60309,0.086202569,0.14597693,0,9,1,0.35,0.325,-0.039293068,44,1,9,1.6462005
dT40,4.2,49.2,15.114075,26.558845,313.79536,0.084637468,0.13581506,0,10,1,0.35,0.25,-0.032936091,44,1,9,1.6536198
dT40,4.21,49.21,15.152758,26.636888,310.94907,0.085663187,0.13891266,0,8,1,0.475,0.425,-0.038631482,43,1,7,1.6408632
dT40,4.22,49.22,15.192322,27.546794,311.61782,0.08839929,0.14695401,1,9,0.95,0.325,0.25,-0.047588236,46,1,8,1.64596
dT40,4.23,49.23,15.289579,27.560898,313.57629,0.087892163,0.15658756,1,9,0.95,0.375,0.325,-0.039749615,45,1,9,1.6493068
dT40,4.24,49.24,15.279026,28.656015,312.39402,0.09173036,0.1620157,0,10,1,0.35,0.3,-0.040092657,42,1,9,1.6701576
dT40,4.25,49.25,15.174609,28.927949,311.28935,0.092929451,0.15410587,0,9,1,0.4,0.225,-0.032123231,43,1,8,1.6514258
dT40,4.26,49.26,15.084247,27.395129,310.87758,0.088121919,0.144071,0,10,1,0.3,0.275,-0.0083846407,42,1,8,1.6681717
dT40,4.27,49.27,15.224297,27.874703,311.76403,0.089409619,0.1487966,0,9,1,0.35,0.25,-0.039296219,41,1,9,1.6645967
dT40,4.28,49.28,15.215165,27.371804,309.765,0.088363127,0.14155042,1,10,0.95,0.375,0.25,-0.015662751,44,1,7,1.660709
dT40,4.29,49.29,15.288342,26.502539,312.45949,0.084819121,0.14830146,0,9,1,0.45,0.275,-0.0090129193,46,2,10,1.6582224
dT40,4.3,49.3,15.43761,27.573114,311.14942,0.088616954,0.14983593,0,9,1,0.4,0.275,-0.060203804,43,1,8,1.6420463
dT40,4.31,49.31,15.428191,27.86954,310.68828,0.08970258,0.15073664,0,10,1,0.3,0.325,-0.039498945,45,1,6,1.6491615
dT40,4.32,49.32,15.548772,29.564887,312.98725,0.094460356,0.16544116,0,8,1,0.475,0.175,-0.029467179,42,0,8,1.643366
dT40,4.33,49.33,15.508151,28.630111,312.28125,0.091680532,0.1532528,0,7,1,0.525,0.2,-0.021691771,42,1,7,1.6499099
dT40,4.34,49.34,15.577023,28.306745,311.82268,0.09077834,0.16248205,0,9,1,0.425,0.325,-0.011589563,43,0,7,1.660956
dT40,4.35,49.35,15.581517,28.998821,312.93188,0.092668158,0.15569735,0,10,1,0.4,0.275,-0.040776718,44,1,9,1.6497522
dT40,4.36,49.36,15.565202,28.952921,310.33833,0.093294699,0.16562979,0,7,1,0.525,0.225,-0.0087515035,41,1,8,1.6471268
dT40,4.37,49.37,15.584752,28.794807,316.00116,0.091122473,0.15531174,0,8,1,0.525,0.225,-0.011962704,42,0,5,1.6514721
dT40,4.38,49.38,15.533896,29.044582,313.26044,0.092717045,0.14112042,0,10,1,0.4,0.2,-0.027434958,45,1,8,1.6906483
dT40,4.39,49.39,15.476393,27.758122,310.08198,0.089518655,0.14886443,0,10,1,0.35,0.25,-0.017584025,43,1,8,1.65105
dT40,4.4,49.4,15.502536,28.118439,309.63115,0.090812695,0.16515042,0,9,1,0.45,0.25,-0.012008419,44,1,6,1.6440609
dT40,4.41,49.41,15.560812,28.993068,310.05523,0.093509366,0.16630975,0,10,1,0.35,0.375,-0.0025155854,39,1,5,1.6528614
dT40,4.42,49.42,15.454757,28.767539,313.26006,0.091832769,0.17109466,0,8,1,0.45,0.325,-0.011832879,44,1,7,1.648738
dT40,4.43,49.43,15.562577,28.139584,313.14389,0.089861516,0.1730121,0,9,1,0.4,0.25,-0.029046978,44,1,8,1.6401391
dT40,4.44,49.44,15.464665,26.515299,314.55586,0.084294406,0.16582282,0,8,1,0.4,0.275,-0.031075638,43,1,7,1.6560873
dT40,4.45,49.45,15.338729,26.237888,313.32141,0.083741126,0.16063955,0,9,1,0.35,0.225,-0.026052424,46,1,7,1.6444107
dT40,4.46,49.46,15.238925,26.617784,313.34095,0.08494831,0.14757899,0,9,1,0.4,0.225,-0.037490617,44,1,7,1.6676626
dT40,4.47,49.47,15.310887,27.069998,315.67335,0.085753196,0.14620949,0,8,1,0.5,0.275,-0.04677351,45,1,7,1.6666746
dT40,4.48,49.48,15.514035,28.833826,308.19221,0.093557934,0.16288802,0,7,1,0.5,0.325,-0.052652689,40,0,6,1.6860804
dT40,4.49,49.49,15.461488,28.46257,307.93456,0.092430581,0.16315631,0,11,1,0.3,0.35,-0.057377491,42,1,8,1.644806
dT40,4.5,49.5,15.337576,28.578329,307.85524,0.092830413,0.15594473,0,9,1,0.4,0.325,-0.066265736,47,2,7,1.6756686
dT40,4.51,49.51,15.26932,28.568899,309.5156,0.092301967,0.1730723,0,11,1,0.3,0.275,-0.056362009,43,0,5,1.6321575
dT40,4.52,49.52,15.32364,28.479217,313.24602,0.090916454,0.17252667,0,9,1,0.35,0.3,-0.044388657,43,1,9,1.6397481
dT40,4.53,49.53,15.350524,27.920087,311.21665,0.089712701,0.17793079,0,8,1,0.45,0.15,-0.083094021,42,1,8,1.6649075
dT40,4.54,49.54,15.44425,26.990543,309.16168,0.087302358,0.17991579,0,10,1,0.35,0.35,-0.077744128,42,1,6,1.6537298
dT40,4.55,49.55,15.367864,27.18312,311.16087,0.087360343,0.17000595,0,9,1,0.4,0.35,-0.063682451,47,1,5,1.6420418
dT40,4.56,49.56,15.454569,28.031337,309.46168,0.090580963,0.17100383,0,9,1,0.45,0.325,-0.085495453,45,0,7,1.64815
dT40,4.57,49.57,15.460025,27.647494,310.57999,0.089018918,0.17323857,0,9,1,0.4,0.3,-0.05299792,46,1,5,1.6704745
dT40,4.58,49.58,15.370148,27.152402,309.97806,0.087594592,0.17134297,0,9,1,0.4,0.3,-0.068279196,43,1,6,1.6469269
dT40,4.59,49.59,15.55613,28.532146,311.68739,0.091540906,0.17689707,0,9,1,0.4,0.3,-0.050075052,45,1,9,1.6361415
dT40,4.6,49.6,15.586111,27.905428,309.54492,0.090149852,0.17668619,1,8,0.95,0.425,0.35,-0.056216411,44,2,7,1.6597394
dT40,4.61,49.61,15.486911,27.540657,306.7048,0.089795323,0.17136322,0,7,1,0.525,0.225,-0.054172056,45,1,7,1.6410938
dT40,4.62,49.62,15.514175,28.196439,308.24784,0.091473273,0.1731612,0,8,1,0.375,0.275,-0.063770135,45,1,8,1.6430315
dT40,4.63,49.63,15.570951,28.234285,308.00331,0.091668771,0.17258955,0,7,1,0.475,0.325,-0.065479573,44,2,8,1.6511074
dT40,4.64,49.64,15.639474,27.709203,310.8425,0.089142261,0.17708174,0,6,1,0.525,0.3,-0.075611441,43,1,8,1.7019432
dT40,4.65,49.65,15.651942,27.927398,313.37721,0.089117514,0.18319135,0,8,1,0.425,0.325,-0.072660517,46,2,8,1.6527387
dT40,4.66,49.66,15.889057,29.58092,312.9914,0.09451033,0.2030806,0,8,1,0.425,0.275,-0.0710649,43,1,6,1.6429166
dT40,4.67,49.67,15.775462,29.64704,309.68299,0.095733512,0.19512751,0,8,1,0.375,0.25,-0.081813899,41,1,6,1.6364761
dT40,4.68,49.68,15.763773,29.705734,308.47463,0.096298791,0.20094209,0,8,1,0.425,0.375,-0.096821668,45,2,8,1.6601597
dT40,4.69,49.69,15.776884,30.401877,307.15952,0.098977487,0.20838184,0,9,1,0.4,0.275,-0.073208252,43,2,9,1.6566243
dT40,4.7,49.7,15.660566,29.611551,306.28068,0.096681095,0.21629274,0,9,1,0.325,0.25,-0.083331773,42,1,8,1.6505008
dT40,4.71,49.71,15.799428,30.366722,307.76567,0.098668324,0.21271246,0,10,1,0.3,0.3,-0.06873982,42,1,8,1.6619121
dT40,4.72,49.72,15.702757,29.30903,308.47047,0.095014053,0.20674551,0,9,1,0.35,0.325,-0.054816122,42,2,9,1.6292598
dT40,4.73,49.73,15.733899,29.470092,305.79129,0.096373222,0.20931526,0,9,1,0.375,0.225,-0.073656008,45,1,7,1.6633728
dT40,4.74,49.74,15.749469,28.887701,304.60422,0.094836836,0.21089757,0,8,1,0.425,0.375,-0.07083341,47,1,8,1.6474632
dT40,4.75,49.75,15.8754,28.232121,310.98904,0.090781723,0.20785486,0,10,1,0.3,0.2,-0.075019797,43,1,8,1.6453553
dT40,4.76,49.76,15.935742,27.356147,310.45682,0.088115787,0.21226053,0,11,1,0.25,0.35,-0.056018599,44,1,7,1.6311788
dT40,4.77,49.77,15.792416,27.269374,310.35518,0.087865052,0.20864003,0,9,1,0.325,0.275,-0.07934704,44,0,6,1.6735713
dT40,4.78,49.78,15.864546,27.373606,311.16975,0.08797001,0.20631489,0,9,1,0.375,0.25,-0.066469573,46,1,8,1.6505936
dT40,4.79,49.79,15.851427,27.527355,309.24111,0.089015834,0.21436579,0,9,1,0.4,0.3,-0.062556751,47,1,7,1.646339
dT40,4.8,49.8,15.779405,27.850516,307.65745,0.090524431,0.19808855,0,10,1,0.35,0.25,-0.034586859,44,2,9,1.6377937
dT40,4.81,49.81,15.720099,26.464042,309.27662,0.085567548,0.2034944,0,9,1,0.4,0.25,-0.052838796,45,2,8,1.6832029
dT40,4.82,49.82,15.916525,27.480905,308.54213,0.089066948,0.2188868,0,9,1,0.35,0.3,-0.038018678,45,2,8,1.6407339
dT40,4.83,49.83,15.88579,27.236072,305.44076,0.089169739,0.21869502,0,8,1,0.375,0.275,-0.043877551,47,1,8,1.6355166
dT40,4.84,49.84,15.822435,27.563027,307.48202,0.089641101,0.22023221,0,9,1,0.35,0.225,-0.06522367,43,1,7,1.6758175
dT40,4.85,49.85,15.791043,26.402459,307.66917,0.085814446,0.21182493,0,9,1,0.4,0.225,-0.053801459,42,1,8,1.6507613
dT40,4.86,49.86,15.617376,25.894972,310.41725,0.08341989,0.20277597,0,10,1,0.4,0.225,-0.067396733,44,1,8,1.660426
dT40,4.87,49.87,15.672404,26.932383,307.86363,0.087481534,0.2029403,0,10,1,0.45,0.25,-0.055483719,45,2,7,1.6593927
dT40,4.88,49.88,15.711634,27.41158,305.73613,0.089657641,0.2084392,1,9,0.95,0.35,0.2,-0.090365325,44,1,7,1.6402719
dT40,4.89,49.89,15.793562,28.392871,305.34135,0.092987309,0.21138496,0,11,1,0.35,0.225,-0.082187931,41,1,8,1.6525075
dT40,4.9,49.9,15.75227,28.167599,305.66778,0.092151026,0.2206398,0,9,1,0.425,0.325,-0.047882766,45,1,8,1.6415006
dT40,4.91,49.91,15.811895,27.291863,303.79384,0.089836789,0.21954051,1,7,0.95,0.375,0.325,-0.063265704,41,2,8,1.6469686
dT40,4.92,49.92,15.720394,27.578433,308.23333,0.089472586,0.21920881,0,9,1,0.45,0.275,-0.064651873,47,1,5,1.64544
dT40,4.93,49.93,15.760515,27.839725,306.61138,0.090798081,0.21336246,0,8,1,0.475,0.25,-0.060990963,44,2,10,1.6361802
dT40,4.94,49.94,15.700709,27.074953,302.72289,0.089438077,0.21158636,0,9,1,0.45,0.325,-0.085341771,44,1,9,1.6433255
dT40,4.95,49.95,15.899968,30.162111,306.44917,0.098424517,0.22777835,0,7,1,0.525,0.225,-0.10045021,47,1,6,1.6408896
dT40,4.96,49.96,15.803726,28.565412,307.73153,0.092825756,0.21657851,0,9,1,0.45,0.3,-0.099212736,46,2,9,1.6499704
dT40,4.97,49.97,15.857728,29.253186,306.39264,0.09547614,0.22575549,0,10,1,0.35,0.225,-0.085124673,44,1,7,1.6451355
dT40,4.98,49.98,15.906097,29.859435,308.75134,0.096710301,0.23065421,0,10,1,0.35,0.275,-0.097548835,41,2,8,1.6659509
dT40,4.99,49.99,15.99346,29.908567,308.44934,0.096964276,0.22721599,0,10,1,0.325,0.3,-0.08100965,41,2,10,1.6431321
dT40,5,50,15.772502,28.158184,308.2589,0.091345894,0.20961936,0,8,1,0.45,0.225,-0.06503422,44,1,8,1.6725451
