Charm++: standalone mode (not using charmrun)
Charm++> Running in Multicore mode: 8 threads (PEs)
Charm++> Using recursive bisection (scheme 3) for topology aware partitions
Converse/Charm++ Commit ID: 
CharmLB> Load balancer assumes all CPUs are same.
Charm++> Running on 1 hosts (2 sockets x 2 cores x 2 PUs = 8-way SMP)
Charm++> cpu topology info is gathered in 0.002 seconds.
Info: Built with CUDA version 11080
Pe 5 physical rank 5 will use CUDA device of pe 4
Pe 0 physical rank 0 will use CUDA device of pe 4
Pe 3 physical rank 3 will use CUDA device of pe 4
Pe 7 physical rank 7 will use CUDA device of pe 4
Pe 2 physical rank 2 will use CUDA device of pe 4
Pe 6 physical rank 6 will use CUDA device of pe 4
Pe 1 physical rank 1 will use CUDA device of pe 4
Pe 4 physical rank 4 binding to CUDA device 0 on g014: 'NVIDIA TITAN X (Pascal)'  Mem: 12183MB  Rev: 6.1  PCI: 0:81:0
CharmLB> Load balancing instrumentation for communication is off.
Info: NAMD 3.0.2 for Linux-x86_64-multicore-CUDA
Info: 
Info: Please visit http://www.ks.uiuc.edu/Research/namd/
Info: for updates, documentation, and support information.
Info: 
Info: Please cite Phillips et al., J. Chem. Phys. 153:044130 (2020) doi:10.1063/5.0014475
Info: in all publications reporting results obtained with NAMD.
Info: 
Info: Based on Charm++/Converse 80000 for multicore-linux-x86_64-gcc
Info: Built Wed Aug 27 15:48:11 CDT 2025 by dhardy on athine.ks.uiuc.edu
Info: 1 NAMD  3.0.2  Linux-x86_64-multicore-CUDA  8    g014  zhangwen
Info: Running on 8 processors, 1 nodes, 1 physical nodes.
Info: CPU topology information available.
Info: Charm++/Converse parallel runtime startup completed at 0.289925 s
CkLoopLib is used in SMP with simple dynamic scheduling (converse-level notification)
Info: 0 MB of memory in use based on /proc/self/stat
Info: Configuration file is eq1.namd
Info: Working in the current directory [archive path: ssdna/polyda40-3m-kcl/50ns]
TCL: Suspending until startup complete.
Warning: Option "1-4scaling" has been deprecated. Instead use "oneFourScaling".
Info: EXTENDED SYSTEM FILE   heat.xsc
Warning: The Langevin gamma parameters differ over the particles,
Warning: requiring extra work per step to constrain rigid bonds.
Info: SIMULATION PARAMETERS:
Info: TIMESTEP               2
Info: NUMBER OF STEPS        0
Info: STEPS PER CYCLE        20
Info: PERIODIC CELL BASIS 1  72 0 0
Info: PERIODIC CELL BASIS 2  0 72 0
Info: PERIODIC CELL BASIS 3  0 0 178
Info: PERIODIC CELL CENTER   0 0 27
Info: WRAPPING ALL CLUSTERS AROUND PERIODIC BOUNDARIES ON OUTPUT.
Info: WRAPPING TO IMAGE NEAREST TO PERIODIC CELL CENTER.
Info: LOAD BALANCER  Centralized
Info: LOAD BALANCING STRATEGY  New Load Balancers -- DEFAULT
Info: LDB PERIOD             4000 steps
Info: FIRST LDB TIMESTEP     100
Info: LAST LDB TIMESTEP     -1
Info: LDB BACKGROUND SCALING 1
Info: HOM BACKGROUND SCALING 1
Info: PME BACKGROUND SCALING 1
Info: MIN ATOMS PER PATCH    40
Info: EMPTY PATCH LOAD       40 ATOMS
Info: VELOCITY FILE          heat.vel
Info: CENTER OF MASS MOVING INITIALLY? NO
Info: DIELECTRIC             1
Info: EXCLUDE                SCALED ONE-FOUR
Info: 1-4 ELECTROSTATICS SCALED BY 1
Info: MODIFIED 1-4 VDW PARAMETERS WILL BE USED
Info: DCD FILENAME           eq1.dcd
Info: DCD FREQUENCY          5000
Info: DCD FIRST STEP         5000
Info: DCD FILE WILL CONTAIN UNIT CELL DATA
Info: XST FILENAME           eq1.xst
Info: XST FREQUENCY          10000
Info: NO VELOCITY DCD OUTPUT
Info: NO FORCE DCD OUTPUT
Info: OUTPUT FILENAME        eq1
Info: BINARY OUTPUT FILES WILL BE USED
Info: RESTART FILENAME       eq1.restart
Info: RESTART FREQUENCY      10000
Info: BINARY RESTART FILES WILL BE USED
Info: SWITCHING ACTIVE
Info: SWITCHING ON           10
Info: SWITCHING OFF          12
Info: PAIRLIST DISTANCE      14
Info: PAIRLIST SHRINK RATE   0.01
Info: PAIRLIST GROW RATE     0.01
Info: PAIRLIST TRIGGER       0.3
Info: PAIRLISTS PER CYCLE    2
Info: PAIRLISTS ENABLED
Info: MARGIN                 0.495
Info: HYDROGEN GROUP CUTOFF  2.5
Info: PATCH DIMENSION        16.995
Info: ENERGY OUTPUT STEPS    1000
Info: ENERGY EVALUATION STEPS    1000
Info: OUTPUT ENERGY PRECISION 4
Info: CROSSTERM ENERGY INCLUDED IN DIHEDRAL
Info: TIMING OUTPUT STEPS    1000
Info: HARMONIC CONSTRAINTS ACTIVE
Info: HARMONIC CONS EXP      2
Info: HARMONIC CONS SCALING  0.5
Info: LANGEVIN DYNAMICS ACTIVE
Info: LANGEVIN TEMPERATURE   293
Info: LANGEVIN USING BBK INTEGRATOR
Info: LANGEVIN DAMPING COEFFICIENT IS 1 INVERSE PS
Info: LANGEVIN DYNAMICS NOT APPLIED TO HYDROGENS
Info: LANGEVIN PISTON PRESSURE CONTROL ACTIVE
Info:        TARGET PRESSURE IS 1.01325 BAR
Info:     OSCILLATION PERIOD IS 200 FS
Info:             DECAY TIME IS 100 FS
Info:     PISTON TEMPERATURE IS 293 K
Info:       PRESSURE CONTROL IS GROUP-BASED
Info:    INITIAL STRAIN RATE IS 0 0 0
Info:       CELL FLUCTUATION IS ISOTROPIC
Info: PARTICLE MESH EWALD (PME) ACTIVE
Info: PME TOLERANCE               1e-06
Info: PME EWALD COEFFICIENT       0.257952
Info: PME INTERPOLATION ORDER     4
Info: PME GRID DIMENSIONS         72 72 180
Info: PME MAXIMUM GRID SPACING    1.5
Info: PME CALCULATION WILL BE PERFORMED ON GPU
Info: FULL ELECTROSTATIC EVALUATION FREQUENCY      2
Info: USING VERLET I (r-RESPA) MTS SCHEME.
Info: C1 SPLITTING OF LONG RANGE ELECTROSTATICS
Info: PLACING ATOMS IN PATCHES BY HYDROGEN GROUPS
Info: RIGID BONDS TO HYDROGEN : ALL
Info:         ERROR TOLERANCE : 1e-08
Info:          MAX ITERATIONS : 100
Info: RIGID WATER USING SETTLE ALGORITHM
Info: RANDOM NUMBER SEED     1788286490
Info: USE HYDROGEN BONDS?    NO
Info: COORDINATE PDB         system.pdb
Info: STRUCTURE FILE         system.psf
Info: PARAMETER file: CHARMM format! 
Info: PARAMETERS             /opt/charmm/toppar/par_all36_na.prm
Info: PARAMETERS             water_ions_namd.prm
Info: USING ARITHMETIC MEAN TO COMBINE L-J SIGMA PARAMETERS
Info: BINARY COORDINATES     heat.coor
Info: SUMMARY OF PARAMETERS:
Info: 99 BONDS
Info: 241 ANGLES
Info: 530 DIHEDRAL
Info: 15 IMPROPER
Info: 0 CROSSTERM
Info: 61 VDW
Info: 2 VDW_PAIRS
Info: 0 NBTHOLE_PAIRS
Info: TIME FOR READING PSF FILE: 0.610057
Info: Reading pdb file system.pdb
Info: TIME FOR READING PDB FILE: 0.190858
Info: 
Info: ****************************
Info: STRUCTURE SUMMARY:
Info: 81237 ATOMS
Info: 52520 BONDS
Info: 28075 ANGLES
Info: 3674 DIHEDRALS
Info: 80 IMPROPERS
Info: 0 CROSSTERMS
Info: 0 EXCLUSIONS
Info: 317 CONSTRAINTS
Info: 77125 RIGID BONDS
Info: 166586 DEGREES OF FREEDOM
Info: 29673 HYDROGEN GROUPS
Info: 3 ATOMS IN LARGEST HYDROGEN GROUP
Info: 29673 MIGRATION GROUPS
Info: 3 ATOMS IN LARGEST MIGRATION GROUP
Info: TOTAL MASS = 595069 amu
Info: TOTAL CHARGE = 4.58397e-06 e
Info: MASS DENSITY = 1.07088 g/cm^3
Info: ATOM DENSITY = 0.0880377 atoms/A^3
Info: *****************************
Info: Reading from binary file heat.coor
Info: 
Info: Entering startup at 1.31581 s, 0 MB of memory in use
Info: Startup phase 0 took 0.000253832 s, 0 MB of memory in use
Info: ADDED 83749 IMPLICIT EXCLUSIONS
Info: Startup phase 1 took 0.0350066 s, 0 MB of memory in use
Info: NONBONDED TABLE R-SQUARED SPACING: 0.0625
Info: NONBONDED TABLE SIZE: 769 POINTS
Info: INCONSISTENCY IN FAST TABLE ENERGY VS FORCE: 0.000325096 AT 11.9556
Info: INCONSISTENCY IN SCOR TABLE ENERGY VS FORCE: 0.000324844 AT 11.9556
Info: INCONSISTENCY IN VDWA TABLE ENERGY VS FORCE: 0.0040507 AT 0.251946
Info: INCONSISTENCY IN VDWB TABLE ENERGY VS FORCE: 0.00150189 AT 0.251946
Info: Startup phase 2 took 0.00049252 s, 0 MB of memory in use
Info: Startup phase 3 took 6.5635e-05 s, 0 MB of memory in use
Info: Startup phase 4 took 0.000724904 s, 0 MB of memory in use
Info: Startup phase 5 took 6.0968e-05 s, 0 MB of memory in use
Info: PATCH GRID IS 4 (PERIODIC) BY 4 (PERIODIC) BY 10 (PERIODIC)
Info: PATCH GRID IS 1-AWAY BY 1-AWAY BY 1-AWAY
Info: Reading from binary file heat.vel
Info: REMOVING COM VELOCITY 0.0266511 0.0057931 0.0163172
Info: LARGEST PATCH (75) HAS 585 ATOMS
Info: TORUS A SIZE 1 USING 0
Info: TORUS B SIZE 1 USING 0
Info: TORUS C SIZE 1 USING 0
Info: TORUS MINIMAL MESH SIZE IS 1 BY 1 BY 1
Info: Placed 100% of base nodes on same physical node as patch
Info: Startup phase 6 took 0.0238548 s, 0 MB of memory in use
Info: Use 3D box decompostion in PME FFT.
Info: PME using 1 x 1 x 1 pencil grid for FFT and reciprocal sum.
Info: Startup phase 7 took 0.000245443 s, 0 MB of memory in use
Info: Updated CUDA force table with 4096 elements.
Info: Updated CUDA LJ table with 61 x 61 elements.
Info: Startup phase 8 took 0.00313384 s, 0 MB of memory in use
Info: Startup phase 9 took 7.7773e-05 s, 0 MB of memory in use
Info: Startup phase 10 took 5.4207e-05 s, 0 MB of memory in use
Info: Startup phase 11 took 0.00214391 s, 0 MB of memory in use
LDB: Central LB being created...
Info: Startup phase 12 took 0.00379868 s, 0 MB of memory in use
Info: CREATING 3584 COMPUTE OBJECTS
Info: Found 36 unique exclusion lists needing 112 bytes
Info: useSync: 0 useProxySync: 0
Info: Startup phase 13 took 0.0205711 s, 0 MB of memory in use
Info: Startup phase 14 took 7.874e-05 s, 0 MB of memory in use
Info: Startup phase 15 took 8.4398e-05 s, 0 MB of memory in use
Info: Finished startup at 1.40646 s, 0 MB of memory in use

TCL: Running for 1000000 steps
ETITLE:      TS           BOND          ANGLE          DIHED          IMPRP               ELECT            VDW       BOUNDARY           MISC        KINETIC               TOTAL           TEMP      POTENTIAL         TOTAL3        TEMPAVG            PRESSURE      GPRESSURE         VOLUME       PRESSAVG      GPRESSAVG

ENERGY:       0       410.4395      1129.5571      1363.8117        22.5421        -583947.5940     41333.3466        29.3171         0.0000     48556.8230        -491101.7571       293.3608   -539658.5800   -490998.1624       293.3608           -638.3004      -609.2660    922752.0000      -638.3004      -609.2660

OPENING EXTENDED SYSTEM TRAJECTORY FILE
LDB: ============= START OF LOAD BALANCING ============== 1.61297
LDB: ============== END OF LOAD BALANCING =============== 1.61305
Info: useSync: 0 useProxySync: 0
LDB: =============== DONE WITH MIGRATION ================ 1.61317
LDB: ============= START OF LOAD BALANCING ============== 2.19507
LDB: Partitioning computes with target load 0.000000
LDB: Increased migratable compute count from 0 to 0
LDB: Largest unpartitionable compute is 0.000000
LDB: ============== END OF LOAD BALANCING =============== 2.19551
Info: useSync: 0 useProxySync: 0
LDB: =============== DONE WITH MIGRATION ================ 2.19612
Info: Initial time: 8 CPUs 0.00736458 s/step 0.0426191 days/ns 0 MB memory
LDB: ============= START OF LOAD BALANCING ============== 2.34176
LDB: ============== END OF LOAD BALANCING =============== 2.34185
Info: useSync: 0 useProxySync: 0
LDB: =============== DONE WITH MIGRATION ================ 2.34197
LDB: ============= START OF LOAD BALANCING ============== 2.92046
LDB: TIME 2.92087 LOAD: AVG 0.470082 MAX 0.544947  PROXIES: TOTAL 344 MAXPE 47 MAXPATCH 5 None MEM: 0 MB
LDB: TIME 2.92098 LOAD: AVG 0.470082 MAX 0.544947  PROXIES: TOTAL 344 MAXPE 47 MAXPATCH 5 TorusLB MEM: 0 MB
LDB: Reverting to original mapping
LDB: ============== END OF LOAD BALANCING =============== 2.92115
Info: useSync: 0 useProxySync: 0
LDB: =============== DONE WITH MIGRATION ================ 2.92163
Info: Initial time: 8 CPUs 0.00723828 s/step 0.0418882 days/ns 0 MB memory
LDB: ============= START OF LOAD BALANCING ============== 3.64461
LDB: TIME 3.645 LOAD: AVG 0.587873 MAX 0.681473  PROXIES: TOTAL 344 MAXPE 47 MAXPATCH 5 None MEM: 0 MB
LDB: TIME 3.64511 LOAD: AVG 0.587873 MAX 0.681473  PROXIES: TOTAL 344 MAXPE 47 MAXPATCH 5 RefineTorusLB MEM: 0 MB
LDB: TIME 3.64514 LOAD: AVG 0.587873 MAX 0.681473  PROXIES: TOTAL 344 MAXPE 47 MAXPATCH 5 RefineTorusLB MEM: 0 MB
LDB: ============== END OF LOAD BALANCING =============== 3.6453
Info: useSync: 0 useProxySync: 0
LDB: =============== DONE WITH MIGRATION ================ 3.64578
Info: Initial time: 8 CPUs 0.00723441 s/step 0.0418658 days/ns 0 MB memory
LDB: ============= START OF LOAD BALANCING ============== 4.36855
LDB: TIME 4.36893 LOAD: AVG 0.58755 MAX 0.679293  PROXIES: TOTAL 344 MAXPE 47 MAXPATCH 5 None MEM: 0 MB
LDB: TIME 4.36905 LOAD: AVG 0.58755 MAX 0.679293  PROXIES: TOTAL 344 MAXPE 47 MAXPATCH 5 RefineTorusLB MEM: 0 MB
LDB: TIME 4.3691 LOAD: AVG 0.58755 MAX 0.679293  PROXIES: TOTAL 344 MAXPE 47 MAXPATCH 5 RefineTorusLB MEM: 0 MB
LDB: Reverting to original mapping
LDB: ============== END OF LOAD BALANCING =============== 4.36927
Info: useSync: 0 useProxySync: 0
LDB: =============== DONE WITH MIGRATION ================ 4.3698
Info: Benchmark time: 8 CPUs 0.00722164 s/step 0.0417919 days/ns 0 MB memory
Info: Benchmark time: 8 CPUs 0.00723251 s/step 0.0418548 days/ns 0 MB memory
Info: Benchmark time: 8 CPUs 0.00737698 s/step 0.0426908 days/ns 0 MB memory
Info: Benchmark time: 8 CPUs 0.0074251 s/step 0.0429693 days/ns 0 MB memory
Info: Benchmark time: 8 CPUs 0.00733613 s/step 0.0424545 days/ns 0 MB memory
Info: Benchmark time: 8 CPUs 0.00737434 s/step 0.0426756 days/ns 0 MB memory
TIMING: 1000  CPU: 7.37306, 0.00728574/step  Wall: 7.41728, 0.00732349/step, 2.03227 hours remaining, 0.000000 MB of memory in use.
PERFORMANCE: 1000  averaging 23.5953 ns/day, 0.00732349 sec/step with standard deviation 0
ENERGY:    1000       422.3162      1068.8926      1359.6380        19.9335        -585574.9940     42449.9888        43.6562         0.0000     48508.5408        -491702.0279       293.0691   -540210.5688   -491605.5724       294.8608             24.4598        55.1237    901612.1158         1.4544         1.4650

TIMING: 2000  CPU: 14.7278, 0.00735478/step  Wall: 14.7919, 0.00737464/step, 2.04441 hours remaining, 0.000000 MB of memory in use.
PERFORMANCE: 2000  averaging 23.5132 ns/day, 0.00734907 sec/step with standard deviation 3.61676e-05
ENERGY:    2000       369.8874      1024.1850      1345.9830        19.6271        -586125.2890     42378.5653        44.7608         0.0000     48410.7468        -492531.5335       292.4783   -540942.2803   -492424.0123       293.2378             26.6541        54.2405    895232.0421        -5.1367        -5.0552

TIMING: 3000  CPU: 22.0756, 0.00734772/step  Wall: 22.1623, 0.00737042/step, 2.0412 hours remaining, 0.000000 MB of memory in use.
PERFORMANCE: 3000  averaging 23.4904 ns/day, 0.00735619 sec/step with standard deviation 2.83918e-05
ENERGY:    3000       387.6948      1030.8298      1342.7449        18.5039        -585982.8983     41853.5343        50.6990         0.0000     48561.6263        -492737.2653       293.3899   -541298.8917   -492633.7412       292.8412            -80.9047       -52.2637    889364.7853        -0.6922        -0.6855

TIMING: 4000  CPU: 29.3937, 0.00731818/step  Wall: 29.4999, 0.00733759/step, 2.03007 hours remaining, 0.000000 MB of memory in use.
PERFORMANCE: 4000  averaging 23.5053 ns/day, 0.00735154 sec/step with standard deviation 2.49774e-05
ENERGY:    4000       392.7047      1123.4312      1359.2272        20.5846        -586548.7951     41919.8579        48.1347         0.0000     48431.8076        -493253.0473       292.6056   -541684.8549   -493154.1865       292.7432           -120.1605       -89.1348    883505.5503         0.7687         0.7417

LDB: ============= START OF LOAD BALANCING ============== 33.058
LDB: ============== END OF LOAD BALANCING =============== 33.0581
Info: useSync: 0 useProxySync: 0
LDB: =============== DONE WITH MIGRATION ================ 33.0583
LDB: ============= START OF LOAD BALANCING ============== 33.7927
LDB: TIME 33.7931 LOAD: AVG 0.590054 MAX 0.685008  PROXIES: TOTAL 344 MAXPE 47 MAXPATCH 5 None MEM: 0 MB
LDB: TIME 33.7933 LOAD: AVG 0.590054 MAX 0.685008  PROXIES: TOTAL 344 MAXPE 47 MAXPATCH 5 RefineTorusLB MEM: 0 MB
LDB: TIME 33.7933 LOAD: AVG 0.590054 MAX 0.685008  PROXIES: TOTAL 344 MAXPE 47 MAXPATCH 5 RefineTorusLB MEM: 0 MB
LDB: Reverting to original mapping
LDB: ============== END OF LOAD BALANCING =============== 33.7934
Info: useSync: 0 useProxySync: 0
LDB: =============== DONE WITH MIGRATION ================ 33.7939
TIMING: 5000  CPU: 36.6221, 0.00722838/step  Wall: 36.7568, 0.00725688/step, 2.00572 hours remaining, 0.000000 MB of memory in use.
PERFORMANCE: 5000  averaging 23.566 ns/day, 0.0073326 sec/step with standard deviation 4.75379e-05
ENERGY:    5000       395.1051      1040.0429      1357.7214        20.5352        -586629.1459     42079.4428        48.8919         0.0000     48302.1413        -493385.2653       291.8222   -541687.4065   -493274.7184       292.1700           -104.7511       -72.6717    879364.3179         1.3891         1.4237

OPENING COORDINATE DCD FILE
WRITING COORDINATES TO DCD FILE eq1.dcd AT STEP 5000
The last position output (seq=5000) takes 0.012 seconds, 0.000 MB of memory in use
TIMING: 6000  CPU: 43.7656, 0.00714347/step  Wall: 43.9297, 0.0071729/step, 1.98052 hours remaining, 0.000000 MB of memory in use.
PERFORMANCE: 6000  averaging 23.6518 ns/day, 0.00730599 sec/step with standard deviation 7.78377e-05
ENERGY:    6000       398.0560      1144.7767      1375.0561        16.2250        -586932.6330     42142.7230        47.2710         0.0000     48266.1497        -493542.3754       291.6047   -541808.5251   -493437.4539       292.0496            -30.7089        -0.9014    875612.3641         6.0444         6.0403

TIMING: 7000  CPU: 50.7179, 0.0069523/step  Wall: 50.9203, 0.00699058/step, 1.92824 hours remaining, 0.000000 MB of memory in use.
PERFORMANCE: 7000  averaging 23.7986 ns/day, 0.00726093 sec/step with standard deviation 0.000138781
ENERGY:    7000       402.5316      1127.3395      1374.7916        18.5898        -587405.4621     42434.9090        54.9653         0.0000     48367.5138        -493624.8215       292.2171   -541992.3353   -493520.9875       291.9091             16.6372        46.5204    871960.9113        -0.6583        -0.6435

TIMING: 8000  CPU: 57.8959, 0.00717797/step  Wall: 58.13, 0.00720969/step, 1.98667 hours remaining, 0.000000 MB of memory in use.
PERFORMANCE: 8000  averaging 23.8196 ns/day, 0.00725453 sec/step with standard deviation 0.000129757
ENERGY:    8000       391.4974      1104.7124      1355.7079        22.3344        -586607.0374     42003.7281        51.5512         0.0000     48313.3715        -493364.1346       291.8900   -541677.5061   -493255.3583       292.4244            -47.6247       -15.3517    868814.3399         0.5666         0.5697

LDB: ============= START OF LOAD BALANCING ============== 61.5876
LDB: ============== END OF LOAD BALANCING =============== 61.5878
Info: useSync: 0 useProxySync: 0
LDB: =============== DONE WITH MIGRATION ================ 61.588
LDB: ============= START OF LOAD BALANCING ============== 62.2906
LDB: TIME 62.2911 LOAD: AVG 0.584989 MAX 0.605502  PROXIES: TOTAL 344 MAXPE 47 MAXPATCH 5 None MEM: 0 MB
LDB: TIME 62.2912 LOAD: AVG 0.584989 MAX 0.605502  PROXIES: TOTAL 344 MAXPE 47 MAXPATCH 5 RefineTorusLB MEM: 0 MB
LDB: TIME 62.2912 LOAD: AVG 0.584989 MAX 0.605502  PROXIES: TOTAL 344 MAXPE 47 MAXPATCH 5 RefineTorusLB MEM: 0 MB
LDB: Reverting to original mapping
LDB: ============== END OF LOAD BALANCING =============== 62.2914
Info: useSync: 0 useProxySync: 0
LDB: =============== DONE WITH MIGRATION ================ 62.2919
TIMING: 9000  CPU: 64.8846, 0.00698876/step  Wall: 65.1378, 0.00700778/step, 1.92908 hours remaining, 0.000000 MB of memory in use.
PERFORMANCE: 9000  averaging 23.91 ns/day, 0.00722711 sec/step with standard deviation 0.00014662
ENERGY:    9000       358.9514      1059.1990      1364.5517        16.3530        -586980.3398     42113.8911        48.8947         0.0000     48395.8998        -493622.5991       292.3886   -542018.4989   -493515.1899       292.2272            -11.7080        16.5338    864919.1583         3.1567         3.1557

TIMING: 10000  CPU: 71.8642, 0.00697956/step  Wall: 72.1506, 0.00701283/step, 1.92853 hours remaining, 0.000000 MB of memory in use.
PERFORMANCE: 10000  averaging 23.9811 ns/day, 0.00720568 sec/step with standard deviation 0.000153949
ETITLE:      TS           BOND          ANGLE          DIHED          IMPRP               ELECT            VDW       BOUNDARY           MISC        KINETIC               TOTAL           TEMP      POTENTIAL         TOTAL3        TEMPAVG            PRESSURE      GPRESSURE         VOLUME       PRESSAVG      GPRESSAVG

ENERGY:   10000       397.2203      1094.2232      1369.3711        19.7329        -586830.9810     42082.7209        44.5759         0.0000     48276.2393        -493546.8974       291.6657   -541823.1367   -493440.3598       292.0819             -3.6325        25.0161    861558.1031        -1.8523        -1.7909

WRITING EXTENDED SYSTEM TO RESTART FILE AT STEP 10000
WRITING COORDINATES TO DCD FILE eq1.dcd AT STEP 10000
WRITING COORDINATES TO RESTART FILE AT STEP 10000
FINISHED WRITING RESTART COORDINATES
The last position output (seq=10000) takes 0.039 seconds, 0.000 MB of memory in use
WRITING VELOCITIES TO RESTART FILE AT STEP 10000
FINISHED WRITING RESTART VELOCITIES
The last velocity output (seq=10000) takes 0.022 seconds, 0.000 MB of memory in use
TIMING: 11000  CPU: 78.9042, 0.00704008/step  Wall: 79.2598, 0.00710919/step, 1.95305 hours remaining, 0.000000 MB of memory in use.
PERFORMANCE: 11000  averaging 24.0103 ns/day, 0.00719691 sec/step with standard deviation 0.000148918
ENERGY:   11000       371.2325      1072.7380      1365.9947        20.0109        -587426.2025     42374.7433        41.5649         0.0000     48386.6351        -493793.2831       292.3326   -542179.9182   -493680.7956       292.0682            105.8438       137.1957    858275.4725         3.9388         3.9031

TIMING: 12000  CPU: 85.9419, 0.00703766/step  Wall: 86.3351, 0.00707537/step, 1.9418 hours remaining, 0.000000 MB of memory in use.
PERFORMANCE: 12000  averaging 24.0441 ns/day, 0.00718678 sec/step with standard deviation 0.000146259
ENERGY:   12000       384.8492      1065.4823      1370.8357        15.7032        -586591.7535     41792.3704        49.8412         0.0000     48236.6804        -493675.9911       291.4267   -541912.6714   -493572.4287       291.9454            -78.7250       -51.5087    856993.9823         4.0357         4.0273

LDB: ============= START OF LOAD BALANCING ============== 89.8201
LDB: ============== END OF LOAD BALANCING =============== 89.8203
Info: useSync: 0 useProxySync: 0
LDB: =============== DONE WITH MIGRATION ================ 89.8205
LDB: ============= START OF LOAD BALANCING ============== 90.53
LDB: TIME 90.5304 LOAD: AVG 0.583614 MAX 0.612941  PROXIES: TOTAL 344 MAXPE 47 MAXPATCH 5 None MEM: 0 MB
LDB: TIME 90.5305 LOAD: AVG 0.583614 MAX 0.612941  PROXIES: TOTAL 344 MAXPE 47 MAXPATCH 5 RefineTorusLB MEM: 0 MB
LDB: TIME 90.5305 LOAD: AVG 0.583614 MAX 0.612941  PROXIES: TOTAL 344 MAXPE 47 MAXPATCH 5 RefineTorusLB MEM: 0 MB
LDB: Reverting to original mapping
LDB: ============== END OF LOAD BALANCING =============== 90.5307
Info: useSync: 0 useProxySync: 0
LDB: =============== DONE WITH MIGRATION ================ 90.5312
TIMING: 13000  CPU: 92.9851, 0.0070432/step  Wall: 93.4139, 0.00707871/step, 1.94075 hours remaining, 0.000000 MB of memory in use.
PERFORMANCE: 13000  averaging 24.072 ns/day, 0.00717847 sec/step with standard deviation 0.000143204
ENERGY:   13000       391.6555      1067.6283      1356.3232        14.4503        -586493.7268     41738.1745        49.8529         0.0000     48504.3048        -493371.3373       293.0436   -541875.6421   -493265.4018       292.1692           -141.1223      -105.1585    855779.8567         0.8060         0.7239

TIMING: 14000  CPU: 100.038, 0.00705252/step  Wall: 100.496, 0.00708228/step, 1.93976 hours remaining, 0.000000 MB of memory in use.
PERFORMANCE: 14000  averaging 24.0951 ns/day, 0.0071716 sec/step with standard deviation 0.000139967
ENERGY:   14000       424.9197      1068.8341      1360.3892        22.6318        -587262.6252     42402.3314        42.5501         0.0000     48650.1524        -493290.8166       293.9247   -541940.9690   -493183.5199       292.9353            141.9020       173.2546    850193.5858         0.1307         0.1585

TIMING: 15000  CPU: 107.103, 0.00706489/step  Wall: 107.595, 0.00709876/step, 1.9423 hours remaining, 0.000000 MB of memory in use.
PERFORMANCE: 15000  averaging 24.1114 ns/day, 0.00716674 sec/step with standard deviation 0.000136181
ENERGY:   15000       416.6745      1038.7358      1359.2523        16.3758        -586855.7464     41919.9247        42.1668         0.0000     48454.8449        -493607.7717       292.7447   -542062.6167   -493511.4333       292.9425            -52.8182       -22.5516    849300.6668        -2.6183        -2.6084

WRITING COORDINATES TO DCD FILE eq1.dcd AT STEP 15000
The last position output (seq=15000) takes 0.010 seconds, 0.000 MB of memory in use
TIMING: 16000  CPU: 114.248, 0.00714523/step  Wall: 114.772, 0.00717748/step, 1.96185 hours remaining, 0.000000 MB of memory in use.
PERFORMANCE: 16000  averaging 24.1091 ns/day, 0.00716741 sec/step with standard deviation 0.00013159
ENERGY:   16000       357.8053      1093.6085      1365.5340        19.8931        -587522.3406     42223.6718        42.4940         0.0000     48394.2122        -494025.1215       292.3784   -542419.3337   -493926.1518       292.1693              8.9734        40.3895    846355.4594        -1.3091        -1.3441

LDB: ============= START OF LOAD BALANCING ============== 118.274
LDB: ============== END OF LOAD BALANCING =============== 118.274
Info: useSync: 0 useProxySync: 0
LDB: =============== DONE WITH MIGRATION ================ 118.274
LDB: ============= START OF LOAD BALANCING ============== 118.986
LDB: TIME 118.986 LOAD: AVG 0.583872 MAX 0.617237  PROXIES: TOTAL 344 MAXPE 47 MAXPATCH 5 None MEM: 0 MB
LDB: TIME 118.986 LOAD: AVG 0.583872 MAX 0.617237  PROXIES: TOTAL 344 MAXPE 47 MAXPATCH 5 RefineTorusLB MEM: 0 MB
LDB: TIME 118.986 LOAD: AVG 0.583872 MAX 0.617237  PROXIES: TOTAL 344 MAXPE 47 MAXPATCH 5 RefineTorusLB MEM: 0 MB
LDB: Reverting to original mapping
LDB: ============== END OF LOAD BALANCING =============== 118.986
Info: useSync: 0 useProxySync: 0
LDB: =============== DONE WITH MIGRATION ================ 118.987
TIMING: 17000  CPU: 121.339, 0.00709109/step  Wall: 121.897, 0.00712484/step, 1.94548 hours remaining, 0.000000 MB of memory in use.
PERFORMANCE: 17000  averaging 24.1175 ns/day, 0.00716491 sec/step with standard deviation 0.00012783
ENERGY:   17000       406.9936      1079.6086      1367.0179        21.5189        -586941.2007     41901.6891        45.4706         0.0000     48257.8147        -493861.0872       291.5544   -542118.9019   -493756.8648       292.7684           -103.7060       -71.1006    843914.7390         0.8786         0.8921

TIMING: 18000  CPU: 128.469, 0.00712966/step  Wall: 129.049, 0.00715131/step, 1.95072 hours remaining, 0.000000 MB of memory in use.
PERFORMANCE: 18000  averaging 24.1201 ns/day, 0.00716415 sec/step with standard deviation 0.000124054
ENERGY:   18000       395.2610      1092.3107      1361.0558        23.3053        -586686.9219     41740.7123        39.5368         0.0000     48611.9906        -493422.7493       293.6941   -542034.7399   -493313.1934       293.3168           -156.0537      -121.9385    843477.1660         4.9726         4.9806

TIMING: 19000  CPU: 135.598, 0.00712973/step  Wall: 136.204, 0.00715544/step, 1.94986 hours remaining, 0.000000 MB of memory in use.
PERFORMANCE: 19000  averaging 24.1216 ns/day, 0.00716369 sec/step with standard deviation 0.000120576
ENERGY:   19000       402.3680      1032.7316      1365.5611        22.7812        -587487.3241     42366.4969        37.2048         0.0000     48570.4639        -493689.7168       293.4433   -542260.1806   -493589.9057       293.2897            102.2647       135.6525    841339.3584         4.4682         4.4441

WRITING COORDINATES TO DCD FILE eq1.dcd AT STEP 20000
WRITING COORDINATES TO RESTART FILE AT STEP 20000
FINISHED WRITING RESTART COORDINATES
The last position output (seq=20000) takes 0.041 seconds, 0.000 MB of memory in use
WRITING VELOCITIES TO RESTART FILE AT STEP 20000
FINISHED WRITING RESTART VELOCITIES
The last velocity output (seq=20000) takes 0.022 seconds, 0.000 MB of memory in use
TIMING: 20000  CPU: 142.756, 0.00715765/step  Wall: 143.432, 0.00722844/step, 1.96774 hours remaining, 0.000000 MB of memory in use.
PERFORMANCE: 20000  averaging 24.1107 ns/day, 0.00716693 sec/step with standard deviation 0.000118249
ETITLE:      TS           BOND          ANGLE          DIHED          IMPRP               ELECT            VDW       BOUNDARY           MISC        KINETIC               TOTAL           TEMP      POTENTIAL         TOTAL3        TEMPAVG            PRESSURE      GPRESSURE         VOLUME       PRESSAVG      GPRESSAVG

ENERGY:   20000       391.2621      1073.9208      1362.9061        20.7765        -587023.8493     41896.6457        35.3483         0.0000     48574.5522        -493668.4375       293.4680   -542242.9897   -493556.0462       293.1862            -66.5257       -32.7674    840007.1088         0.9131         0.8806

WRITING EXTENDED SYSTEM TO RESTART FILE AT STEP 20000
LDB: ============= START OF LOAD BALANCING ============== 146.958
LDB: ============== END OF LOAD BALANCING =============== 146.958
Info: useSync: 0 useProxySync: 0
LDB: =============== DONE WITH MIGRATION ================ 146.958
LDB: ============= START OF LOAD BALANCING ============== 147.679
LDB: TIME 147.68 LOAD: AVG 0.584589 MAX 0.621827  PROXIES: TOTAL 344 MAXPE 47 MAXPATCH 5 None MEM: 0 MB
LDB: TIME 147.68 LOAD: AVG 0.584589 MAX 0.621827  PROXIES: TOTAL 344 MAXPE 47 MAXPATCH 5 RefineTorusLB MEM: 0 MB
LDB: TIME 147.68 LOAD: AVG 0.584589 MAX 0.621827  PROXIES: TOTAL 344 MAXPE 47 MAXPATCH 5 RefineTorusLB MEM: 0 MB
LDB: ============== END OF LOAD BALANCING =============== 147.68
Info: useSync: 0 useProxySync: 0
LDB: =============== DONE WITH MIGRATION ================ 147.681
TIMING: 21000  CPU: 149.916, 0.00716018/step  Wall: 150.631, 0.00719864/step, 1.95763 hours remaining, 0.000000 MB of memory in use.
PERFORMANCE: 21000  averaging 24.1057 ns/day, 0.00716844 sec/step with standard deviation 0.000115463
ENERGY:   21000       388.5608      1087.2902      1353.4258        17.1261        -587311.9133     42098.0426        44.2180         0.0000     48372.5044        -493950.7455       292.2473   -542323.2499   -493840.2255       292.6680             -9.5749        21.8187    838095.3614         5.7169         5.8015

TIMING: 22000  CPU: 157.081, 0.00716486/step  Wall: 157.821, 0.00718956/step, 1.95316 hours remaining, 0.000000 MB of memory in use.
PERFORMANCE: 22000  averaging 24.1024 ns/day, 0.0071694 sec/step with standard deviation 0.00011277
ENERGY:   22000       401.1492      1088.1708      1364.6174        19.9857        -587440.2258     42002.5071        41.9518         0.0000     48413.3728        -494108.4711       292.4942   -542521.8440   -494006.1437       292.5681           -104.7636       -70.7392    836812.7635         5.1964         5.1195

TIMING: 23000  CPU: 164.268, 0.00718706/step  Wall: 165.034, 0.00721338/step, 1.95763 hours remaining, 0.000000 MB of memory in use.
PERFORMANCE: 23000  averaging 24.096 ns/day, 0.00717131 sec/step with standard deviation 0.000110558
ENERGY:   23000       390.0131      1043.1634      1350.7895        17.1919        -587344.7257     42000.0994        41.8750         0.0000     48388.5484        -494113.0450       292.3442   -542501.5934   -494007.7306       292.3445           -112.4130       -80.3239    836548.9052         1.3501         1.3316

TIMING: 24000  CPU: 171.48, 0.00721158/step  Wall: 172.273, 0.00723907/step, 1.96259 hours remaining, 0.000000 MB of memory in use.
PERFORMANCE: 24000  averaging 24.0865 ns/day, 0.00717414 sec/step with standard deviation 0.000109009
ENERGY:   24000       395.0076       995.0102      1364.8397        15.6251        -587151.2511     41732.1635        41.2966         0.0000     48353.8675        -494253.4409       292.1347   -542607.3084   -494145.4784       292.5608           -135.0592      -101.2147    835465.3501        -0.3407        -0.3958

LDB: ============= START OF LOAD BALANCING ============== 175.818
LDB: ============== END OF LOAD BALANCING =============== 175.818
Info: useSync: 0 useProxySync: 0
LDB: =============== DONE WITH MIGRATION ================ 175.818
LDB: ============= START OF LOAD BALANCING ============== 176.549
LDB: TIME 176.55 LOAD: AVG 0.584242 MAX 0.637953  PROXIES: TOTAL 344 MAXPE 47 MAXPATCH 5 None MEM: 0 MB
LDB: TIME 176.55 LOAD: AVG 0.584242 MAX 0.637953  PROXIES: TOTAL 344 MAXPE 47 MAXPATCH 5 RefineTorusLB MEM: 0 MB
LDB: TIME 176.55 LOAD: AVG 0.584242 MAX 0.637953  PROXIES: TOTAL 344 MAXPE 47 MAXPATCH 5 RefineTorusLB MEM: 0 MB
LDB: ============== END OF LOAD BALANCING =============== 176.55
Info: useSync: 0 useProxySync: 0
LDB: =============== DONE WITH MIGRATION ================ 176.55
WRITING COORDINATES TO DCD FILE eq1.dcd AT STEP 25000
The last position output (seq=25000) takes 0.010 seconds, 0.000 MB of memory in use
TIMING: 25000  CPU: 178.745, 0.00726501/step  Wall: 179.568, 0.0072947/step, 1.97565 hours remaining, 0.000000 MB of memory in use.
PERFORMANCE: 25000  averaging 24.0703 ns/day, 0.00717896 sec/step with standard deviation 0.000109404
ENERGY:   25000       357.8350      1076.6474      1354.8845        14.2841        -587337.7568     42040.6848        45.7260         0.0000     48206.2047        -494241.4904       291.2425   -542447.6951   -494139.4361       292.1569              8.7899        43.1316    833476.2814         1.4091         1.3992

TIMING: 26000  CPU: 185.987, 0.00724233/step  Wall: 186.841, 0.00727356/step, 1.9679 hours remaining, 0.000000 MB of memory in use.
PERFORMANCE: 26000  averaging 24.0581 ns/day, 0.0071826 sec/step with standard deviation 0.000108788
ENERGY:   26000       401.9623      1061.2199      1357.4140        18.1365        -587452.4050     42151.6659        43.9084         0.0000     48197.4183        -494220.6797       291.1895   -542418.0980   -494124.7488       292.2987            -60.1701       -29.6696    834940.3557         2.5893         2.6757

TIMING: 27000  CPU: 193.271, 0.00728443/step  Wall: 194.147, 0.00730535/step, 1.97447 hours remaining, 0.000000 MB of memory in use.
PERFORMANCE: 27000  averaging 24.0429 ns/day, 0.00718714 sec/step with standard deviation 0.000109259
ENERGY:   27000       394.8447      1016.6874      1359.0700        20.7383        -587999.3695     42401.7281        43.8829         0.0000     47963.8574        -494798.5607       289.7784   -542762.4181   -494699.8520       292.4446             27.4066        57.6913    832637.5508        -1.5859        -1.5649

TIMING: 28000  CPU: 200.555, 0.00728324/step  Wall: 201.455, 0.00730879/step, 1.97337 hours remaining, 0.000000 MB of memory in use.
PERFORMANCE: 28000  averaging 24.0284 ns/day, 0.00719149 sec/step with standard deviation 0.000109654
ENERGY:   28000       378.6992      1068.5372      1363.0334        15.5606        -587957.9290     42251.1651        43.3701         0.0000     48150.2920        -494687.2714       290.9047   -542837.5634   -494575.8148       291.3095             52.1497        84.7557    832464.2705        -4.6886        -4.7661

LDB: ============= START OF LOAD BALANCING ============== 205.014
LDB: ============== END OF LOAD BALANCING =============== 205.014
Info: useSync: 0 useProxySync: 0
LDB: =============== DONE WITH MIGRATION ================ 205.014
LDB: ============= START OF LOAD BALANCING ============== 205.752
LDB: TIME 205.752 LOAD: AVG 0.584227 MAX 0.646752  PROXIES: TOTAL 344 MAXPE 47 MAXPATCH 5 None MEM: 0 MB
LDB: TIME 205.752 LOAD: AVG 0.584227 MAX 0.646752  PROXIES: TOTAL 344 MAXPE 47 MAXPATCH 5 RefineTorusLB MEM: 0 MB
LDB: TIME 205.752 LOAD: AVG 0.584227 MAX 0.646752  PROXIES: TOTAL 344 MAXPE 47 MAXPATCH 5 RefineTorusLB MEM: 0 MB
LDB: ============== END OF LOAD BALANCING =============== 205.752
Info: useSync: 0 useProxySync: 0
LDB: =============== DONE WITH MIGRATION ================ 205.753
TIMING: 29000  CPU: 207.858, 0.00730336/step  Wall: 208.781, 0.00732572/step, 1.97591 hours remaining, 0.000000 MB of memory in use.
PERFORMANCE: 29000  averaging 24.0129 ns/day, 0.00719612 sec/step with standard deviation 0.000110525
ENERGY:   29000       389.5379      1096.2666      1366.1167        21.4294        -587650.7558     41973.8921        50.8812         0.0000     48301.3551        -494451.2769       291.8174   -542752.6320   -494347.0658       291.5627            -85.4819       -55.8881    833260.6145        -1.0990        -1.1235

TIMING: 30000  CPU: 215.147, 0.00728954/step  Wall: 216.096, 0.00731474/step, 1.97092 hours remaining, 0.000000 MB of memory in use.
PERFORMANCE: 30000  averaging 23.9998 ns/day, 0.00720007 sec/step with standard deviation 0.000110741
ETITLE:      TS           BOND          ANGLE          DIHED          IMPRP               ELECT            VDW       BOUNDARY           MISC        KINETIC               TOTAL           TEMP      POTENTIAL         TOTAL3        TEMPAVG            PRESSURE      GPRESSURE         VOLUME       PRESSAVG      GPRESSAVG

ENERGY:   30000       388.8670      1080.4171      1347.0616        18.8158        -587666.7491     42253.2190        41.6540         0.0000     48365.7714        -494170.9432       292.2066   -542536.7146   -494070.5755       292.0084             27.5735        53.5710    832339.3242         1.5399         1.5602

WRITING EXTENDED SYSTEM TO RESTART FILE AT STEP 30000
WRITING COORDINATES TO DCD FILE eq1.dcd AT STEP 30000
WRITING COORDINATES TO RESTART FILE AT STEP 30000
FINISHED WRITING RESTART COORDINATES
The last position output (seq=30000) takes 0.040 seconds, 0.000 MB of memory in use
WRITING VELOCITIES TO RESTART FILE AT STEP 30000
FINISHED WRITING RESTART VELOCITIES
The last velocity output (seq=30000) takes 0.023 seconds, 0.000 MB of memory in use
TIMING: 31000  CPU: 222.437, 0.00728928/step  Wall: 223.456, 0.00736048/step, 1.9812 hours remaining, 0.000000 MB of memory in use.
PERFORMANCE: 31000  averaging 23.9825 ns/day, 0.00720525 sec/step with standard deviation 0.000112627
ENERGY:   31000       381.9286      1043.9051      1379.7838        19.2592        -587454.3809     42022.8344        35.9536         0.0000     48402.2553        -494168.4607       292.4270   -542570.7160   -494061.7434       292.4463            -11.2450        24.7922    831432.6580         5.8059         5.7550

TIMING: 32000  CPU: 229.708, 0.0072715/step  Wall: 230.75, 0.00729357/step, 1.96116 hours remaining, 0.000000 MB of memory in use.
PERFORMANCE: 32000  averaging 23.9733 ns/day, 0.00720801 sec/step with standard deviation 0.000111891
ENERGY:   32000       396.3959      1087.4487      1378.9475        19.5099        -587669.5777     42325.6684        42.5569         0.0000     48726.3438        -493692.7066       294.3850   -542419.0505   -493585.3971       293.0045             77.7114       111.8286    831050.7893         2.9572         2.9411

LDB: ============= START OF LOAD BALANCING ============== 234.294
LDB: ============== END OF LOAD BALANCING =============== 234.294
Info: useSync: 0 useProxySync: 0
LDB: =============== DONE WITH MIGRATION ================ 234.294
LDB: ============= START OF LOAD BALANCING ============== 235.024
LDB: TIME 235.024 LOAD: AVG 0.582227 MAX 0.640297  PROXIES: TOTAL 344 MAXPE 47 MAXPATCH 5 None MEM: 0 MB
LDB: TIME 235.024 LOAD: AVG 0.582227 MAX 0.640297  PROXIES: TOTAL 344 MAXPE 47 MAXPATCH 5 RefineTorusLB MEM: 0 MB
LDB: TIME 235.024 LOAD: AVG 0.582227 MAX 0.640297  PROXIES: TOTAL 344 MAXPE 47 MAXPATCH 5 RefineTorusLB MEM: 0 MB
LDB: Reverting to original mapping
LDB: ============== END OF LOAD BALANCING =============== 235.025
Info: useSync: 0 useProxySync: 0
LDB: =============== DONE WITH MIGRATION ================ 235.025
TIMING: 33000  CPU: 236.996, 0.00728804/step  Wall: 238.056, 0.00730612/step, 1.9625 hours remaining, 0.000000 MB of memory in use.
PERFORMANCE: 33000  averaging 23.9635 ns/day, 0.00721098 sec/step with standard deviation 0.000111445
ENERGY:   33000       425.4763      1084.2763      1373.5577        22.6767        -587160.7974     41898.7429        39.6821         0.0000     48812.1487        -493504.2367       294.9034   -542316.3854   -493410.0630       293.3916            -69.0610       -37.0409    832118.0746         3.1744         3.1869

TIMING: 34000  CPU: 244.327, 0.00733062/step  Wall: 245.409, 0.00735265/step, 1.97296 hours remaining, 0.000000 MB of memory in use.
PERFORMANCE: 34000  averaging 23.9496 ns/day, 0.00721515 sec/step with standard deviation 0.000112401
ENERGY:   34000       364.3216      1082.8233      1371.9005        18.2510        -587293.0006     41748.7723        44.9237         0.0000     48322.5870        -494339.4212       291.9457   -542662.0082   -494229.7714       293.1658            -97.8063       -62.2180    832192.2952        -5.0436        -5.1274

WRITING COORDINATES TO DCD FILE eq1.dcd AT STEP 35000
The last position output (seq=35000) takes 0.010 seconds, 0.000 MB of memory in use
TIMING: 35000  CPU: 251.655, 0.00732821/step  Wall: 252.763, 0.00735386/step, 1.97124 hours remaining, 0.000000 MB of memory in use.
PERFORMANCE: 35000  averaging 23.9365 ns/day, 0.00721911 sec/step with standard deviation 0.00011319
ENERGY:   35000       384.4263      1044.0978      1375.0658        21.4081        -588342.3039     42749.3146        43.7966         0.0000     48703.9320        -494020.2627       294.2496   -542724.1947   -493913.2481       291.9408            202.1891       234.9244    832417.9918        -1.9014        -1.8395

TIMING: 36000  CPU: 258.973, 0.00731823/step  Wall: 260.1, 0.00733744/step, 1.9648 hours remaining, 0.000000 MB of memory in use.
PERFORMANCE: 36000  averaging 23.9256 ns/day, 0.0072224 sec/step with standard deviation 0.000113291
ENERGY:   36000       395.4458      1067.9088      1360.6996        14.8909        -586902.9629     41546.5002        39.0347         0.0000     48639.4925        -493838.9905       293.8603   -542478.4829   -493741.2947       292.9513            -55.3637       -23.8376    830909.8481         1.0314         1.0234

LDB: ============= START OF LOAD BALANCING ============== 263.649
LDB: ============== END OF LOAD BALANCING =============== 263.649
Info: useSync: 0 useProxySync: 0
LDB: =============== DONE WITH MIGRATION ================ 263.65
LDB: ============= START OF LOAD BALANCING ============== 264.381
LDB: TIME 264.382 LOAD: AVG 0.581768 MAX 0.64026  PROXIES: TOTAL 344 MAXPE 47 MAXPATCH 5 None MEM: 0 MB
LDB: TIME 264.382 LOAD: AVG 0.581768 MAX 0.64026  PROXIES: TOTAL 344 MAXPE 47 MAXPATCH 5 RefineTorusLB MEM: 0 MB
LDB: TIME 264.382 LOAD: AVG 0.581768 MAX 0.64026  PROXIES: TOTAL 344 MAXPE 47 MAXPATCH 5 RefineTorusLB MEM: 0 MB
LDB: ============== END OF LOAD BALANCING =============== 264.382
Info: useSync: 0 useProxySync: 0
LDB: =============== DONE WITH MIGRATION ================ 264.382
TIMING: 37000  CPU: 266.264, 0.00729045/step  Wall: 267.411, 0.00731084/step, 1.95565 hours remaining, 0.000000 MB of memory in use.
PERFORMANCE: 37000  averaging 23.9177 ns/day, 0.00722479 sec/step with standard deviation 0.000112649
ENERGY:   37000       384.6039      1075.4929      1362.3426        20.5347        -587618.8139     42106.6772        39.8407         0.0000     48636.1934        -493993.1286       293.8404   -542629.3219   -493885.0070       293.1439              0.0409        30.4204    831568.6747        -2.2583        -2.2226

TIMING: 38000  CPU: 273.568, 0.00730441/step  Wall: 274.735, 0.00732446/step, 1.95726 hours remaining, 0.000000 MB of memory in use.
PERFORMANCE: 38000  averaging 23.909 ns/day, 0.00722741 sec/step with standard deviation 0.000112286
ENERGY:   38000       376.1895      1099.8406      1352.8227        15.6440        -588054.7057     42215.6185        43.0817         0.0000     48480.6134        -494470.8952       292.9004   -542951.5087   -494366.2077       292.3133             84.5337       115.6211    829931.5192         2.3644         2.3594

TIMING: 39000  CPU: 280.899, 0.00733123/step  Wall: 282.083, 0.00734805/step, 1.96152 hours remaining, 0.000000 MB of memory in use.
PERFORMANCE: 39000  averaging 23.8988 ns/day, 0.0072305 sec/step with standard deviation 0.000112471
ENERGY:   39000       393.0113      1074.6948      1350.3797        26.0388        -587871.6579     42149.2755        40.3445         0.0000     48649.0329        -494188.8804       293.9179   -542837.9134   -494085.3813       291.9098             34.6525        67.4690    832548.1863        -1.4148        -1.4057

WRITING COORDINATES TO DCD FILE eq1.dcd AT STEP 40000
WRITING COORDINATES TO RESTART FILE AT STEP 40000
FINISHED WRITING RESTART COORDINATES
The last position output (seq=40000) takes 0.039 seconds, 0.000 MB of memory in use
TIMING: 40000  CPU: 288.235, 0.00733519/step  Wall: 289.462, 0.00737894/step, 1.96772 hours remaining, 0.000000 MB of memory in use.
PERFORMANCE: 40000  averaging 23.8865 ns/day, 0.00723421 sec/step with standard deviation 0.000113473
ETITLE:      TS           BOND          ANGLE          DIHED          IMPRP               ELECT            VDW       BOUNDARY           MISC        KINETIC               TOTAL           TEMP      POTENTIAL         TOTAL3        TEMPAVG            PRESSURE      GPRESSURE         VOLUME       PRESSAVG      GPRESSAVG

ENERGY:   40000       395.3316      1060.4298      1346.2731        20.5730        -587361.0547     41981.4705        35.1079         0.0000     48334.4956        -494187.3733       292.0176   -542521.8689   -494084.7614       292.2207            -49.2696       -16.4569    832422.7486        -3.2043        -3.2314

WRITING EXTENDED SYSTEM TO RESTART FILE AT STEP 40000
WRITING VELOCITIES TO RESTART FILE AT STEP 40000
FINISHED WRITING RESTART VELOCITIES
The last velocity output (seq=40000) takes 0.022 seconds, 0.000 MB of memory in use
LDB: ============= START OF LOAD BALANCING ============== 293.036
LDB: ============== END OF LOAD BALANCING =============== 293.037
Info: useSync: 0 useProxySync: 0
LDB: =============== DONE WITH MIGRATION ================ 293.037
LDB: ============= START OF LOAD BALANCING ============== 293.767
LDB: TIME 293.768 LOAD: AVG 0.581409 MAX 0.640338  PROXIES: TOTAL 344 MAXPE 47 MAXPATCH 5 None MEM: 0 MB
LDB: TIME 293.768 LOAD: AVG 0.581409 MAX 0.640338  PROXIES: TOTAL 344 MAXPE 47 MAXPATCH 5 RefineTorusLB MEM: 0 MB
LDB: TIME 293.768 LOAD: AVG 0.581409 MAX 0.640338  PROXIES: TOTAL 344 MAXPE 47 MAXPATCH 5 RefineTorusLB MEM: 0 MB
LDB: ============== END OF LOAD BALANCING =============== 293.768
Info: useSync: 0 useProxySync: 0
LDB: =============== DONE WITH MIGRATION ================ 293.769
TIMING: 41000  CPU: 295.518, 0.00728333/step  Wall: 296.799, 0.00733621/step, 1.95429 hours remaining, 0.000000 MB of memory in use.
PERFORMANCE: 41000  averaging 23.8783 ns/day, 0.0072367 sec/step with standard deviation 0.000113172
ENERGY:   41000       390.9493      1094.8274      1358.5185        22.3959        -587051.4290     41768.9734        42.2305         0.0000     48243.3928        -494130.1411       291.4672   -542373.5339   -494028.2098       292.3160           -103.6921       -74.8032    832343.1940        -4.2863        -4.3154

TIMING: 42000  CPU: 302.822, 0.00730458/step  Wall: 304.13, 0.00733192/step, 1.95111 hours remaining, 0.000000 MB of memory in use.
PERFORMANCE: 42000  averaging 23.8708 ns/day, 0.00723897 sec/step with standard deviation 0.000112745
ENERGY:   42000       396.9249      1058.6884      1353.7239        15.6122        -587384.1960     41679.7028        36.9967         0.0000     48537.8081        -494304.7389       293.2460   -542842.5471   -494196.8963       292.3356           -136.4063      -105.1188    832547.5606         5.9631         5.9889

TIMING: 43000  CPU: 310.136, 0.00731392/step  Wall: 311.466, 0.00733599/step, 1.95015 hours remaining, 0.000000 MB of memory in use.
PERFORMANCE: 43000  averaging 23.8634 ns/day, 0.00724122 sec/step with standard deviation 0.000112373
ENERGY:   43000       398.1369      1088.0617      1365.2438        17.4107        -588464.6136     42552.3014        40.3316         0.0000     48256.6974        -494746.4301       291.5476   -543003.1275   -494640.5207       291.9666            104.1394       135.5715    830907.9822         0.0255        -0.0516

TIMING: 44000  CPU: 317.442, 0.00730608/step  Wall: 318.79, 0.00732352/step, 1.9448 hours remaining, 0.000000 MB of memory in use.
PERFORMANCE: 44000  averaging 23.8572 ns/day, 0.0072431 sec/step with standard deviation 0.00011175
ENERGY:   44000       388.2149      1097.0932      1338.0186        15.3057        -587539.8950     41843.5450        44.1900         0.0000     48531.5931        -494281.9346       293.2084   -542813.5277   -494183.2446       292.5384           -119.5731       -88.1385    833081.8074         1.0265         1.0245

LDB: ============= START OF LOAD BALANCING ============== 322.358
LDB: ============== END OF LOAD BALANCING =============== 322.358
Info: useSync: 0 useProxySync: 0
LDB: =============== DONE WITH MIGRATION ================ 322.358
LDB: ============= START OF LOAD BALANCING ============== 323.091
LDB: TIME 323.092 LOAD: AVG 0.583225 MAX 0.643607  PROXIES: TOTAL 344 MAXPE 47 MAXPATCH 5 None MEM: 0 MB
LDB: TIME 323.092 LOAD: AVG 0.583225 MAX 0.643607  PROXIES: TOTAL 344 MAXPE 47 MAXPATCH 5 RefineTorusLB MEM: 0 MB
LDB: TIME 323.092 LOAD: AVG 0.583225 MAX 0.643607  PROXIES: TOTAL 344 MAXPE 47 MAXPATCH 5 RefineTorusLB MEM: 0 MB
LDB: Reverting to original mapping
LDB: ============== END OF LOAD BALANCING =============== 323.092
Info: useSync: 0 useProxySync: 0
LDB: =============== DONE WITH MIGRATION ================ 323.092
WRITING COORDINATES TO DCD FILE eq1.dcd AT STEP 45000
The last position output (seq=45000) takes 0.010 seconds, 0.000 MB of memory in use
TIMING: 45000  CPU: 324.753, 0.00731013/step  Wall: 326.119, 0.00732945/step, 1.94434 hours remaining, 0.000000 MB of memory in use.
PERFORMANCE: 45000  averaging 23.8509 ns/day, 0.00724501 sec/step with standard deviation 0.00011122
ENERGY:   45000       366.7558      1091.5689      1352.7352        23.6453        -587740.8087     42102.7956        42.9988         0.0000     48215.1917        -494545.1174       291.2968   -542760.3091   -494436.6728       291.9428             67.8421        97.5732    831396.6356         3.4747         3.5023

TIMING: 46000  CPU: 332.057, 0.00730399/step  Wall: 333.441, 0.0073214/step, 1.94017 hours remaining, 0.000000 MB of memory in use.
PERFORMANCE: 46000  averaging 23.8454 ns/day, 0.00724667 sec/step with standard deviation 0.000110553
ENERGY:   46000       390.0132      1084.8929      1364.4952        19.5747        -588060.5986     42059.2841        34.9235         0.0000     48409.5614        -494697.8537       292.4711   -543107.4151   -494590.9527       292.2291            -55.0559       -23.0685    831629.3024        -0.0808         0.0269

TIMING: 47000  CPU: 339.366, 0.00730954/step  Wall: 340.77, 0.00732894/step, 1.94013 hours remaining, 0.000000 MB of memory in use.
PERFORMANCE: 47000  averaging 23.8397 ns/day, 0.00724843 sec/step with standard deviation 0.000110001
ENERGY:   47000       405.1534      1053.3910      1357.2133        23.4230        -588005.0986     42174.8181        45.1839         0.0000     48443.0654        -494502.8505       292.6736   -542945.9159   -494400.0389       291.7056            -27.5173         4.3335    832131.8559        -0.7869        -0.7706

TIMING: 48000  CPU: 346.677, 0.00731111/step  Wall: 348.105, 0.00733572/step, 1.93989 hours remaining, 0.000000 MB of memory in use.
PERFORMANCE: 48000  averaging 23.8337 ns/day, 0.00725024 sec/step with standard deviation 0.000109551
ENERGY:   48000       400.0232      1070.0276      1365.3799        16.8811        -587999.7519     42113.2617        56.9431         0.0000     48449.8512        -494527.3842       292.7146   -542977.2353   -494429.3035       291.9311            -76.8733       -45.7602    833187.9094         6.6349         6.6623

LDB: ============= START OF LOAD BALANCING ============== 351.675
LDB: ============== END OF LOAD BALANCING =============== 351.676
Info: useSync: 0 useProxySync: 0
LDB: =============== DONE WITH MIGRATION ================ 351.676
LDB: ============= START OF LOAD BALANCING ============== 352.411
LDB: TIME 352.411 LOAD: AVG 0.584547 MAX 0.646208  PROXIES: TOTAL 344 MAXPE 47 MAXPATCH 5 None MEM: 0 MB
LDB: TIME 352.412 LOAD: AVG 0.584547 MAX 0.646208  PROXIES: TOTAL 344 MAXPE 47 MAXPATCH 5 RefineTorusLB MEM: 0 MB
LDB: TIME 352.412 LOAD: AVG 0.584547 MAX 0.646208  PROXIES: TOTAL 344 MAXPE 47 MAXPATCH 5 RefineTorusLB MEM: 0 MB
LDB: Reverting to original mapping
LDB: ============== END OF LOAD BALANCING =============== 352.412
Info: useSync: 0 useProxySync: 0
LDB: =============== DONE WITH MIGRATION ================ 352.412
TIMING: 49000  CPU: 353.992, 0.00731498/step  Wall: 355.442, 0.00733656/step, 1.93807 hours remaining, 0.000000 MB of memory in use.
PERFORMANCE: 49000  averaging 23.8279 ns/day, 0.00725201 sec/step with standard deviation 0.000109103
ENERGY:   49000       399.6280      1042.1710      1337.5324        18.3025        -587634.6817     41951.6679        49.1209         0.0000     48179.2286        -494657.0304       291.0796   -542836.2590   -494555.2932       291.2771            -64.8756       -36.0390    831500.8622         3.5562         3.4995

WRITING COORDINATES TO DCD FILE eq1.dcd AT STEP 50000
WRITING COORDINATES TO RESTART FILE AT STEP 50000
FINISHED WRITING RESTART COORDINATES
The last position output (seq=50000) takes 0.039 seconds, 0.000 MB of memory in use
TIMING: 50000  CPU: 361.317, 0.0073245/step  Wall: 362.803, 0.00736126/step, 1.94255 hours remaining, 0.000000 MB of memory in use.
PERFORMANCE: 50000  averaging 23.8207 ns/day, 0.00725419 sec/step with standard deviation 0.000109084
ETITLE:      TS           BOND          ANGLE          DIHED          IMPRP               ELECT            VDW       BOUNDARY           MISC        KINETIC               TOTAL           TEMP      POTENTIAL         TOTAL3        TEMPAVG            PRESSURE      GPRESSURE         VOLUME       PRESSAVG      GPRESSAVG

ENERGY:   50000       377.1786      1111.1420      1354.7109        15.4259        -587793.3179     42167.3330        49.7377         0.0000     48237.3248        -494480.4648       291.4306   -542717.7896   -494375.9051       291.4626            -26.0697         2.0344    832982.8114        -7.1491        -7.0979

WRITING EXTENDED SYSTEM TO RESTART FILE AT STEP 50000
WRITING VELOCITIES TO RESTART FILE AT STEP 50000
FINISHED WRITING RESTART VELOCITIES
The last velocity output (seq=50000) takes 0.023 seconds, 0.000 MB of memory in use
TIMING: 51000  CPU: 368.608, 0.00729095/step  Wall: 370.143, 0.00733995/step, 1.93489 hours remaining, 0.000000 MB of memory in use.
PERFORMANCE: 51000  averaging 23.8152 ns/day, 0.00725587 sec/step with standard deviation 0.000108653
ENERGY:   51000       419.7818      1054.2367      1350.8499        18.1394        -587252.5740     42005.6337        44.0404         0.0000     48387.8223        -493972.0699       292.3398   -542359.8922   -493870.0010       291.9975            -81.8267       -50.3051    832998.0288        -1.8728        -1.9061

TIMING: 52000  CPU: 375.892, 0.00728387/step  Wall: 377.445, 0.00730142/step, 1.92271 hours remaining, 0.000000 MB of memory in use.
PERFORMANCE: 52000  averaging 23.8123 ns/day, 0.00725675 sec/step with standard deviation 0.000107768
ENERGY:   52000       382.0096      1027.0973      1348.2717        19.0840        -587110.0934     42183.6512        47.4535         0.0000     48104.4484        -493998.0777       290.6278   -542102.5262   -493887.5848       293.0337            143.8353       175.1259    830515.3642         2.5598         2.5399

LDB: ============= START OF LOAD BALANCING ============== 381.009
LDB: ============== END OF LOAD BALANCING =============== 381.009
Info: useSync: 0 useProxySync: 0
LDB: =============== DONE WITH MIGRATION ================ 381.01
LDB: ============= START OF LOAD BALANCING ============== 381.75
LDB: TIME 381.751 LOAD: AVG 0.590031 MAX 0.6508  PROXIES: TOTAL 344 MAXPE 47 MAXPATCH 5 None MEM: 0 MB
LDB: TIME 381.751 LOAD: AVG 0.590031 MAX 0.6508  PROXIES: TOTAL 344 MAXPE 47 MAXPATCH 5 RefineTorusLB MEM: 0 MB
LDB: TIME 381.751 LOAD: AVG 0.590031 MAX 0.6508  PROXIES: TOTAL 344 MAXPE 47 MAXPATCH 5 RefineTorusLB MEM: 0 MB
LDB: ============== END OF LOAD BALANCING =============== 381.751
Info: useSync: 0 useProxySync: 0
LDB: =============== DONE WITH MIGRATION ================ 381.751
TIMING: 53000  CPU: 383.198, 0.00730686/step  Wall: 384.773, 0.00732826/step, 1.92774 hours remaining, 0.000000 MB of memory in use.
PERFORMANCE: 53000  averaging 23.8079 ns/day, 0.0072581 sec/step with standard deviation 0.000107178
ENERGY:   53000       392.1426      1053.5601      1343.4556        17.8113        -587515.8013     42254.6962        45.2610         0.0000     48517.9400        -493890.9346       293.1259   -542408.8746   -493785.4124       292.7254             15.5664        47.2756    832775.3642         4.8013         4.7374

TIMING: 54000  CPU: 390.491, 0.00729236/step  Wall: 392.085, 0.0073123/step, 1.92151 hours remaining, 0.000000 MB of memory in use.
PERFORMANCE: 54000  averaging 23.8046 ns/day, 0.0072591 sec/step with standard deviation 0.000106418
ENERGY:   54000       407.3573      1058.1420      1340.7550        14.6968        -587578.9955     42209.2249        49.8265         0.0000     48522.1392        -493976.8539       293.1513   -542498.9931   -493875.2219       292.9894            -21.6169        10.1927    832573.6784         4.7564         4.7766

WRITING COORDINATES TO DCD FILE eq1.dcd AT STEP 55000
TIMING: 55000  CPU: 397.778, 0.00728754/step  Wall: 399.393, 0.00730794/step, 1.91833 hours remaining, 0.000000 MB of memory in use.
PERFORMANCE: 55000  averaging 23.8017 ns/day, 0.00725999 sec/step with standard deviation 0.000105634
ENERGY:   55000       394.0891      1058.4401      1369.9776        16.2597        -586438.2462     41366.1692        45.0262         0.0000     48363.3228        -493824.9614       292.1918   -542188.2842   -493721.6213       293.1349           -250.2936      -221.7081    831807.9999         1.7886         1.7813

TIMING: 56000  CPU: 405.079, 0.00730075/step  Wall: 406.714, 0.00732086/step, 1.91969 hours remaining, 0.000000 MB of memory in use.
PERFORMANCE: 56000  averaging 23.7981 ns/day, 0.00726108 sec/step with standard deviation 0.000104984
ENERGY:   56000       397.6319      1097.4174      1360.0815        18.7003        -587318.9598     41677.4166        42.9398         0.0000     48344.1815        -494380.5909       292.0762   -542724.7724   -494278.7012       292.9670           -141.1845      -108.4360    830596.1051         2.4412         2.4027

LDB: ============= START OF LOAD BALANCING ============== 410.278
LDB: ============== END OF LOAD BALANCING =============== 410.278
Info: useSync: 0 useProxySync: 0
LDB: =============== DONE WITH MIGRATION ================ 410.278
LDB: ============= START OF LOAD BALANCING ============== 411.015
LDB: TIME 411.016 LOAD: AVG 0.583032 MAX 0.646494  PROXIES: TOTAL 344 MAXPE 47 MAXPATCH 5 None MEM: 0 MB
LDB: TIME 411.016 LOAD: AVG 0.583032 MAX 0.646494  PROXIES: TOTAL 344 MAXPE 47 MAXPATCH 5 RefineTorusLB MEM: 0 MB
LDB: TIME 411.016 LOAD: AVG 0.583032 MAX 0.646494  PROXIES: TOTAL 344 MAXPE 47 MAXPATCH 5 RefineTorusLB MEM: 0 MB
LDB: ============== END OF LOAD BALANCING =============== 411.016
Info: useSync: 0 useProxySync: 0
LDB: =============== DONE WITH MIGRATION ================ 411.016
TIMING: 57000  CPU: 412.396, 0.00731726/step  Wall: 414.049, 0.00733482/step, 1.92131 hours remaining, 0.000000 MB of memory in use.
PERFORMANCE: 57000  averaging 23.7939 ns/day, 0.00726237 sec/step with standard deviation 0.0001045
ENERGY:   57000       427.4594      1071.5716      1363.0067        17.3074        -587210.0246     41874.4566        42.5063         0.0000     48383.3698        -494030.3469       292.3129   -542413.7166   -493921.5303       291.8817           -111.7542       -80.0251    831520.5372         4.5642         4.5003

TIMING: 58000  CPU: 419.686, 0.00728974/step  Wall: 421.364, 0.00731476/step, 1.91403 hours remaining, 0.000000 MB of memory in use.
PERFORMANCE: 58000  averaging 23.7909 ns/day, 0.00726327 sec/step with standard deviation 0.000103808
ENERGY:   58000       390.0960      1076.0553      1364.3951        17.5231        -586912.0800     41458.6132        47.2835         0.0000     48051.7926        -494506.3212       290.3097   -542558.1138   -494400.3308       293.0002           -211.6272      -178.2432    831530.5702         8.9433         8.9801

TIMING: 59000  CPU: 426.976, 0.00728991/step  Wall: 428.682, 0.00731817/step, 1.91289 hours remaining, 0.000000 MB of memory in use.
PERFORMANCE: 59000  averaging 23.7879 ns/day, 0.0072642 sec/step with standard deviation 0.000103157
ENERGY:   59000       405.5198      1088.6952      1363.6864        20.5839        -587581.5546     41990.2296        39.0600         0.0000     48000.6812        -494673.0985       290.0009   -542673.7797   -494574.7223       291.7244           -111.4398       -81.8525    832259.0498        -3.3249        -3.3427

TIMING: 60000  CPU: 434.282, 0.00730584/step  Wall: 436.013, 0.00733077/step, 1.91415 hours remaining, 0.000000 MB of memory in use.
PERFORMANCE: 60000  averaging 23.7842 ns/day, 0.00726531 sec/step with standard deviation 0.000102639
ETITLE:      TS           BOND          ANGLE          DIHED          IMPRP               ELECT            VDW       BOUNDARY           MISC        KINETIC               TOTAL           TEMP      POTENTIAL         TOTAL3        TEMPAVG            PRESSURE      GPRESSURE         VOLUME       PRESSAVG      GPRESSAVG

ENERGY:   60000       383.7813      1096.3947      1349.9611        16.5526        -588030.3489     42051.8166        45.2869         0.0000     48483.4813        -494603.0745       292.9177   -543086.5558   -494502.7957       291.4525             13.5623        45.5620    831313.8553        -2.0213        -2.0377

WRITING EXTENDED SYSTEM TO RESTART FILE AT STEP 60000
WRITING COORDINATES TO DCD FILE eq1.dcd AT STEP 60000
WRITING COORDINATES TO RESTART FILE AT STEP 60000
FINISHED WRITING RESTART COORDINATES
WRITING VELOCITIES TO RESTART FILE AT STEP 60000
FINISHED WRITING RESTART VELOCITIES
LDB: ============= START OF LOAD BALANCING ============== 439.646
LDB: ============== END OF LOAD BALANCING =============== 439.646
Info: useSync: 0 useProxySync: 0
LDB: =============== DONE WITH MIGRATION ================ 439.646
LDB: ============= START OF LOAD BALANCING ============== 440.381
LDB: TIME 440.381 LOAD: AVG 0.583732 MAX 0.643641  PROXIES: TOTAL 344 MAXPE 47 MAXPATCH 5 None MEM: 0 MB
LDB: TIME 440.381 LOAD: AVG 0.583732 MAX 0.643641  PROXIES: TOTAL 344 MAXPE 47 MAXPATCH 5 RefineTorusLB MEM: 0 MB
LDB: TIME 440.381 LOAD: AVG 0.583732 MAX 0.643641  PROXIES: TOTAL 344 MAXPE 47 MAXPATCH 5 RefineTorusLB MEM: 0 MB
LDB: Reverting to original mapping
LDB: ============== END OF LOAD BALANCING =============== 440.381
Info: useSync: 0 useProxySync: 0
LDB: =============== DONE WITH MIGRATION ================ 440.382
TIMING: 61000  CPU: 441.614, 0.00733206/step  Wall: 443.418, 0.00740513/step, 1.9315 hours remaining, 0.000000 MB of memory in use.
PERFORMANCE: 61000  averaging 23.7767 ns/day, 0.00726761 sec/step with standard deviation 0.000103343
ENERGY:   61000       398.4737      1096.7502      1358.6380        18.9362        -587346.9035     41710.1383        47.7658         0.0000     48036.6588        -494679.5425       290.2182   -542716.2013   -494569.8653       291.7314           -157.9133      -125.1988    832477.0898         1.6139         1.6284

TIMING: 62000  CPU: 448.915, 0.00730159/step  Wall: 450.747, 0.00732925/step, 1.90968 hours remaining, 0.000000 MB of memory in use.
PERFORMANCE: 62000  averaging 23.7735 ns/day, 0.0072686 sec/step with standard deviation 0.000102791
ENERGY:   62000       410.8549      1113.0586      1342.5401        15.7783        -587988.5817     41859.4298        40.8874         0.0000     48090.0688        -495115.9639       290.5409   -543206.0327   -495013.5410       290.8405           -176.5910      -146.3186    831658.5995        -6.7206        -6.6770

TIMING: 63000  CPU: 456.221, 0.00730547/step  Wall: 458.077, 0.00732978/step, 1.90778 hours remaining, 0.000000 MB of memory in use.
PERFORMANCE: 63000  averaging 23.7703 ns/day, 0.00726957 sec/step with standard deviation 0.000102249
ENERGY:   63000       415.6784      1063.2934      1341.3362        17.9377        -588421.3243     42424.4092        48.1148         0.0000     48090.2777        -495020.2770       290.5422   -543110.5547   -494911.8232       290.5996             62.7420        94.3210    830985.4392        10.8916        10.9276

TIMING: 64000  CPU: 463.538, 0.00731749/step  Wall: 465.422, 0.00734494/step, 1.90969 hours remaining, 0.000000 MB of memory in use.
PERFORMANCE: 64000  averaging 23.7665 ns/day, 0.00727075 sec/step with standard deviation 0.000101871
ENERGY:   64000       402.3252      1118.1760      1359.6040        17.4644        -588656.3970     42487.4836        47.3513         0.0000     48519.2403        -494704.7522       293.1338   -543223.9925   -494604.9222       291.6089             50.9980        83.9868    830998.0230        -0.5987        -0.6011

LDB: ============= START OF LOAD BALANCING ============== 468.994
LDB: ============== END OF LOAD BALANCING =============== 468.994
Info: useSync: 0 useProxySync: 0
LDB: =============== DONE WITH MIGRATION ================ 468.994
LDB: ============= START OF LOAD BALANCING ============== 469.731
LDB: TIME 469.731 LOAD: AVG 0.583757 MAX 0.645107  PROXIES: TOTAL 344 MAXPE 47 MAXPATCH 5 None MEM: 0 MB
LDB: TIME 469.731 LOAD: AVG 0.583757 MAX 0.645106  PROXIES: TOTAL 344 MAXPE 47 MAXPATCH 5 RefineTorusLB MEM: 0 MB
LDB: TIME 469.731 LOAD: AVG 0.583757 MAX 0.645106  PROXIES: TOTAL 344 MAXPE 47 MAXPATCH 5 RefineTorusLB MEM: 0 MB
LDB: ============== END OF LOAD BALANCING =============== 469.731
Info: useSync: 0 useProxySync: 0
LDB: =============== DONE WITH MIGRATION ================ 469.732
TIMING: 65000  CPU: 470.84, 0.00730176/step  Wall: 472.755, 0.00733359/step, 1.9047 hours remaining, 0.000000 MB of memory in use.
PERFORMANCE: 65000  averaging 23.7633 ns/day, 0.00727171 sec/step with standard deviation 0.000101372
ENERGY:   65000       402.8946      1129.9532      1329.0030        17.0177        -587576.9760     41782.7754        44.4999         0.0000     48284.6247        -494586.2077       291.7163   -542870.8324   -494479.7258       292.0589           -131.1099      -102.4668    831818.2773        -0.5868        -0.5651

WRITING COORDINATES TO DCD FILE eq1.dcd AT STEP 65000
TIMING: 66000  CPU: 478.128, 0.00728785/step  Wall: 480.071, 0.00731581/step, 1.89804 hours remaining, 0.000000 MB of memory in use.
PERFORMANCE: 66000  averaging 23.7611 ns/day, 0.00727238 sec/step with standard deviation 0.000100736
ENERGY:   66000       422.2154      1072.1203      1346.4578        14.2324        -587768.6866     42013.4805        43.4222         0.0000     48244.8214        -494611.9367       291.4759   -542856.7581   -494515.3461       291.9121            -90.2574       -59.4891    831690.3140         2.5234         2.4854

TIMING: 67000  CPU: 485.427, 0.00729859/step  Wall: 487.395, 0.00732414/step, 1.89817 hours remaining, 0.000000 MB of memory in use.
PERFORMANCE: 67000  averaging 23.7586 ns/day, 0.00727316 sec/step with standard deviation 0.000100169
ENERGY:   67000       391.2771      1082.3031      1343.2789        19.9448        -588138.1504     42317.6953        46.1302         0.0000     48575.8060        -494361.7151       293.4755   -542937.5210   -494261.5212       292.4987            -23.7227         8.9832    833679.6948         3.7437         3.7517

TIMING: 68000  CPU: 492.693, 0.00726689/step  Wall: 494.695, 0.00729997/step, 1.88988 hours remaining, 0.000000 MB of memory in use.
PERFORMANCE: 68000  averaging 23.7573 ns/day, 0.00727355 sec/step with standard deviation 9.94723e-05
ENERGY:   68000       384.4192      1078.0266      1350.0215        17.2915        -587593.1758     41832.0572        46.2096         0.0000     48514.2367        -494370.9135       293.1036   -542885.1502   -494272.0024       292.0140           -111.0167       -78.9887    832083.0360        -0.8624        -0.8970

LDB: ============= START OF LOAD BALANCING ============== 498.249
LDB: ============== END OF LOAD BALANCING =============== 498.249
Info: useSync: 0 useProxySync: 0
LDB: =============== DONE WITH MIGRATION ================ 498.249
LDB: ============= START OF LOAD BALANCING ============== 498.982
LDB: TIME 498.982 LOAD: AVG 0.584642 MAX 0.641485  PROXIES: TOTAL 344 MAXPE 47 MAXPATCH 5 None MEM: 0 MB
LDB: TIME 498.982 LOAD: AVG 0.584642 MAX 0.641485  PROXIES: TOTAL 344 MAXPE 47 MAXPATCH 5 RefineTorusLB MEM: 0 MB
LDB: TIME 498.983 LOAD: AVG 0.584642 MAX 0.641485  PROXIES: TOTAL 344 MAXPE 47 MAXPATCH 5 RefineTorusLB MEM: 0 MB
LDB: ============== END OF LOAD BALANCING =============== 498.983
Info: useSync: 0 useProxySync: 0
LDB: =============== DONE WITH MIGRATION ================ 498.983
TIMING: 69000  CPU: 499.997, 0.00730335/step  Wall: 502.022, 0.00732714/step, 1.89488 hours remaining, 0.000000 MB of memory in use.
PERFORMANCE: 69000  averaging 23.7548 ns/day, 0.00727433 sec/step with standard deviation 9.89487e-05
ENERGY:   69000       393.6885      1101.7155      1362.9279        16.3421        -587369.6553     42121.5813        36.7372         0.0000     48256.9170        -494079.7457       291.5489   -542336.6627   -493968.5240       292.0936             31.6489        61.8920    832466.1304        -2.3603        -2.3081

WRITING COORDINATES TO DCD FILE eq1.dcd AT STEP 70000
WRITING COORDINATES TO RESTART FILE AT STEP 70000
FINISHED WRITING RESTART COORDINATES
TIMING: 70000  CPU: 507.344, 0.00734725/step  Wall: 509.415, 0.00739222/step, 1.90966 hours remaining, 0.000000 MB of memory in use.
PERFORMANCE: 70000  averaging 23.7493 ns/day, 0.00727601 sec/step with standard deviation 9.92345e-05
ETITLE:      TS           BOND          ANGLE          DIHED          IMPRP               ELECT            VDW       BOUNDARY           MISC        KINETIC               TOTAL           TEMP      POTENTIAL         TOTAL3        TEMPAVG            PRESSURE      GPRESSURE         VOLUME       PRESSAVG      GPRESSAVG

ENERGY:   70000       381.7680      1100.8824      1350.7380        15.2255        -587294.3213     42092.6428        35.9431         0.0000     48233.4395        -494083.6819       291.4071   -542317.1214   -493979.3938       292.8064            -16.1003        13.9358    832861.2920        -6.3233        -6.3503

WRITING EXTENDED SYSTEM TO RESTART FILE AT STEP 70000
WRITING VELOCITIES TO RESTART FILE AT STEP 70000
FINISHED WRITING RESTART VELOCITIES
TIMING: 71000  CPU: 514.638, 0.00729369/step  Wall: 516.758, 0.00734351/step, 1.89503 hours remaining, 0.000000 MB of memory in use.
PERFORMANCE: 71000  averaging 23.7462 ns/day, 0.00727696 sec/step with standard deviation 9.88483e-05
ENERGY:   71000       410.0162      1110.4552      1347.9950        19.3242        -587483.8942     42218.3678        53.9928         0.0000     48471.3505        -493852.3925       292.8445   -542323.7430   -493743.6330       292.8784              6.8623        37.6697    832194.3720         0.0051         0.0053

TIMING: 72000  CPU: 521.936, 0.00729808/step  Wall: 524.081, 0.00732256/step, 1.88759 hours remaining, 0.000000 MB of memory in use.
PERFORMANCE: 72000  averaging 23.7441 ns/day, 0.00727759 sec/step with standard deviation 9.82967e-05
ENERGY:   72000       358.3391      1047.4340      1355.8699        18.4641        -587138.0822     41778.8050        36.0596         0.0000     48700.1334        -493842.9772       294.2267   -542543.1106   -493731.4114       293.4019            -94.3303       -57.7710    833239.5889        -3.2901        -3.3071

LDB: ============= START OF LOAD BALANCING ============== 527.636
LDB: ============== END OF LOAD BALANCING =============== 527.636
Info: useSync: 0 useProxySync: 0
LDB: =============== DONE WITH MIGRATION ================ 527.636
LDB: ============= START OF LOAD BALANCING ============== 528.367
LDB: TIME 528.368 LOAD: AVG 0.582875 MAX 0.640443  PROXIES: TOTAL 344 MAXPE 47 MAXPATCH 5 None MEM: 0 MB
LDB: TIME 528.368 LOAD: AVG 0.582875 MAX 0.640443  PROXIES: TOTAL 344 MAXPE 47 MAXPATCH 5 RefineTorusLB MEM: 0 MB
LDB: TIME 528.368 LOAD: AVG 0.582875 MAX 0.640443  PROXIES: TOTAL 344 MAXPE 47 MAXPATCH 5 RefineTorusLB MEM: 0 MB
LDB: Reverting to original mapping
LDB: ============== END OF LOAD BALANCING =============== 528.368
Info: useSync: 0 useProxySync: 0
LDB: =============== DONE WITH MIGRATION ================ 528.368
TIMING: 73000  CPU: 529.219, 0.00728341/step  Wall: 531.39, 0.00730974/step, 1.88226 hours remaining, 0.000000 MB of memory in use.
PERFORMANCE: 73000  averaging 23.7427 ns/day, 0.00727803 sec/step with standard deviation 9.76842e-05
ENERGY:   73000       428.3565      1066.5997      1347.3768        12.9484        -587215.1255     41675.9772        42.7097         0.0000     48520.4086        -494120.7487       293.1408   -542641.1573   -494018.4025       292.9872           -185.4350      -152.9691    833092.2788         0.7656         0.6718

TIMING: 74000  CPU: 536.521, 0.0073014/step  Wall: 538.712, 0.00732178/step, 1.88332 hours remaining, 0.000000 MB of memory in use.
PERFORMANCE: 74000  averaging 23.7407 ns/day, 0.00727863 sec/step with standard deviation 9.7146e-05
ENERGY:   74000       418.8765      1066.1035      1351.0972        19.0864        -587335.4073     42016.2521        52.7037         0.0000     48389.2939        -494021.9939       292.3487   -542411.2878   -493918.9880       292.9378            -21.0562        11.6738    831493.8447         2.7720         2.7904

TIMING: 75000  CPU: 543.823, 0.00730282/step  Wall: 546.043, 0.00733089/step, 1.88363 hours remaining, 0.000000 MB of memory in use.
PERFORMANCE: 75000  averaging 23.7385 ns/day, 0.00727932 sec/step with standard deviation 9.66759e-05
ENERGY:   75000       378.2398      1069.9315      1348.6860        17.7226        -587575.3918     42022.2139        39.9334         0.0000     48275.8225        -494422.8423       291.6632   -542698.6648   -494315.7594       292.3557            -36.4853        -2.4462    833251.2471        -3.4230        -3.3680

WRITING COORDINATES TO DCD FILE eq1.dcd AT STEP 75000
TIMING: 76000  CPU: 551.125, 0.00730163/step  Wall: 553.368, 0.00732522/step, 1.88014 hours remaining, 0.000000 MB of memory in use.
PERFORMANCE: 76000  averaging 23.7365 ns/day, 0.00727993 sec/step with standard deviation 9.61734e-05
ENERGY:   76000       411.0253      1065.3733      1355.0875        17.9609        -587602.6398     42173.5696        47.3976         0.0000     48253.2747        -494278.9509       291.5269   -542532.2256   -494166.8691       291.8301            -47.3015       -11.8716    833731.3263        -2.0798        -2.1375

LDB: ============= START OF LOAD BALANCING ============== 556.922
LDB: ============== END OF LOAD BALANCING =============== 556.922
Info: useSync: 0 useProxySync: 0
LDB: =============== DONE WITH MIGRATION ================ 556.922
LDB: ============= START OF LOAD BALANCING ============== 557.652
LDB: TIME 557.652 LOAD: AVG 0.583387 MAX 0.637621  PROXIES: TOTAL 344 MAXPE 47 MAXPATCH 5 None MEM: 0 MB
LDB: TIME 557.652 LOAD: AVG 0.583387 MAX 0.637621  PROXIES: TOTAL 344 MAXPE 47 MAXPATCH 5 RefineTorusLB MEM: 0 MB
LDB: TIME 557.652 LOAD: AVG 0.583387 MAX 0.637621  PROXIES: TOTAL 344 MAXPE 47 MAXPATCH 5 RefineTorusLB MEM: 0 MB
LDB: Reverting to original mapping
LDB: ============== END OF LOAD BALANCING =============== 557.652
Info: useSync: 0 useProxySync: 0
LDB: =============== DONE WITH MIGRATION ================ 557.653
TIMING: 77000  CPU: 558.411, 0.00728624/step  Wall: 560.682, 0.00731374/step, 1.87516 hours remaining, 0.000000 MB of memory in use.
PERFORMANCE: 77000  averaging 23.7351 ns/day, 0.00728037 sec/step with standard deviation 9.56163e-05
ENERGY:   77000       426.8633      1065.5148      1353.4952        20.6132        -587921.0917     42095.7828        58.9662         0.0000     48540.8581        -494358.9982       293.2644   -542899.8563   -494257.3444       292.2503            -22.9871        12.7097    831667.0024         3.6267         3.5966

TIMING: 78000  CPU: 565.718, 0.00730693/step  Wall: 568.014, 0.0073316/step, 1.8777 hours remaining, 0.000000 MB of memory in use.
PERFORMANCE: 78000  averaging 23.7329 ns/day, 0.00728102 sec/step with standard deviation 9.51703e-05
ENERGY:   78000       436.6685      1058.9893      1352.0191        16.4069        -588036.4562     42232.2645        49.3830         0.0000     48667.6246        -494223.1004       294.0303   -542890.7249   -494115.0138       292.7812              1.5160        32.0430    830761.0214        -0.5863        -0.6368

TIMING: 79000  CPU: 573.036, 0.00731815/step  Wall: 575.356, 0.00734278/step, 1.87853 hours remaining, 0.000000 MB of memory in use.
PERFORMANCE: 79000  averaging 23.7304 ns/day, 0.0072818 sec/step with standard deviation 9.48133e-05
ENERGY:   79000       385.0445      1090.9118      1345.6832        17.1294        -586809.6694     41663.6735        46.5164         0.0000     48252.7592        -494007.9513       291.5238   -542260.7104   -493898.2072       292.5769           -151.2850      -118.3229    833000.3105         2.6027         2.5339

TIMING: 80000  CPU: 580.358, 0.00732175/step  Wall: 582.706, 0.00734937/step, 1.87817 hours remaining, 0.000000 MB of memory in use.
PERFORMANCE: 80000  averaging 23.7276 ns/day, 0.00728265 sec/step with standard deviation 9.45136e-05
ETITLE:      TS           BOND          ANGLE          DIHED          IMPRP               ELECT            VDW       BOUNDARY           MISC        KINETIC               TOTAL           TEMP      POTENTIAL         TOTAL3        TEMPAVG            PRESSURE      GPRESSURE         VOLUME       PRESSAVG      GPRESSAVG

ENERGY:   80000       403.0715      1048.6785      1368.9069        16.9038        -587332.0587     41965.4001        45.5258         0.0000     48391.0300        -494092.5422       292.3592   -542483.5722   -493986.6664       293.1543            -38.8631        -8.2432    832036.4715         3.0958         3.1398

WRITING EXTENDED SYSTEM TO RESTART FILE AT STEP 80000
WRITING COORDINATES TO DCD FILE eq1.dcd AT STEP 80000
WRITING COORDINATES TO RESTART FILE AT STEP 80000
FINISHED WRITING RESTART COORDINATES
WRITING VELOCITIES TO RESTART FILE AT STEP 80000
FINISHED WRITING RESTART VELOCITIES
LDB: ============= START OF LOAD BALANCING ============== 586.342
LDB: ============== END OF LOAD BALANCING =============== 586.343
Info: useSync: 0 useProxySync: 0
LDB: =============== DONE WITH MIGRATION ================ 586.343
LDB: ============= START OF LOAD BALANCING ============== 587.081
LDB: TIME 587.081 LOAD: AVG 0.583716 MAX 0.648278  PROXIES: TOTAL 344 MAXPE 47 MAXPATCH 5 None MEM: 0 MB
LDB: TIME 587.082 LOAD: AVG 0.583716 MAX 0.648278  PROXIES: TOTAL 344 MAXPE 47 MAXPATCH 5 RefineTorusLB MEM: 0 MB
LDB: TIME 587.082 LOAD: AVG 0.583716 MAX 0.648278  PROXIES: TOTAL 344 MAXPE 47 MAXPATCH 5 RefineTorusLB MEM: 0 MB
LDB: Reverting to original mapping
LDB: ============== END OF LOAD BALANCING =============== 587.082
Info: useSync: 0 useProxySync: 0
LDB: =============== DONE WITH MIGRATION ================ 587.082
TIMING: 81000  CPU: 587.703, 0.007345/step  Wall: 590.124, 0.00741797/step, 1.89364 hours remaining, 0.000000 MB of memory in use.
PERFORMANCE: 81000  averaging 23.7222 ns/day, 0.00728432 sec/step with standard deviation 9.5117e-05
ENERGY:   81000       399.5047      1102.8648      1351.1133        11.4148        -587617.6740     42021.6078        40.3047         0.0000     48202.1349        -494488.7290       291.2180   -542690.8639   -494385.1186       292.3235            -37.5845        -4.5621    831161.5493         1.1791         1.1367

TIMING: 82000  CPU: 595.013, 0.00730961/step  Wall: 597.452, 0.00732844/step, 1.86875 hours remaining, 0.000000 MB of memory in use.
PERFORMANCE: 82000  averaging 23.7204 ns/day, 0.00728486 sec/step with standard deviation 9.46535e-05
ENERGY:   82000       400.3177      1101.5791      1349.5686        21.8726        -587300.2365     41812.3337        47.9400         0.0000     48466.1497        -494100.4752       292.8130   -542566.6248   -493996.7962       292.7751           -113.4617       -80.3954    831632.9336         1.0077         1.0125

TIMING: 83000  CPU: 602.318, 0.00730559/step  Wall: 604.783, 0.00733113/step, 1.8674 hours remaining, 0.000000 MB of memory in use.
PERFORMANCE: 83000  averaging 23.7186 ns/day, 0.00728542 sec/step with standard deviation 9.42116e-05
ENERGY:   83000       392.8909      1071.4295      1342.9102        19.9902        -587761.3330     42073.9877        50.1567         0.0000     48376.0824        -494433.8855       292.2689   -542809.9679   -494330.9604       292.2027              0.4725        30.2610    832023.3983         1.8890         1.9290

TIMING: 84000  CPU: 609.632, 0.00731358/step  Wall: 612.116, 0.00733296/step, 1.86583 hours remaining, 0.000000 MB of memory in use.
PERFORMANCE: 84000  averaging 23.7168 ns/day, 0.00728598 sec/step with standard deviation 9.37859e-05
ENERGY:   84000       391.8562      1060.6510      1350.1671        18.3830        -587638.0757     42063.7694        48.5073         0.0000     48569.2816        -494135.4601       293.4361   -542704.7417   -494032.2155       292.2413            -14.2737        19.5814    833267.2636         0.5538         0.4969

LDB: ============= START OF LOAD BALANCING ============== 615.674
LDB: ============== END OF LOAD BALANCING =============== 615.674
Info: useSync: 0 useProxySync: 0
LDB: =============== DONE WITH MIGRATION ================ 615.675
LDB: ============= START OF LOAD BALANCING ============== 616.406
LDB: TIME 616.407 LOAD: AVG 0.583269 MAX 0.639956  PROXIES: TOTAL 344 MAXPE 47 MAXPATCH 5 None MEM: 0 MB
LDB: TIME 616.407 LOAD: AVG 0.583269 MAX 0.639956  PROXIES: TOTAL 344 MAXPE 47 MAXPATCH 5 RefineTorusLB MEM: 0 MB
LDB: TIME 616.407 LOAD: AVG 0.583269 MAX 0.639956  PROXIES: TOTAL 344 MAXPE 47 MAXPATCH 5 RefineTorusLB MEM: 0 MB
LDB: Reverting to original mapping
LDB: ============== END OF LOAD BALANCING =============== 616.407
Info: useSync: 0 useProxySync: 0
LDB: =============== DONE WITH MIGRATION ================ 616.408
TIMING: 85000  CPU: 616.929, 0.00729715/step  Wall: 619.44, 0.00732386/step, 1.86148 hours remaining, 0.000000 MB of memory in use.
PERFORMANCE: 85000  averaging 23.7153 ns/day, 0.00728643 sec/step with standard deviation 9.33165e-05
ENERGY:   85000       397.2389      1078.9307      1344.5795        15.2827        -586846.4821     41394.4541        38.9351         0.0000     48201.7759        -494375.2852       291.2158   -542577.0611   -494269.9391       292.7750           -294.2124      -264.7513    833208.3324        -4.9342        -4.9825

WRITING COORDINATES TO DCD FILE eq1.dcd AT STEP 85000
TIMING: 86000  CPU: 624.265, 0.00733564/step  Wall: 626.801, 0.0073608/step, 1.86883 hours remaining, 0.000000 MB of memory in use.
PERFORMANCE: 86000  averaging 23.7125 ns/day, 0.00728729 sec/step with standard deviation 9.3112e-05
ENERGY:   86000       402.3197      1058.8259      1356.0147        19.1414        -587434.9617     41959.9021        38.8373         0.0000     48461.0424        -494138.8782       292.7822   -542599.9206   -494030.0268       292.1514           -107.7735       -77.0823    832339.4246        -1.6601        -1.6923

TIMING: 87000  CPU: 631.573, 0.00730787/step  Wall: 634.134, 0.00733292/step, 1.85971 hours remaining, 0.000000 MB of memory in use.
PERFORMANCE: 87000  averaging 23.7108 ns/day, 0.00728782 sec/step with standard deviation 9.26982e-05
ENERGY:   87000       383.1320      1063.2148      1338.0685        17.4833        -588291.4341     42598.3984        50.5237         0.0000     48508.0138        -494332.5995       293.0660   -542840.6133   -494232.1857       292.5012            178.6915       210.5780    831492.1765         0.0376         0.0365

TIMING: 88000  CPU: 638.887, 0.00731398/step  Wall: 641.475, 0.00734113/step, 1.85975 hours remaining, 0.000000 MB of memory in use.
PERFORMANCE: 88000  averaging 23.7088 ns/day, 0.00728842 sec/step with standard deviation 9.2339e-05
ENERGY:   88000       363.2166      1088.3488      1350.6331        22.3741        -587981.7598     42372.2514        38.7764         0.0000     48443.7950        -494302.3644       292.6780   -542746.1594   -494209.1226       292.3261            119.0537       154.8422    831184.4850        -4.5757        -4.5757

LDB: ============= START OF LOAD BALANCING ============== 645.038
LDB: ============== END OF LOAD BALANCING =============== 645.038
Info: useSync: 0 useProxySync: 0
LDB: =============== DONE WITH MIGRATION ================ 645.038
LDB: ============= START OF LOAD BALANCING ============== 645.773
LDB: TIME 645.773 LOAD: AVG 0.584839 MAX 0.644422  PROXIES: TOTAL 344 MAXPE 47 MAXPATCH 5 None MEM: 0 MB
LDB: TIME 645.774 LOAD: AVG 0.584839 MAX 0.644422  PROXIES: TOTAL 344 MAXPE 47 MAXPATCH 5 RefineTorusLB MEM: 0 MB
LDB: TIME 645.774 LOAD: AVG 0.584839 MAX 0.644422  PROXIES: TOTAL 344 MAXPE 47 MAXPATCH 5 RefineTorusLB MEM: 0 MB
LDB: ============== END OF LOAD BALANCING =============== 645.774
Info: useSync: 0 useProxySync: 0
LDB: =============== DONE WITH MIGRATION ================ 645.774
TIMING: 89000  CPU: 646.192, 0.00730563/step  Wall: 648.801, 0.00732623/step, 1.85394 hours remaining, 0.000000 MB of memory in use.
PERFORMANCE: 89000  averaging 23.7075 ns/day, 0.00728885 sec/step with standard deviation 9.19003e-05
ENERGY:   89000       385.9620      1076.8034      1351.4137        13.3886        -587924.9189     42206.1996        51.5597         0.0000     48405.7356        -494433.8561       292.4480   -542839.5917   -494331.1711       292.2432             55.6054        92.5581    830330.0177        -1.4880        -1.5694

WRITING COORDINATES TO DCD FILE eq1.dcd AT STEP 90000
WRITING COORDINATES TO RESTART FILE AT STEP 90000
FINISHED WRITING RESTART COORDINATES
TIMING: 90000  CPU: 653.516, 0.00732362/step  Wall: 656.17, 0.00736851/step, 1.8626 hours remaining, 0.000000 MB of memory in use.
PERFORMANCE: 90000  averaging 23.7046 ns/day, 0.00728973 sec/step with standard deviation 9.17676e-05
ETITLE:      TS           BOND          ANGLE          DIHED          IMPRP               ELECT            VDW       BOUNDARY           MISC        KINETIC               TOTAL           TEMP      POTENTIAL         TOTAL3        TEMPAVG            PRESSURE      GPRESSURE         VOLUME       PRESSAVG      GPRESSAVG

ENERGY:   90000       402.5713      1062.6208      1356.3039        19.4347        -588013.3758     42183.4557        43.2261         0.0000     48497.2977        -494448.4655       293.0012   -542945.7633   -494342.4776       292.3953             -8.7488        25.0249    830832.0058        -2.9331        -2.9428

WRITING EXTENDED SYSTEM TO RESTART FILE AT STEP 90000
WRITING VELOCITIES TO RESTART FILE AT STEP 90000
FINISHED WRITING RESTART VELOCITIES
TIMING: 91000  CPU: 660.82, 0.00730423/step  Wall: 663.517, 0.00734751/step, 1.85525 hours remaining, 0.000000 MB of memory in use.
PERFORMANCE: 91000  averaging 23.7025 ns/day, 0.00729037 sec/step with standard deviation 9.14571e-05
ENERGY:   91000       395.7530      1049.2014      1362.3517        17.4629        -587350.9969     41875.4044        51.3445         0.0000     48382.2772        -494217.2018       292.3063   -542599.4790   -494119.6829       292.2612            -32.3451        -2.2528    832194.2372         3.2069         3.2308

TIMING: 92000  CPU: 668.128, 0.00730832/step  Wall: 670.849, 0.00733191/step, 1.84927 hours remaining, 0.000000 MB of memory in use.
PERFORMANCE: 92000  averaging 23.701 ns/day, 0.00729082 sec/step with standard deviation 9.10563e-05
ENERGY:   92000       399.9176      1047.4879      1352.1533        16.7098        -587905.0475     42124.2928        46.1334         0.0000     48603.3416        -494315.0111       293.6419   -542918.3527   -494207.4569       291.9547             35.3358        65.5873    832392.3875         5.7265         5.6647

LDB: ============= START OF LOAD BALANCING ============== 674.418
LDB: ============== END OF LOAD BALANCING =============== 674.418
Info: useSync: 0 useProxySync: 0
LDB: =============== DONE WITH MIGRATION ================ 674.418
LDB: ============= START OF LOAD BALANCING ============== 675.154
LDB: TIME 675.155 LOAD: AVG 0.583586 MAX 0.643075  PROXIES: TOTAL 344 MAXPE 47 MAXPATCH 5 None MEM: 0 MB
LDB: TIME 675.155 LOAD: AVG 0.583586 MAX 0.643075  PROXIES: TOTAL 344 MAXPE 47 MAXPATCH 5 RefineTorusLB MEM: 0 MB
LDB: TIME 675.155 LOAD: AVG 0.583586 MAX 0.643075  PROXIES: TOTAL 344 MAXPE 47 MAXPATCH 5 RefineTorusLB MEM: 0 MB
LDB: ============== END OF LOAD BALANCING =============== 675.155
Info: useSync: 0 useProxySync: 0
LDB: =============== DONE WITH MIGRATION ================ 675.155
TIMING: 93000  CPU: 675.446, 0.00731757/step  Wall: 678.188, 0.00733934/step, 1.84911 hours remaining, 0.000000 MB of memory in use.
PERFORMANCE: 93000  averaging 23.6993 ns/day, 0.00729134 sec/step with standard deviation 9.06997e-05
ENERGY:   93000       375.8688      1057.5206      1349.9631        17.7841        -587733.4029     41881.3162        50.6868         0.0000     48266.1581        -494734.1051       291.6048   -543000.2633   -494624.6859       292.3231           -102.3995       -71.7584    832054.2439         3.8253         3.8040

TIMING: 94000  CPU: 682.724, 0.00727795/step  Wall: 685.495, 0.00730634/step, 1.83876 hours remaining, 0.000000 MB of memory in use.
PERFORMANCE: 94000  averaging 23.6988 ns/day, 0.0072915 sec/step with standard deviation 9.0224e-05
ENERGY:   94000       397.1767      1083.5550      1361.6614        19.0341        -587201.9197     41677.6530        52.5704         0.0000     48378.5203        -494231.7488       292.2836   -542610.2691   -494128.5902       292.3278           -144.4380      -108.4101    832458.6333         0.0820         0.1014

WRITING COORDINATES TO DCD FILE eq1.dcd AT STEP 95000
TIMING: 95000  CPU: 690.051, 0.00732678/step  Wall: 692.845, 0.00734975/step, 1.84765 hours remaining, 0.000000 MB of memory in use.
PERFORMANCE: 95000  averaging 23.6968 ns/day, 0.00729211 sec/step with standard deviation 8.99416e-05
ENERGY:   95000       414.9903      1050.9123      1352.8384        15.3660        -587817.8736     42203.8514        47.9249         0.0000     48210.2606        -494521.7298       291.2671   -542731.9904   -494422.9131       292.3236             52.8483        83.3868    829727.0400         1.7937         1.8056

TIMING: 96000  CPU: 697.375, 0.00732412/step  Wall: 700.193, 0.00734862/step, 1.84532 hours remaining, 0.000000 MB of memory in use.
PERFORMANCE: 96000  averaging 23.6949 ns/day, 0.0072927 sec/step with standard deviation 8.96527e-05
ENERGY:   96000       409.1646      1044.8730      1375.9153        21.7377        -588186.9611     42405.7529        40.9701         0.0000     48224.8102        -494663.7373       291.3550   -542888.5476   -494566.2604       291.9197             80.4800       112.0661    830548.5523         2.7806         2.7502

LDB: ============= START OF LOAD BALANCING ============== 703.759
LDB: ============== END OF LOAD BALANCING =============== 703.76
Info: useSync: 0 useProxySync: 0
LDB: =============== DONE WITH MIGRATION ================ 703.76
LDB: ============= START OF LOAD BALANCING ============== 704.493
LDB: TIME 704.493 LOAD: AVG 0.582913 MAX 0.643684  PROXIES: TOTAL 344 MAXPE 47 MAXPATCH 5 None MEM: 0 MB
LDB: TIME 704.493 LOAD: AVG 0.582913 MAX 0.643684  PROXIES: TOTAL 344 MAXPE 47 MAXPATCH 5 RefineTorusLB MEM: 0 MB
LDB: TIME 704.493 LOAD: AVG 0.582913 MAX 0.643684  PROXIES: TOTAL 344 MAXPE 47 MAXPATCH 5 RefineTorusLB MEM: 0 MB
LDB: Reverting to original mapping
LDB: ============== END OF LOAD BALANCING =============== 704.493
Info: useSync: 0 useProxySync: 0
LDB: =============== DONE WITH MIGRATION ================ 704.494
TIMING: 97000  CPU: 704.696, 0.00732077/step  Wall: 707.537, 0.00734408/step, 1.84214 hours remaining, 0.000000 MB of memory in use.
PERFORMANCE: 97000  averaging 23.6932 ns/day, 0.00729323 sec/step with standard deviation 8.9337e-05
ENERGY:   97000       365.9622      1071.3394      1348.7631        15.7880        -587840.6174     41704.3071        53.0508         0.0000     48730.0552        -494551.3515       294.4074   -543281.4067   -494441.9650       292.2590           -131.1063       -95.8665    831230.9579        -1.1383        -1.1928

TIMING: 98000  CPU: 711.982, 0.0072866/step  Wall: 714.851, 0.00731355/step, 1.83245 hours remaining, 0.000000 MB of memory in use.
PERFORMANCE: 98000  averaging 23.6925 ns/day, 0.00729344 sec/step with standard deviation 8.8899e-05
ENERGY:   98000       394.0489      1107.3527      1341.9402        17.0877        -588316.5958     42243.0623        42.7020         0.0000     48394.4568        -494775.9451       292.3799   -543170.4019   -494668.1755       292.0034             37.2466        68.4242    831196.2215         3.9833         3.9871

TIMING: 99000  CPU: 719.313, 0.00733051/step  Wall: 722.206, 0.00735532/step, 1.84087 hours remaining, 0.000000 MB of memory in use.
PERFORMANCE: 99000  averaging 23.6905 ns/day, 0.00729406 sec/step with standard deviation 8.86626e-05
ENERGY:   99000       368.8849      1052.5285      1355.7064        18.4159        -587699.9647     41867.3918        50.8852         0.0000     48319.1269        -494667.0250       291.9248   -542986.1519   -494558.9022       291.3793            -92.8001       -59.6211    831441.9239         5.9808         5.9873

TIMING: 100000  CPU: 726.642, 0.00732945/step  Wall: 729.556, 0.0073495/step, 1.83737 hours remaining, 0.000000 MB of memory in use.
PERFORMANCE: 100000  averaging 23.6887 ns/day, 0.00729462 sec/step with standard deviation 8.83877e-05
ETITLE:      TS           BOND          ANGLE          DIHED          IMPRP               ELECT            VDW       BOUNDARY           MISC        KINETIC               TOTAL           TEMP      POTENTIAL         TOTAL3        TEMPAVG            PRESSURE      GPRESSURE         VOLUME       PRESSAVG      GPRESSAVG

ENERGY:  100000       397.1791      1100.1288      1348.5382        21.1348        -588021.4467     42274.2191        51.1231         0.0000     48206.8681        -494622.2556       291.2466   -542829.1237   -494515.4728       291.6395             56.7424        88.6848    831219.8286         2.2091         2.2598

WRITING EXTENDED SYSTEM TO RESTART FILE AT STEP 100000
WRITING COORDINATES TO DCD FILE eq1.dcd AT STEP 100000
WRITING COORDINATES TO RESTART FILE AT STEP 100000
FINISHED WRITING RESTART COORDINATES
WRITING VELOCITIES TO RESTART FILE AT STEP 100000
FINISHED WRITING RESTART VELOCITIES
LDB: ============= START OF LOAD BALANCING ============== 733.179
LDB: ============== END OF LOAD BALANCING =============== 733.179
Info: useSync: 0 useProxySync: 0
LDB: =============== DONE WITH MIGRATION ================ 733.18
LDB: ============= START OF LOAD BALANCING ============== 733.912
LDB: TIME 733.913 LOAD: AVG 0.582896 MAX 0.642792  PROXIES: TOTAL 344 MAXPE 47 MAXPATCH 5 None MEM: 0 MB
LDB: TIME 733.913 LOAD: AVG 0.582896 MAX 0.642792  PROXIES: TOTAL 344 MAXPE 47 MAXPATCH 5 RefineTorusLB MEM: 0 MB
LDB: TIME 733.913 LOAD: AVG 0.582896 MAX 0.642792  PROXIES: TOTAL 344 MAXPE 47 MAXPATCH 5 RefineTorusLB MEM: 0 MB
LDB: ============== END OF LOAD BALANCING =============== 733.913
Info: useSync: 0 useProxySync: 0
LDB: =============== DONE WITH MIGRATION ================ 733.914
TIMING: 101000  CPU: 733.966, 0.00732365/step  Wall: 736.949, 0.00739385/step, 1.84641 hours remaining, 0.000000 MB of memory in use.
PERFORMANCE: 101000  averaging 23.6855 ns/day, 0.0072956 sec/step with standard deviation 8.84973e-05
ENERGY:  101000       382.4498      1071.1153      1343.0146        13.7957        -587637.0102     41836.9743        49.5647         0.0000     48291.8698        -494648.2260       291.7601   -542940.0958   -494541.6814       291.8961           -116.4131       -84.8912    832112.7589         3.0563         3.0607

TIMING: 102000  CPU: 741.278, 0.0073126/step  Wall: 744.288, 0.00733823/step, 1.83048 hours remaining, 0.000000 MB of memory in use.
PERFORMANCE: 102000  averaging 23.6842 ns/day, 0.00729602 sec/step with standard deviation 8.81592e-05
ENERGY:  102000       380.1446      1076.4427      1366.2193        18.5919        -587422.7438     41949.5506        43.0231         0.0000     48182.1493        -494406.6222       291.0972   -542588.7715   -494301.5535       291.6221            -55.6256       -21.9067    833608.3430        -1.1484        -1.2688

TIMING: 103000  CPU: 748.548, 0.0072694/step  Wall: 751.583, 0.00729517/step, 1.81771 hours remaining, 0.000000 MB of memory in use.
PERFORMANCE: 103000  averaging 23.6842 ns/day, 0.00729601 sec/step with standard deviation 8.7726e-05
ENERGY:  103000       389.8539      1061.2207      1347.2434        18.8033        -587941.7004     42187.5298        41.5504         0.0000     48460.8551        -494434.6439       292.7810   -542895.4990   -494328.8071       292.4738             76.5072       109.7104    830540.6261         7.9494         7.9532

TIMING: 104000  CPU: 755.852, 0.00730441/step  Wall: 758.912, 0.00732871/step, 1.82403 hours remaining, 0.000000 MB of memory in use.
PERFORMANCE: 104000  averaging 23.6832 ns/day, 0.00729632 sec/step with standard deviation 8.73579e-05
ENERGY:  104000       400.7733      1085.3696      1346.1675        13.4774        -587786.1830     41826.2873        46.6352         0.0000     48268.0159        -494799.4568       291.6160   -543067.4727   -494691.3757       291.8299            -26.2881         7.3461    830728.2326        -0.9304        -0.9559

LDB: ============= START OF LOAD BALANCING ============== 762.468
LDB: ============== END OF LOAD BALANCING =============== 762.468
Info: useSync: 0 useProxySync: 0
LDB: =============== DONE WITH MIGRATION ================ 762.468
LDB: ============= START OF LOAD BALANCING ============== 763.2
LDB: TIME 763.2 LOAD: AVG 0.583287 MAX 0.639464  PROXIES: TOTAL 344 MAXPE 47 MAXPATCH 5 None MEM: 0 MB
LDB: TIME 763.2 LOAD: AVG 0.583287 MAX 0.639464  PROXIES: TOTAL 344 MAXPE 47 MAXPATCH 5 RefineTorusLB MEM: 0 MB
LDB: TIME 763.2 LOAD: AVG 0.583287 MAX 0.639464  PROXIES: TOTAL 344 MAXPE 47 MAXPATCH 5 RefineTorusLB MEM: 0 MB
LDB: ============== END OF LOAD BALANCING =============== 763.2
Info: useSync: 0 useProxySync: 0
LDB: =============== DONE WITH MIGRATION ================ 763.201
TIMING: 105000  CPU: 763.152, 0.00729995/step  Wall: 766.237, 0.00732561/step, 1.82123 hours remaining, 0.000000 MB of memory in use.
PERFORMANCE: 105000  averaging 23.6823 ns/day, 0.0072966 sec/step with standard deviation 8.69839e-05
ENERGY:  105000       394.8192      1067.4889      1358.2641        19.4195        -588404.4673     42135.4082        44.4058         0.0000     48251.2412        -495133.4203       291.5146   -543384.6615   -495031.6353       291.3036            -55.8757       -20.0424    830917.4471         7.4386         7.3842

WRITING COORDINATES TO DCD FILE eq1.dcd AT STEP 105000
TIMING: 106000  CPU: 770.479, 0.00732726/step  Wall: 773.59, 0.00735244/step, 1.82586 hours remaining, 0.000000 MB of memory in use.
PERFORMANCE: 106000  averaging 23.6805 ns/day, 0.00729713 sec/step with standard deviation 8.67384e-05
ENERGY:  106000       424.8658      1065.8634      1348.4469        15.9489        -588068.7576     42209.6819        40.9810         0.0000     48282.8322        -494680.1375       291.7055   -542962.9698   -494579.8602       291.2841              9.2482        37.5245    830861.5327        -0.8898        -0.9926

TIMING: 107000  CPU: 777.782, 0.00730227/step  Wall: 780.916, 0.00732654/step, 1.81739 hours remaining, 0.000000 MB of memory in use.
PERFORMANCE: 107000  averaging 23.6797 ns/day, 0.00729741 sec/step with standard deviation 8.63751e-05
ENERGY:  107000       385.1962      1077.8043      1343.2020        19.2118        -588299.9305     41968.4349        39.9857         0.0000     48229.4423        -495236.6533       291.3829   -543466.0956   -495129.5180       291.5175            -38.3435        -7.2427    830037.4538        -0.7477        -0.7432

TIMING: 108000  CPU: 785.078, 0.00729669/step  Wall: 788.237, 0.00732071/step, 1.81391 hours remaining, 0.000000 MB of memory in use.
PERFORMANCE: 108000  averaging 23.679 ns/day, 0.00729762 sec/step with standard deviation 8.59997e-05
ENERGY:  108000       393.8956      1069.0238      1341.2248        21.9473        -588200.4120     42109.3568        42.3214         0.0000     48103.8860        -495118.7563       290.6244   -543222.6424   -495030.3784       291.0799            -28.5043         4.8158    830336.8742         0.9523         0.9366

LDB: ============= START OF LOAD BALANCING ============== 791.802
LDB: ============== END OF LOAD BALANCING =============== 791.802
Info: useSync: 0 useProxySync: 0
LDB: =============== DONE WITH MIGRATION ================ 791.802
LDB: ============= START OF LOAD BALANCING ============== 792.536
LDB: TIME 792.536 LOAD: AVG 0.584639 MAX 0.644578  PROXIES: TOTAL 344 MAXPE 47 MAXPATCH 5 None MEM: 0 MB
LDB: TIME 792.537 LOAD: AVG 0.584639 MAX 0.644578  PROXIES: TOTAL 344 MAXPE 47 MAXPATCH 5 RefineTorusLB MEM: 0 MB
LDB: TIME 792.537 LOAD: AVG 0.584639 MAX 0.644578  PROXIES: TOTAL 344 MAXPE 47 MAXPATCH 5 RefineTorusLB MEM: 0 MB
LDB: ============== END OF LOAD BALANCING =============== 792.537
Info: useSync: 0 useProxySync: 0
LDB: =============== DONE WITH MIGRATION ================ 792.537
TIMING: 109000  CPU: 792.394, 0.00731512/step  Wall: 795.58, 0.00734287/step, 1.81736 hours remaining, 0.000000 MB of memory in use.
PERFORMANCE: 109000  averaging 23.6776 ns/day, 0.00729804 sec/step with standard deviation 8.57103e-05
ENERGY:  109000       399.9444      1074.5838      1343.2107        15.1613        -587956.2824     42036.8005        40.6849         0.0000     48428.6111        -494617.2856       292.5862   -543045.8967   -494523.8954       291.3213             25.7850        58.1981    828995.0281        -0.5173        -0.4125

TIMING: 110000  CPU: 799.729, 0.00733555/step  Wall: 802.941, 0.00736099/step, 1.8198 hours remaining, 0.000000 MB of memory in use.
PERFORMANCE: 110000  averaging 23.6757 ns/day, 0.00729861 sec/step with standard deviation 8.55271e-05
ETITLE:      TS           BOND          ANGLE          DIHED          IMPRP               ELECT            VDW       BOUNDARY           MISC        KINETIC               TOTAL           TEMP      POTENTIAL         TOTAL3        TEMPAVG            PRESSURE      GPRESSURE         VOLUME       PRESSAVG      GPRESSAVG

ENERGY:  110000       378.4993      1067.4375      1355.8835        18.5740        -588052.6112     42417.7159        48.9910         0.0000     48104.3072        -494661.2029       290.6269   -542765.5101   -494556.3557       292.3225             78.4217       108.7225    830050.5617        -0.9292        -0.9072

WRITING EXTENDED SYSTEM TO RESTART FILE AT STEP 110000
WRITING COORDINATES TO DCD FILE eq1.dcd AT STEP 110000
WRITING COORDINATES TO RESTART FILE AT STEP 110000
FINISHED WRITING RESTART COORDINATES
WRITING VELOCITIES TO RESTART FILE AT STEP 110000
FINISHED WRITING RESTART VELOCITIES
TIMING: 111000  CPU: 807.053, 0.0073244/step  Wall: 810.334, 0.00739313/step, 1.82569 hours remaining, 0.000000 MB of memory in use.
PERFORMANCE: 111000  averaging 23.673 ns/day, 0.00729946 sec/step with standard deviation 8.56088e-05
ENERGY:  111000       403.9895      1066.7455      1346.6914        19.6100        -588045.7964     42091.6328        50.2208         0.0000     48291.0849        -494775.8214       291.7554   -543066.9063   -494668.2287       291.2741            -70.1535       -40.6610    831820.2028        -1.8929        -1.8975

TIMING: 112000  CPU: 814.368, 0.00731472/step  Wall: 817.674, 0.0073401/step, 1.81056 hours remaining, 0.000000 MB of memory in use.
PERFORMANCE: 112000  averaging 23.6718 ns/day, 0.00729982 sec/step with standard deviation 8.53088e-05
ENERGY:  112000       412.8092      1090.4829      1357.2796        16.7891        -587079.0257     41437.0581        44.8273         0.0000     47926.9991        -494792.7804       289.5557   -542719.7794   -494689.5249       291.6754           -223.8428      -189.8194    830797.1652        -1.3448        -1.3508

LDB: ============= START OF LOAD BALANCING ============== 821.239
LDB: ============== END OF LOAD BALANCING =============== 821.239
Info: useSync: 0 useProxySync: 0
LDB: =============== DONE WITH MIGRATION ================ 821.239
LDB: ============= START OF LOAD BALANCING ============== 821.973
LDB: TIME 821.974 LOAD: AVG 0.585571 MAX 0.644219  PROXIES: TOTAL 344 MAXPE 47 MAXPATCH 5 None MEM: 0 MB
LDB: TIME 821.974 LOAD: AVG 0.585571 MAX 0.644219  PROXIES: TOTAL 344 MAXPE 47 MAXPATCH 5 RefineTorusLB MEM: 0 MB
LDB: TIME 821.974 LOAD: AVG 0.585571 MAX 0.644219  PROXIES: TOTAL 344 MAXPE 47 MAXPATCH 5 RefineTorusLB MEM: 0 MB
LDB: Reverting to original mapping
LDB: ============== END OF LOAD BALANCING =============== 821.974
Info: useSync: 0 useProxySync: 0
LDB: =============== DONE WITH MIGRATION ================ 821.975
TIMING: 113000  CPU: 821.669, 0.00730076/step  Wall: 824.999, 0.00732481/step, 1.80475 hours remaining, 0.000000 MB of memory in use.
PERFORMANCE: 113000  averaging 23.6711 ns/day, 0.00730004 sec/step with standard deviation 8.49597e-05
ENERGY:  113000       403.6329      1114.2704      1333.5367        16.2258        -587169.9145     41630.4752        48.1200         0.0000     48338.8322        -494284.8213       292.0438   -542623.6536   -494182.1111       292.2373           -219.3561      -184.6057    834017.9993         0.1673         0.1282

TIMING: 114000  CPU: 828.97, 0.0073014/step  Wall: 832.323, 0.00732473/step, 1.8027 hours remaining, 0.000000 MB of memory in use.
PERFORMANCE: 114000  averaging 23.6704 ns/day, 0.00730026 sec/step with standard deviation 8.46145e-05
ENERGY:  114000       387.9593      1080.6096      1355.6972        17.9663        -587825.2951     42602.3503        50.3083         0.0000     48497.3286        -493833.0755       293.0014   -542330.4041   -493721.4813       293.2690            134.1479       169.0433    832953.8561        -1.3270        -1.3309

TIMING: 115000  CPU: 836.286, 0.00731605/step  Wall: 839.661, 0.00733796/step, 1.80391 hours remaining, 0.000000 MB of memory in use.
PERFORMANCE: 115000  averaging 23.6693 ns/day, 0.00730059 sec/step with standard deviation 8.43159e-05
ENERGY:  115000       391.9392      1084.7834      1343.4313        16.0767        -587349.5614     42105.9607        41.9557         0.0000     48609.6341        -493755.7803       293.6799   -542365.4144   -493642.1165       293.2413            -25.6538         6.2688    834043.8879         7.5657         7.5543

WRITING COORDINATES TO DCD FILE eq1.dcd AT STEP 115000
TIMING: 116000  CPU: 843.594, 0.00730807/step  Wall: 846.995, 0.00733316/step, 1.8007 hours remaining, 0.000000 MB of memory in use.
PERFORMANCE: 116000  averaging 23.6684 ns/day, 0.00730087 sec/step with standard deviation 8.40029e-05
ENERGY:  116000       368.7244      1012.3855      1341.7196        17.8536        -587680.4913     42189.1323        45.9696         0.0000     48715.5011        -493989.2052       294.3195   -542704.7064   -493881.9926       293.4667             85.0224       118.2157    831134.8127        -0.5109        -0.4686

LDB: ============= START OF LOAD BALANCING ============== 850.562
LDB: ============== END OF LOAD BALANCING =============== 850.562
Info: useSync: 0 useProxySync: 0
LDB: =============== DONE WITH MIGRATION ================ 850.562
LDB: ============= START OF LOAD BALANCING ============== 851.294
LDB: TIME 851.294 LOAD: AVG 0.584836 MAX 0.643353  PROXIES: TOTAL 344 MAXPE 47 MAXPATCH 5 None MEM: 0 MB
LDB: TIME 851.294 LOAD: AVG 0.584836 MAX 0.643353  PROXIES: TOTAL 344 MAXPE 47 MAXPATCH 5 RefineTorusLB MEM: 0 MB
LDB: TIME 851.294 LOAD: AVG 0.584836 MAX 0.643353  PROXIES: TOTAL 344 MAXPE 47 MAXPATCH 5 RefineTorusLB MEM: 0 MB
LDB: ============== END OF LOAD BALANCING =============== 851.294
Info: useSync: 0 useProxySync: 0
LDB: =============== DONE WITH MIGRATION ================ 851.295
TIMING: 117000  CPU: 850.914, 0.00731929/step  Wall: 854.337, 0.00734236/step, 1.80092 hours remaining, 0.000000 MB of memory in use.
PERFORMANCE: 117000  averaging 23.6673 ns/day, 0.00730122 sec/step with standard deviation 8.3728e-05
ENERGY:  117000       357.7043      1105.3552      1326.6906        15.1643        -588384.8962     42535.7340        51.2690         0.0000     48678.0576        -494314.9211       294.0933   -542992.9787   -494213.9409       292.1506            112.9397       149.7551    831075.8909         3.2568         3.3164

TIMING: 118000  CPU: 858.202, 0.00728821/step  Wall: 861.647, 0.00730995/step, 1.79094 hours remaining, 0.000000 MB of memory in use.
PERFORMANCE: 118000  averaging 23.667 ns/day, 0.0073013 sec/step with standard deviation 8.33733e-05
ENERGY:  118000       376.6851      1070.4217      1327.8235        17.1137        -587670.7424     42075.4629        41.1847         0.0000     48380.8926        -494381.1580       292.2979   -542762.0506   -494282.3526       292.5113              6.0199        38.3095    830292.0949         3.6344         3.6151

TIMING: 119000  CPU: 865.513, 0.0073113/step  Wall: 868.979, 0.00733251/step, 1.79443 hours remaining, 0.000000 MB of memory in use.
PERFORMANCE: 119000  averaging 23.6662 ns/day, 0.00730156 sec/step with standard deviation 8.30685e-05
ENERGY:  119000       411.1959      1097.5243      1344.6121        19.6699        -587716.4092     41730.9824        50.0052         0.0000     48040.0818        -495022.3376       290.2389   -543062.4194   -494919.0796       291.6930           -171.6902      -144.6292    830259.8456         2.7020         2.7231

WRITING COORDINATES TO DCD FILE eq1.dcd AT STEP 120000
WRITING COORDINATES TO RESTART FILE AT STEP 120000
FINISHED WRITING RESTART COORDINATES
TIMING: 120000  CPU: 872.885, 0.00737184/step  Wall: 876.389, 0.00740984/step, 1.81129 hours remaining, 0.000000 MB of memory in use.
PERFORMANCE: 120000  averaging 23.6633 ns/day, 0.00730246 sec/step with standard deviation 8.33072e-05
ETITLE:      TS           BOND          ANGLE          DIHED          IMPRP               ELECT            VDW       BOUNDARY           MISC        KINETIC               TOTAL           TEMP      POTENTIAL         TOTAL3        TEMPAVG            PRESSURE      GPRESSURE         VOLUME       PRESSAVG      GPRESSAVG

ENERGY:  120000       410.8386      1024.7794      1354.9295        14.3175        -587847.7968     41797.2005        52.3446         0.0000     48463.0284        -494730.3583       292.7942   -543193.3867   -494619.6169       291.6705           -168.1338      -129.8531    830907.2804         8.1047         8.1698

WRITING EXTENDED SYSTEM TO RESTART FILE AT STEP 120000
WRITING VELOCITIES TO RESTART FILE AT STEP 120000
FINISHED WRITING RESTART VELOCITIES
LDB: ============= START OF LOAD BALANCING ============== 879.982
LDB: ============== END OF LOAD BALANCING =============== 879.982
Info: useSync: 0 useProxySync: 0
LDB: =============== DONE WITH MIGRATION ================ 879.982
LDB: ============= START OF LOAD BALANCING ============== 880.719
LDB: TIME 880.72 LOAD: AVG 0.585978 MAX 0.648082  PROXIES: TOTAL 344 MAXPE 47 MAXPATCH 5 None MEM: 0 MB
LDB: TIME 880.72 LOAD: AVG 0.585978 MAX 0.648082  PROXIES: TOTAL 344 MAXPE 47 MAXPATCH 5 RefineTorusLB MEM: 0 MB
LDB: TIME 880.72 LOAD: AVG 0.585978 MAX 0.648082  PROXIES: TOTAL 344 MAXPE 47 MAXPATCH 5 RefineTorusLB MEM: 0 MB
LDB: ============== END OF LOAD BALANCING =============== 880.72
Info: useSync: 0 useProxySync: 0
LDB: =============== DONE WITH MIGRATION ================ 880.72
TIMING: 121000  CPU: 880.215, 0.00732966/step  Wall: 883.77, 0.00738069/step, 1.80212 hours remaining, 0.000000 MB of memory in use.
PERFORMANCE: 121000  averaging 23.6612 ns/day, 0.00730311 sec/step with standard deviation 8.32636e-05
ENERGY:  121000       382.1791      1055.7166      1348.1479        14.4924        -587395.8478     41583.9117        46.0764         0.0000     48134.4385        -494830.8851       290.8090   -542965.3237   -494724.4901       291.4661           -118.4641       -85.9647    830370.9654         2.6455         2.6420

TIMING: 122000  CPU: 887.511, 0.00729622/step  Wall: 891.093, 0.00732331/step, 1.78607 hours remaining, 0.000000 MB of memory in use.
PERFORMANCE: 122000  averaging 23.6606 ns/day, 0.00730327 sec/step with standard deviation 8.2939e-05
ENERGY:  122000       370.4312      1067.5562      1343.4766        19.2667        -587604.0251     41841.4062        40.3313         0.0000     48261.0302        -494660.5266       291.5738   -542921.5568   -494551.2262       291.5163           -106.3795       -73.5948    830824.1737        -2.2704        -2.3162

TIMING: 123000  CPU: 894.815, 0.00730414/step  Wall: 898.427, 0.00733358/step, 1.78654 hours remaining, 0.000000 MB of memory in use.
PERFORMANCE: 123000  averaging 23.6598 ns/day, 0.00730352 sec/step with standard deviation 8.26436e-05
ENERGY:  123000       388.0233      1050.1118      1360.8142        20.7344        -587967.5355     42157.4987        44.5271         0.0000     48437.8766        -494507.9493       292.6422   -542945.8260   -494396.2316       292.2924            -10.9858        16.7742    831875.1669         6.3101         6.2812

TIMING: 124000  CPU: 902.108, 0.00729257/step  Wall: 905.748, 0.00732072/step, 1.78137 hours remaining, 0.000000 MB of memory in use.
PERFORMANCE: 124000  averaging 23.6594 ns/day, 0.00730366 sec/step with standard deviation 8.23214e-05
ENERGY:  124000       398.3443      1074.3716      1343.6331        19.9447        -587921.0869     42048.1379        51.3237         0.0000     48227.5237        -494757.8079       291.3714   -542985.3316   -494654.0178       292.2617             20.1083        51.5770    829980.6636        -3.3463        -3.3344

LDB: ============= START OF LOAD BALANCING ============== 909.309
LDB: ============== END OF LOAD BALANCING =============== 909.309
Info: useSync: 0 useProxySync: 0
LDB: =============== DONE WITH MIGRATION ================ 909.309
LDB: ============= START OF LOAD BALANCING ============== 910.044
LDB: TIME 910.044 LOAD: AVG 0.585638 MAX 0.647079  PROXIES: TOTAL 344 MAXPE 47 MAXPATCH 5 None MEM: 0 MB
LDB: TIME 910.045 LOAD: AVG 0.585638 MAX 0.647079  PROXIES: TOTAL 344 MAXPE 47 MAXPATCH 5 RefineTorusLB MEM: 0 MB
LDB: TIME 910.045 LOAD: AVG 0.585638 MAX 0.647079  PROXIES: TOTAL 344 MAXPE 47 MAXPATCH 5 RefineTorusLB MEM: 0 MB
LDB: ============== END OF LOAD BALANCING =============== 910.045
Info: useSync: 0 useProxySync: 0
LDB: =============== DONE WITH MIGRATION ================ 910.045
TIMING: 125000  CPU: 909.425, 0.00731765/step  Wall: 913.093, 0.00734587/step, 1.78545 hours remaining, 0.000000 MB of memory in use.
PERFORMANCE: 125000  averaging 23.6583 ns/day, 0.007304 sec/step with standard deviation 8.20757e-05
ENERGY:  125000       397.3380      1027.2340      1349.2422        20.7163        -588174.4804     42262.8432        49.8788         0.0000     48440.0820        -494627.1459       292.6555   -543067.2279   -494515.9211       292.0318             85.4841       116.3279    829208.9114         0.5481         0.5006

WRITING COORDINATES TO DCD FILE eq1.dcd AT STEP 125000
TIMING: 126000  CPU: 916.717, 0.00729158/step  Wall: 920.415, 0.00732162/step, 1.77753 hours remaining, 0.000000 MB of memory in use.
PERFORMANCE: 126000  averaging 23.6578 ns/day, 0.00730414 sec/step with standard deviation 8.17618e-05
ENERGY:  126000       368.0045      1044.3240      1356.0911        18.0131        -587483.4308     41814.6403        42.1133         0.0000     48434.4627        -494405.7818       292.6216   -542840.2444   -494299.6598       292.0696            -64.9792       -31.0738    831485.3234         1.4679         1.4929

TIMING: 127000  CPU: 924.02, 0.00730303/step  Wall: 927.74, 0.00732544/step, 1.77642 hours remaining, 0.000000 MB of memory in use.
PERFORMANCE: 127000  averaging 23.6573 ns/day, 0.0073043 sec/step with standard deviation 8.14586e-05
ENERGY:  127000       386.0415      1074.4073      1349.0223        15.7954        -587848.2254     41954.5124        50.9842         0.0000     48345.6076        -494671.8548       292.0848   -543017.4625   -494564.8425       292.3770           -120.5957       -91.5259    832469.3404        -0.3533        -0.3363

TIMING: 128000  CPU: 931.283, 0.00726272/step  Wall: 935.033, 0.00729248/step, 1.7664 hours remaining, 0.000000 MB of memory in use.
PERFORMANCE: 128000  averaging 23.6576 ns/day, 0.00730421 sec/step with standard deviation 8.1144e-05
ENERGY:  128000       387.1521      1041.9033      1358.2877        19.3024        -588167.9760     42448.1087        49.3869         0.0000     48287.5672        -494576.2676       291.7341   -542863.8349   -494469.0468       292.0046             62.1866        93.7462    831228.5510         2.6860         2.6382

LDB: ============= START OF LOAD BALANCING ============== 938.589
LDB: ============== END OF LOAD BALANCING =============== 938.589
Info: useSync: 0 useProxySync: 0
LDB: =============== DONE WITH MIGRATION ================ 938.59
LDB: ============= START OF LOAD BALANCING ============== 939.325
LDB: TIME 939.326 LOAD: AVG 0.586211 MAX 0.645296  PROXIES: TOTAL 344 MAXPE 47 MAXPATCH 5 None MEM: 0 MB
LDB: TIME 939.326 LOAD: AVG 0.586211 MAX 0.645296  PROXIES: TOTAL 344 MAXPE 47 MAXPATCH 5 RefineTorusLB MEM: 0 MB
LDB: TIME 939.326 LOAD: AVG 0.586211 MAX 0.645296  PROXIES: TOTAL 344 MAXPE 47 MAXPATCH 5 RefineTorusLB MEM: 0 MB
LDB: Reverting to original mapping
LDB: ============== END OF LOAD BALANCING =============== 939.326
Info: useSync: 0 useProxySync: 0
LDB: =============== DONE WITH MIGRATION ================ 939.327
TIMING: 129000  CPU: 938.582, 0.00729979/step  Wall: 942.362, 0.00732868/step, 1.77313 hours remaining, 0.000000 MB of memory in use.
PERFORMANCE: 129000  averaging 23.657 ns/day, 0.0073044 sec/step with standard deviation 8.08551e-05
ENERGY:  129000       408.7711      1053.0327      1333.6245        16.5431        -587852.9205     42361.9073        44.8310         0.0000     48451.7001        -494182.5108       292.7257   -542634.2109   -494074.7917       291.9524             76.7583       108.6900    831325.2422         2.7243         2.6683

WRITING COORDINATES TO DCD FILE eq1.dcd AT STEP 130000
WRITING COORDINATES TO RESTART FILE AT STEP 130000
FINISHED WRITING RESTART COORDINATES
TIMING: 130000  CPU: 945.914, 0.00733179/step  Wall: 949.739, 0.00737697/step, 1.78277 hours remaining, 0.000000 MB of memory in use.
PERFORMANCE: 130000  averaging 23.6552 ns/day, 0.00730496 sec/step with standard deviation 8.07922e-05
ETITLE:      TS           BOND          ANGLE          DIHED          IMPRP               ELECT            VDW       BOUNDARY           MISC        KINETIC               TOTAL           TEMP      POTENTIAL         TOTAL3        TEMPAVG            PRESSURE      GPRESSURE         VOLUME       PRESSAVG      GPRESSAVG

ENERGY:  130000       426.2649      1058.6707      1351.2653        16.2184        -587247.5156     41816.4987        50.0078         0.0000     48638.4634        -493890.1264       293.8541   -542528.5898   -493777.5038       292.8269           -134.8905      -102.4065    831100.4143        -0.7756        -0.7136

WRITING EXTENDED SYSTEM TO RESTART FILE AT STEP 130000
WRITING VELOCITIES TO RESTART FILE AT STEP 130000
FINISHED WRITING RESTART VELOCITIES
TIMING: 131000  CPU: 953.215, 0.00730086/step  Wall: 957.089, 0.00735037/step, 1.7743 hours remaining, 0.000000 MB of memory in use.
PERFORMANCE: 131000  averaging 23.654 ns/day, 0.00730531 sec/step with standard deviation 8.05786e-05
ENERGY:  131000       398.1559      1052.2354      1340.6768        19.1694        -587831.6963     42382.4214        49.7340         0.0000     48605.2355        -493984.0680       293.6533   -542589.3035   -493873.2116       292.8733             71.4845       104.6107    831113.6867         1.5990         1.6147

TIMING: 132000  CPU: 960.543, 0.0073283/step  Wall: 964.447, 0.00735796/step, 1.77409 hours remaining, 0.000000 MB of memory in use.
PERFORMANCE: 132000  averaging 23.6527 ns/day, 0.00730571 sec/step with standard deviation 8.04012e-05
ENERGY:  132000       419.9761      1058.0979      1354.9699        14.1060        -588043.8582     42461.9634        50.0476         0.0000     48303.6133        -494381.0841       291.8311   -542684.6974   -494276.6156       292.7229            151.2027       182.6944    831453.5701        -0.2891        -0.3469

LDB: ============= START OF LOAD BALANCING ============== 968.009
LDB: ============== END OF LOAD BALANCING =============== 968.009
Info: useSync: 0 useProxySync: 0
LDB: =============== DONE WITH MIGRATION ================ 968.009
LDB: ============= START OF LOAD BALANCING ============== 968.742
LDB: TIME 968.743 LOAD: AVG 0.586069 MAX 0.64469  PROXIES: TOTAL 344 MAXPE 47 MAXPATCH 5 None MEM: 0 MB
LDB: TIME 968.743 LOAD: AVG 0.586069 MAX 0.64469  PROXIES: TOTAL 344 MAXPE 47 MAXPATCH 5 RefineTorusLB MEM: 0 MB
LDB: TIME 968.743 LOAD: AVG 0.586069 MAX 0.64469  PROXIES: TOTAL 344 MAXPE 47 MAXPATCH 5 RefineTorusLB MEM: 0 MB
LDB: Reverting to original mapping
LDB: ============== END OF LOAD BALANCING =============== 968.743
Info: useSync: 0 useProxySync: 0
LDB: =============== DONE WITH MIGRATION ================ 968.744
TIMING: 133000  CPU: 967.847, 0.00730378/step  Wall: 971.778, 0.00733123/step, 1.76561 hours remaining, 0.000000 MB of memory in use.
PERFORMANCE: 133000  averaging 23.6521 ns/day, 0.0073059 sec/step with standard deviation 8.01266e-05
ENERGY:  133000       391.7965      1027.9336      1342.5658        16.3783        -587337.7237     41748.1780        44.5070         0.0000     48268.0301        -494498.3345       291.6161   -542766.3646   -494398.8136       291.9133           -156.7628      -124.4735    832719.5759         2.4526         2.4855

TIMING: 134000  CPU: 975.166, 0.00731852/step  Wall: 979.118, 0.00733993/step, 1.76566 hours remaining, 0.000000 MB of memory in use.
PERFORMANCE: 134000  averaging 23.6513 ns/day, 0.00730615 sec/step with standard deviation 7.98789e-05
ENERGY:  134000       356.4270      1058.5592      1361.6512        19.9867        -587532.1768     41846.4630        50.6236         0.0000     48164.5799        -494673.8862       290.9911   -542838.4661   -494567.6304       291.6350            -50.5713       -16.4487    830129.6377         2.8311         2.8322

WRITING COORDINATES TO DCD FILE eq1.dcd AT STEP 135000
TIMING: 135000  CPU: 982.504, 0.00733847/step  Wall: 986.48, 0.00736159/step, 1.76883 hours remaining, 0.000000 MB of memory in use.
PERFORMANCE: 135000  averaging 23.65 ns/day, 0.00730656 sec/step with standard deviation 7.97232e-05
ENERGY:  135000       375.5463      1047.8945      1359.2460        15.6109        -588259.2931     42336.6338        44.7582         0.0000     48538.9963        -494540.6072       293.2531   -543079.6034   -494428.3114       291.8936             94.8179       129.2766    829634.0781         2.5146         2.4793

TIMING: 136000  CPU: 989.849, 0.00734524/step  Wall: 993.841, 0.00736161/step, 1.76679 hours remaining, 0.000000 MB of memory in use.
PERFORMANCE: 136000  averaging 23.6487 ns/day, 0.00730697 sec/step with standard deviation 7.95675e-05
ENERGY:  136000       406.2779      1055.2801      1352.2807        18.8263        -587998.9093     42492.2758        42.5775         0.0000     48386.6171        -494244.7739       292.3325   -542631.3910   -494146.4898       291.8385             48.0650        83.2587    832808.8610         6.0036         5.9724

LDB: ============= START OF LOAD BALANCING ============== 997.41
LDB: ============== END OF LOAD BALANCING =============== 997.41
Info: useSync: 0 useProxySync: 0
LDB: =============== DONE WITH MIGRATION ================ 997.411
LDB: ============= START OF LOAD BALANCING ============== 998.145
LDB: TIME 998.145 LOAD: AVG 0.585382 MAX 0.645092  PROXIES: TOTAL 344 MAXPE 47 MAXPATCH 5 None MEM: 0 MB
LDB: TIME 998.145 LOAD: AVG 0.585382 MAX 0.645092  PROXIES: TOTAL 344 MAXPE 47 MAXPATCH 5 RefineTorusLB MEM: 0 MB
LDB: TIME 998.145 LOAD: AVG 0.585382 MAX 0.645092  PROXIES: TOTAL 344 MAXPE 47 MAXPATCH 5 RefineTorusLB MEM: 0 MB
LDB: ============== END OF LOAD BALANCING =============== 998.145
Info: useSync: 0 useProxySync: 0
LDB: =============== DONE WITH MIGRATION ================ 998.146
TIMING: 137000  CPU: 997.17, 0.00732056/step  Wall: 1001.19, 0.00734521/step, 1.76081 hours remaining, 0.000000 MB of memory in use.
PERFORMANCE: 137000  averaging 23.6478 ns/day, 0.00730725 sec/step with standard deviation 7.93418e-05
ENERGY:  137000       405.9447      1041.4178      1351.8119        18.5109        -587525.6395     42023.0464        47.3211         0.0000     48424.6320        -494212.9548       292.5622   -542637.5868   -494100.9522       292.5544            -48.5843       -14.6884    831566.6068         1.5944         1.5266

TIMING: 138000  CPU: 1004.49, 0.00731887/step  Wall: 1008.53, 0.00734052/step, 1.75765 hours remaining, 0.000000 MB of memory in use.
PERFORMANCE: 138000  averaging 23.647 ns/day, 0.00730749 sec/step with standard deviation 7.91024e-05
ENERGY:  138000       371.4338      1110.8061      1343.0855        21.4327        -587481.8240     42120.1916        48.8164         0.0000     48559.5371        -493906.5208       293.3772   -542466.0579   -493807.2654       293.2318             10.5998        46.5347    833029.3583         6.0121         6.0491

TIMING: 139000  CPU: 1011.82, 0.00733596/step  Wall: 1015.88, 0.00735743/step, 1.75965 hours remaining, 0.000000 MB of memory in use.
PERFORMANCE: 139000  averaging 23.6458 ns/day, 0.00730785 sec/step with standard deviation 7.8929e-05
ENERGY:  139000       425.2925      1041.0063      1342.4914        17.2777        -587988.2596     42287.7151        48.5158         0.0000     48355.9825        -494469.9782       292.1474   -542825.9607   -494367.4956       292.8953             10.3946        45.3549    831523.9076        -2.8713        -2.8730

TIMING: 140000  CPU: 1019.17, 0.0073499/step  Wall: 1023.25, 0.00736744/step, 1.76 hours remaining, 0.000000 MB of memory in use.
PERFORMANCE: 140000  averaging 23.6444 ns/day, 0.00730827 sec/step with standard deviation 7.88057e-05
ETITLE:      TS           BOND          ANGLE          DIHED          IMPRP               ELECT            VDW       BOUNDARY           MISC        KINETIC               TOTAL           TEMP      POTENTIAL         TOTAL3        TEMPAVG            PRESSURE      GPRESSURE         VOLUME       PRESSAVG      GPRESSAVG

ENERGY:  140000       382.3959      1052.3996      1346.5772        16.4053        -586871.3868     41785.4000        51.1995         0.0000     48213.0121        -494023.9974       291.2837   -542237.0095   -493916.7777       292.7070           -123.0608       -91.2878    833228.2585         3.9376         3.9492

WRITING EXTENDED SYSTEM TO RESTART FILE AT STEP 140000
WRITING COORDINATES TO DCD FILE eq1.dcd AT STEP 140000
WRITING COORDINATES TO RESTART FILE AT STEP 140000
FINISHED WRITING RESTART COORDINATES
WRITING VELOCITIES TO RESTART FILE AT STEP 140000
FINISHED WRITING RESTART VELOCITIES
LDB: ============= START OF LOAD BALANCING ============== 1026.89
LDB: ============== END OF LOAD BALANCING =============== 1026.89
Info: useSync: 0 useProxySync: 0
LDB: =============== DONE WITH MIGRATION ================ 1026.89
LDB: ============= START OF LOAD BALANCING ============== 1027.63
LDB: TIME 1027.63 LOAD: AVG 0.58666 MAX 0.650611  PROXIES: TOTAL 344 MAXPE 47 MAXPATCH 5 None MEM: 0 MB
LDB: TIME 1027.63 LOAD: AVG 0.58666 MAX 0.650611  PROXIES: TOTAL 344 MAXPE 47 MAXPATCH 5 RefineTorusLB MEM: 0 MB
LDB: TIME 1027.63 LOAD: AVG 0.58666 MAX 0.650611  PROXIES: TOTAL 344 MAXPE 47 MAXPATCH 5 RefineTorusLB MEM: 0 MB
LDB: ============== END OF LOAD BALANCING =============== 1027.63
Info: useSync: 0 useProxySync: 0
LDB: =============== DONE WITH MIGRATION ================ 1027.63
TIMING: 141000  CPU: 1026.54, 0.00736927/step  Wall: 1030.69, 0.00743931/step, 1.7751 hours remaining, 0.000000 MB of memory in use.
PERFORMANCE: 141000  averaging 23.6414 ns/day, 0.0073092 sec/step with standard deviation 7.92954e-05
ENERGY:  141000       414.4413      1056.9897      1361.3947        17.6232        -587875.5454     42041.4724        43.3503         0.0000     48511.5887        -494428.6850       293.0876   -542940.2737   -494325.0601       292.2187            -39.7252        -6.1507    830694.5106         5.2297         5.2368

TIMING: 142000  CPU: 1033.82, 0.00727782/step  Wall: 1037.99, 0.00729932/step, 1.73967 hours remaining, 0.000000 MB of memory in use.
PERFORMANCE: 142000  averaging 23.6417 ns/day, 0.00730913 sec/step with standard deviation 7.90181e-05
ENERGY:  142000       393.6920      1071.5051      1374.8724        21.1229        -587484.1054     41985.6102        43.9256         0.0000     48402.7872        -494190.5899       292.4302   -542593.3771   -494081.4187       292.2577             15.3355        49.3158    831141.0505         1.2640         1.2753

TIMING: 143000  CPU: 1041.12, 0.00729881/step  Wall: 1045.31, 0.00731951/step, 1.74245 hours remaining, 0.000000 MB of memory in use.
PERFORMANCE: 143000  averaging 23.6414 ns/day, 0.0073092 sec/step with standard deviation 7.87442e-05
ENERGY:  143000       399.7107      1097.8586      1346.1997        14.3220        -586942.3529     41822.2934        43.8391         0.0000     48387.8302        -493830.2992       292.3399   -542218.1294   -493722.4466       292.7327            -95.1745       -65.0193    832631.9406         4.5162         4.5110

TIMING: 144000  CPU: 1048.39, 0.00727204/step  Wall: 1052.61, 0.00729751/step, 1.73519 hours remaining, 0.000000 MB of memory in use.
PERFORMANCE: 144000  averaging 23.6417 ns/day, 0.00730912 sec/step with standard deviation 7.84744e-05
ENERGY:  144000       379.8619      1060.2318      1354.5277        17.0186        -587826.1989     42419.7063        44.6362         0.0000     48605.7895        -493944.4269       293.6567   -542550.2164   -493831.7180       293.1528            156.6792       189.9862    830427.4992         2.8591         2.9188

LDB: ============= START OF LOAD BALANCING ============== 1056.16
LDB: ============== END OF LOAD BALANCING =============== 1056.16
Info: useSync: 0 useProxySync: 0
LDB: =============== DONE WITH MIGRATION ================ 1056.16
LDB: ============= START OF LOAD BALANCING ============== 1056.89
LDB: TIME 1056.89 LOAD: AVG 0.585884 MAX 0.639722  PROXIES: TOTAL 344 MAXPE 47 MAXPATCH 5 None MEM: 0 MB
LDB: TIME 1056.89 LOAD: AVG 0.585884 MAX 0.639722  PROXIES: TOTAL 344 MAXPE 47 MAXPATCH 5 RefineTorusLB MEM: 0 MB
LDB: TIME 1056.89 LOAD: AVG 0.585884 MAX 0.639722  PROXIES: TOTAL 344 MAXPE 47 MAXPATCH 5 RefineTorusLB MEM: 0 MB
LDB: Reverting to original mapping
LDB: ============== END OF LOAD BALANCING =============== 1056.89
Info: useSync: 0 useProxySync: 0
LDB: =============== DONE WITH MIGRATION ================ 1056.89
WRITING COORDINATES TO DCD FILE eq1.dcd AT STEP 145000
TIMING: 145000  CPU: 1055.7, 0.00731072/step  Wall: 1059.94, 0.00733328/step, 1.74165 hours remaining, 0.000000 MB of memory in use.
PERFORMANCE: 145000  averaging 23.6411 ns/day, 0.00730929 sec/step with standard deviation 7.82272e-05
ENERGY:  145000       400.2605      1074.3163      1336.7364        17.3943        -587581.6105     41981.7792        45.3886         0.0000     48240.4489        -494485.2862       291.4494   -542725.7352   -494378.4629       292.2379           -131.8830       -98.1600    832638.1460        -2.5995        -2.6057

TIMING: 146000  CPU: 1063.01, 0.00730707/step  Wall: 1067.27, 0.00732952/step, 1.73872 hours remaining, 0.000000 MB of memory in use.
PERFORMANCE: 146000  averaging 23.6407 ns/day, 0.00730943 sec/step with standard deviation 7.79749e-05
ENERGY:  146000       390.8390      1095.1227      1349.1656        19.7845        -587888.4478     42035.7852        45.6734         0.0000     48522.7008        -494429.3767       293.1547   -542952.0774   -494321.0786       292.3367            -87.4258       -52.8136    831552.5893         2.4667         2.5187

TIMING: 147000  CPU: 1070.29, 0.00727889/step  Wall: 1074.57, 0.00730459/step, 1.73078 hours remaining, 0.000000 MB of memory in use.
PERFORMANCE: 147000  averaging 23.6408 ns/day, 0.0073094 sec/step with standard deviation 7.77085e-05
ENERGY:  147000       392.7674      1090.1212      1366.0317        13.0356        -587678.4198     42067.0223        36.9364         0.0000     48427.4012        -494285.1040       292.5789   -542712.5052   -494175.5361       292.8266             -2.6394        27.5861    831629.9230         1.4695         1.4170

TIMING: 148000  CPU: 1077.59, 0.00730066/step  Wall: 1081.9, 0.00732453/step, 1.73347 hours remaining, 0.000000 MB of memory in use.
PERFORMANCE: 148000  averaging 23.6405 ns/day, 0.0073095 sec/step with standard deviation 7.74537e-05
ENERGY:  148000       375.4043      1062.2553      1361.0536        14.6595        -587621.1756     41948.5547        37.0372         0.0000     48316.7927        -494505.4182       291.9107   -542822.2110   -494398.0341       292.5466            -34.3108        -4.3017    831953.4472        -0.6974        -0.7427

LDB: ============= START OF LOAD BALANCING ============== 1085.45
LDB: ============== END OF LOAD BALANCING =============== 1085.45
Info: useSync: 0 useProxySync: 0
LDB: =============== DONE WITH MIGRATION ================ 1085.45
LDB: ============= START OF LOAD BALANCING ============== 1086.18
LDB: TIME 1086.18 LOAD: AVG 0.585501 MAX 0.639917  PROXIES: TOTAL 344 MAXPE 47 MAXPATCH 5 None MEM: 0 MB
LDB: TIME 1086.18 LOAD: AVG 0.585501 MAX 0.639917  PROXIES: TOTAL 344 MAXPE 47 MAXPATCH 5 RefineTorusLB MEM: 0 MB
LDB: TIME 1086.18 LOAD: AVG 0.585501 MAX 0.639917  PROXIES: TOTAL 344 MAXPE 47 MAXPATCH 5 RefineTorusLB MEM: 0 MB
LDB: Reverting to original mapping
LDB: ============== END OF LOAD BALANCING =============== 1086.18
Info: useSync: 0 useProxySync: 0
LDB: =============== DONE WITH MIGRATION ================ 1086.18
TIMING: 149000  CPU: 1084.89, 0.00729993/step  Wall: 1089.22, 0.00732036/step, 1.73045 hours remaining, 0.000000 MB of memory in use.
PERFORMANCE: 149000  averaging 23.6402 ns/day, 0.00730957 sec/step with standard deviation 7.71967e-05
ENERGY:  149000       389.0979      1062.0717      1344.2035        16.1232        -587689.3311     41891.4158        48.1415         0.0000     48352.2029        -494586.0746       292.1246   -542938.2775   -494484.1218       291.5841           -103.8554       -71.8795    832354.8794        -6.3732        -6.3374

WRITING COORDINATES TO DCD FILE eq1.dcd AT STEP 150000
WRITING COORDINATES TO RESTART FILE AT STEP 150000
FINISHED WRITING RESTART COORDINATES
TIMING: 150000  CPU: 1092.23, 0.00733551/step  Wall: 1096.6, 0.00737922/step, 1.74232 hours remaining, 0.000000 MB of memory in use.
PERFORMANCE: 150000  averaging 23.6387 ns/day, 0.00731003 sec/step with standard deviation 7.71471e-05
ETITLE:      TS           BOND          ANGLE          DIHED          IMPRP               ELECT            VDW       BOUNDARY           MISC        KINETIC               TOTAL           TEMP      POTENTIAL         TOTAL3        TEMPAVG            PRESSURE      GPRESSURE         VOLUME       PRESSAVG      GPRESSAVG

ENERGY:  150000       433.6306      1070.8077      1343.0277        17.0192        -587952.9742     42528.9806        47.6730         0.0000     48111.3017        -494400.5337       290.6692   -542511.8354   -494295.9748       291.9084             78.7173       112.5202    832047.8932        -3.9643        -3.9416

WRITING EXTENDED SYSTEM TO RESTART FILE AT STEP 150000
WRITING VELOCITIES TO RESTART FILE AT STEP 150000
FINISHED WRITING RESTART VELOCITIES
TIMING: 151000  CPU: 1099.54, 0.00731581/step  Wall: 1103.96, 0.00736374/step, 1.73662 hours remaining, 0.000000 MB of memory in use.
PERFORMANCE: 151000  averaging 23.6376 ns/day, 0.00731039 sec/step with standard deviation 7.70136e-05
ENERGY:  151000       406.2014      1026.6606      1359.8480        22.9026        -588069.4612     42446.0858        43.6647         0.0000     48519.2965        -494244.8015       293.1341   -542764.0980   -494145.2213       292.2587             66.3799       100.6558    831756.8896         5.6859         5.7048

TIMING: 152000  CPU: 1106.85, 0.00730898/step  Wall: 1111.29, 0.00733223/step, 1.72715 hours remaining, 0.000000 MB of memory in use.
PERFORMANCE: 152000  averaging 23.6371 ns/day, 0.00731053 sec/step with standard deviation 7.67786e-05
ENERGY:  152000       413.3640      1086.4491      1349.9377        21.3503        -587898.3630     42175.9825        43.3090         0.0000     48405.0242        -494402.9462       292.4437   -542807.9704   -494304.2530       292.6218             13.8368        48.3065    831519.9974        -0.9455        -0.9734

LDB: ============= START OF LOAD BALANCING ============== 1114.84
LDB: ============== END OF LOAD BALANCING =============== 1114.84
Info: useSync: 0 useProxySync: 0
LDB: =============== DONE WITH MIGRATION ================ 1114.84
LDB: ============= START OF LOAD BALANCING ============== 1115.57
LDB: TIME 1115.57 LOAD: AVG 0.585021 MAX 0.639212  PROXIES: TOTAL 344 MAXPE 47 MAXPATCH 5 None MEM: 0 MB
LDB: TIME 1115.57 LOAD: AVG 0.585021 MAX 0.639212  PROXIES: TOTAL 344 MAXPE 47 MAXPATCH 5 RefineTorusLB MEM: 0 MB
LDB: TIME 1115.57 LOAD: AVG 0.585021 MAX 0.639212  PROXIES: TOTAL 344 MAXPE 47 MAXPATCH 5 RefineTorusLB MEM: 0 MB
LDB: ============== END OF LOAD BALANCING =============== 1115.57
Info: useSync: 0 useProxySync: 0
LDB: =============== DONE WITH MIGRATION ================ 1115.57
TIMING: 153000  CPU: 1114.12, 0.00727327/step  Wall: 1118.59, 0.00729649/step, 1.7167 hours remaining, 0.000000 MB of memory in use.
PERFORMANCE: 153000  averaging 23.6374 ns/day, 0.00731044 sec/step with standard deviation 7.65341e-05
ENERGY:  153000       399.2971      1040.5753      1343.0162        15.0506        -587602.3109     42040.1127        38.0297         0.0000     48438.1182        -494288.1111       292.6437   -542726.2293   -494187.7210       292.3420            -68.5543       -34.7981    831489.2738        -4.8389        -4.8954

TIMING: 154000  CPU: 1121.4, 0.00728123/step  Wall: 1125.89, 0.00730041/step, 1.7156 hours remaining, 0.000000 MB of memory in use.
PERFORMANCE: 154000  averaging 23.6376 ns/day, 0.00731038 sec/step with standard deviation 7.62878e-05
ENERGY:  154000       364.1302      1046.2764      1346.3597        16.8407        -586953.7723     41479.1774        45.0604         0.0000     48487.5165        -494168.4109       292.9421   -542655.9274   -494068.6680       292.4739           -217.6116      -184.9871    833277.0741        -0.5297        -0.5796

TIMING: 155000  CPU: 1128.71, 0.00730604/step  Wall: 1133.22, 0.00732847/step, 1.72016 hours remaining, 0.000000 MB of memory in use.
PERFORMANCE: 155000  averaging 23.6373 ns/day, 0.00731049 sec/step with standard deviation 7.60536e-05
ENERGY:  155000       415.1855      1080.2666      1348.3765        16.3073        -587896.4719     42338.1551        42.1816         0.0000     48669.0660        -493986.9332       294.0390   -542655.9992   -493880.5324       293.2726             79.4087       109.0584    832780.7628         4.0324         4.0720

WRITING COORDINATES TO DCD FILE eq1.dcd AT STEP 155000
TIMING: 156000  CPU: 1135.98, 0.00726936/step  Wall: 1140.51, 0.00729445/step, 1.71014 hours remaining, 0.000000 MB of memory in use.
PERFORMANCE: 156000  averaging 23.6376 ns/day, 0.00731039 sec/step with standard deviation 7.58188e-05
ENERGY:  156000       394.8576      1101.2897      1327.3682        19.3319        -587371.6857     42208.3444        44.0761         0.0000     48734.1320        -493542.2859       294.4321   -542276.4179   -493434.1939       293.6938             26.2381        58.4897    831226.7806        -8.0282        -8.0413

LDB: ============= START OF LOAD BALANCING ============== 1144.07
LDB: ============== END OF LOAD BALANCING =============== 1144.07
Info: useSync: 0 useProxySync: 0
LDB: =============== DONE WITH MIGRATION ================ 1144.07
LDB: ============= START OF LOAD BALANCING ============== 1144.8
LDB: TIME 1144.8 LOAD: AVG 0.584834 MAX 0.644539  PROXIES: TOTAL 344 MAXPE 47 MAXPATCH 5 None MEM: 0 MB
LDB: TIME 1144.8 LOAD: AVG 0.584834 MAX 0.644539  PROXIES: TOTAL 344 MAXPE 47 MAXPATCH 5 RefineTorusLB MEM: 0 MB
LDB: TIME 1144.8 LOAD: AVG 0.584834 MAX 0.644539  PROXIES: TOTAL 344 MAXPE 47 MAXPATCH 5 RefineTorusLB MEM: 0 MB
LDB: ============== END OF LOAD BALANCING =============== 1144.8
Info: useSync: 0 useProxySync: 0
LDB: =============== DONE WITH MIGRATION ================ 1144.8
TIMING: 157000  CPU: 1143.27, 0.00729346/step  Wall: 1147.83, 0.00731598/step, 1.71316 hours remaining, 0.000000 MB of memory in use.
PERFORMANCE: 157000  averaging 23.6375 ns/day, 0.00731043 sec/step with standard deviation 7.55767e-05
ENERGY:  157000       376.4960      1072.4188      1359.3695        20.3203        -587450.3891     42094.2008        43.9668         0.0000     48705.8765        -493777.7406       294.2614   -542483.6171   -493674.1350       293.3297             59.0672        88.3867    831993.6829         3.5642         3.5186

TIMING: 158000  CPU: 1150.58, 0.00730267/step  Wall: 1155.16, 0.0073274/step, 1.7138 hours remaining, 0.000000 MB of memory in use.
PERFORMANCE: 158000  averaging 23.6371 ns/day, 0.00731053 sec/step with standard deviation 7.53477e-05
ENERGY:  158000       397.0020      1084.2249      1352.9686        19.7109        -587946.7076     42130.1822        46.3795         0.0000     48646.6349        -494269.6045       293.9035   -542916.2394   -494158.3001       292.7381            -11.9463        19.1974    832325.8354        -1.2909        -1.3507

TIMING: 159000  CPU: 1157.9, 0.00732268/step  Wall: 1162.5, 0.00734221/step, 1.71522 hours remaining, 0.000000 MB of memory in use.
PERFORMANCE: 159000  averaging 23.6365 ns/day, 0.00731073 sec/step with standard deviation 7.51509e-05
ENERGY:  159000       407.2459      1139.5568      1353.0028        18.3069        -587722.1610     42168.7401        48.5036         0.0000     48198.4915        -494388.3135       291.1959   -542586.8049   -494287.5076       292.2701             78.5454       107.8367    831235.8359         1.2823         1.3323

WRITING COORDINATES TO DCD FILE eq1.dcd AT STEP 160000
WRITING COORDINATES TO RESTART FILE AT STEP 160000
FINISHED WRITING RESTART COORDINATES
TIMING: 160000  CPU: 1165.23, 0.00732738/step  Wall: 1169.87, 0.00737259/step, 1.72027 hours remaining, 0.000000 MB of memory in use.
PERFORMANCE: 160000  averaging 23.6352 ns/day, 0.00731112 sec/step with standard deviation 7.50736e-05
ETITLE:      TS           BOND          ANGLE          DIHED          IMPRP               ELECT            VDW       BOUNDARY           MISC        KINETIC               TOTAL           TEMP      POTENTIAL         TOTAL3        TEMPAVG            PRESSURE      GPRESSURE         VOLUME       PRESSAVG      GPRESSAVG

ENERGY:  160000       427.8890      1058.1957      1348.7553        22.7153        -588106.1608     42299.0479        43.2054         0.0000     48287.0936        -494619.2586       291.7312   -542906.3522   -494510.3803       292.1702             16.3005        46.9152    832521.6840        -1.7261        -1.7611

WRITING EXTENDED SYSTEM TO RESTART FILE AT STEP 160000
WRITING VELOCITIES TO RESTART FILE AT STEP 160000
FINISHED WRITING RESTART VELOCITIES
LDB: ============= START OF LOAD BALANCING ============== 1173.46
LDB: ============== END OF LOAD BALANCING =============== 1173.46
Info: useSync: 0 useProxySync: 0
LDB: =============== DONE WITH MIGRATION ================ 1173.46
LDB: ============= START OF LOAD BALANCING ============== 1174.19
LDB: TIME 1174.19 LOAD: AVG 0.584919 MAX 0.641739  PROXIES: TOTAL 344 MAXPE 47 MAXPATCH 5 None MEM: 0 MB
LDB: TIME 1174.19 LOAD: AVG 0.584919 MAX 0.641739  PROXIES: TOTAL 344 MAXPE 47 MAXPATCH 5 RefineTorusLB MEM: 0 MB
LDB: TIME 1174.19 LOAD: AVG 0.584919 MAX 0.641739  PROXIES: TOTAL 344 MAXPE 47 MAXPATCH 5 RefineTorusLB MEM: 0 MB
LDB: Reverting to original mapping
LDB: ============== END OF LOAD BALANCING =============== 1174.19
Info: useSync: 0 useProxySync: 0
LDB: =============== DONE WITH MIGRATION ================ 1174.19
TIMING: 161000  CPU: 1172.52, 0.00729543/step  Wall: 1177.22, 0.0073463/step, 1.7121 hours remaining, 0.000000 MB of memory in use.
PERFORMANCE: 161000  averaging 23.6345 ns/day, 0.00731134 sec/step with standard deviation 7.489e-05
ENERGY:  161000       387.0421      1076.1237      1350.8549        15.5955        -586953.6531     41561.7413        44.1432         0.0000     48217.3272        -494300.8251       291.3097   -542518.1523   -494202.2409       292.1292           -322.0200      -290.7703    835593.1372         3.0265         3.0026

TIMING: 162000  CPU: 1179.84, 0.00731496/step  Wall: 1184.55, 0.00733354/step, 1.70709 hours remaining, 0.000000 MB of memory in use.
PERFORMANCE: 162000  averaging 23.6341 ns/day, 0.00731148 sec/step with standard deviation 7.46774e-05
ENERGY:  162000       380.1587      1070.1078      1352.6444        23.8579        -587667.4490     42062.9774        43.9520         0.0000     48174.9370        -494558.8137       291.0536   -542733.7507   -494460.4329       291.7817            -30.6371         1.6707    831881.1412        -4.9986        -5.0236

TIMING: 163000  CPU: 1187.12, 0.00728597/step  Wall: 1191.86, 0.00730342/step, 1.69805 hours remaining, 0.000000 MB of memory in use.
PERFORMANCE: 163000  averaging 23.6342 ns/day, 0.00731143 sec/step with standard deviation 7.44493e-05
ENERGY:  163000       419.5997      1072.0200      1360.1501        19.1771        -587555.6961     41719.6739        40.3449         0.0000     48370.7913        -494553.9390       292.2369   -542924.7303   -494449.3217       291.8138           -182.9589      -149.6715    830635.3611         1.6458         1.6728

TIMING: 164000  CPU: 1194.36, 0.00724029/step  Wall: 1199.13, 0.0072693/step, 1.68809 hours remaining, 0.000000 MB of memory in use.
PERFORMANCE: 164000  averaging 23.6351 ns/day, 0.00731117 sec/step with standard deviation 7.42934e-05
ENERGY:  164000       394.5416      1072.3556      1364.1620        17.1000        -587928.0846     42356.1562        33.9068         0.0000     48202.2425        -494487.6198       291.2186   -542689.8624   -494383.9024       292.1659             75.1402       107.5797    830950.4399        -3.1570        -3.2070

LDB: ============= START OF LOAD BALANCING ============== 1202.68
LDB: ============== END OF LOAD BALANCING =============== 1202.68
Info: useSync: 0 useProxySync: 0
LDB: =============== DONE WITH MIGRATION ================ 1202.68
LDB: ============= START OF LOAD BALANCING ============== 1203.41
LDB: TIME 1203.41 LOAD: AVG 0.585619 MAX 0.638415  PROXIES: TOTAL 344 MAXPE 47 MAXPATCH 5 None MEM: 0 MB
LDB: TIME 1203.41 LOAD: AVG 0.585619 MAX 0.638415  PROXIES: TOTAL 344 MAXPE 47 MAXPATCH 5 RefineTorusLB MEM: 0 MB
LDB: TIME 1203.41 LOAD: AVG 0.585619 MAX 0.638415  PROXIES: TOTAL 344 MAXPE 47 MAXPATCH 5 RefineTorusLB MEM: 0 MB
LDB: ============== END OF LOAD BALANCING =============== 1203.41
Info: useSync: 0 useProxySync: 0
LDB: =============== DONE WITH MIGRATION ================ 1203.41
TIMING: 165000  CPU: 1201.63, 0.00726407/step  Wall: 1206.42, 0.00729231/step, 1.69141 hours remaining, 0.000000 MB of memory in use.
PERFORMANCE: 165000  averaging 23.6354 ns/day, 0.00731106 sec/step with standard deviation 7.40811e-05
ENERGY:  165000       378.4902      1061.0079      1338.8902        18.7033        -587942.3636     42056.9840        38.0522         0.0000     48308.1702        -494742.0656       291.8586   -543050.2358   -494637.5112       291.7937            -70.1717       -37.2637    831242.5388        -2.4340        -2.4164

WRITING COORDINATES TO DCD FILE eq1.dcd AT STEP 165000
TIMING: 166000  CPU: 1208.93, 0.00730259/step  Wall: 1213.75, 0.00732806/step, 1.69767 hours remaining, 0.000000 MB of memory in use.
PERFORMANCE: 166000  averaging 23.6351 ns/day, 0.00731116 sec/step with standard deviation 7.3868e-05
ENERGY:  166000       381.9033      1097.9968      1348.5136        21.8426        -587901.5138     42282.9238        33.6802         0.0000     48133.8709        -494600.7826       290.8055   -542734.6536   -494493.7851       291.7558             18.8312        50.9805    830828.1511         1.6426         1.6680

TIMING: 167000  CPU: 1216.24, 0.00731374/step  Wall: 1221.09, 0.00734307/step, 1.69911 hours remaining, 0.000000 MB of memory in use.
PERFORMANCE: 167000  averaging 23.6345 ns/day, 0.00731135 sec/step with standard deviation 7.36866e-05
ENERGY:  167000       357.0506      1040.7119      1365.6813        19.0115        -587546.7159     42078.2832        37.7501         0.0000     48613.5537        -494034.6736       293.7036   -542648.2273   -493926.4948       292.6829             79.6464       107.3032    830003.2361        -0.2528        -0.2496

TIMING: 168000  CPU: 1223.52, 0.00728166/step  Wall: 1228.4, 0.00731064/step, 1.68957 hours remaining, 0.000000 MB of memory in use.
PERFORMANCE: 168000  averaging 23.6345 ns/day, 0.00731134 sec/step with standard deviation 7.34657e-05
ENERGY:  168000       379.5591      1095.2666      1344.8648        17.1182        -586818.1910     41614.4052        46.6267         0.0000     48479.6656        -493840.6849       292.8947   -542320.3505   -493734.5773       292.8343           -143.4146      -109.3426    832985.6478         0.8190         0.8210

LDB: ============= START OF LOAD BALANCING ============== 1231.96
LDB: ============== END OF LOAD BALANCING =============== 1231.96
Info: useSync: 0 useProxySync: 0
LDB: =============== DONE WITH MIGRATION ================ 1231.96
LDB: ============= START OF LOAD BALANCING ============== 1232.7
LDB: TIME 1232.7 LOAD: AVG 0.585284 MAX 0.644863  PROXIES: TOTAL 344 MAXPE 47 MAXPATCH 5 None MEM: 0 MB
LDB: TIME 1232.7 LOAD: AVG 0.585284 MAX 0.644863  PROXIES: TOTAL 344 MAXPE 47 MAXPATCH 5 RefineTorusLB MEM: 0 MB
LDB: TIME 1232.7 LOAD: AVG 0.585284 MAX 0.644863  PROXIES: TOTAL 344 MAXPE 47 MAXPATCH 5 RefineTorusLB MEM: 0 MB
LDB: ============== END OF LOAD BALANCING =============== 1232.7
Info: useSync: 0 useProxySync: 0
LDB: =============== DONE WITH MIGRATION ================ 1232.7
TIMING: 169000  CPU: 1230.84, 0.00731055/step  Wall: 1235.74, 0.00733569/step, 1.69332 hours remaining, 0.000000 MB of memory in use.
PERFORMANCE: 169000  averaging 23.634 ns/day, 0.00731149 sec/step with standard deviation 7.32706e-05
ENERGY:  169000       395.9946      1072.7353      1343.2046        15.9449        -587285.9578     42046.1639        40.5075         0.0000     48548.0747        -493823.3324       293.3080   -542371.4071   -493708.2570       292.9800             11.2209        43.9218    832238.5356         5.0987         5.1821

WRITING COORDINATES TO DCD FILE eq1.dcd AT STEP 170000
WRITING COORDINATES TO RESTART FILE AT STEP 170000
FINISHED WRITING RESTART COORDINATES
TIMING: 170000  CPU: 1238.14, 0.00730854/step  Wall: 1243.09, 0.0073519/step, 1.69502 hours remaining, 0.000000 MB of memory in use.
PERFORMANCE: 170000  averaging 23.6333 ns/day, 0.00731173 sec/step with standard deviation 7.31193e-05
ETITLE:      TS           BOND          ANGLE          DIHED          IMPRP               ELECT            VDW       BOUNDARY           MISC        KINETIC               TOTAL           TEMP      POTENTIAL         TOTAL3        TEMPAVG            PRESSURE      GPRESSURE         VOLUME       PRESSAVG      GPRESSAVG

ENERGY:  170000       428.7705      1044.0013      1342.6894        20.5628        -587317.6259     41860.2763        49.5018         0.0000     48619.5229        -493952.3008       293.7397   -542571.8237   -493851.5571       292.8858            -98.0532       -62.6519    832034.4527         3.8219         3.9110

WRITING EXTENDED SYSTEM TO RESTART FILE AT STEP 170000
WRITING VELOCITIES TO RESTART FILE AT STEP 170000
FINISHED WRITING RESTART VELOCITIES
TIMING: 171000  CPU: 1245.42, 0.00727688/step  Wall: 1250.42, 0.00733339/step, 1.68872 hours remaining, 0.000000 MB of memory in use.
PERFORMANCE: 171000  averaging 23.6329 ns/day, 0.00731185 sec/step with standard deviation 7.29227e-05
ENERGY:  171000       385.5780      1083.1232      1348.2879        15.2324        -587481.9688     42045.7278        50.9542         0.0000     48853.1202        -493699.9452       295.1510   -542553.0654   -493590.5769       293.2051            -55.4371       -23.0692    831323.4515         7.3255         7.3333

TIMING: 172000  CPU: 1252.71, 0.007287/step  Wall: 1257.74, 0.00731857/step, 1.68327 hours remaining, 0.000000 MB of memory in use.
PERFORMANCE: 172000  averaging 23.6327 ns/day, 0.00731189 sec/step with standard deviation 7.2711e-05
ENERGY:  172000       389.2996      1082.1687      1356.8392        18.8879        -586801.4343     41552.1720        41.8564         0.0000     48504.3803        -493855.8302       293.0440   -542360.2104   -493751.5317       293.4600           -204.9030      -169.6606    832473.6550         4.7529         4.7335

LDB: ============= START OF LOAD BALANCING ============== 1261.31
LDB: ============== END OF LOAD BALANCING =============== 1261.31
Info: useSync: 0 useProxySync: 0
LDB: =============== DONE WITH MIGRATION ================ 1261.31
LDB: ============= START OF LOAD BALANCING ============== 1262.04
LDB: TIME 1262.04 LOAD: AVG 0.586032 MAX 0.644846  PROXIES: TOTAL 344 MAXPE 47 MAXPATCH 5 None MEM: 0 MB
LDB: TIME 1262.04 LOAD: AVG 0.586032 MAX 0.644846  PROXIES: TOTAL 344 MAXPE 47 MAXPATCH 5 RefineTorusLB MEM: 0 MB
LDB: TIME 1262.04 LOAD: AVG 0.586032 MAX 0.644846  PROXIES: TOTAL 344 MAXPE 47 MAXPATCH 5 RefineTorusLB MEM: 0 MB
LDB: ============== END OF LOAD BALANCING =============== 1262.04
Info: useSync: 0 useProxySync: 0
LDB: =============== DONE WITH MIGRATION ================ 1262.04
TIMING: 173000  CPU: 1260.01, 0.00730002/step  Wall: 1265.06, 0.00732089/step, 1.68177 hours remaining, 0.000000 MB of memory in use.
PERFORMANCE: 173000  averaging 23.6326 ns/day, 0.00731194 sec/step with standard deviation 7.25025e-05
ENERGY:  173000       360.0185      1112.8575      1346.8382        16.2037        -587597.5838     42018.6216        54.8906         0.0000     48214.3861        -494473.7678       291.2920   -542688.1538   -494380.2129       292.9590            -71.1885       -37.1780    830649.2831         0.7127         0.7132

TIMING: 174000  CPU: 1267.32, 0.00730822/step  Wall: 1272.39, 0.00733374/step, 1.68269 hours remaining, 0.000000 MB of memory in use.
PERFORMANCE: 174000  averaging 23.6322 ns/day, 0.00731207 sec/step with standard deviation 7.23115e-05
ENERGY:  174000       368.9678      1075.4377      1348.6316        16.9301        -588481.2198     42563.3765        40.2638         0.0000     48394.6209        -494672.9914       292.3809   -543067.6123   -494564.3958       291.8988             81.0209       114.9108    831254.8179         0.4142         0.4419

WRITING COORDINATES TO DCD FILE eq1.dcd AT STEP 175000
TIMING: 175000  CPU: 1274.62, 0.0073002/step  Wall: 1279.72, 0.0073292/step, 1.67961 hours remaining, 0.000000 MB of memory in use.
PERFORMANCE: 175000  averaging 23.6318 ns/day, 0.00731217 sec/step with standard deviation 7.21151e-05
ENERGY:  175000       394.7780      1102.1568      1359.6936        16.9268        -587872.2862     41876.2758        49.5176         0.0000     48309.0769        -494763.8609       291.8641   -543072.9378   -494665.1440       291.1420            -57.1282       -27.8792    831519.4490         1.7680         1.8248

TIMING: 176000  CPU: 1281.91, 0.00729251/step  Wall: 1287.04, 0.00731723/step, 1.67483 hours remaining, 0.000000 MB of memory in use.
PERFORMANCE: 176000  averaging 23.6318 ns/day, 0.0073122 sec/step with standard deviation 7.19098e-05
ENERGY:  176000       371.3643      1043.1234      1355.1822        17.6321        -587858.8167     42209.0668        51.1378         0.0000     48021.9229        -494789.3872       290.1292   -542811.3101   -494683.5848       291.6824            124.2861       156.4298    831643.5671         0.0864         0.0614

LDB: ============= START OF LOAD BALANCING ============== 1290.61
LDB: ============== END OF LOAD BALANCING =============== 1290.61
Info: useSync: 0 useProxySync: 0
LDB: =============== DONE WITH MIGRATION ================ 1290.61
LDB: ============= START OF LOAD BALANCING ============== 1291.34
LDB: TIME 1291.34 LOAD: AVG 0.585076 MAX 0.639332  PROXIES: TOTAL 344 MAXPE 47 MAXPATCH 5 None MEM: 0 MB
LDB: TIME 1291.34 LOAD: AVG 0.585076 MAX 0.639332  PROXIES: TOTAL 344 MAXPE 47 MAXPATCH 5 RefineTorusLB MEM: 0 MB
LDB: TIME 1291.34 LOAD: AVG 0.585076 MAX 0.639332  PROXIES: TOTAL 344 MAXPE 47 MAXPATCH 5 RefineTorusLB MEM: 0 MB
LDB: ============== END OF LOAD BALANCING =============== 1291.34
Info: useSync: 0 useProxySync: 0
LDB: =============== DONE WITH MIGRATION ================ 1291.34
TIMING: 177000  CPU: 1289.21, 0.00730155/step  Wall: 1294.37, 0.00733126/step, 1.67601 hours remaining, 0.000000 MB of memory in use.
PERFORMANCE: 177000  averaging 23.6314 ns/day, 0.0073123 sec/step with standard deviation 7.17195e-05
ENERGY:  177000       387.1447      1048.4548      1345.4767        14.5419        -587296.9307     41847.4410        50.3192         0.0000     48134.0778        -494469.4745       290.8068   -542603.5523   -494370.3899       291.2573           -106.2460       -72.3628    832979.9889        -5.9663        -5.9381

TIMING: 178000  CPU: 1296.5, 0.00728899/step  Wall: 1301.69, 0.00731573/step, 1.67042 hours remaining, 0.000000 MB of memory in use.
PERFORMANCE: 178000  averaging 23.6313 ns/day, 0.00731232 sec/step with standard deviation 7.15171e-05
ENERGY:  178000       421.7039      1098.9285      1349.1350        18.2565        -588110.4738     42296.3559        47.5601         0.0000     48274.1403        -494604.3936       291.6530   -542878.5339   -494511.8221       291.9663             71.6866       103.5679    832430.3480         4.2081         4.2430

TIMING: 179000  CPU: 1303.81, 0.00730852/step  Wall: 1309.02, 0.0073322/step, 1.67215 hours remaining, 0.000000 MB of memory in use.
PERFORMANCE: 179000  averaging 23.631 ns/day, 0.00731243 sec/step with standard deviation 7.13314e-05
ENERGY:  179000       412.4404      1053.0061      1345.6029        18.0235        -587443.7500     41686.0102        50.9601         0.0000     48243.2448        -494634.4620       291.4663   -542877.7069   -494526.9185       291.8367           -268.6148      -236.1073    832847.9162         5.3946         5.3958

WRITING COORDINATES TO DCD FILE eq1.dcd AT STEP 180000
WRITING COORDINATES TO RESTART FILE AT STEP 180000
FINISHED WRITING RESTART COORDINATES
TIMING: 180000  CPU: 1311.1, 0.00729604/step  Wall: 1316.36, 0.00734101/step, 1.67212 hours remaining, 0.000000 MB of memory in use.
PERFORMANCE: 180000  averaging 23.6305 ns/day, 0.00731259 sec/step with standard deviation 7.11637e-05
ETITLE:      TS           BOND          ANGLE          DIHED          IMPRP               ELECT            VDW       BOUNDARY           MISC        KINETIC               TOTAL           TEMP      POTENTIAL         TOTAL3        TEMPAVG            PRESSURE      GPRESSURE         VOLUME       PRESSAVG      GPRESSAVG

ENERGY:  180000       390.2223      1089.8817      1349.9326        18.0668        -587545.8729     41857.1463        42.6421         0.0000     48261.6929        -494536.2882       291.5778   -542797.9812   -494431.9221       291.7184           -102.4612       -70.7193    831992.3694        -0.8481        -0.9156

WRITING EXTENDED SYSTEM TO RESTART FILE AT STEP 180000
WRITING VELOCITIES TO RESTART FILE AT STEP 180000
FINISHED WRITING RESTART VELOCITIES
LDB: ============= START OF LOAD BALANCING ============== 1319.94
LDB: ============== END OF LOAD BALANCING =============== 1319.94
Info: useSync: 0 useProxySync: 0
LDB: =============== DONE WITH MIGRATION ================ 1319.94
LDB: ============= START OF LOAD BALANCING ============== 1320.68
LDB: TIME 1320.68 LOAD: AVG 0.5862 MAX 0.644425  PROXIES: TOTAL 344 MAXPE 47 MAXPATCH 5 None MEM: 0 MB
LDB: TIME 1320.68 LOAD: AVG 0.5862 MAX 0.644425  PROXIES: TOTAL 344 MAXPE 47 MAXPATCH 5 RefineTorusLB MEM: 0 MB
LDB: TIME 1320.68 LOAD: AVG 0.5862 MAX 0.644425  PROXIES: TOTAL 344 MAXPE 47 MAXPATCH 5 RefineTorusLB MEM: 0 MB
LDB: Reverting to original mapping
LDB: ============== END OF LOAD BALANCING =============== 1320.68
Info: useSync: 0 useProxySync: 0
LDB: =============== DONE WITH MIGRATION ================ 1320.68
TIMING: 181000  CPU: 1318.39, 0.00728808/step  Wall: 1323.7, 0.00733937/step, 1.66971 hours remaining, 0.000000 MB of memory in use.
PERFORMANCE: 181000  averaging 23.63 ns/day, 0.00731274 sec/step with standard deviation 7.09937e-05
ENERGY:  181000       421.5903      1031.1969      1353.7631        14.1826        -587579.5125     42134.1957        51.4050         0.0000     48395.5154        -494177.6634       292.3863   -542573.1789   -494077.6740       292.1838              2.2283        35.9804    830614.4937         6.0300         6.0269

TIMING: 182000  CPU: 1325.69, 0.00729579/step  Wall: 1331.02, 0.00731877/step, 1.66299 hours remaining, 0.000000 MB of memory in use.
PERFORMANCE: 182000  averaging 23.6299 ns/day, 0.00731277 sec/step with standard deviation 7.07987e-05
ENERGY:  182000       394.2619      1020.3632      1345.0806        23.0111        -587548.4712     42176.0540        59.1497         0.0000     48389.9903        -494140.5604       292.3529   -542530.5507   -494035.8566       292.7574             65.7502        97.9523    830977.5033         4.9587         4.9859

TIMING: 183000  CPU: 1333, 0.00730789/step  Wall: 1338.35, 0.00733636/step, 1.66495 hours remaining, 0.000000 MB of memory in use.
PERFORMANCE: 183000  averaging 23.6295 ns/day, 0.0073129 sec/step with standard deviation 7.06254e-05
ENERGY:  183000       406.7696      1064.8812      1327.0813        20.6674        -587968.4292     42311.0865        52.0037         0.0000     48449.8653        -494336.0743       292.7146   -542785.9396   -494233.5105       292.8364              4.2999        34.1739    832021.4462        -0.2244        -0.1748

TIMING: 184000  CPU: 1340.31, 0.00731307/step  Wall: 1345.7, 0.00734054/step, 1.66386 hours remaining, 0.000000 MB of memory in use.
PERFORMANCE: 184000  averaging 23.629 ns/day, 0.00731305 sec/step with standard deviation 7.04617e-05
ENERGY:  184000       380.8286      1074.9220      1345.6486        18.5748        -587785.5032     41939.3140        50.4803         0.0000     48420.3673        -494555.3675       292.5364   -542975.7348   -494444.1307       292.3566            -72.2750       -41.0455    831413.7722        -3.9091        -3.9197

LDB: ============= START OF LOAD BALANCING ============== 1349.25
LDB: ============== END OF LOAD BALANCING =============== 1349.25
Info: useSync: 0 useProxySync: 0
LDB: =============== DONE WITH MIGRATION ================ 1349.25
LDB: ============= START OF LOAD BALANCING ============== 1349.98
LDB: TIME 1349.98 LOAD: AVG 0.585119 MAX 0.639986  PROXIES: TOTAL 344 MAXPE 47 MAXPATCH 5 None MEM: 0 MB
LDB: TIME 1349.98 LOAD: AVG 0.585119 MAX 0.639986  PROXIES: TOTAL 344 MAXPE 47 MAXPATCH 5 RefineTorusLB MEM: 0 MB
LDB: TIME 1349.98 LOAD: AVG 0.585119 MAX 0.639986  PROXIES: TOTAL 344 MAXPE 47 MAXPATCH 5 RefineTorusLB MEM: 0 MB
LDB: ============== END OF LOAD BALANCING =============== 1349.98
Info: useSync: 0 useProxySync: 0
LDB: =============== DONE WITH MIGRATION ================ 1349.98
WRITING COORDINATES TO DCD FILE eq1.dcd AT STEP 185000
TIMING: 185000  CPU: 1347.6, 0.00728689/step  Wall: 1353.01, 0.00731282/step, 1.65554 hours remaining, 0.000000 MB of memory in use.
PERFORMANCE: 185000  averaging 23.629 ns/day, 0.00731305 sec/step with standard deviation 7.02699e-05
ENERGY:  185000       373.3808      1080.8233      1358.1864        14.2157        -587604.3178     41742.0860        50.9170         0.0000     48428.8600        -494555.8485       292.5877   -542984.7085   -494454.0565       292.2790           -214.4684      -178.1056    831944.1952         3.3438         3.4721

TIMING: 186000  CPU: 1354.89, 0.00729086/step  Wall: 1360.33, 0.00732064/step, 1.65528 hours remaining, 0.000000 MB of memory in use.
PERFORMANCE: 186000  averaging 23.6289 ns/day, 0.00731309 sec/step with standard deviation 7.0082e-05
ENERGY:  186000       420.4325      1097.8776      1342.9512        15.6644        -588070.4608     42113.2957        49.2370         0.0000     48226.1928        -494804.8095       291.3633   -543031.0023   -494704.6970       292.1484            -53.4945       -19.3871    830035.3953         6.5217         6.4942

TIMING: 187000  CPU: 1362.25, 0.00736645/step  Wall: 1367.74, 0.00741324/step, 1.67416 hours remaining, 0.000000 MB of memory in use.
PERFORMANCE: 187000  averaging 23.6271 ns/day, 0.00731363 sec/step with standard deviation 7.0276e-05
ENERGY:  187000       387.2313      1094.4525      1348.4861        17.8703        -587570.5557     41951.7191        48.3297         0.0000     48024.2198        -494698.2468       290.1431   -542722.4666   -494595.2570       291.1658           -126.5850       -93.4741    832392.6817        -0.2023        -0.2011

TIMING: 188000  CPU: 1369.59, 0.00733575/step  Wall: 1375.08, 0.0073426/step, 1.65616 hours remaining, 0.000000 MB of memory in use.
PERFORMANCE: 188000  averaging 23.6266 ns/day, 0.00731378 sec/step with standard deviation 7.01197e-05
ENERGY:  188000       401.0257      1060.9312      1349.7510        15.2974        -587645.0763     41990.0986        51.2282         0.0000     47967.9631        -494808.7811       289.8032   -542776.7442   -494711.8782       291.5285              6.6541        39.5244    828998.4164        -2.3527        -2.3468

LDB: ============= START OF LOAD BALANCING ============== 1378.63
LDB: ============== END OF LOAD BALANCING =============== 1378.63
Info: useSync: 0 useProxySync: 0
LDB: =============== DONE WITH MIGRATION ================ 1378.63
LDB: ============= START OF LOAD BALANCING ============== 1379.37
LDB: TIME 1379.37 LOAD: AVG 0.585919 MAX 0.644461  PROXIES: TOTAL 344 MAXPE 47 MAXPATCH 5 None MEM: 0 MB
LDB: TIME 1379.37 LOAD: AVG 0.585919 MAX 0.644461  PROXIES: TOTAL 344 MAXPE 47 MAXPATCH 5 RefineTorusLB MEM: 0 MB
LDB: TIME 1379.37 LOAD: AVG 0.585919 MAX 0.644461  PROXIES: TOTAL 344 MAXPE 47 MAXPATCH 5 RefineTorusLB MEM: 0 MB
LDB: Reverting to original mapping
LDB: ============== END OF LOAD BALANCING =============== 1379.37
Info: useSync: 0 useProxySync: 0
LDB: =============== DONE WITH MIGRATION ================ 1379.37
TIMING: 189000  CPU: 1376.91, 0.00732238/step  Wall: 1382.42, 0.007333/step, 1.65196 hours remaining, 0.000000 MB of memory in use.
PERFORMANCE: 189000  averaging 23.6263 ns/day, 0.00731388 sec/step with standard deviation 6.99469e-05
ENERGY:  189000       405.3034      1083.3737      1344.1822        17.9613        -587760.4748     42029.0731        43.5843         0.0000     48581.5201        -494255.4767       293.5101   -542836.9968   -494146.4561       291.9724           -126.0469       -92.7358    832115.1227        -0.3427        -0.2794

WRITING COORDINATES TO DCD FILE eq1.dcd AT STEP 190000
WRITING COORDINATES TO RESTART FILE AT STEP 190000
FINISHED WRITING RESTART COORDINATES
TIMING: 190000  CPU: 1384.25, 0.00733666/step  Wall: 1389.79, 0.00736855/step, 1.65792 hours remaining, 0.000000 MB of memory in use.
PERFORMANCE: 190000  averaging 23.6254 ns/day, 0.00731417 sec/step with standard deviation 6.98743e-05
ETITLE:      TS           BOND          ANGLE          DIHED          IMPRP               ELECT            VDW       BOUNDARY           MISC        KINETIC               TOTAL           TEMP      POTENTIAL         TOTAL3        TEMPAVG            PRESSURE      GPRESSURE         VOLUME       PRESSAVG      GPRESSAVG

ENERGY:  190000       367.6489      1110.5755      1366.1457        18.9438        -587496.8842     41946.8397        49.0892         0.0000     48107.0004        -494530.6410       290.6432   -542637.6414   -494425.8576       291.6072            -14.8188        15.3753    829033.7400         1.7323         1.6941

WRITING EXTENDED SYSTEM TO RESTART FILE AT STEP 190000
WRITING VELOCITIES TO RESTART FILE AT STEP 190000
FINISHED WRITING RESTART VELOCITIES
TIMING: 191000  CPU: 1391.54, 0.00728725/step  Wall: 1397.11, 0.00732433/step, 1.64594 hours remaining, 0.000000 MB of memory in use.
PERFORMANCE: 191000  averaging 23.6252 ns/day, 0.00731422 sec/step with standard deviation 6.9694e-05
ENERGY:  191000       399.8110      1079.3589      1337.3127        16.9288        -587631.4463     41940.3188        49.3059         0.0000     48540.2687        -494268.1414       293.2608   -542808.4101   -494159.4707       292.2042            -88.2974       -53.7039    831958.6803         4.9444         4.9544

TIMING: 192000  CPU: 1398.82, 0.00728699/step  Wall: 1404.41, 0.00729775/step, 1.63794 hours remaining, 0.000000 MB of memory in use.
PERFORMANCE: 192000  averaging 23.6255 ns/day, 0.00731414 sec/step with standard deviation 6.95215e-05
ENERGY:  192000       414.0288      1113.0728      1343.4217        18.1194        -588261.8193     42483.8871        46.2859         0.0000     48347.5128        -494495.4907       292.0963   -542843.0035   -494387.8382       291.8466             56.2452        87.9501    830211.2480         5.5523         5.4996

LDB: ============= START OF LOAD BALANCING ============== 1407.98
LDB: ============== END OF LOAD BALANCING =============== 1407.98
Info: useSync: 0 useProxySync: 0
LDB: =============== DONE WITH MIGRATION ================ 1407.98
LDB: ============= START OF LOAD BALANCING ============== 1408.71
LDB: TIME 1408.71 LOAD: AVG 0.586693 MAX 0.64945  PROXIES: TOTAL 344 MAXPE 47 MAXPATCH 5 None MEM: 0 MB
LDB: TIME 1408.71 LOAD: AVG 0.586693 MAX 0.64945  PROXIES: TOTAL 344 MAXPE 47 MAXPATCH 5 RefineTorusLB MEM: 0 MB
LDB: TIME 1408.71 LOAD: AVG 0.586693 MAX 0.64945  PROXIES: TOTAL 344 MAXPE 47 MAXPATCH 5 RefineTorusLB MEM: 0 MB
LDB: ============== END OF LOAD BALANCING =============== 1408.71
Info: useSync: 0 useProxySync: 0
LDB: =============== DONE WITH MIGRATION ================ 1408.71
TIMING: 193000  CPU: 1406.15, 0.00733145/step  Wall: 1411.76, 0.00734711/step, 1.64698 hours remaining, 0.000000 MB of memory in use.
PERFORMANCE: 193000  averaging 23.6249 ns/day, 0.00731431 sec/step with standard deviation 6.93808e-05
ENERGY:  193000       354.3954      1081.8157      1337.7991        15.5748        -587877.5780     41951.2822        50.0398         0.0000     48404.0503        -494682.6208       292.4379   -543086.6710   -494575.3589       291.7325            -67.5415       -39.7778    832295.0462        -2.4321        -2.3668

TIMING: 194000  CPU: 1413.49, 0.00733851/step  Wall: 1419.11, 0.00735001/step, 1.64559 hours remaining, 0.000000 MB of memory in use.
PERFORMANCE: 194000  averaging 23.6243 ns/day, 0.00731449 sec/step with standard deviation 6.92483e-05
ENERGY:  194000       397.7421      1040.3495      1350.5542        17.3695        -587521.6903     41765.4680        40.2052         0.0000     48493.7861        -494416.2158       292.9800   -542910.0019   -494317.1020       291.2058           -178.8628      -147.3290    832708.0048         6.2019         6.1290

WRITING COORDINATES TO DCD FILE eq1.dcd AT STEP 195000
TIMING: 195000  CPU: 1420.8, 0.00730736/step  Wall: 1426.42, 0.00731835/step, 1.63647 hours remaining, 0.000000 MB of memory in use.
PERFORMANCE: 195000  averaging 23.6243 ns/day, 0.00731451 sec/step with standard deviation 6.90701e-05
ENERGY:  195000       365.3124      1054.1822      1359.5379        18.6735        -586917.8542     41589.3752        44.8650         0.0000     48135.1862        -494350.7217       290.8135   -542485.9079   -494242.7991       292.0477           -180.8248      -147.8961    833154.4823        -2.1086        -2.0937

TIMING: 196000  CPU: 1428.09, 0.00729486/step  Wall: 1433.73, 0.00730833/step, 1.63219 hours remaining, 0.000000 MB of memory in use.
PERFORMANCE: 196000  averaging 23.6244 ns/day, 0.00731448 sec/step with standard deviation 6.88942e-05
ENERGY:  196000       384.9339      1024.5563      1334.9938        17.3340        -587393.6864     41799.3029        44.9964         0.0000     48628.2934        -494159.2757       293.7926   -542787.5692   -494060.9182       292.6771            -43.3289        -9.8040    831408.1823        -0.8363        -0.8271

LDB: ============= START OF LOAD BALANCING ============== 1437.29
LDB: ============== END OF LOAD BALANCING =============== 1437.29
Info: useSync: 0 useProxySync: 0
LDB: =============== DONE WITH MIGRATION ================ 1437.29
LDB: ============= START OF LOAD BALANCING ============== 1438.02
LDB: TIME 1438.02 LOAD: AVG 0.587552 MAX 0.649771  PROXIES: TOTAL 344 MAXPE 47 MAXPATCH 5 None MEM: 0 MB
LDB: TIME 1438.02 LOAD: AVG 0.587552 MAX 0.649771  PROXIES: TOTAL 344 MAXPE 47 MAXPATCH 5 RefineTorusLB MEM: 0 MB
LDB: TIME 1438.02 LOAD: AVG 0.587552 MAX 0.649771  PROXIES: TOTAL 344 MAXPE 47 MAXPATCH 5 RefineTorusLB MEM: 0 MB
LDB: Reverting to original mapping
LDB: ============== END OF LOAD BALANCING =============== 1438.02
Info: useSync: 0 useProxySync: 0
LDB: =============== DONE WITH MIGRATION ================ 1438.03
TIMING: 197000  CPU: 1435.43, 0.00733154/step  Wall: 1441.08, 0.00734754/step, 1.63891 hours remaining, 0.000000 MB of memory in use.
PERFORMANCE: 197000  averaging 23.6238 ns/day, 0.00731465 sec/step with standard deviation 6.87586e-05
ENERGY:  197000       415.0466      1060.2185      1350.7515        16.2780        -587111.4933     41898.0491        48.8444         0.0000     48643.2809        -493679.0244       293.8832   -542322.3053   -493573.4533       293.5492            -67.8298       -36.1006    832592.6021        -4.2047        -4.2282

TIMING: 198000  CPU: 1442.76, 0.00733096/step  Wall: 1448.42, 0.00734126/step, 1.63547 hours remaining, 0.000000 MB of memory in use.
PERFORMANCE: 198000  averaging 23.6234 ns/day, 0.00731478 sec/step with standard deviation 6.86099e-05
ENERGY:  198000       395.5376      1099.4748      1361.2119        16.1506        -587562.8255     42020.7561        50.5249         0.0000     48345.7920        -494273.3775       292.0859   -542619.1695   -494169.7553       292.8641              7.9830        43.6270    831052.3318         1.0995         1.0904

TIMING: 199000  CPU: 1450.1, 0.00734726/step  Wall: 1455.78, 0.00736084/step, 1.63779 hours remaining, 0.000000 MB of memory in use.
PERFORMANCE: 199000  averaging 23.6226 ns/day, 0.00731502 sec/step with standard deviation 6.85143e-05
ENERGY:  199000       412.3259      1055.5241      1335.2042        15.5798        -587648.0503     42047.1108        44.7618         0.0000     48525.1717        -494212.3721       293.1696   -542737.5438   -494103.6098       292.3403            -14.4773        16.9183    830420.3825         1.0576         1.0268

WRITING COORDINATES TO DCD FILE eq1.dcd AT STEP 200000
WRITING COORDINATES TO RESTART FILE AT STEP 200000
FINISHED WRITING RESTART COORDINATES
TIMING: 200000  CPU: 1457.46, 0.00735774/step  Wall: 1463.17, 0.00739017/step, 1.64226 hours remaining, 0.000000 MB of memory in use.
PERFORMANCE: 200000  averaging 23.6214 ns/day, 0.00731539 sec/step with standard deviation 6.85482e-05
ETITLE:      TS           BOND          ANGLE          DIHED          IMPRP               ELECT            VDW       BOUNDARY           MISC        KINETIC               TOTAL           TEMP      POTENTIAL         TOTAL3        TEMPAVG            PRESSURE      GPRESSURE         VOLUME       PRESSAVG      GPRESSAVG

ENERGY:  200000       386.3255      1063.2359      1347.0780        15.4853        -587721.9160     42002.0787        46.9770         0.0000     48079.5855        -494781.1501       290.4776   -542860.7356   -494686.4207       292.1124            -58.3709       -26.8754    831858.7937         7.1282         7.0799

WRITING EXTENDED SYSTEM TO RESTART FILE AT STEP 200000
WRITING VELOCITIES TO RESTART FILE AT STEP 200000
FINISHED WRITING RESTART VELOCITIES
LDB: ============= START OF LOAD BALANCING ============== 1466.76
LDB: ============== END OF LOAD BALANCING =============== 1466.76
Info: useSync: 0 useProxySync: 0
LDB: =============== DONE WITH MIGRATION ================ 1466.76
LDB: ============= START OF LOAD BALANCING ============== 1467.49
LDB: TIME 1467.49 LOAD: AVG 0.586071 MAX 0.649225  PROXIES: TOTAL 344 MAXPE 47 MAXPATCH 5 None MEM: 0 MB
LDB: TIME 1467.49 LOAD: AVG 0.586071 MAX 0.649225  PROXIES: TOTAL 344 MAXPE 47 MAXPATCH 5 RefineTorusLB MEM: 0 MB
LDB: TIME 1467.49 LOAD: AVG 0.586071 MAX 0.649225  PROXIES: TOTAL 344 MAXPE 47 MAXPATCH 5 RefineTorusLB MEM: 0 MB
LDB: ============== END OF LOAD BALANCING =============== 1467.49
Info: useSync: 0 useProxySync: 0
LDB: =============== DONE WITH MIGRATION ================ 1467.49
TIMING: 201000  CPU: 1464.79, 0.0073319/step  Wall: 1470.54, 0.0073688/step, 1.63546 hours remaining, 0.000000 MB of memory in use.
PERFORMANCE: 201000  averaging 23.6206 ns/day, 0.00731566 sec/step with standard deviation 6.84803e-05
ENERGY:  201000       376.7456      1069.7125      1349.9606        17.8283        -587651.5855     41924.2368        47.6760         0.0000     48274.6541        -494590.7716       291.6561   -542865.4257   -494485.0032       291.8830           -121.3232       -89.6827    832763.2896         0.2035         0.2206

TIMING: 202000  CPU: 1472.09, 0.00729928/step  Wall: 1477.85, 0.00731248/step, 1.62093 hours remaining, 0.000000 MB of memory in use.
PERFORMANCE: 202000  averaging 23.6206 ns/day, 0.00731564 sec/step with standard deviation 6.83101e-05
ENERGY:  202000       364.5654      1116.9078      1350.3271        17.2992        -587864.1488     42167.0503        46.1205         0.0000     48414.6306        -494387.2478       292.5018   -542801.8784   -494276.3727       291.6940             -2.9213        32.3096    831098.9177        -0.8746        -0.9303

TIMING: 203000  CPU: 1479.42, 0.00732588/step  Wall: 1485.19, 0.00733773/step, 1.62449 hours remaining, 0.000000 MB of memory in use.
PERFORMANCE: 203000  averaging 23.6203 ns/day, 0.00731575 sec/step with standard deviation 6.81585e-05
ENERGY:  203000       389.7625      1080.2305      1366.7600        15.8673        -587178.1539     41601.7631        52.1530         0.0000     48675.4534        -493996.1641       294.0776   -542671.6175   -493899.7128       292.3284           -118.0101       -89.3148    831777.8538        -0.8941        -0.9557

TIMING: 204000  CPU: 1486.74, 0.00732249/step  Wall: 1492.53, 0.00733533/step, 1.62192 hours remaining, 0.000000 MB of memory in use.
PERFORMANCE: 204000  averaging 23.62 ns/day, 0.00731585 sec/step with standard deviation 6.80042e-05
ENERGY:  204000       386.3865      1056.9375      1343.3378        15.9017        -587193.5104     41711.0545        46.1739         0.0000     48554.1835        -494079.5349       293.3449   -542633.7185   -493969.6451       293.0055           -126.5450       -91.4824    831823.6933         5.9569         5.9175

LDB: ============= START OF LOAD BALANCING ============== 1496.09
LDB: ============== END OF LOAD BALANCING =============== 1496.09
Info: useSync: 0 useProxySync: 0
LDB: =============== DONE WITH MIGRATION ================ 1496.09
LDB: ============= START OF LOAD BALANCING ============== 1496.83
LDB: TIME 1496.83 LOAD: AVG 0.586696 MAX 0.648147  PROXIES: TOTAL 344 MAXPE 47 MAXPATCH 5 None MEM: 0 MB
LDB: TIME 1496.83 LOAD: AVG 0.586696 MAX 0.648147  PROXIES: TOTAL 344 MAXPE 47 MAXPATCH 5 RefineTorusLB MEM: 0 MB
LDB: TIME 1496.83 LOAD: AVG 0.586696 MAX 0.648147  PROXIES: TOTAL 344 MAXPE 47 MAXPATCH 5 RefineTorusLB MEM: 0 MB
LDB: ============== END OF LOAD BALANCING =============== 1496.83
Info: useSync: 0 useProxySync: 0
LDB: =============== DONE WITH MIGRATION ================ 1496.83
WRITING COORDINATES TO DCD FILE eq1.dcd AT STEP 205000
TIMING: 205000  CPU: 1494.09, 0.0073505/step  Wall: 1499.89, 0.00736204/step, 1.62578 hours remaining, 0.000000 MB of memory in use.
PERFORMANCE: 205000  averaging 23.6192 ns/day, 0.00731607 sec/step with standard deviation 6.7914e-05
ENERGY:  205000       356.2027      1066.8802      1361.1820        17.2923        -587040.8746     41777.0372        48.2420         0.0000     48341.8506        -494072.1876       292.0621   -542414.0382   -493966.3864       292.6280           -104.2285       -71.1045    832120.6114        -0.1091        -0.0704

TIMING: 206000  CPU: 1501.42, 0.0073273/step  Wall: 1507.23, 0.00734225/step, 1.61937 hours remaining, 0.000000 MB of memory in use.
PERFORMANCE: 206000  averaging 23.6188 ns/day, 0.0073162 sec/step with standard deviation 6.77727e-05
ENERGY:  206000       391.8811      1054.6032      1354.6673        17.3357        -587542.2607     41944.0416        44.7027         0.0000     48235.5038        -494499.5252       291.4196   -542735.0291   -494394.0733       292.2436             -2.5603        32.0022    831140.2651         3.7777         3.8188

TIMING: 207000  CPU: 1508.73, 0.00730706/step  Wall: 1514.55, 0.00732072/step, 1.61259 hours remaining, 0.000000 MB of memory in use.
PERFORMANCE: 207000  averaging 23.6188 ns/day, 0.00731622 sec/step with standard deviation 6.76087e-05
ENERGY:  207000       379.3508      1067.3528      1360.7442        22.8407        -587516.6652     42122.7970        43.2887         0.0000     48547.1126        -493973.1784       293.3022   -542520.2909   -493869.7285       292.5602            -24.8497         9.3166    833008.3528        -5.6397        -5.5515

TIMING: 208000  CPU: 1516.05, 0.00731921/step  Wall: 1521.88, 0.00732898/step, 1.61237 hours remaining, 0.000000 MB of memory in use.
PERFORMANCE: 208000  averaging 23.6186 ns/day, 0.00731628 sec/step with standard deviation 6.7451e-05
ENERGY:  208000       409.1165      1065.7312      1362.1297        16.4953        -587710.0901     42072.1528        53.0240         0.0000     48384.5004        -494346.9403       292.3197   -542731.4406   -494249.5284       292.9382             42.1944        76.9658    831052.9245        -0.7935        -0.7045

LDB: ============= START OF LOAD BALANCING ============== 1525.44
LDB: ============== END OF LOAD BALANCING =============== 1525.44
Info: useSync: 0 useProxySync: 0
LDB: =============== DONE WITH MIGRATION ================ 1525.44
LDB: ============= START OF LOAD BALANCING ============== 1526.17
LDB: TIME 1526.17 LOAD: AVG 0.585904 MAX 0.643788  PROXIES: TOTAL 344 MAXPE 47 MAXPATCH 5 None MEM: 0 MB
LDB: TIME 1526.17 LOAD: AVG 0.585904 MAX 0.643788  PROXIES: TOTAL 344 MAXPE 47 MAXPATCH 5 RefineTorusLB MEM: 0 MB
LDB: TIME 1526.17 LOAD: AVG 0.585904 MAX 0.643788  PROXIES: TOTAL 344 MAXPE 47 MAXPATCH 5 RefineTorusLB MEM: 0 MB
LDB: ============== END OF LOAD BALANCING =============== 1526.17
Info: useSync: 0 useProxySync: 0
LDB: =============== DONE WITH MIGRATION ================ 1526.17
TIMING: 209000  CPU: 1523.34, 0.00729476/step  Wall: 1529.19, 0.00730826/step, 1.60579 hours remaining, 0.000000 MB of memory in use.
PERFORMANCE: 209000  averaging 23.6187 ns/day, 0.00731624 sec/step with standard deviation 6.7291e-05
ENERGY:  209000       378.3758      1089.6559      1352.0079        12.4084        -587898.1631     41987.0193        44.8675         0.0000     48637.1605        -494396.6677       293.8462   -543033.8282   -494294.6214       292.5697            -87.3157       -52.0189    832012.9722         1.5877         1.6354

WRITING COORDINATES TO DCD FILE eq1.dcd AT STEP 210000
WRITING COORDINATES TO RESTART FILE AT STEP 210000
FINISHED WRITING RESTART COORDINATES
TIMING: 210000  CPU: 1530.68, 0.0073402/step  Wall: 1536.56, 0.00737541/step, 1.61849 hours remaining, 0.000000 MB of memory in use.
PERFORMANCE: 210000  averaging 23.6178 ns/day, 0.00731652 sec/step with standard deviation 6.72538e-05
ETITLE:      TS           BOND          ANGLE          DIHED          IMPRP               ELECT            VDW       BOUNDARY           MISC        KINETIC               TOTAL           TEMP      POTENTIAL         TOTAL3        TEMPAVG            PRESSURE      GPRESSURE         VOLUME       PRESSAVG      GPRESSAVG

ENERGY:  210000       363.1932      1051.7639      1349.9212        18.4089        -587958.3797     42446.8242        42.8281         0.0000     48598.2478        -494087.1923       293.6111   -542685.4401   -493986.6830       292.6578            262.9491       299.7602    830130.2847         2.1379         2.1316

WRITING EXTENDED SYSTEM TO RESTART FILE AT STEP 210000
WRITING VELOCITIES TO RESTART FILE AT STEP 210000
FINISHED WRITING RESTART VELOCITIES
TIMING: 211000  CPU: 1538.03, 0.00734628/step  Wall: 1543.95, 0.00738578/step, 1.61872 hours remaining, 0.000000 MB of memory in use.
PERFORMANCE: 211000  averaging 23.6167 ns/day, 0.00731685 sec/step with standard deviation 6.72627e-05
ENERGY:  211000       408.5468      1059.0365      1334.2047        18.7468        -587919.3460     42268.6341        41.0982         0.0000     48498.1512        -494290.9277       293.0064   -542789.0789   -494182.0055       292.3861             83.5950       118.9907    830942.1603        -0.7902        -0.8215

TIMING: 212000  CPU: 1545.35, 0.00732607/step  Wall: 1551.29, 0.00733857/step, 1.60633 hours remaining, 0.000000 MB of memory in use.
PERFORMANCE: 212000  averaging 23.6164 ns/day, 0.00731696 sec/step with standard deviation 6.71197e-05
ENERGY:  212000       420.7594      1061.7375      1351.3847        18.4969        -587445.1552     42069.0634        47.9330         0.0000     48503.5823        -493972.1980       293.0392   -542475.7803   -493873.8117       292.8994            -31.8185         6.0683    832143.5065         1.4337         1.3597

LDB: ============= START OF LOAD BALANCING ============== 1554.86
LDB: ============== END OF LOAD BALANCING =============== 1554.86
Info: useSync: 0 useProxySync: 0
LDB: =============== DONE WITH MIGRATION ================ 1554.86
LDB: ============= START OF LOAD BALANCING ============== 1555.59
LDB: TIME 1555.59 LOAD: AVG 0.585497 MAX 0.645473  PROXIES: TOTAL 344 MAXPE 47 MAXPATCH 5 None MEM: 0 MB
LDB: TIME 1555.59 LOAD: AVG 0.585497 MAX 0.645473  PROXIES: TOTAL 344 MAXPE 47 MAXPATCH 5 RefineTorusLB MEM: 0 MB
LDB: TIME 1555.59 LOAD: AVG 0.585497 MAX 0.645473  PROXIES: TOTAL 344 MAXPE 47 MAXPATCH 5 RefineTorusLB MEM: 0 MB
LDB: ============== END OF LOAD BALANCING =============== 1555.59
Info: useSync: 0 useProxySync: 0
LDB: =============== DONE WITH MIGRATION ================ 1555.59
TIMING: 213000  CPU: 1552.67, 0.00731556/step  Wall: 1558.62, 0.00732932/step, 1.60227 hours remaining, 0.000000 MB of memory in use.
PERFORMANCE: 213000  averaging 23.6162 ns/day, 0.00731701 sec/step with standard deviation 6.69666e-05
ENERGY:  213000       406.1546      1084.8040      1348.4362        13.6562        -588036.1161     42343.9446        54.5615         0.0000     48358.1040        -494426.4551       292.1603   -542784.5590   -494328.6138       292.8017            108.4349       138.6057    829500.9572         5.0879         5.0584

TIMING: 214000  CPU: 1559.99, 0.00732223/step  Wall: 1565.95, 0.00733275/step, 1.60098 hours remaining, 0.000000 MB of memory in use.
PERFORMANCE: 214000  averaging 23.616 ns/day, 0.00731709 sec/step with standard deviation 6.68179e-05
ENERGY:  214000       412.7757      1074.0778      1363.7185        16.9139        -587238.7463     41706.1563        53.2881         0.0000     48347.1440        -494264.6720       292.0940   -542611.8160   -494154.3659       292.5954           -210.4403      -178.4520    831775.2302         5.3815         5.2808

WRITING COORDINATES TO DCD FILE eq1.dcd AT STEP 215000
TIMING: 215000  CPU: 1567.31, 0.00731583/step  Wall: 1573.28, 0.00732463/step, 1.59718 hours remaining, 0.000000 MB of memory in use.
PERFORMANCE: 215000  averaging 23.6158 ns/day, 0.00731712 sec/step with standard deviation 6.66636e-05
ENERGY:  215000       416.2724      1076.6702      1358.6498        21.6914        -587890.3348     41995.9616        45.7996         0.0000     48329.4891        -494645.8006       291.9874   -542975.2897   -494537.5678       292.1405            -80.5366       -45.3596    831605.1855         1.7158         1.7684

TIMING: 216000  CPU: 1574.63, 0.00732706/step  Wall: 1580.61, 0.00733289/step, 1.59694 hours remaining, 0.000000 MB of memory in use.
PERFORMANCE: 216000  averaging 23.6156 ns/day, 0.0073172 sec/step with standard deviation 6.6517e-05
ENERGY:  216000       386.6570      1037.5827      1345.7852        16.5277        -588482.2998     42361.9343        50.4438         0.0000     47965.4011        -495317.9679       289.7877   -543283.3690   -495217.9202       291.1278             73.2927       103.2104    830956.1119        -2.9600        -2.9243

LDB: ============= START OF LOAD BALANCING ============== 1584.17
LDB: ============== END OF LOAD BALANCING =============== 1584.17
Info: useSync: 0 useProxySync: 0
LDB: =============== DONE WITH MIGRATION ================ 1584.17
LDB: ============= START OF LOAD BALANCING ============== 1584.9
LDB: TIME 1584.9 LOAD: AVG 0.585977 MAX 0.647801  PROXIES: TOTAL 344 MAXPE 47 MAXPATCH 5 None MEM: 0 MB
LDB: TIME 1584.9 LOAD: AVG 0.585977 MAX 0.647801  PROXIES: TOTAL 344 MAXPE 47 MAXPATCH 5 RefineTorusLB MEM: 0 MB
LDB: TIME 1584.9 LOAD: AVG 0.585977 MAX 0.647801  PROXIES: TOTAL 344 MAXPE 47 MAXPATCH 5 RefineTorusLB MEM: 0 MB
LDB: Reverting to original mapping
LDB: ============== END OF LOAD BALANCING =============== 1584.9
Info: useSync: 0 useProxySync: 0
LDB: =============== DONE WITH MIGRATION ================ 1584.9
TIMING: 217000  CPU: 1581.94, 0.00730697/step  Wall: 1587.93, 0.0073184/step, 1.59175 hours remaining, 0.000000 MB of memory in use.
PERFORMANCE: 217000  averaging 23.6156 ns/day, 0.0073172 sec/step with standard deviation 6.63629e-05
ENERGY:  217000       370.0305      1062.6859      1338.5801        17.0428        -587956.3780     42101.5201        48.4292         0.0000     48190.2688        -494827.8207       291.1463   -543018.0894   -494725.0735       290.7384            -49.5067       -16.8604    832601.7960         0.8185         0.8135

TIMING: 218000  CPU: 1589.26, 0.00732002/step  Wall: 1595.25, 0.00732858/step, 1.59193 hours remaining, 0.000000 MB of memory in use.
PERFORMANCE: 218000  averaging 23.6154 ns/day, 0.00731725 sec/step with standard deviation 6.62143e-05
ENERGY:  218000       400.1938      1096.8596      1359.0389        14.6727        -588200.2715     42363.7182        46.0363         0.0000     48464.0584        -494455.6936       292.8004   -542919.7520   -494345.6392       291.6868             70.9815       102.4633    831308.7388         1.8305         1.8861

TIMING: 219000  CPU: 1596.58, 0.007324/step  Wall: 1602.58, 0.00732997/step, 1.5902 hours remaining, 0.000000 MB of memory in use.
PERFORMANCE: 219000  averaging 23.6152 ns/day, 0.00731731 sec/step with standard deviation 6.60678e-05
ENERGY:  219000       402.4759      1025.1748      1372.5364        17.2691        -587209.6877     41504.9229        46.2426         0.0000     48252.1209        -494588.9451       291.5200   -542841.0660   -494486.4347       291.9498           -238.8313      -203.0140    831907.7166         2.4799         2.4896

WRITING COORDINATES TO DCD FILE eq1.dcd AT STEP 220000
WRITING COORDINATES TO RESTART FILE AT STEP 220000
FINISHED WRITING RESTART COORDINATES
WRITING VELOCITIES TO RESTART FILE AT STEP 220000
FINISHED WRITING RESTART VELOCITIES
TIMING: 220000  CPU: 1603.92, 0.00734054/step  Wall: 1609.97, 0.00738885/step, 1.60092 hours remaining, 0.000000 MB of memory in use.
PERFORMANCE: 220000  averaging 23.6142 ns/day, 0.00731764 sec/step with standard deviation 6.6093e-05
ETITLE:      TS           BOND          ANGLE          DIHED          IMPRP               ELECT            VDW       BOUNDARY           MISC        KINETIC               TOTAL           TEMP      POTENTIAL         TOTAL3        TEMPAVG            PRESSURE      GPRESSURE         VOLUME       PRESSAVG      GPRESSAVG

ENERGY:  220000       403.0144      1081.0468      1344.5981        22.3076        -587864.2369     42411.9799        48.9464         0.0000     48408.0845        -494144.2592       292.4622   -542552.3437   -494048.9523       292.6142             32.9030        60.4846    832769.3084         7.3367         7.3195

WRITING EXTENDED SYSTEM TO RESTART FILE AT STEP 220000
LDB: ============= START OF LOAD BALANCING ============== 1613.54
LDB: ============== END OF LOAD BALANCING =============== 1613.54
Info: useSync: 0 useProxySync: 0
LDB: =============== DONE WITH MIGRATION ================ 1613.54
LDB: ============= START OF LOAD BALANCING ============== 1614.28
LDB: TIME 1614.28 LOAD: AVG 0.587322 MAX 0.648651  PROXIES: TOTAL 344 MAXPE 47 MAXPATCH 5 None MEM: 0 MB
LDB: TIME 1614.28 LOAD: AVG 0.587322 MAX 0.648651  PROXIES: TOTAL 344 MAXPE 47 MAXPATCH 5 RefineTorusLB MEM: 0 MB
LDB: TIME 1614.28 LOAD: AVG 0.587322 MAX 0.648651  PROXIES: TOTAL 344 MAXPE 47 MAXPATCH 5 RefineTorusLB MEM: 0 MB
LDB: ============== END OF LOAD BALANCING =============== 1614.28
Info: useSync: 0 useProxySync: 0
LDB: =============== DONE WITH MIGRATION ================ 1614.28
TIMING: 221000  CPU: 1611.24, 0.00731434/step  Wall: 1617.31, 0.00733395/step, 1.58698 hours remaining, 0.000000 MB of memory in use.
PERFORMANCE: 221000  averaging 23.6139 ns/day, 0.00731771 sec/step with standard deviation 6.59518e-05
ENERGY:  221000       404.7854      1029.6054      1365.1216        15.2716        -587638.9987     42000.8549        46.4457         0.0000     48394.5184        -494382.3958       292.3803   -542776.9142   -494279.3180       291.9435           -103.0424       -72.7495    833014.9562         1.0781         1.0798

TIMING: 222000  CPU: 1618.57, 0.00732628/step  Wall: 1624.65, 0.00733748/step, 1.58571 hours remaining, 0.000000 MB of memory in use.
PERFORMANCE: 222000  averaging 23.6137 ns/day, 0.0073178 sec/step with standard deviation 6.58158e-05
ENERGY:  222000       394.4193      1076.0049      1343.4145        15.3605        -587586.4353     41961.5366        47.4606         0.0000     48285.7414        -494462.4975       291.7231   -542748.2389   -494362.7693       292.0266             -4.8911        26.7223    831404.9034         0.9145         0.9637

TIMING: 223000  CPU: 1625.87, 0.00730761/step  Wall: 1631.96, 0.00731969/step, 1.57983 hours remaining, 0.000000 MB of memory in use.
PERFORMANCE: 223000  averaging 23.6136 ns/day, 0.00731781 sec/step with standard deviation 6.56675e-05
ENERGY:  223000       407.8376      1070.8720      1336.2617        16.1616        -587863.0059     42320.8622        38.7981         0.0000     48329.4629        -494342.7499       291.9872   -542672.2128   -494238.7999       292.5368             74.3858       104.2443    830658.9214         3.4856         3.5605

TIMING: 224000  CPU: 1633.17, 0.00729971/step  Wall: 1639.28, 0.00731352/step, 1.57647 hours remaining, 0.000000 MB of memory in use.
PERFORMANCE: 224000  averaging 23.6137 ns/day, 0.00731779 sec/step with standard deviation 6.55207e-05
ENERGY:  224000       398.3334      1054.9556      1355.8613        13.6691        -587225.8199     41741.7428        50.4094         0.0000     48449.6339        -494161.2143       292.7133   -542610.8483   -494049.8854       292.0899           -176.8233      -145.5854    833210.3702         3.8339         3.7464

LDB: ============= START OF LOAD BALANCING ============== 1642.84
LDB: ============== END OF LOAD BALANCING =============== 1642.84
Info: useSync: 0 useProxySync: 0
LDB: =============== DONE WITH MIGRATION ================ 1642.84
LDB: ============= START OF LOAD BALANCING ============== 1643.58
LDB: TIME 1643.58 LOAD: AVG 0.585431 MAX 0.644866  PROXIES: TOTAL 344 MAXPE 47 MAXPATCH 5 None MEM: 0 MB
LDB: TIME 1643.58 LOAD: AVG 0.585431 MAX 0.644866  PROXIES: TOTAL 344 MAXPE 47 MAXPATCH 5 RefineTorusLB MEM: 0 MB
LDB: TIME 1643.58 LOAD: AVG 0.585431 MAX 0.644866  PROXIES: TOTAL 344 MAXPE 47 MAXPATCH 5 RefineTorusLB MEM: 0 MB
LDB: ============== END OF LOAD BALANCING =============== 1643.58
Info: useSync: 0 useProxySync: 0
LDB: =============== DONE WITH MIGRATION ================ 1643.58
WRITING COORDINATES TO DCD FILE eq1.dcd AT STEP 225000
TIMING: 225000  CPU: 1640.48, 0.00731049/step  Wall: 1646.6, 0.007325/step, 1.57691 hours remaining, 0.000000 MB of memory in use.
PERFORMANCE: 225000  averaging 23.6136 ns/day, 0.00731782 sec/step with standard deviation 6.53761e-05
ENERGY:  225000       393.0456      1073.5368      1352.7092        17.5886        -587701.2795     41996.0053        44.9677         0.0000     48579.9113        -494243.5150       293.5003   -542823.4263   -494137.1719       292.2731             25.0943        60.5283    830877.6146         3.1705         3.1417

TIMING: 226000  CPU: 1647.77, 0.00728806/step  Wall: 1653.9, 0.00729809/step, 1.56909 hours remaining, 0.000000 MB of memory in use.
PERFORMANCE: 226000  averaging 23.6139 ns/day, 0.00731773 sec/step with standard deviation 6.52438e-05
ENERGY:  226000       388.5573      1043.2822      1349.9028        15.1724        -587482.9911     41824.8784        38.0567         0.0000     48347.4450        -494475.6963       292.0959   -542823.1413   -494366.5169       292.0905           -146.1774      -114.0032    833191.9719         7.5683         7.5302

TIMING: 227000  CPU: 1655.08, 0.00730713/step  Wall: 1661.22, 0.0073219/step, 1.57218 hours remaining, 0.000000 MB of memory in use.
PERFORMANCE: 227000  averaging 23.6138 ns/day, 0.00731775 sec/step with standard deviation 6.50999e-05
ENERGY:  227000       387.3175      1116.3116      1360.2199        14.2005        -587359.9023     41790.0530        38.6285         0.0000     48329.2724        -494323.8988       291.9861   -542653.1712   -494235.5117       292.1148           -166.9179      -135.3819    832942.4618         2.5357         2.5339

TIMING: 228000  CPU: 1662.41, 0.00732737/step  Wall: 1668.56, 0.00733867/step, 1.57374 hours remaining, 0.000000 MB of memory in use.
PERFORMANCE: 228000  averaging 23.6135 ns/day, 0.00731784 sec/step with standard deviation 6.49711e-05
ENERGY:  228000       352.0116      1096.9262      1367.6424        21.1181        -587984.1169     42263.1062        52.0177         0.0000     48344.8302        -494486.4645       292.0801   -542831.2946   -494391.0664       291.9292             79.6570       110.2686    829594.7166         1.9526         1.9406

LDB: ============= START OF LOAD BALANCING ============== 1672.12
LDB: ============== END OF LOAD BALANCING =============== 1672.12
Info: useSync: 0 useProxySync: 0
LDB: =============== DONE WITH MIGRATION ================ 1672.12
LDB: ============= START OF LOAD BALANCING ============== 1672.85
LDB: TIME 1672.86 LOAD: AVG 0.587281 MAX 0.647661  PROXIES: TOTAL 344 MAXPE 47 MAXPATCH 5 None MEM: 0 MB
LDB: TIME 1672.86 LOAD: AVG 0.587281 MAX 0.647661  PROXIES: TOTAL 344 MAXPE 47 MAXPATCH 5 RefineTorusLB MEM: 0 MB
LDB: TIME 1672.86 LOAD: AVG 0.587281 MAX 0.647661  PROXIES: TOTAL 344 MAXPE 47 MAXPATCH 5 RefineTorusLB MEM: 0 MB
LDB: Reverting to original mapping
LDB: ============== END OF LOAD BALANCING =============== 1672.86
Info: useSync: 0 useProxySync: 0
LDB: =============== DONE WITH MIGRATION ================ 1672.86
TIMING: 229000  CPU: 1669.72, 0.00731832/step  Wall: 1675.89, 0.00733184/step, 1.57024 hours remaining, 0.000000 MB of memory in use.
PERFORMANCE: 229000  averaging 23.6133 ns/day, 0.0073179 sec/step with standard deviation 6.48351e-05
ENERGY:  229000       393.4154      1059.6724      1352.7382        19.6548        -587667.1268     41967.2942        45.1695         0.0000     48211.3471        -494617.8354       291.2736   -542829.1825   -494516.5049       292.0995            -51.5562       -17.0187    831006.2966        -2.3370        -2.3696

WRITING COORDINATES TO DCD FILE eq1.dcd AT STEP 230000
WRITING COORDINATES TO RESTART FILE AT STEP 230000
FINISHED WRITING RESTART COORDINATES
TIMING: 230000  CPU: 1677.07, 0.00734199/step  Wall: 1683.27, 0.00737397/step, 1.57721 hours remaining, 0.000000 MB of memory in use.
PERFORMANCE: 230000  averaging 23.6125 ns/day, 0.00731815 sec/step with standard deviation 6.47989e-05
ETITLE:      TS           BOND          ANGLE          DIHED          IMPRP               ELECT            VDW       BOUNDARY           MISC        KINETIC               TOTAL           TEMP      POTENTIAL         TOTAL3        TEMPAVG            PRESSURE      GPRESSURE         VOLUME       PRESSAVG      GPRESSAVG

ENERGY:  230000       405.0206      1071.5496      1352.1649        15.0376        -587800.2992     42049.1996        36.1597         0.0000     48309.5675        -494561.5997       291.8670   -542871.1672   -494465.9751       291.3484            -27.0003         7.0664    831236.5327        -0.7214        -0.7387

WRITING EXTENDED SYSTEM TO RESTART FILE AT STEP 230000
WRITING VELOCITIES TO RESTART FILE AT STEP 230000
FINISHED WRITING RESTART VELOCITIES
TIMING: 231000  CPU: 1684.41, 0.007342/step  Wall: 1690.65, 0.00737922/step, 1.57628 hours remaining, 0.000000 MB of memory in use.
PERFORMANCE: 231000  averaging 23.6117 ns/day, 0.00731841 sec/step with standard deviation 6.47827e-05
ENERGY:  231000       400.1642      1034.2329      1356.7622        15.7861        -588181.7278     42354.8715        49.0586         0.0000     48443.9761        -494526.8761       292.6791   -542970.8523   -494417.2973       292.5200             88.6641       120.1764    830229.4411         6.3131         6.3163

TIMING: 232000  CPU: 1691.72, 0.0073119/step  Wall: 1697.97, 0.00732392/step, 1.56244 hours remaining, 0.000000 MB of memory in use.
PERFORMANCE: 232000  averaging 23.6116 ns/day, 0.00731844 sec/step with standard deviation 6.46433e-05
ENERGY:  232000       429.6180      1086.6879      1349.9183        20.7399        -587248.2561     41830.4314        44.4597         0.0000     48343.3276        -494143.0733       292.0710   -542486.4009   -494039.1743       292.0090            -95.5275       -64.1255    831081.6893        -3.1353        -3.1452

LDB: ============= START OF LOAD BALANCING ============== 1701.54
LDB: ============== END OF LOAD BALANCING =============== 1701.54
Info: useSync: 0 useProxySync: 0
LDB: =============== DONE WITH MIGRATION ================ 1701.54
LDB: ============= START OF LOAD BALANCING ============== 1702.28
LDB: TIME 1702.28 LOAD: AVG 0.587497 MAX 0.649611  PROXIES: TOTAL 344 MAXPE 47 MAXPATCH 5 None MEM: 0 MB
LDB: TIME 1702.28 LOAD: AVG 0.587497 MAX 0.649611  PROXIES: TOTAL 344 MAXPE 47 MAXPATCH 5 RefineTorusLB MEM: 0 MB
LDB: TIME 1702.28 LOAD: AVG 0.587497 MAX 0.649611  PROXIES: TOTAL 344 MAXPE 47 MAXPATCH 5 RefineTorusLB MEM: 0 MB
LDB: Reverting to original mapping
LDB: ============== END OF LOAD BALANCING =============== 1702.28
Info: useSync: 0 useProxySync: 0
LDB: =============== DONE WITH MIGRATION ================ 1702.28
TIMING: 233000  CPU: 1699.05, 0.0073343/step  Wall: 1705.32, 0.00734506/step, 1.56491 hours remaining, 0.000000 MB of memory in use.
PERFORMANCE: 233000  averaging 23.6112 ns/day, 0.00731855 sec/step with standard deviation 6.45274e-05
ENERGY:  233000       381.3294      1051.1901      1332.7380        16.1218        -587590.6472     42063.6380        52.7881         0.0000     48359.9760        -494332.8658       292.1716   -542692.8418   -494219.7770       292.1984             52.3042        86.3646    831344.2224         0.1108         0.1023

TIMING: 234000  CPU: 1706.4, 0.00734264/step  Wall: 1712.67, 0.00735631/step, 1.56526 hours remaining, 0.000000 MB of memory in use.
PERFORMANCE: 234000  averaging 23.6107 ns/day, 0.00731871 sec/step with standard deviation 6.44361e-05
ENERGY:  234000       388.7626      1076.7442      1338.0180        18.6555        -587599.2116     42146.5299        45.5896         0.0000     48243.8575        -494341.0544       291.4700   -542584.9119   -494231.5716       292.3803             42.6466        77.5485    831867.5180         0.7942         0.7346

WRITING COORDINATES TO DCD FILE eq1.dcd AT STEP 235000
TIMING: 235000  CPU: 1713.77, 0.00737123/step  Wall: 1720.06, 0.00738718/step, 1.56978 hours remaining, 0.000000 MB of memory in use.
PERFORMANCE: 235000  averaging 23.6098 ns/day, 0.007319 sec/step with standard deviation 6.44532e-05
ENERGY:  235000       372.5497      1092.4848      1355.0748        26.8756        -587707.1870     42145.8241        57.0117         0.0000     48252.7787        -494404.5876       291.5239   -542657.3663   -494291.6056       292.5435             40.0868        74.2450    830638.2413         1.9548         1.9313

TIMING: 236000  CPU: 1721.09, 0.00731822/step  Wall: 1727.39, 0.00733101/step, 1.5558 hours remaining, 0.000000 MB of memory in use.
PERFORMANCE: 236000  averaging 23.6096 ns/day, 0.00731905 sec/step with standard deviation 6.43207e-05
ENERGY:  236000       393.8469      1091.3006      1359.5232        14.5768        -587707.5791     42067.1596        50.5093         0.0000     48296.6583        -494434.0044       291.7890   -542730.6627   -494342.1578       292.3237            -52.2985       -17.1929    831581.2556         0.3141         0.3358

LDB: ============= START OF LOAD BALANCING ============== 1730.95
LDB: ============== END OF LOAD BALANCING =============== 1730.95
Info: useSync: 0 useProxySync: 0
LDB: =============== DONE WITH MIGRATION ================ 1730.95
LDB: ============= START OF LOAD BALANCING ============== 1731.69
LDB: TIME 1731.69 LOAD: AVG 0.587622 MAX 0.644757  PROXIES: TOTAL 344 MAXPE 47 MAXPATCH 5 None MEM: 0 MB
LDB: TIME 1731.69 LOAD: AVG 0.587622 MAX 0.644757  PROXIES: TOTAL 344 MAXPE 47 MAXPATCH 5 RefineTorusLB MEM: 0 MB
LDB: TIME 1731.69 LOAD: AVG 0.587622 MAX 0.644757  PROXIES: TOTAL 344 MAXPE 47 MAXPATCH 5 RefineTorusLB MEM: 0 MB
LDB: ============== END OF LOAD BALANCING =============== 1731.69
Info: useSync: 0 useProxySync: 0
LDB: =============== DONE WITH MIGRATION ================ 1731.69
TIMING: 237000  CPU: 1728.42, 0.00733434/step  Wall: 1734.74, 0.00734821/step, 1.55741 hours remaining, 0.000000 MB of memory in use.
PERFORMANCE: 237000  averaging 23.6092 ns/day, 0.00731918 sec/step with standard deviation 6.42122e-05
ENERGY:  237000       390.1749      1062.5953      1359.2441        15.0784        -587856.9315     42099.3459        51.8872         0.0000     48391.1658        -494487.4397       292.3600   -542878.6056   -494373.8314       292.3735              3.5898        37.3046    830193.1626         3.0536         3.0638

TIMING: 238000  CPU: 1735.77, 0.00735121/step  Wall: 1742.1, 0.00736453/step, 1.55883 hours remaining, 0.000000 MB of memory in use.
PERFORMANCE: 238000  averaging 23.6086 ns/day, 0.00731937 sec/step with standard deviation 6.4144e-05
ENERGY:  238000       364.4985      1046.7275      1362.3192        15.0746        -587351.5611     41744.2242        51.4012         0.0000     48708.3678        -494058.9481       294.2764   -542767.3160   -493959.2491       292.9807           -100.1369       -64.6345    831477.0319         2.6783         2.7417

TIMING: 239000  CPU: 1743.12, 0.00734704/step  Wall: 1749.46, 0.00735696/step, 1.55518 hours remaining, 0.000000 MB of memory in use.
PERFORMANCE: 239000  averaging 23.6081 ns/day, 0.00731952 sec/step with standard deviation 6.40553e-05
ENERGY:  239000       390.0923      1049.6564      1353.8047        20.1135        -587558.2945     41853.9804        45.1263         0.0000     48170.1755        -494675.3454       291.0249   -542845.5209   -494573.9250       292.0984            -87.9196       -57.2235    830881.1383        -1.8756        -1.8705

WRITING COORDINATES TO DCD FILE eq1.dcd AT STEP 240000
WRITING COORDINATES TO RESTART FILE AT STEP 240000
FINISHED WRITING RESTART COORDINATES
TIMING: 240000  CPU: 1750.51, 0.00738865/step  Wall: 1756.88, 0.00742305/step, 1.56709 hours remaining, 0.000000 MB of memory in use.
PERFORMANCE: 240000  averaging 23.6067 ns/day, 0.00731996 sec/step with standard deviation 6.42695e-05
ETITLE:      TS           BOND          ANGLE          DIHED          IMPRP               ELECT            VDW       BOUNDARY           MISC        KINETIC               TOTAL           TEMP      POTENTIAL         TOTAL3        TEMPAVG            PRESSURE      GPRESSURE         VOLUME       PRESSAVG      GPRESSAVG

ENERGY:  240000       399.5821      1037.6916      1369.8672        14.1304        -588031.4551     42286.6411        45.5350         0.0000     48214.2107        -494663.7971       291.2909   -542878.0078   -494571.3077       291.7122             -6.3202        29.5287    831134.0928        -2.2492        -2.2962

WRITING EXTENDED SYSTEM TO RESTART FILE AT STEP 240000
WRITING VELOCITIES TO RESTART FILE AT STEP 240000
FINISHED WRITING RESTART VELOCITIES
LDB: ============= START OF LOAD BALANCING ============== 1760.47
LDB: ============== END OF LOAD BALANCING =============== 1760.47
Info: useSync: 0 useProxySync: 0
LDB: =============== DONE WITH MIGRATION ================ 1760.47
LDB: ============= START OF LOAD BALANCING ============== 1761.21
LDB: TIME 1761.21 LOAD: AVG 0.589257 MAX 0.650777  PROXIES: TOTAL 344 MAXPE 47 MAXPATCH 5 None MEM: 0 MB
LDB: TIME 1761.21 LOAD: AVG 0.589257 MAX 0.650777  PROXIES: TOTAL 344 MAXPE 47 MAXPATCH 5 RefineTorusLB MEM: 0 MB
LDB: TIME 1761.21 LOAD: AVG 0.589257 MAX 0.650777  PROXIES: TOTAL 344 MAXPE 47 MAXPATCH 5 RefineTorusLB MEM: 0 MB
LDB: Reverting to original mapping
LDB: ============== END OF LOAD BALANCING =============== 1761.21
Info: useSync: 0 useProxySync: 0
LDB: =============== DONE WITH MIGRATION ================ 1761.21
TIMING: 241000  CPU: 1757.85, 0.00734459/step  Wall: 1764.27, 0.00738331/step, 1.55665 hours remaining, 0.000000 MB of memory in use.
PERFORMANCE: 241000  averaging 23.6059 ns/day, 0.00732022 sec/step with standard deviation 6.42652e-05
ENERGY:  241000       389.3717      1055.7531      1365.7222        19.4389        -588030.4267     41924.8803        45.7951         0.0000     48362.8933        -494866.5721       292.1892   -543229.4654   -494751.5251       291.5414            -82.3742       -49.5217    828782.4552         4.5609         4.5342

TIMING: 242000  CPU: 1765.18, 0.00732729/step  Wall: 1771.61, 0.00734081/step, 1.54565 hours remaining, 0.000000 MB of memory in use.
PERFORMANCE: 242000  averaging 23.6056 ns/day, 0.0073203 sec/step with standard deviation 6.41454e-05
ENERGY:  242000       419.1498      1063.6873      1342.0680        15.1601        -588016.2440     42047.3505        45.1451         0.0000     48089.0886        -494994.5947       290.5350   -543083.6833   -494899.1299       290.6079            -78.9205       -46.7199    830676.9705        -0.1654        -0.2165

TIMING: 243000  CPU: 1772.54, 0.00735885/step  Wall: 1778.98, 0.00736908/step, 1.54955 hours remaining, 0.000000 MB of memory in use.
PERFORMANCE: 243000  averaging 23.6049 ns/day, 0.00732051 sec/step with standard deviation 6.40891e-05
ENERGY:  243000       389.7073      1073.5179      1357.7538        18.1340        -588707.3065     42549.8861        48.2431         0.0000     48473.9599        -494796.1043       292.8602   -543270.0643   -494688.5570       291.5627            187.3728       220.5522    827838.3915         1.1223         1.0895

TIMING: 244000  CPU: 1779.87, 0.00733198/step  Wall: 1786.32, 0.00734467/step, 1.54238 hours remaining, 0.000000 MB of memory in use.
PERFORMANCE: 244000  averaging 23.6046 ns/day, 0.0073206 sec/step with standard deviation 6.39758e-05
ENERGY:  244000       390.9095      1046.1853      1350.6436        19.6047        -588303.0196     42446.7316        42.4257         0.0000     48281.0874        -494725.4319       291.6950   -543006.5193   -494637.6852       291.0557             72.7449       105.2881    831481.5811         0.6122         0.6549

LDB: ============= START OF LOAD BALANCING ============== 1789.9
LDB: ============== END OF LOAD BALANCING =============== 1789.9
Info: useSync: 0 useProxySync: 0
LDB: =============== DONE WITH MIGRATION ================ 1789.9
LDB: ============= START OF LOAD BALANCING ============== 1790.64
LDB: TIME 1790.64 LOAD: AVG 0.587111 MAX 0.653368  PROXIES: TOTAL 344 MAXPE 47 MAXPATCH 5 None MEM: 0 MB
LDB: TIME 1790.64 LOAD: AVG 0.587111 MAX 0.653368  PROXIES: TOTAL 344 MAXPE 47 MAXPATCH 5 RefineTorusLB MEM: 0 MB
LDB: TIME 1790.64 LOAD: AVG 0.587111 MAX 0.653368  PROXIES: TOTAL 344 MAXPE 47 MAXPATCH 5 RefineTorusLB MEM: 0 MB
LDB: ============== END OF LOAD BALANCING =============== 1790.64
Info: useSync: 0 useProxySync: 0
LDB: =============== DONE WITH MIGRATION ================ 1790.64
TIMING: 245000  CPU: 1787.22, 0.00735014/step  Wall: 1793.69, 0.0073639/step, 1.54437 hours remaining, 0.000000 MB of memory in use.
PERFORMANCE: 245000  averaging 23.604 ns/day, 0.00732078 sec/step with standard deviation 6.39045e-05
ENERGY:  245000       396.1950      1078.0642      1347.4188        18.1460        -587873.9754     42025.0125        48.3635         0.0000     48451.4479        -494509.3274       292.7242   -542960.7753   -494417.7467       291.8099            -34.4112        -3.9049    830812.9893         0.4142         0.4152

WRITING COORDINATES TO DCD FILE eq1.dcd AT STEP 245000
TIMING: 246000  CPU: 1794.55, 0.00733081/step  Wall: 1801.03, 0.0073446/step, 1.53829 hours remaining, 0.000000 MB of memory in use.
PERFORMANCE: 246000  averaging 23.6037 ns/day, 0.00732088 sec/step with standard deviation 6.3792e-05
ENERGY:  246000       384.7796      1031.0308      1366.1535        19.4222        -588156.9258     42172.1197        44.8707         0.0000     48341.3804        -494797.1688       292.0592   -543138.5492   -494683.8093       291.8855             16.6673        47.5600    830398.5096        -0.4722        -0.4678

TIMING: 247000  CPU: 1801.89, 0.00733461/step  Wall: 1808.38, 0.00734699/step, 1.53674 hours remaining, 0.000000 MB of memory in use.
PERFORMANCE: 247000  averaging 23.6034 ns/day, 0.00732098 sec/step with standard deviation 6.36839e-05
ENERGY:  247000       367.5525      1060.6969      1351.7287        19.1636        -587957.6022     41970.6326        44.0587         0.0000     48327.6440        -494816.1253       291.9762   -543143.7693   -494713.8349       291.2494            -19.2663        14.7419    830156.8220        -0.0250        -0.0492

TIMING: 248000  CPU: 1809.23, 0.00734594/step  Wall: 1815.74, 0.00736092/step, 1.53761 hours remaining, 0.000000 MB of memory in use.
PERFORMANCE: 248000  averaging 23.6029 ns/day, 0.00732114 sec/step with standard deviation 6.36054e-05
ENERGY:  248000       397.2117      1052.6723      1341.9130        18.7373        -587812.4199     42028.0384        47.3743         0.0000     48149.1592        -494777.3136       290.8979   -542926.4728   -494676.6332       291.3234             63.2481        98.7566    830340.6452         7.9155         7.9996

LDB: ============= START OF LOAD BALANCING ============== 1819.3
LDB: ============== END OF LOAD BALANCING =============== 1819.3
Info: useSync: 0 useProxySync: 0
LDB: =============== DONE WITH MIGRATION ================ 1819.3
LDB: ============= START OF LOAD BALANCING ============== 1820.03
LDB: TIME 1820.03 LOAD: AVG 0.586319 MAX 0.64564  PROXIES: TOTAL 344 MAXPE 47 MAXPATCH 5 None MEM: 0 MB
LDB: TIME 1820.03 LOAD: AVG 0.586319 MAX 0.64564  PROXIES: TOTAL 344 MAXPE 47 MAXPATCH 5 RefineTorusLB MEM: 0 MB
LDB: TIME 1820.03 LOAD: AVG 0.586319 MAX 0.64564  PROXIES: TOTAL 344 MAXPE 47 MAXPATCH 5 RefineTorusLB MEM: 0 MB
LDB: ============== END OF LOAD BALANCING =============== 1820.03
Info: useSync: 0 useProxySync: 0
LDB: =============== DONE WITH MIGRATION ================ 1820.03
TIMING: 249000  CPU: 1816.56, 0.00732677/step  Wall: 1823.08, 0.00734136/step, 1.53149 hours remaining, 0.000000 MB of memory in use.
PERFORMANCE: 249000  averaging 23.6026 ns/day, 0.00732123 sec/step with standard deviation 6.349e-05
ENERGY:  249000       393.4546      1038.1034      1374.8892        20.0158        -587702.0644     42353.3313        42.9044         0.0000     48108.7682        -494370.5975       290.6539   -542479.3657   -494267.8714       291.9671            119.3381       152.4812    831160.2200         1.3833         1.3838

TIMING: 250000  CPU: 1823.9, 0.00733847/step  Wall: 1830.43, 0.00735193/step, 1.53165 hours remaining, 0.000000 MB of memory in use.
PERFORMANCE: 250000  averaging 23.6022 ns/day, 0.00732135 sec/step with standard deviation 6.33921e-05
ETITLE:      TS           BOND          ANGLE          DIHED          IMPRP               ELECT            VDW       BOUNDARY           MISC        KINETIC               TOTAL           TEMP      POTENTIAL         TOTAL3        TEMPAVG            PRESSURE      GPRESSURE         VOLUME       PRESSAVG      GPRESSAVG

ENERGY:  250000       408.2090      1037.7113      1349.7325        16.5274        -587659.8953     42017.9686        51.5711         0.0000     48392.1593        -494386.0159       292.3660   -542778.1753   -494283.4747       291.9173            -86.8950       -53.9710    832422.7707         3.9610         3.9652

WRITING EXTENDED SYSTEM TO RESTART FILE AT STEP 250000
WRITING COORDINATES TO DCD FILE eq1.dcd AT STEP 250000
WRITING COORDINATES TO RESTART FILE AT STEP 250000
FINISHED WRITING RESTART COORDINATES
WRITING VELOCITIES TO RESTART FILE AT STEP 250000
FINISHED WRITING RESTART VELOCITIES
TIMING: 251000  CPU: 1831.25, 0.00735222/step  Wall: 1837.84, 0.0074064/step, 1.54094 hours remaining, 0.000000 MB of memory in use.
PERFORMANCE: 251000  averaging 23.6011 ns/day, 0.00732169 sec/step with standard deviation 6.34925e-05
ENERGY:  251000       405.4930      1032.5024      1353.3809        12.6016        -587371.6768     42172.4890        52.5984         0.0000     48610.3779        -493732.2334       293.6844   -542342.6113   -493622.4805       293.2134             74.5471       102.1106    832395.7333         3.6804         3.6680

TIMING: 252000  CPU: 1838.56, 0.00731079/step  Wall: 1845.16, 0.00732394/step, 1.52175 hours remaining, 0.000000 MB of memory in use.
PERFORMANCE: 252000  averaging 23.6011 ns/day, 0.0073217 sec/step with standard deviation 6.33661e-05
ENERGY:  252000       395.8279      1047.8430      1370.2684        15.2292        -587464.5644     41843.3088        56.4724         0.0000     48384.5543        -494351.0604       292.3201   -542735.6146   -494251.2308       293.0224            -78.6989       -45.6722    830626.3921         0.2348         0.2877

LDB: ============= START OF LOAD BALANCING ============== 1848.73
LDB: ============== END OF LOAD BALANCING =============== 1848.73
Info: useSync: 0 useProxySync: 0
LDB: =============== DONE WITH MIGRATION ================ 1848.73
LDB: ============= START OF LOAD BALANCING ============== 1849.46
LDB: TIME 1849.46 LOAD: AVG 0.5853 MAX 0.650431  PROXIES: TOTAL 344 MAXPE 47 MAXPATCH 5 None MEM: 0 MB
LDB: TIME 1849.47 LOAD: AVG 0.5853 MAX 0.650431  PROXIES: TOTAL 344 MAXPE 47 MAXPATCH 5 RefineTorusLB MEM: 0 MB
LDB: TIME 1849.47 LOAD: AVG 0.5853 MAX 0.650431  PROXIES: TOTAL 344 MAXPE 47 MAXPATCH 5 RefineTorusLB MEM: 0 MB
LDB: Reverting to original mapping
LDB: ============== END OF LOAD BALANCING =============== 1849.47
Info: useSync: 0 useProxySync: 0
LDB: =============== DONE WITH MIGRATION ================ 1849.47
TIMING: 253000  CPU: 1845.9, 0.00734301/step  Wall: 1852.52, 0.00735816/step, 1.52682 hours remaining, 0.000000 MB of memory in use.
PERFORMANCE: 253000  averaging 23.6006 ns/day, 0.00732184 sec/step with standard deviation 6.32818e-05
ENERGY:  253000       384.5816      1058.6261      1352.3678        16.3939        -587418.5490     41864.1582        51.1508         0.0000     48421.9728        -494269.2977       292.5461   -542691.2706   -494167.7216       292.3527            -73.5566       -38.1767    832180.5050         4.5871         4.6049

TIMING: 254000  CPU: 1853.24, 0.00733501/step  Wall: 1859.87, 0.0073477/step, 1.52261 hours remaining, 0.000000 MB of memory in use.
PERFORMANCE: 254000  averaging 23.6003 ns/day, 0.00732194 sec/step with standard deviation 6.31774e-05
ENERGY:  254000       396.7982      1053.8754      1347.1475        14.8010        -587689.0400     42248.1438        43.2745         0.0000     48282.4531        -494302.5465       291.7032   -542584.9996   -494203.3274       292.0744             38.6565        70.4445    832859.7206        -2.5824        -2.5166

WRITING COORDINATES TO DCD FILE eq1.dcd AT STEP 255000
TIMING: 255000  CPU: 1860.54, 0.00729921/step  Wall: 1867.18, 0.00731/step, 1.51276 hours remaining, 0.000000 MB of memory in use.
PERFORMANCE: 255000  averaging 23.6004 ns/day, 0.0073219 sec/step with standard deviation 6.30574e-05
ENERGY:  255000       379.5628      1012.8147      1365.1603        18.7597        -587650.9985     42202.8425        52.7683         0.0000     48279.4807        -494339.6096       291.6853   -542619.0903   -494236.9851       291.9744             75.7986       110.1094    831206.8466         3.7377         3.7206

TIMING: 256000  CPU: 1867.84, 0.00730296/step  Wall: 1874.49, 0.0073174/step, 1.51226 hours remaining, 0.000000 MB of memory in use.
PERFORMANCE: 256000  averaging 23.6005 ns/day, 0.00732188 sec/step with standard deviation 6.29342e-05
ENERGY:  256000       386.5100       999.7643      1369.0372        17.7894        -586969.1413     41999.1049        52.3929         0.0000     48356.3822        -493788.1604       292.1499   -542144.5426   -493683.7794       292.3890             39.8140        72.9786    831210.0931         0.7718         0.7887

LDB: ============= START OF LOAD BALANCING ============== 1878.05
LDB: ============== END OF LOAD BALANCING =============== 1878.05
Info: useSync: 0 useProxySync: 0
LDB: =============== DONE WITH MIGRATION ================ 1878.05
LDB: ============= START OF LOAD BALANCING ============== 1878.78
LDB: TIME 1878.78 LOAD: AVG 0.586359 MAX 0.640475  PROXIES: TOTAL 344 MAXPE 47 MAXPATCH 5 None MEM: 0 MB
LDB: TIME 1878.78 LOAD: AVG 0.586359 MAX 0.640475  PROXIES: TOTAL 344 MAXPE 47 MAXPATCH 5 RefineTorusLB MEM: 0 MB
LDB: TIME 1878.78 LOAD: AVG 0.586359 MAX 0.640475  PROXIES: TOTAL 344 MAXPE 47 MAXPATCH 5 RefineTorusLB MEM: 0 MB
LDB: Reverting to original mapping
LDB: ============== END OF LOAD BALANCING =============== 1878.78
Info: useSync: 0 useProxySync: 0
LDB: =============== DONE WITH MIGRATION ================ 1878.78
TIMING: 257000  CPU: 1875.14, 0.00730234/step  Wall: 1881.8, 0.0073104/step, 1.50879 hours remaining, 0.000000 MB of memory in use.
PERFORMANCE: 257000  averaging 23.6006 ns/day, 0.00732183 sec/step with standard deviation 6.28153e-05
ENERGY:  257000       395.2020      1080.9763      1359.5406        19.3613        -587133.5357     41851.3535        47.7294         0.0000     48601.2067        -493778.1658       293.6290   -542379.3725   -493666.8000       292.3407            -77.8359       -44.4154    833206.5815        -0.3900        -0.4896

TIMING: 258000  CPU: 1882.45, 0.00730341/step  Wall: 1889.12, 0.00731308/step, 1.50731 hours remaining, 0.000000 MB of memory in use.
PERFORMANCE: 258000  averaging 23.6008 ns/day, 0.0073218 sec/step with standard deviation 6.26953e-05
ENERGY:  258000       386.0759      1061.6514      1367.5426        15.1583        -586972.3554     41989.2016        47.1709         0.0000     48400.6005        -493704.9543       292.4170   -542105.5548   -493595.2374       293.1801            -60.6043       -29.8140    834045.4941        -0.3134        -0.3489

TIMING: 259000  CPU: 1889.79, 0.00734787/step  Wall: 1896.47, 0.00735475/step, 1.51385 hours remaining, 0.000000 MB of memory in use.
PERFORMANCE: 259000  averaging 23.6003 ns/day, 0.00732193 sec/step with standard deviation 6.26072e-05
ENERGY:  259000       399.7071      1075.6732      1357.9736        17.5466        -587789.6086     42379.9857        53.1377         0.0000     48178.1696        -494327.4151       291.0732   -542505.5847   -494222.6061       292.8461             94.9612       126.4350    831233.2084         4.6409         4.6651

TIMING: 260000  CPU: 1897.13, 0.00733575/step  Wall: 1903.82, 0.00734571/step, 1.50995 hours remaining, 0.000000 MB of memory in use.
PERFORMANCE: 260000  averaging 23.6001 ns/day, 0.00732202 sec/step with standard deviation 6.25036e-05
ETITLE:      TS           BOND          ANGLE          DIHED          IMPRP               ELECT            VDW       BOUNDARY           MISC        KINETIC               TOTAL           TEMP      POTENTIAL         TOTAL3        TEMPAVG            PRESSURE      GPRESSURE         VOLUME       PRESSAVG      GPRESSAVG

ENERGY:  260000       378.3918      1049.9296      1354.2596        13.5842        -587755.2311     42069.6061        43.4536         0.0000     48444.7941        -494401.2120       292.6840   -542846.0062   -494299.4522       292.2287            -78.7648       -47.8676    832770.3932         1.8475         1.8227

WRITING EXTENDED SYSTEM TO RESTART FILE AT STEP 260000
WRITING COORDINATES TO DCD FILE eq1.dcd AT STEP 260000
WRITING COORDINATES TO RESTART FILE AT STEP 260000
FINISHED WRITING RESTART COORDINATES
WRITING VELOCITIES TO RESTART FILE AT STEP 260000
FINISHED WRITING RESTART VELOCITIES
LDB: ============= START OF LOAD BALANCING ============== 1907.45
LDB: ============== END OF LOAD BALANCING =============== 1907.45
Info: useSync: 0 useProxySync: 0
LDB: =============== DONE WITH MIGRATION ================ 1907.45
LDB: ============= START OF LOAD BALANCING ============== 1908.19
LDB: TIME 1908.19 LOAD: AVG 0.587102 MAX 0.646912  PROXIES: TOTAL 344 MAXPE 47 MAXPATCH 5 None MEM: 0 MB
LDB: TIME 1908.19 LOAD: AVG 0.587102 MAX 0.646912  PROXIES: TOTAL 344 MAXPE 47 MAXPATCH 5 RefineTorusLB MEM: 0 MB
LDB: TIME 1908.19 LOAD: AVG 0.587102 MAX 0.646912  PROXIES: TOTAL 344 MAXPE 47 MAXPATCH 5 RefineTorusLB MEM: 0 MB
LDB: Reverting to original mapping
LDB: ============== END OF LOAD BALANCING =============== 1908.19
Info: useSync: 0 useProxySync: 0
LDB: =============== DONE WITH MIGRATION ================ 1908.19
TIMING: 261000  CPU: 1904.48, 0.00735069/step  Wall: 1911.22, 0.00740459/step, 1.52 hours remaining, 0.000000 MB of memory in use.
PERFORMANCE: 261000  averaging 23.599 ns/day, 0.00732233 sec/step with standard deviation 6.25923e-05
ENERGY:  261000       398.3027      1057.5452      1379.2757        15.4888        -587341.1005     41819.1381        44.3930         0.0000     48172.0860        -494454.8711       291.0364   -542626.9571   -494355.2273       292.0696            -99.5504       -66.3849    830645.9640         6.9490         6.9187

TIMING: 262000  CPU: 1911.8, 0.00731594/step  Wall: 1918.55, 0.00732282/step, 1.50118 hours remaining, 0.000000 MB of memory in use.
PERFORMANCE: 262000  averaging 23.599 ns/day, 0.00732234 sec/step with standard deviation 6.24723e-05
ENERGY:  262000       371.8720      1070.9919      1362.0835        15.4115        -587982.8403     42137.2102        50.3991         0.0000     48140.3129        -494834.5593       290.8445   -542974.8721   -494731.5206       291.4297            -49.8582       -19.2885    830986.9359        -0.8348        -0.8528

TIMING: 263000  CPU: 1919.14, 0.00734752/step  Wall: 1925.9, 0.00735618/step, 1.50597 hours remaining, 0.000000 MB of memory in use.
PERFORMANCE: 263000  averaging 23.5986 ns/day, 0.00732246 sec/step with standard deviation 6.23879e-05
ENERGY:  263000       400.7246      1013.9004      1327.3880        15.3050        -588229.1716     42220.6172        46.3741         0.0000     48251.1331        -494953.7291       291.5140   -543204.8623   -494849.4971       291.1407             -6.1038        20.3305    830359.8509         1.1028         1.0375

TIMING: 264000  CPU: 1926.47, 0.00732303/step  Wall: 1933.23, 0.00733278/step, 1.49915 hours remaining, 0.000000 MB of memory in use.
PERFORMANCE: 264000  averaging 23.5985 ns/day, 0.0073225 sec/step with standard deviation 6.22724e-05
ENERGY:  264000       382.5268      1053.7652      1342.8877        20.1248        -588296.8147     42286.9890        44.0015         0.0000     48364.1342        -494802.3855       292.1967   -543166.5197   -494692.2455       291.3695             32.8223        67.6831    831330.4210         1.2121         1.1943

LDB: ============= START OF LOAD BALANCING ============== 1936.79
LDB: ============== END OF LOAD BALANCING =============== 1936.79
Info: useSync: 0 useProxySync: 0
LDB: =============== DONE WITH MIGRATION ================ 1936.79
LDB: ============= START OF LOAD BALANCING ============== 1937.53
LDB: TIME 1937.53 LOAD: AVG 0.586941 MAX 0.644653  PROXIES: TOTAL 344 MAXPE 47 MAXPATCH 5 None MEM: 0 MB
LDB: TIME 1937.53 LOAD: AVG 0.586941 MAX 0.644653  PROXIES: TOTAL 344 MAXPE 47 MAXPATCH 5 RefineTorusLB MEM: 0 MB
LDB: TIME 1937.53 LOAD: AVG 0.586941 MAX 0.644653  PROXIES: TOTAL 344 MAXPE 47 MAXPATCH 5 RefineTorusLB MEM: 0 MB
LDB: ============== END OF LOAD BALANCING =============== 1937.53
Info: useSync: 0 useProxySync: 0
LDB: =============== DONE WITH MIGRATION ================ 1937.53
WRITING COORDINATES TO DCD FILE eq1.dcd AT STEP 265000
TIMING: 265000  CPU: 1933.82, 0.00735118/step  Wall: 1940.6, 0.0073608/step, 1.50283 hours remaining, 0.000000 MB of memory in use.
PERFORMANCE: 265000  averaging 23.598 ns/day, 0.00732265 sec/step with standard deviation 6.21988e-05
ENERGY:  265000       410.0329      1098.3566      1361.4042        18.1295        -587389.6288     42034.6907        48.0412         0.0000     48390.6554        -494028.3183       292.3569   -542418.9736   -493922.9728       292.0773            -52.5739       -22.0601    832259.3209         1.4628         1.4734

TIMING: 266000  CPU: 1941.15, 0.00733146/step  Wall: 1947.93, 0.0073392/step, 1.49638 hours remaining, 0.000000 MB of memory in use.
PERFORMANCE: 266000  averaging 23.5978 ns/day, 0.00732271 sec/step with standard deviation 6.20897e-05
ENERGY:  266000       425.6526      1069.5451      1361.0493        18.6469        -588069.7168     42248.4123        54.3652         0.0000     48485.3921        -494406.6533       292.9293   -542892.0454   -494295.1054       292.6761             64.5837        95.6011    831101.7739         2.5814         2.5694

TIMING: 267000  CPU: 1948.48, 0.00733108/step  Wall: 1955.27, 0.00733881/step, 1.49426 hours remaining, 0.000000 MB of memory in use.
PERFORMANCE: 267000  averaging 23.5976 ns/day, 0.00732277 sec/step with standard deviation 6.19807e-05
ENERGY:  267000       360.9839      1036.1272      1341.8047        14.1740        -587939.1057     42303.9624        53.7068         0.0000     48164.7939        -494663.5529       290.9924   -542828.3468   -494557.9860       291.6875             69.4292       102.1131    831394.7634        -0.9982        -1.0014

TIMING: 268000  CPU: 1955.86, 0.00738341/step  Wall: 1962.67, 0.00739282/step, 1.50321 hours remaining, 0.000000 MB of memory in use.
PERFORMANCE: 268000  averaging 23.5968 ns/day, 0.00732303 sec/step with standard deviation 6.20123e-05
ENERGY:  268000       422.4996      1061.5736      1334.3966        13.4335        -588026.7225     42229.5429        53.5341         0.0000     48194.1362        -494717.6059       291.1696   -542911.7422   -494620.5000       291.8536             36.4718        72.6151    830077.5492        -2.0823        -2.0710

LDB: ============= START OF LOAD BALANCING ============== 1966.24
LDB: ============== END OF LOAD BALANCING =============== 1966.24
Info: useSync: 0 useProxySync: 0
LDB: =============== DONE WITH MIGRATION ================ 1966.24
LDB: ============= START OF LOAD BALANCING ============== 1966.97
LDB: TIME 1966.98 LOAD: AVG 0.587216 MAX 0.649456  PROXIES: TOTAL 344 MAXPE 47 MAXPATCH 5 None MEM: 0 MB
LDB: TIME 1966.98 LOAD: AVG 0.587216 MAX 0.649456  PROXIES: TOTAL 344 MAXPE 47 MAXPATCH 5 RefineTorusLB MEM: 0 MB
LDB: TIME 1966.98 LOAD: AVG 0.587216 MAX 0.649456  PROXIES: TOTAL 344 MAXPE 47 MAXPATCH 5 RefineTorusLB MEM: 0 MB
LDB: ============== END OF LOAD BALANCING =============== 1966.98
Info: useSync: 0 useProxySync: 0
LDB: =============== DONE WITH MIGRATION ================ 1966.98
TIMING: 269000  CPU: 1963.2, 0.00733985/step  Wall: 1970.01, 0.00734707/step, 1.49186 hours remaining, 0.000000 MB of memory in use.
PERFORMANCE: 269000  averaging 23.5965 ns/day, 0.00732312 sec/step with standard deviation 6.19139e-05
ENERGY:  269000       385.7020      1032.4058      1351.3925        19.0602        -587818.7030     42186.4046        53.8876         0.0000     48393.6472        -494396.2032       292.3750   -542789.8504   -494286.6675       292.2082             -4.0403        28.9723    830741.4017         4.3740         4.3234

WRITING COORDINATES TO DCD FILE eq1.dcd AT STEP 270000
WRITING COORDINATES TO RESTART FILE AT STEP 270000
FINISHED WRITING RESTART COORDINATES
TIMING: 270000  CPU: 1970.56, 0.00735354/step  Wall: 1977.4, 0.00738235/step, 1.49698 hours remaining, 0.000000 MB of memory in use.
PERFORMANCE: 270000  averaging 23.5958 ns/day, 0.00732334 sec/step with standard deviation 6.19037e-05
ETITLE:      TS           BOND          ANGLE          DIHED          IMPRP               ELECT            VDW       BOUNDARY           MISC        KINETIC               TOTAL           TEMP      POTENTIAL         TOTAL3        TEMPAVG            PRESSURE      GPRESSURE         VOLUME       PRESSAVG      GPRESSAVG

ENERGY:  270000       379.1500      1040.6810      1373.3714        19.5775        -587739.4865     42235.4012        46.3267         0.0000     48077.0143        -494567.9644       290.4620   -542644.9787   -494461.3005       292.1482            116.5792       147.4384    829063.0622        -1.8958        -1.8902

WRITING EXTENDED SYSTEM TO RESTART FILE AT STEP 270000
WRITING VELOCITIES TO RESTART FILE AT STEP 270000
FINISHED WRITING RESTART VELOCITIES
TIMING: 271000  CPU: 1977.89, 0.0073287/step  Wall: 1984.76, 0.00736255/step, 1.49092 hours remaining, 0.000000 MB of memory in use.
PERFORMANCE: 271000  averaging 23.5953 ns/day, 0.00732349 sec/step with standard deviation 6.18348e-05
ENERGY:  271000       370.2678      1058.9335      1359.8701        19.4870        -588108.1620     42086.9764        49.9492         0.0000     48587.5162        -494575.1617       293.5463   -543162.6779   -494461.3809       291.8101            -12.7075        18.1275    831578.9460        -0.4990        -0.5308

TIMING: 272000  CPU: 1985.23, 0.00734264/step  Wall: 1992.11, 0.00735003/step, 1.48634 hours remaining, 0.000000 MB of memory in use.
PERFORMANCE: 272000  averaging 23.595 ns/day, 0.00732358 sec/step with standard deviation 6.17416e-05
ENERGY:  272000       410.2607      1071.3181      1359.0816        18.9490        -587836.0220     42256.6138        47.2893         0.0000     48460.1059        -494212.4036       292.7765   -542672.5095   -494107.7542       291.9873             31.4426        61.9566    830836.3073        -0.4619        -0.4415

LDB: ============= START OF LOAD BALANCING ============== 1995.67
LDB: ============== END OF LOAD BALANCING =============== 1995.67
Info: useSync: 0 useProxySync: 0
LDB: =============== DONE WITH MIGRATION ================ 1995.67
LDB: ============= START OF LOAD BALANCING ============== 1996.4
LDB: TIME 1996.4 LOAD: AVG 0.586824 MAX 0.644837  PROXIES: TOTAL 344 MAXPE 47 MAXPATCH 5 None MEM: 0 MB
LDB: TIME 1996.4 LOAD: AVG 0.586824 MAX 0.644837  PROXIES: TOTAL 344 MAXPE 47 MAXPATCH 5 RefineTorusLB MEM: 0 MB
LDB: TIME 1996.4 LOAD: AVG 0.586824 MAX 0.644837  PROXIES: TOTAL 344 MAXPE 47 MAXPATCH 5 RefineTorusLB MEM: 0 MB
LDB: Reverting to original mapping
LDB: ============== END OF LOAD BALANCING =============== 1996.4
Info: useSync: 0 useProxySync: 0
LDB: =============== DONE WITH MIGRATION ================ 1996.4
TIMING: 273000  CPU: 1992.54, 0.0073148/step  Wall: 1999.44, 0.00732976/step, 1.4802 hours remaining, 0.000000 MB of memory in use.
PERFORMANCE: 273000  averaging 23.5949 ns/day, 0.00732361 sec/step with standard deviation 6.16292e-05
ENERGY:  273000       379.1056      1028.7403      1334.0855        11.1303        -587094.0834     41848.3866        53.1065         0.0000     47953.7242        -494485.8043       289.7172   -542439.5285   -494373.2230       291.9538            -43.6960        -9.1556    832379.3833         1.6323         1.6574

TIMING: 274000  CPU: 1999.86, 0.00731498/step  Wall: 2006.77, 0.00732902/step, 1.47802 hours remaining, 0.000000 MB of memory in use.
PERFORMANCE: 274000  averaging 23.5949 ns/day, 0.00732363 sec/step with standard deviation 6.1517e-05
ENERGY:  274000       397.7697      1036.9807      1347.0185        14.4915        -587451.6197     41945.6916        51.9895         0.0000     48370.6358        -494287.0423       292.2360   -542657.6782   -494174.0754       292.0575            -54.7141       -23.2373    832812.3216         3.4050         3.3365

TIMING: 275000  CPU: 2007.21, 0.00735524/step  Wall: 2014.13, 0.0073661/step, 1.48345 hours remaining, 0.000000 MB of memory in use.
PERFORMANCE: 275000  averaging 23.5944 ns/day, 0.00732378 sec/step with standard deviation 6.14581e-05
ENERGY:  275000       388.4980      1074.2445      1360.1359        16.3900        -587069.5365     41852.4886        55.3066         0.0000     48283.1483        -494039.3247       291.7074   -542322.4730   -493933.5683       292.3439            -99.2045       -66.9689    832501.4174         6.3232         6.3404

WRITING COORDINATES TO DCD FILE eq1.dcd AT STEP 275000
TIMING: 276000  CPU: 2014.52, 0.00730712/step  Wall: 2021.45, 0.00731962/step, 1.47206 hours remaining, 0.000000 MB of memory in use.
PERFORMANCE: 276000  averaging 23.5944 ns/day, 0.00732376 sec/step with standard deviation 6.13467e-05
ENERGY:  276000       408.4079      1093.9650      1339.8295        13.9989        -587069.7792     41762.3052        49.7591         0.0000     48200.2859        -494201.2275       291.2068   -542401.5135   -494101.7235       293.1785            -46.8294       -10.8658    831276.6197         1.1013         1.1316

LDB: ============= START OF LOAD BALANCING ============== 2025.01
LDB: ============== END OF LOAD BALANCING =============== 2025.01
Info: useSync: 0 useProxySync: 0
LDB: =============== DONE WITH MIGRATION ================ 2025.01
LDB: ============= START OF LOAD BALANCING ============== 2025.74
LDB: TIME 2025.74 LOAD: AVG 0.586632 MAX 0.641948  PROXIES: TOTAL 344 MAXPE 47 MAXPATCH 5 None MEM: 0 MB
LDB: TIME 2025.74 LOAD: AVG 0.586632 MAX 0.641948  PROXIES: TOTAL 344 MAXPE 47 MAXPATCH 5 RefineTorusLB MEM: 0 MB
LDB: TIME 2025.74 LOAD: AVG 0.586632 MAX 0.641948  PROXIES: TOTAL 344 MAXPE 47 MAXPATCH 5 RefineTorusLB MEM: 0 MB
LDB: ============== END OF LOAD BALANCING =============== 2025.74
Info: useSync: 0 useProxySync: 0
LDB: =============== DONE WITH MIGRATION ================ 2025.74
TIMING: 277000  CPU: 2021.84, 0.00731475/step  Wall: 2028.78, 0.00732879/step, 1.47187 hours remaining, 0.000000 MB of memory in use.
PERFORMANCE: 277000  averaging 23.5944 ns/day, 0.00732378 sec/step with standard deviation 6.12363e-05
ENERGY:  277000       394.7630      1048.2070      1359.9161        20.5689        -587777.8135     42277.0909        59.9929         0.0000     48332.5989        -494284.6757       292.0062   -542617.2746   -494186.4407       292.4722             54.7588        88.9270    831666.6275         2.4491         2.4250

TIMING: 278000  CPU: 2029.15, 0.00731059/step  Wall: 2036.11, 0.00732339/step, 1.46875 hours remaining, 0.000000 MB of memory in use.
PERFORMANCE: 278000  averaging 23.5944 ns/day, 0.00732378 sec/step with standard deviation 6.11256e-05
ENERGY:  278000       397.1841      1096.1067      1359.3493        23.3544        -587060.4399     41994.5082        56.5641         0.0000     47998.4423        -494134.9308       289.9873   -542133.3731   -494027.5700       292.1831             22.2153        54.8902    831509.5485         7.3634         7.3613

TIMING: 279000  CPU: 2036.46, 0.00731556/step  Wall: 2043.43, 0.00732921/step, 1.46788 hours remaining, 0.000000 MB of memory in use.
PERFORMANCE: 279000  averaging 23.5943 ns/day, 0.0073238 sec/step with standard deviation 6.10165e-05
ENERGY:  279000       394.7078      1072.0402      1358.1425        19.9206        -587639.3076     41948.7851        45.0529         0.0000     48140.2922        -494660.3664       290.8443   -542800.6585   -494552.6400       291.8491             -1.4925        31.7018    831234.2091         3.6751         3.6595

WRITING COORDINATES TO DCD FILE eq1.dcd AT STEP 280000
WRITING COORDINATES TO RESTART FILE AT STEP 280000
FINISHED WRITING RESTART COORDINATES
TIMING: 280000  CPU: 2043.81, 0.00735092/step  Wall: 2050.81, 0.00737961/step, 1.47592 hours remaining, 0.000000 MB of memory in use.
PERFORMANCE: 280000  averaging 23.5937 ns/day, 0.007324 sec/step with standard deviation 6.09982e-05
ETITLE:      TS           BOND          ANGLE          DIHED          IMPRP               ELECT            VDW       BOUNDARY           MISC        KINETIC               TOTAL           TEMP      POTENTIAL         TOTAL3        TEMPAVG            PRESSURE      GPRESSURE         VOLUME       PRESSAVG      GPRESSAVG

ENERGY:  280000       387.9685      1032.6261      1355.6309        22.0572        -587392.8591     41879.0469        45.9598         0.0000     48428.2281        -494241.3416       292.5839   -542669.5697   -494137.1348       292.0868            -70.6161       -39.8483    831275.2596         2.5500         2.6102

WRITING EXTENDED SYSTEM TO RESTART FILE AT STEP 280000
WRITING VELOCITIES TO RESTART FILE AT STEP 280000
FINISHED WRITING RESTART VELOCITIES
LDB: ============= START OF LOAD BALANCING ============== 2054.4
LDB: ============== END OF LOAD BALANCING =============== 2054.4
Info: useSync: 0 useProxySync: 0
LDB: =============== DONE WITH MIGRATION ================ 2054.4
LDB: ============= START OF LOAD BALANCING ============== 2055.14
LDB: TIME 2055.14 LOAD: AVG 0.586131 MAX 0.649272  PROXIES: TOTAL 344 MAXPE 47 MAXPATCH 5 None MEM: 0 MB
LDB: TIME 2055.14 LOAD: AVG 0.586131 MAX 0.649272  PROXIES: TOTAL 344 MAXPE 47 MAXPATCH 5 RefineTorusLB MEM: 0 MB
LDB: TIME 2055.14 LOAD: AVG 0.586131 MAX 0.649272  PROXIES: TOTAL 344 MAXPE 47 MAXPATCH 5 RefineTorusLB MEM: 0 MB
LDB: ============== END OF LOAD BALANCING =============== 2055.14
Info: useSync: 0 useProxySync: 0
LDB: =============== DONE WITH MIGRATION ================ 2055.14
TIMING: 281000  CPU: 2051.16, 0.00734606/step  Wall: 2058.19, 0.00737895/step, 1.47374 hours remaining, 0.000000 MB of memory in use.
PERFORMANCE: 281000  averaging 23.593 ns/day, 0.0073242 sec/step with standard deviation 6.09774e-05
ENERGY:  281000       381.2852      1073.3313      1347.0779        14.5863        -588008.6200     42375.3809        47.1725         0.0000     48276.0804        -494493.7056       291.6647   -542769.7860   -494387.8661       291.9953             91.1647       125.2135    831956.9377        -1.2076        -1.2147

TIMING: 282000  CPU: 2058.48, 0.00732339/step  Wall: 2065.52, 0.00733174/step, 1.46227 hours remaining, 0.000000 MB of memory in use.
PERFORMANCE: 282000  averaging 23.5929 ns/day, 0.00732422 sec/step with standard deviation 6.08705e-05
ENERGY:  282000       371.5086      1043.5764      1348.3484        14.7943        -586954.7293     41232.4064        48.2233         0.0000     48473.0851        -494422.7868       292.8549   -542895.8718   -494334.8464       292.3623           -269.6005      -233.9378    831201.8991         1.8764         1.8910

TIMING: 283000  CPU: 2065.78, 0.00730023/step  Wall: 2072.83, 0.00731025/step, 1.45596 hours remaining, 0.000000 MB of memory in use.
PERFORMANCE: 283000  averaging 23.5931 ns/day, 0.00732417 sec/step with standard deviation 6.07681e-05
ENERGY:  283000       399.8044      1135.0850      1345.5067        15.3418        -587754.4709     42071.4259        55.5692         0.0000     48248.2693        -494483.4687       291.4967   -542731.7380   -494390.2108       292.2129            -12.4830        18.2461    831092.9448        -4.1246        -4.0492

TIMING: 284000  CPU: 2073.09, 0.00730378/step  Wall: 2080.14, 0.00730914/step, 1.45371 hours remaining, 0.000000 MB of memory in use.
PERFORMANCE: 284000  averaging 23.5933 ns/day, 0.00732412 sec/step with standard deviation 6.06672e-05
ENERGY:  284000       404.6366      1108.3989      1356.2021        17.3250        -587909.2765     42145.0869        44.5449         0.0000     48618.6823        -494214.3998       293.7346   -542833.0821   -494112.6653       292.9414             15.4478        48.4906    829654.6034        -0.3983        -0.3491

LDB: ============= START OF LOAD BALANCING ============== 2083.71
LDB: ============== END OF LOAD BALANCING =============== 2083.71
Info: useSync: 0 useProxySync: 0
LDB: =============== DONE WITH MIGRATION ================ 2083.71
LDB: ============= START OF LOAD BALANCING ============== 2084.44
LDB: TIME 2084.44 LOAD: AVG 0.587249 MAX 0.645506  PROXIES: TOTAL 344 MAXPE 47 MAXPATCH 5 None MEM: 0 MB
LDB: TIME 2084.44 LOAD: AVG 0.587249 MAX 0.645506  PROXIES: TOTAL 344 MAXPE 47 MAXPATCH 5 RefineTorusLB MEM: 0 MB
LDB: TIME 2084.44 LOAD: AVG 0.587249 MAX 0.645506  PROXIES: TOTAL 344 MAXPE 47 MAXPATCH 5 RefineTorusLB MEM: 0 MB
LDB: ============== END OF LOAD BALANCING =============== 2084.44
Info: useSync: 0 useProxySync: 0
LDB: =============== DONE WITH MIGRATION ================ 2084.44
WRITING COORDINATES TO DCD FILE eq1.dcd AT STEP 285000
TIMING: 285000  CPU: 2080.44, 0.00735542/step  Wall: 2087.51, 0.0073674/step, 1.46325 hours remaining, 0.000000 MB of memory in use.
PERFORMANCE: 285000  averaging 23.5928 ns/day, 0.00732427 sec/step with standard deviation 6.06146e-05
ENERGY:  285000       392.9924      1048.7822      1362.4916        19.0465        -587679.8200     42138.1073        61.2689         0.0000     48286.8807        -494370.2503       291.7300   -542657.1310   -494270.4363       292.3128            -11.8666        20.6374    832548.8848        -0.3627        -0.3785

TIMING: 286000  CPU: 2087.8, 0.00735907/step  Wall: 2094.88, 0.00736771/step, 1.46126 hours remaining, 0.000000 MB of memory in use.
PERFORMANCE: 286000  averaging 23.5923 ns/day, 0.00732442 sec/step with standard deviation 6.05626e-05
ENERGY:  286000       382.6125      1027.7826      1348.1878        16.8242        -587756.6168     42033.0086        52.7149         0.0000     48259.9499        -494635.5362       291.5673   -542895.4861   -494528.2677       292.0689            -50.0419       -17.7891    832654.0078         0.3011         0.3898

TIMING: 287000  CPU: 2095.13, 0.00733226/step  Wall: 2102.22, 0.00733921/step, 1.45357 hours remaining, 0.000000 MB of memory in use.
PERFORMANCE: 287000  averaging 23.5921 ns/day, 0.00732448 sec/step with standard deviation 6.04629e-05
ENERGY:  287000       426.9556      1072.1814      1358.5216        21.9416        -587076.8066     41418.5407        47.9662         0.0000     48073.7311        -494656.9684       290.4422   -542730.6995   -494552.3176       291.8884           -267.2010      -236.0327    831796.4166         2.4924         2.4992

TIMING: 288000  CPU: 2102.44, 0.0073082/step  Wall: 2109.53, 0.00731649/step, 1.44704 hours remaining, 0.000000 MB of memory in use.
PERFORMANCE: 288000  averaging 23.5922 ns/day, 0.00732445 sec/step with standard deviation 6.03594e-05
ENERGY:  288000       395.4679      1087.1955      1335.2312        14.8437        -587670.6321     42085.1479        46.2335         0.0000     48193.8312        -494512.6812       291.1678   -542706.5123   -494412.3962       291.7119            -21.8784         9.4515    830469.1299         1.6161         1.5618

LDB: ============= START OF LOAD BALANCING ============== 2113.11
LDB: ============== END OF LOAD BALANCING =============== 2113.11
Info: useSync: 0 useProxySync: 0
LDB: =============== DONE WITH MIGRATION ================ 2113.11
LDB: ============= START OF LOAD BALANCING ============== 2113.84
LDB: TIME 2113.84 LOAD: AVG 0.585912 MAX 0.649355  PROXIES: TOTAL 344 MAXPE 47 MAXPATCH 5 None MEM: 0 MB
LDB: TIME 2113.84 LOAD: AVG 0.585912 MAX 0.649355  PROXIES: TOTAL 344 MAXPE 47 MAXPATCH 5 RefineTorusLB MEM: 0 MB
LDB: TIME 2113.84 LOAD: AVG 0.585912 MAX 0.649355  PROXIES: TOTAL 344 MAXPE 47 MAXPATCH 5 RefineTorusLB MEM: 0 MB
LDB: ============== END OF LOAD BALANCING =============== 2113.84
Info: useSync: 0 useProxySync: 0
LDB: =============== DONE WITH MIGRATION ================ 2113.84
TIMING: 289000  CPU: 2109.78, 0.0073435/step  Wall: 2116.89, 0.0073516/step, 1.45194 hours remaining, 0.000000 MB of memory in use.
PERFORMANCE: 289000  averaging 23.5919 ns/day, 0.00732454 sec/step with standard deviation 6.02756e-05
ENERGY:  289000       412.9877      1089.6488      1368.3368        14.6502        -587470.4383     42177.2496        44.6735         0.0000     48411.6525        -493951.2393       292.4838   -542362.8918   -493842.0844       292.9433             24.8946        60.4075    831086.0840         2.6706         2.6294

WRITING COORDINATES TO DCD FILE eq1.dcd AT STEP 290000
WRITING COORDINATES TO RESTART FILE AT STEP 290000
FINISHED WRITING RESTART COORDINATES
TIMING: 290000  CPU: 2117.15, 0.00736295/step  Wall: 2124.28, 0.00738964/step, 1.4574 hours remaining, 0.000000 MB of memory in use.
PERFORMANCE: 290000  averaging 23.5912 ns/day, 0.00732477 sec/step with standard deviation 6.02926e-05
ETITLE:      TS           BOND          ANGLE          DIHED          IMPRP               ELECT            VDW       BOUNDARY           MISC        KINETIC               TOTAL           TEMP      POTENTIAL         TOTAL3        TEMPAVG            PRESSURE      GPRESSURE         VOLUME       PRESSAVG      GPRESSAVG

ENERGY:  290000       385.8129      1004.9818      1348.5498        18.9704        -587291.5275     42169.4537        47.0924         0.0000     48507.8480        -493808.8186       293.0650   -542316.6666   -493703.9150       293.6511            123.8056       155.2656    831790.0351         3.1526         3.2012

WRITING EXTENDED SYSTEM TO RESTART FILE AT STEP 290000
WRITING VELOCITIES TO RESTART FILE AT STEP 290000
FINISHED WRITING RESTART VELOCITIES
TIMING: 291000  CPU: 2124.47, 0.00732474/step  Wall: 2131.63, 0.00735851/step, 1.44922 hours remaining, 0.000000 MB of memory in use.
PERFORMANCE: 291000  averaging 23.5908 ns/day, 0.00732488 sec/step with standard deviation 6.0221e-05
ENERGY:  291000       380.5431      1065.9209      1351.0243        18.0476        -587130.5793     41739.3384        47.7072         0.0000     48440.2733        -494087.7246       292.6567   -542527.9979   -493976.7165       292.8103           -152.9701      -121.4947    833252.8419         1.0095         0.9590

TIMING: 292000  CPU: 2131.81, 0.00733978/step  Wall: 2138.98, 0.00734568/step, 1.44465 hours remaining, 0.000000 MB of memory in use.
PERFORMANCE: 292000  averaging 23.5906 ns/day, 0.00732495 sec/step with standard deviation 6.01298e-05
ENERGY:  292000       395.0572      1118.0529      1356.9183        20.1147        -586867.6072     41630.2042        48.2687         0.0000     48226.4277        -494072.5635       291.3647   -542298.9912   -493978.3121       292.5834           -115.0879       -82.7506    833264.0715         0.5090         0.5395

LDB: ============= START OF LOAD BALANCING ============== 2142.54
LDB: ============== END OF LOAD BALANCING =============== 2142.54
Info: useSync: 0 useProxySync: 0
LDB: =============== DONE WITH MIGRATION ================ 2142.54
LDB: ============= START OF LOAD BALANCING ============== 2143.27
LDB: TIME 2143.28 LOAD: AVG 0.586328 MAX 0.64701  PROXIES: TOTAL 344 MAXPE 47 MAXPATCH 5 None MEM: 0 MB
LDB: TIME 2143.28 LOAD: AVG 0.586328 MAX 0.64701  PROXIES: TOTAL 344 MAXPE 47 MAXPATCH 5 RefineTorusLB MEM: 0 MB
LDB: TIME 2143.28 LOAD: AVG 0.586328 MAX 0.64701  PROXIES: TOTAL 344 MAXPE 47 MAXPATCH 5 RefineTorusLB MEM: 0 MB
LDB: ============== END OF LOAD BALANCING =============== 2143.28
Info: useSync: 0 useProxySync: 0
LDB: =============== DONE WITH MIGRATION ================ 2143.28
TIMING: 293000  CPU: 2139.12, 0.00730408/step  Wall: 2146.3, 0.0073153/step, 1.43664 hours remaining, 0.000000 MB of memory in use.
PERFORMANCE: 293000  averaging 23.5907 ns/day, 0.00732492 sec/step with standard deviation 6.00294e-05
ENERGY:  293000       384.4593      1081.5712      1353.9189        20.3705        -587387.1386     41750.7036        54.1669         0.0000     48444.9771        -494296.9713       292.6851   -542741.9484   -494188.4048       292.7394           -119.6677       -85.4300    831773.1378         4.4855         4.5133

TIMING: 294000  CPU: 2146.42, 0.00730323/step  Wall: 2153.6, 0.00730877/step, 1.43333 hours remaining, 0.000000 MB of memory in use.
PERFORMANCE: 294000  averaging 23.5909 ns/day, 0.00732487 sec/step with standard deviation 5.99342e-05
ENERGY:  294000       390.2145      1058.9637      1366.2476        20.9247        -587367.3735     42103.0640        49.6905         0.0000     48138.7735        -494239.4950       290.8352   -542378.2685   -494138.0341       292.7120             50.3318        81.8015    831039.8335        -0.6503        -0.6685

WRITING COORDINATES TO DCD FILE eq1.dcd AT STEP 295000
TIMING: 295000  CPU: 2153.75, 0.00732747/step  Wall: 2160.94, 0.00733559/step, 1.43655 hours remaining, 0.000000 MB of memory in use.
PERFORMANCE: 295000  averaging 23.5908 ns/day, 0.0073249 sec/step with standard deviation 5.98355e-05
ENERGY:  295000       424.6179      1034.0760      1360.5660        11.0172        -588022.7723     42343.6775        53.4375         0.0000     48544.6778        -494250.7023       293.2875   -542795.3801   -494153.5689       292.5460             87.7117       119.8391    831671.0208        -0.2210        -0.1951

TIMING: 296000  CPU: 2161.09, 0.00734411/step  Wall: 2168.3, 0.00735692/step, 1.43869 hours remaining, 0.000000 MB of memory in use.
PERFORMANCE: 296000  averaging 23.5904 ns/day, 0.00732501 sec/step with standard deviation 5.9763e-05
ENERGY:  296000       398.9405      1061.8828      1350.6807        15.0106        -587469.6014     42017.1897        49.0836         0.0000     48324.3555        -494252.4581       291.9564   -542576.8136   -494146.4027       292.7594           -140.2269      -110.4460    832702.6512         2.2244         2.1393

LDB: ============= START OF LOAD BALANCING ============== 2171.87
LDB: ============== END OF LOAD BALANCING =============== 2171.87
Info: useSync: 0 useProxySync: 0
LDB: =============== DONE WITH MIGRATION ================ 2171.87
LDB: ============= START OF LOAD BALANCING ============== 2172.61
LDB: TIME 2172.61 LOAD: AVG 0.586837 MAX 0.649658  PROXIES: TOTAL 344 MAXPE 47 MAXPATCH 5 None MEM: 0 MB
LDB: TIME 2172.61 LOAD: AVG 0.586837 MAX 0.649658  PROXIES: TOTAL 344 MAXPE 47 MAXPATCH 5 RefineTorusLB MEM: 0 MB
LDB: TIME 2172.61 LOAD: AVG 0.586837 MAX 0.649658  PROXIES: TOTAL 344 MAXPE 47 MAXPATCH 5 RefineTorusLB MEM: 0 MB
LDB: ============== END OF LOAD BALANCING =============== 2172.61
Info: useSync: 0 useProxySync: 0
LDB: =============== DONE WITH MIGRATION ================ 2172.61
TIMING: 297000  CPU: 2168.44, 0.00735098/step  Wall: 2175.66, 0.00736483/step, 1.43819 hours remaining, 0.000000 MB of memory in use.
PERFORMANCE: 297000  averaging 23.59 ns/day, 0.00732514 sec/step with standard deviation 5.97067e-05
ENERGY:  297000       392.0240      1072.1222      1371.1767        15.8157        -587494.7314     41719.4192        51.8287         0.0000     48551.1782        -494321.1667       293.3267   -542872.3449   -494210.7557       292.5930           -153.3220      -120.1228    831126.1311        -0.0291        -0.0459

TIMING: 298000  CPU: 2175.76, 0.00731504/step  Wall: 2182.99, 0.00732946/step, 1.42924 hours remaining, 0.000000 MB of memory in use.
PERFORMANCE: 298000  averaging 23.5899 ns/day, 0.00732516 sec/step with standard deviation 5.96066e-05
ENERGY:  298000       395.7317      1035.5831      1360.0540        20.0925        -587812.2437     42306.6562        45.0552         0.0000     48396.2576        -494252.8134       292.3908   -542649.0711   -494145.5332       292.5862             50.7034        82.5167    831731.8157         5.6943         5.6252

TIMING: 299000  CPU: 2183.07, 0.00731159/step  Wall: 2190.31, 0.00732197/step, 1.42575 hours remaining, 0.000000 MB of memory in use.
PERFORMANCE: 299000  averaging 23.59 ns/day, 0.00732515 sec/step with standard deviation 5.95068e-05
ENERGY:  299000       408.6238      1020.1367      1350.0126        17.4136        -587409.0278     41908.6296        50.0373         0.0000     48422.6228        -494231.5516       292.5501   -542654.1743   -494135.4060       292.3955            -55.8651       -24.7643    831019.8810        -1.6090        -1.6268

WRITING COORDINATES TO DCD FILE eq1.dcd AT STEP 300000
WRITING COORDINATES TO RESTART FILE AT STEP 300000
FINISHED WRITING RESTART COORDINATES
WRITING VELOCITIES TO RESTART FILE AT STEP 300000
FINISHED WRITING RESTART VELOCITIES
TIMING: 300000  CPU: 2190.39, 0.00732228/step  Wall: 2197.69, 0.00737537/step, 1.4341 hours remaining, 0.000000 MB of memory in use.
PERFORMANCE: 300000  averaging 23.5894 ns/day, 0.00732532 sec/step with standard deviation 5.94779e-05
ETITLE:      TS           BOND          ANGLE          DIHED          IMPRP               ELECT            VDW       BOUNDARY           MISC        KINETIC               TOTAL           TEMP      POTENTIAL         TOTAL3        TEMPAVG            PRESSURE      GPRESSURE         VOLUME       PRESSAVG      GPRESSAVG

ENERGY:  300000       382.4728      1069.5475      1348.7399        18.1862        -587618.0974     41919.1472        49.1892         0.0000     48639.4032        -494191.4114       293.8598   -542830.8146   -494091.7957       292.2771            -24.6134         7.9036    830254.9132         5.0619         5.0764

WRITING EXTENDED SYSTEM TO RESTART FILE AT STEP 300000
LDB: ============= START OF LOAD BALANCING ============== 2201.24
LDB: ============== END OF LOAD BALANCING =============== 2201.24
Info: useSync: 0 useProxySync: 0
LDB: =============== DONE WITH MIGRATION ================ 2201.24
LDB: ============= START OF LOAD BALANCING ============== 2201.97
LDB: TIME 2201.97 LOAD: AVG 0.585979 MAX 0.644304  PROXIES: TOTAL 344 MAXPE 47 MAXPATCH 5 None MEM: 0 MB
LDB: TIME 2201.97 LOAD: AVG 0.585979 MAX 0.644304  PROXIES: TOTAL 344 MAXPE 47 MAXPATCH 5 RefineTorusLB MEM: 0 MB
LDB: TIME 2201.97 LOAD: AVG 0.585979 MAX 0.644304  PROXIES: TOTAL 344 MAXPE 47 MAXPATCH 5 RefineTorusLB MEM: 0 MB
LDB: Reverting to original mapping
LDB: ============== END OF LOAD BALANCING =============== 2201.97
Info: useSync: 0 useProxySync: 0
LDB: =============== DONE WITH MIGRATION ================ 2201.97
TIMING: 301000  CPU: 2197.69, 0.00729577/step  Wall: 2205, 0.00731517/step, 1.42036 hours remaining, 0.000000 MB of memory in use.
PERFORMANCE: 301000  averaging 23.5895 ns/day, 0.00732528 sec/step with standard deviation 5.93816e-05
ENERGY:  301000       401.4037      1085.8472      1352.7896        16.8442        -587312.6278     42046.1175        49.4318         0.0000     48657.1361        -493703.0577       293.9669   -542360.1938   -493592.2603       293.8869            -18.5174        12.0665    832052.2893         0.7973         0.7742

TIMING: 302000  CPU: 2205.01, 0.00732677/step  Wall: 2212.34, 0.00733698/step, 1.42256 hours remaining, 0.000000 MB of memory in use.
PERFORMANCE: 302000  averaging 23.5894 ns/day, 0.00732532 sec/step with standard deviation 5.92867e-05
ENERGY:  302000       398.7040      1105.6108      1360.8344        16.7799        -588333.4975     42413.7337        51.3765         0.0000     48395.8965        -494590.5618       292.3886   -542986.4583   -494477.7008       292.8854             47.5622        78.5169    831972.2590         5.0673         5.0117

TIMING: 303000  CPU: 2212.3, 0.00729119/step  Wall: 2219.65, 0.00730511/step, 1.41435 hours remaining, 0.000000 MB of memory in use.
PERFORMANCE: 303000  averaging 23.5896 ns/day, 0.00732525 sec/step with standard deviation 5.91998e-05
ENERGY:  303000       413.5611      1045.1154      1378.6558        25.9502        -587964.1369     42074.8115        56.7294         0.0000     48537.2083        -494432.1052       293.2423   -542969.3135   -494325.5404       292.3549             -5.5427        31.0597    830718.8057         3.8944         3.9022

TIMING: 304000  CPU: 2219.61, 0.00730306/step  Wall: 2226.96, 0.00731518/step, 1.41427 hours remaining, 0.000000 MB of memory in use.
PERFORMANCE: 304000  averaging 23.5897 ns/day, 0.00732522 sec/step with standard deviation 5.91049e-05
ENERGY:  304000       391.4110      1053.8206      1355.3156        16.0948        -587585.8030     41972.6823        46.9205         0.0000     48397.9339        -494351.6243       292.4009   -542749.5582   -494247.3915       292.2290            -51.2627       -18.4581    831858.6969         1.0650         1.0666

LDB: ============= START OF LOAD BALANCING ============== 2230.52
LDB: ============== END OF LOAD BALANCING =============== 2230.52
Info: useSync: 0 useProxySync: 0
LDB: =============== DONE WITH MIGRATION ================ 2230.52
LDB: ============= START OF LOAD BALANCING ============== 2231.26
LDB: TIME 2231.26 LOAD: AVG 0.588614 MAX 0.649553  PROXIES: TOTAL 344 MAXPE 47 MAXPATCH 5 None MEM: 0 MB
LDB: TIME 2231.26 LOAD: AVG 0.588614 MAX 0.649553  PROXIES: TOTAL 344 MAXPE 47 MAXPATCH 5 RefineTorusLB MEM: 0 MB
LDB: TIME 2231.26 LOAD: AVG 0.588614 MAX 0.649553  PROXIES: TOTAL 344 MAXPE 47 MAXPATCH 5 RefineTorusLB MEM: 0 MB
LDB: Reverting to original mapping
LDB: ============== END OF LOAD BALANCING =============== 2231.26
Info: useSync: 0 useProxySync: 0
LDB: =============== DONE WITH MIGRATION ================ 2231.26
WRITING COORDINATES TO DCD FILE eq1.dcd AT STEP 305000
TIMING: 305000  CPU: 2226.95, 0.00733919/step  Wall: 2234.31, 0.00735117/step, 1.41918 hours remaining, 0.000000 MB of memory in use.
PERFORMANCE: 305000  averaging 23.5895 ns/day, 0.00732531 sec/step with standard deviation 5.90263e-05
ENERGY:  305000       390.9567      1048.9660      1351.1549        21.4083        -588238.6269     42389.2641        45.6774         0.0000     48398.6275        -494592.5720       292.4051   -542991.1995   -494484.0461       292.2119             34.1629        61.9745    831607.2934         1.8910         1.8602

TIMING: 306000  CPU: 2234.28, 0.00733089/step  Wall: 2241.66, 0.00734645/step, 1.41623 hours remaining, 0.000000 MB of memory in use.
PERFORMANCE: 306000  averaging 23.5892 ns/day, 0.00732537 sec/step with standard deviation 5.89419e-05
ENERGY:  306000       402.7860      1108.7354      1341.2886        16.7128        -587821.5022     42321.2223        43.6592         0.0000     48143.7750        -494443.3228       290.8654   -542587.0979   -494336.4464       291.4938            -18.8239        14.6383    832076.6738        -3.4864        -3.4784

TIMING: 307000  CPU: 2241.59, 0.00731577/step  Wall: 2248.98, 0.00732508/step, 1.41008 hours remaining, 0.000000 MB of memory in use.
PERFORMANCE: 307000  averaging 23.5892 ns/day, 0.00732537 sec/step with standard deviation 5.88455e-05
ENERGY:  307000       396.6103      1024.9913      1346.9444        15.9399        -588003.2673     42207.8603        49.1926         0.0000     48628.8472        -494332.8813       293.7960   -542961.7285   -494224.7171       292.2435             92.4005       125.3911    828136.7956         2.0950         2.1360

TIMING: 308000  CPU: 2248.91, 0.00731992/step  Wall: 2256.31, 0.00732687/step, 1.40839 hours remaining, 0.000000 MB of memory in use.
PERFORMANCE: 308000  averaging 23.5892 ns/day, 0.00732538 sec/step with standard deviation 5.87496e-05
ENERGY:  308000       378.5039      1074.4951      1365.6982        16.3479        -587917.9357     42265.2835        50.7122         0.0000     48454.1784        -494312.7165       292.7407   -542766.8949   -494208.2244       292.5613             11.8203        50.0083    832342.8844         2.0585         2.0719

LDB: ============= START OF LOAD BALANCING ============== 2259.87
LDB: ============== END OF LOAD BALANCING =============== 2259.87
Info: useSync: 0 useProxySync: 0
LDB: =============== DONE WITH MIGRATION ================ 2259.87
LDB: ============= START OF LOAD BALANCING ============== 2260.6
LDB: TIME 2260.6 LOAD: AVG 0.585213 MAX 0.642995  PROXIES: TOTAL 344 MAXPE 47 MAXPATCH 5 None MEM: 0 MB
LDB: TIME 2260.6 LOAD: AVG 0.585213 MAX 0.642995  PROXIES: TOTAL 344 MAXPE 47 MAXPATCH 5 RefineTorusLB MEM: 0 MB
LDB: TIME 2260.6 LOAD: AVG 0.585213 MAX 0.642995  PROXIES: TOTAL 344 MAXPE 47 MAXPATCH 5 RefineTorusLB MEM: 0 MB
LDB: ============== END OF LOAD BALANCING =============== 2260.6
Info: useSync: 0 useProxySync: 0
LDB: =============== DONE WITH MIGRATION ================ 2260.6
TIMING: 309000  CPU: 2256.22, 0.00730361/step  Wall: 2263.62, 0.00731234/step, 1.40356 hours remaining, 0.000000 MB of memory in use.
PERFORMANCE: 309000  averaging 23.5894 ns/day, 0.00732534 sec/step with standard deviation 5.86588e-05
ENERGY:  309000       423.5978      1064.4258      1351.2893        20.2481        -587572.6110     41793.0755        50.8464         0.0000     48386.8307        -494482.2974       292.3338   -542869.1281   -494378.2794       292.2048           -125.9442       -89.3694    832138.7631        -0.8139        -0.8056

WRITING COORDINATES TO DCD FILE eq1.dcd AT STEP 310000
WRITING COORDINATES TO RESTART FILE AT STEP 310000
FINISHED WRITING RESTART COORDINATES
TIMING: 310000  CPU: 2263.54, 0.00732743/step  Wall: 2270.98, 0.00735788/step, 1.41026 hours remaining, 0.000000 MB of memory in use.
PERFORMANCE: 310000  averaging 23.589 ns/day, 0.00732544 sec/step with standard deviation 5.8593e-05
ETITLE:      TS           BOND          ANGLE          DIHED          IMPRP               ELECT            VDW       BOUNDARY           MISC        KINETIC               TOTAL           TEMP      POTENTIAL         TOTAL3        TEMPAVG            PRESSURE      GPRESSURE         VOLUME       PRESSAVG      GPRESSAVG

ENERGY:  310000       407.1288      1052.5978      1360.3466        17.0584        -587432.8220     41922.6932        52.3581         0.0000     48151.7324        -494468.9068       290.9135   -542620.6392   -494374.5703       292.1922            -51.6756       -19.9724    831377.0163         0.4824         0.4273

WRITING EXTENDED SYSTEM TO RESTART FILE AT STEP 310000
WRITING VELOCITIES TO RESTART FILE AT STEP 310000
FINISHED WRITING RESTART VELOCITIES
TIMING: 311000  CPU: 2270.86, 0.007311/step  Wall: 2278.33, 0.00734584/step, 1.40591 hours remaining, 0.000000 MB of memory in use.
PERFORMANCE: 311000  averaging 23.5888 ns/day, 0.00732551 sec/step with standard deviation 5.85099e-05
ENERGY:  311000       378.1422      1063.1400      1350.6854        17.6347        -587215.8636     42033.9707        39.8860         0.0000     48753.9063        -493578.4983       294.5515   -542332.4046   -493472.9214       292.8236             65.5315        97.8768    831277.8671         3.5051         3.4492

TIMING: 312000  CPU: 2278.19, 0.007331/step  Wall: 2285.67, 0.00733915/step, 1.40259 hours remaining, 0.000000 MB of memory in use.
PERFORMANCE: 312000  averaging 23.5887 ns/day, 0.00732555 sec/step with standard deviation 5.84208e-05
ENERGY:  312000       393.7765      1062.9830      1364.8023        19.5196        -587874.9826     42186.7354        51.8895         0.0000     48898.7664        -493896.5098       295.4267   -542795.2762   -493788.6460       293.8929             32.9179        65.7155    830131.6561         2.2198         2.2461

LDB: ============= START OF LOAD BALANCING ============== 2289.22
LDB: ============== END OF LOAD BALANCING =============== 2289.22
Info: useSync: 0 useProxySync: 0
LDB: =============== DONE WITH MIGRATION ================ 2289.22
LDB: ============= START OF LOAD BALANCING ============== 2289.95
LDB: TIME 2289.95 LOAD: AVG 0.58731 MAX 0.644169  PROXIES: TOTAL 344 MAXPE 47 MAXPATCH 5 None MEM: 0 MB
LDB: TIME 2289.95 LOAD: AVG 0.58731 MAX 0.644169  PROXIES: TOTAL 344 MAXPE 47 MAXPATCH 5 RefineTorusLB MEM: 0 MB
LDB: TIME 2289.95 LOAD: AVG 0.58731 MAX 0.644169  PROXIES: TOTAL 344 MAXPE 47 MAXPATCH 5 RefineTorusLB MEM: 0 MB
LDB: ============== END OF LOAD BALANCING =============== 2289.95
Info: useSync: 0 useProxySync: 0
LDB: =============== DONE WITH MIGRATION ================ 2289.95
TIMING: 313000  CPU: 2285.5, 0.0073122/step  Wall: 2292.99, 0.00732206/step, 1.39729 hours remaining, 0.000000 MB of memory in use.
PERFORMANCE: 313000  averaging 23.5887 ns/day, 0.00732554 sec/step with standard deviation 5.83275e-05
ENERGY:  313000       395.7521      1090.6484      1358.1867        18.7453        -586968.4351     41842.1335        44.2158         0.0000     48547.4324        -493671.3209       293.3041   -542218.7534   -493564.7797       293.7564            -56.8797       -21.4359    831638.5340        -0.1435        -0.1659

TIMING: 314000  CPU: 2292.79, 0.00729183/step  Wall: 2300.29, 0.00729857/step, 1.39078 hours remaining, 0.000000 MB of memory in use.
PERFORMANCE: 314000  averaging 23.589 ns/day, 0.00732545 sec/step with standard deviation 5.82541e-05
ENERGY:  314000       382.4071      1091.7176      1366.3525        19.7458        -587591.0442     42157.7466        48.2413         0.0000     48480.3097        -494044.5236       292.8986   -542524.8334   -493931.0962       293.1889            -38.1172        -5.7198    831826.5277         5.5003         5.5571

WRITING COORDINATES TO DCD FILE eq1.dcd AT STEP 315000
TIMING: 315000  CPU: 2300.11, 0.00731592/step  Wall: 2307.61, 0.00732232/step, 1.39327 hours remaining, 0.000000 MB of memory in use.
PERFORMANCE: 315000  averaging 23.589 ns/day, 0.00732544 sec/step with standard deviation 5.81615e-05
ENERGY:  315000       383.8784      1074.2118      1364.8136        19.9399        -587863.2838     42341.6844        44.1220         0.0000     48400.8426        -494233.7912       292.4185   -542634.6338   -494141.8927       292.4024             99.3702       134.8838    830527.0909        -2.3585        -2.3616

TIMING: 316000  CPU: 2307.41, 0.00730328/step  Wall: 2314.92, 0.00731251/step, 1.38938 hours remaining, 0.000000 MB of memory in use.
PERFORMANCE: 316000  averaging 23.5891 ns/day, 0.0073254 sec/step with standard deviation 5.80737e-05
ENERGY:  316000       397.2560      1045.1506      1372.6876        18.9601        -587473.4672     42200.3395        48.6362         0.0000     48377.2374        -494013.1999       292.2759   -542390.4373   -493912.5232       292.8873             38.1971        66.7388    831789.0230        -0.9642        -1.0101

LDB: ============= START OF LOAD BALANCING ============== 2318.48
LDB: ============== END OF LOAD BALANCING =============== 2318.48
Info: useSync: 0 useProxySync: 0
LDB: =============== DONE WITH MIGRATION ================ 2318.48
LDB: ============= START OF LOAD BALANCING ============== 2319.22
LDB: TIME 2319.22 LOAD: AVG 0.585018 MAX 0.642135  PROXIES: TOTAL 344 MAXPE 47 MAXPATCH 5 None MEM: 0 MB
LDB: TIME 2319.22 LOAD: AVG 0.585018 MAX 0.642135  PROXIES: TOTAL 344 MAXPE 47 MAXPATCH 5 RefineTorusLB MEM: 0 MB
LDB: TIME 2319.22 LOAD: AVG 0.585018 MAX 0.642135  PROXIES: TOTAL 344 MAXPE 47 MAXPATCH 5 RefineTorusLB MEM: 0 MB
LDB: Reverting to original mapping
LDB: ============== END OF LOAD BALANCING =============== 2319.22
Info: useSync: 0 useProxySync: 0
LDB: =============== DONE WITH MIGRATION ================ 2319.22
TIMING: 317000  CPU: 2314.74, 0.00733523/step  Wall: 2322.27, 0.00734541/step, 1.39359 hours remaining, 0.000000 MB of memory in use.
PERFORMANCE: 317000  averaging 23.5889 ns/day, 0.00732547 sec/step with standard deviation 5.79926e-05
ENERGY:  317000       376.2782      1055.7523      1360.9994        20.1942        -587269.8593     41822.4294        48.0441         0.0000     48271.9818        -494314.1798       291.6399   -542586.1617   -494209.4172       292.5113           -101.9571       -69.3984    831833.5895         2.8930         2.8770

TIMING: 318000  CPU: 2322.12, 0.00737509/step  Wall: 2329.65, 0.00738259/step, 1.39859 hours remaining, 0.000000 MB of memory in use.
PERFORMANCE: 318000  averaging 23.5884 ns/day, 0.00732565 sec/step with standard deviation 5.79896e-05
ENERGY:  318000       409.4487      1051.2524      1357.6560        14.7529        -587947.0481     42187.6416        44.2281         0.0000     48316.2611        -494565.8073       291.9075   -542882.0684   -494458.2021       292.6107            -53.2532       -21.7294    833025.4194        -3.3984        -3.4117

TIMING: 319000  CPU: 2329.47, 0.00734726/step  Wall: 2337.01, 0.00735694/step, 1.39169 hours remaining, 0.000000 MB of memory in use.
PERFORMANCE: 319000  averaging 23.588 ns/day, 0.00732574 sec/step with standard deviation 5.79249e-05
ENERGY:  319000       390.7644      1054.6366      1363.0655        16.2904        -588199.9917     42195.5822        47.6985         0.0000     48322.7015        -494809.2527       291.9464   -543131.9542   -494713.4078       291.6999             12.8851        44.0588    830884.7762        -3.8329        -3.7879

WRITING COORDINATES TO DCD FILE eq1.dcd AT STEP 320000
WRITING COORDINATES TO RESTART FILE AT STEP 320000
FINISHED WRITING RESTART COORDINATES
TIMING: 320000  CPU: 2336.82, 0.00735152/step  Wall: 2344.38, 0.00737848/step, 1.39371 hours remaining, 0.000000 MB of memory in use.
PERFORMANCE: 320000  averaging 23.5875 ns/day, 0.00732591 sec/step with standard deviation 5.79091e-05
ETITLE:      TS           BOND          ANGLE          DIHED          IMPRP               ELECT            VDW       BOUNDARY           MISC        KINETIC               TOTAL           TEMP      POTENTIAL         TOTAL3        TEMPAVG            PRESSURE      GPRESSURE         VOLUME       PRESSAVG      GPRESSAVG

ENERGY:  320000       399.4861      1065.4661      1371.3208        18.9465        -588446.1347     42369.2596        49.4212         0.0000     48271.6463        -494900.5881       291.6379   -543172.2344   -494797.9108       291.3239            -66.6733       -31.9274    831730.5200        -0.5004        -0.5288

WRITING EXTENDED SYSTEM TO RESTART FILE AT STEP 320000
WRITING VELOCITIES TO RESTART FILE AT STEP 320000
FINISHED WRITING RESTART VELOCITIES
LDB: ============= START OF LOAD BALANCING ============== 2347.98
LDB: ============== END OF LOAD BALANCING =============== 2347.98
Info: useSync: 0 useProxySync: 0
LDB: =============== DONE WITH MIGRATION ================ 2347.98
LDB: ============= START OF LOAD BALANCING ============== 2348.72
LDB: TIME 2348.72 LOAD: AVG 0.587675 MAX 0.648643  PROXIES: TOTAL 344 MAXPE 47 MAXPATCH 5 None MEM: 0 MB
LDB: TIME 2348.72 LOAD: AVG 0.587675 MAX 0.648643  PROXIES: TOTAL 344 MAXPE 47 MAXPATCH 5 RefineTorusLB MEM: 0 MB
LDB: TIME 2348.72 LOAD: AVG 0.587675 MAX 0.648643  PROXIES: TOTAL 344 MAXPE 47 MAXPATCH 5 RefineTorusLB MEM: 0 MB
LDB: ============== END OF LOAD BALANCING =============== 2348.72
Info: useSync: 0 useProxySync: 0
LDB: =============== DONE WITH MIGRATION ================ 2348.72
TIMING: 321000  CPU: 2344.17, 0.00735283/step  Wall: 2351.77, 0.00738473/step, 1.39284 hours remaining, 0.000000 MB of memory in use.
PERFORMANCE: 321000  averaging 23.5869 ns/day, 0.00732609 sec/step with standard deviation 5.79117e-05
ENERGY:  321000       388.9112      1088.3023      1339.5035        22.9691        -588442.3913     42467.1402        47.3861         0.0000     48307.9917        -494780.1872       291.8575   -543088.1789   -494678.2376       291.3671            169.3656       204.9795    828734.7220         7.0451         6.9763

TIMING: 322000  CPU: 2351.5, 0.00732828/step  Wall: 2359.11, 0.00733731/step, 1.38186 hours remaining, 0.000000 MB of memory in use.
PERFORMANCE: 322000  averaging 23.5868 ns/day, 0.00732613 sec/step with standard deviation 5.78248e-05
ENERGY:  322000       409.3804      1057.4362      1370.9667        21.9891        -588306.0243     42153.2311        54.5182         0.0000     48444.9496        -494793.5531       292.6850   -543238.5027   -494689.5373       291.9213            -98.7750       -65.6094    831022.2739         0.0016         0.1030

TIMING: 323000  CPU: 2358.85, 0.00735113/step  Wall: 2366.47, 0.00736019/step, 1.38412 hours remaining, 0.000000 MB of memory in use.
PERFORMANCE: 323000  averaging 23.5865 ns/day, 0.00732623 sec/step with standard deviation 5.7766e-05
ENERGY:  323000       370.5928      1077.6267      1350.6895        17.1284        -587394.9653     41828.1312        46.4569         0.0000     47859.0827        -494845.2572       289.1454   -542704.3399   -494742.5152       291.9134            -56.5491       -20.0978    830199.6120         0.2778         0.2631

TIMING: 324000  CPU: 2366.2, 0.00734737/step  Wall: 2373.82, 0.00735472/step, 1.38105 hours remaining, 0.000000 MB of memory in use.
PERFORMANCE: 324000  averaging 23.5862 ns/day, 0.00732632 sec/step with standard deviation 5.76982e-05
ENERGY:  324000       407.2955      1051.3326      1360.4183        17.9728        -587801.6795     42097.3567        48.6996         0.0000     48460.5942        -494358.0099       292.7795   -542818.6041   -494253.2076       291.5825            -13.0747        15.1321    831678.9399         4.4621         4.4663

LDB: ============= START OF LOAD BALANCING ============== 2377.39
LDB: ============== END OF LOAD BALANCING =============== 2377.39
Info: useSync: 0 useProxySync: 0
LDB: =============== DONE WITH MIGRATION ================ 2377.39
LDB: ============= START OF LOAD BALANCING ============== 2378.12
LDB: TIME 2378.12 LOAD: AVG 0.587872 MAX 0.647969  PROXIES: TOTAL 344 MAXPE 47 MAXPATCH 5 None MEM: 0 MB
LDB: TIME 2378.12 LOAD: AVG 0.587872 MAX 0.647969  PROXIES: TOTAL 344 MAXPE 47 MAXPATCH 5 RefineTorusLB MEM: 0 MB
LDB: TIME 2378.12 LOAD: AVG 0.587872 MAX 0.647969  PROXIES: TOTAL 344 MAXPE 47 MAXPATCH 5 RefineTorusLB MEM: 0 MB
LDB: ============== END OF LOAD BALANCING =============== 2378.12
Info: useSync: 0 useProxySync: 0
LDB: =============== DONE WITH MIGRATION ================ 2378.12
WRITING COORDINATES TO DCD FILE eq1.dcd AT STEP 325000
TIMING: 325000  CPU: 2373.54, 0.00734039/step  Wall: 2381.17, 0.00734939/step, 1.37801 hours remaining, 0.000000 MB of memory in use.
PERFORMANCE: 325000  averaging 23.586 ns/day, 0.00732639 sec/step with standard deviation 5.76233e-05
ENERGY:  325000       389.7914      1058.5224      1354.5923        16.7031        -587683.2976     42120.4217        45.5149         0.0000     48104.0826        -494593.6691       290.6256   -542697.7518   -494495.2733       291.7067             83.9017       115.1272    829503.0381        -0.7803        -0.8112

TIMING: 326000  CPU: 2380.86, 0.00732311/step  Wall: 2388.5, 0.00733262/step, 1.37283 hours remaining, 0.000000 MB of memory in use.
PERFORMANCE: 326000  averaging 23.5859 ns/day, 0.00732641 sec/step with standard deviation 5.75357e-05
ENERGY:  326000       368.7825      1028.7659      1352.4811        20.6242        -587925.6361     42170.7983        43.6624         0.0000     48459.7486        -494480.7731       292.7744   -542940.5216   -494374.1188       291.6090             -4.5822        30.8084    832393.9488        -0.6126        -0.5574

TIMING: 327000  CPU: 2388.2, 0.0073391/step  Wall: 2395.85, 0.00734457/step, 1.37303 hours remaining, 0.000000 MB of memory in use.
PERFORMANCE: 327000  averaging 23.5857 ns/day, 0.00732647 sec/step with standard deviation 5.74561e-05
ENERGY:  327000       411.7468      1035.5759      1356.6654        15.7239        -587611.7100     42053.3605        49.0347         0.0000     48434.5675        -494255.0352       292.6222   -542689.6027   -494152.2705       292.2951            -75.6114       -43.4938    833091.3976         3.1347         3.2556

TIMING: 328000  CPU: 2395.52, 0.00731479/step  Wall: 2403.17, 0.00732525/step, 1.36738 hours remaining, 0.000000 MB of memory in use.
PERFORMANCE: 328000  averaging 23.5857 ns/day, 0.00732646 sec/step with standard deviation 5.73682e-05
ENERGY:  328000       397.9442      1071.4040      1362.5262        19.4514        -587885.2478     42369.8403        51.1509         0.0000     48185.4677        -494427.4631       291.1173   -542612.9308   -494331.0879       292.3327             51.2606        85.7547    831509.8626         1.3029         1.3304

LDB: ============= START OF LOAD BALANCING ============== 2406.73
LDB: ============== END OF LOAD BALANCING =============== 2406.73
Info: useSync: 0 useProxySync: 0
LDB: =============== DONE WITH MIGRATION ================ 2406.73
LDB: ============= START OF LOAD BALANCING ============== 2407.46
LDB: TIME 2407.47 LOAD: AVG 0.587265 MAX 0.643941  PROXIES: TOTAL 344 MAXPE 47 MAXPATCH 5 None MEM: 0 MB
LDB: TIME 2407.47 LOAD: AVG 0.587265 MAX 0.643941  PROXIES: TOTAL 344 MAXPE 47 MAXPATCH 5 RefineTorusLB MEM: 0 MB
LDB: TIME 2407.47 LOAD: AVG 0.587265 MAX 0.643941  PROXIES: TOTAL 344 MAXPE 47 MAXPATCH 5 RefineTorusLB MEM: 0 MB
LDB: ============== END OF LOAD BALANCING =============== 2407.47
Info: useSync: 0 useProxySync: 0
LDB: =============== DONE WITH MIGRATION ================ 2407.47
TIMING: 329000  CPU: 2402.84, 0.00732003/step  Wall: 2410.5, 0.00732745/step, 1.36576 hours remaining, 0.000000 MB of memory in use.
PERFORMANCE: 329000  averaging 23.5857 ns/day, 0.00732646 sec/step with standard deviation 5.72808e-05
ENERGY:  329000       421.5836      1107.0775      1353.3639        17.9491        -586937.8432     41689.5010        47.7717         0.0000     48389.5962        -493911.0003       292.3505   -542300.5965   -493801.1476       292.7904           -144.8010      -108.7943    832901.8128         2.8940         2.9074

TIMING: 330000  CPU: 2410.15, 0.00731575/step  Wall: 2417.83, 0.00732703/step, 1.36364 hours remaining, 0.000000 MB of memory in use.
PERFORMANCE: 330000  averaging 23.5857 ns/day, 0.00732647 sec/step with standard deviation 5.71936e-05
ETITLE:      TS           BOND          ANGLE          DIHED          IMPRP               ELECT            VDW       BOUNDARY           MISC        KINETIC               TOTAL           TEMP      POTENTIAL         TOTAL3        TEMPAVG            PRESSURE      GPRESSURE         VOLUME       PRESSAVG      GPRESSAVG

ENERGY:  330000       387.3246      1105.5678      1360.5744        15.4499        -587138.0654     41952.5020        42.8788         0.0000     48403.0213        -493870.7467       292.4316   -542273.7680   -493769.2719       293.0764           -123.5990       -90.5664    833956.5812        -1.2963        -1.2508

WRITING EXTENDED SYSTEM TO RESTART FILE AT STEP 330000
WRITING COORDINATES TO DCD FILE eq1.dcd AT STEP 330000
WRITING COORDINATES TO RESTART FILE AT STEP 330000
FINISHED WRITING RESTART COORDINATES
WRITING VELOCITIES TO RESTART FILE AT STEP 330000
FINISHED WRITING RESTART VELOCITIES
TIMING: 331000  CPU: 2417.5, 0.00735161/step  Wall: 2425.23, 0.00740363/step, 1.37584 hours remaining, 0.000000 MB of memory in use.
PERFORMANCE: 331000  averaging 23.585 ns/day, 0.0073267 sec/step with standard deviation 5.72642e-05
ENERGY:  331000       394.1217      1092.4813      1356.5854        20.0486        -586606.5300     41506.3384        41.4589         0.0000     48491.7012        -493703.7946       292.9674   -542195.4958   -493597.6173       293.4165           -191.8784      -159.7143    834333.0312         9.2990         9.3858

TIMING: 332000  CPU: 2424.8, 0.00729915/step  Wall: 2432.54, 0.00730814/step, 1.35607 hours remaining, 0.000000 MB of memory in use.
PERFORMANCE: 332000  averaging 23.5852 ns/day, 0.00732664 sec/step with standard deviation 5.71867e-05
ENERGY:  332000       387.1026      1077.4914      1355.8447        19.6955        -587632.9382     42227.3719        56.4777         0.0000     48468.0057        -494040.9487       292.8242   -542508.9544   -493934.6979       293.0743            101.4987       131.9763    830574.6682        -3.0433        -3.1151

LDB: ============= START OF LOAD BALANCING ============== 2436.09
LDB: ============== END OF LOAD BALANCING =============== 2436.09
Info: useSync: 0 useProxySync: 0
LDB: =============== DONE WITH MIGRATION ================ 2436.09
LDB: ============= START OF LOAD BALANCING ============== 2436.82
LDB: TIME 2436.82 LOAD: AVG 0.586401 MAX 0.644045  PROXIES: TOTAL 344 MAXPE 47 MAXPATCH 5 None MEM: 0 MB
LDB: TIME 2436.82 LOAD: AVG 0.586401 MAX 0.644045  PROXIES: TOTAL 344 MAXPE 47 MAXPATCH 5 RefineTorusLB MEM: 0 MB
LDB: TIME 2436.82 LOAD: AVG 0.586401 MAX 0.644045  PROXIES: TOTAL 344 MAXPE 47 MAXPATCH 5 RefineTorusLB MEM: 0 MB
LDB: Reverting to original mapping
LDB: ============== END OF LOAD BALANCING =============== 2436.82
Info: useSync: 0 useProxySync: 0
LDB: =============== DONE WITH MIGRATION ================ 2436.82
TIMING: 333000  CPU: 2432.12, 0.00731499/step  Wall: 2439.86, 0.00732179/step, 1.35656 hours remaining, 0.000000 MB of memory in use.
PERFORMANCE: 333000  averaging 23.5852 ns/day, 0.00732663 sec/step with standard deviation 5.71011e-05
ENERGY:  333000       393.1233      1061.7487      1349.5833        17.1406        -587230.6135     41755.6950        56.9307         0.0000     48282.9155        -494313.4764       291.7060   -542596.3918   -494205.0210       292.1367           -132.2000      -104.6649    832043.2791         7.4372         7.3969

TIMING: 334000  CPU: 2439.46, 0.00733819/step  Wall: 2447.21, 0.00734742/step, 1.35927 hours remaining, 0.000000 MB of memory in use.
PERFORMANCE: 334000  averaging 23.585 ns/day, 0.00732669 sec/step with standard deviation 5.70267e-05
ENERGY:  334000       396.0644      1045.8998      1352.7654        17.6288        -587411.3731     42068.1715        54.6618         0.0000     48523.8168        -493952.3646       293.1614   -542476.1814   -493847.4376       292.6175             47.8414        81.1054    832954.2458        -3.2508        -3.2817

TIMING: 335000  CPU: 2446.8, 0.00734273/step  Wall: 2454.57, 0.00736537/step, 1.36055 hours remaining, 0.000000 MB of memory in use.
PERFORMANCE: 335000  averaging 23.5846 ns/day, 0.00732681 sec/step with standard deviation 5.69804e-05
ENERGY:  335000       383.4901      1031.2158      1338.4130        15.6120        -587625.4330     42035.7870        48.6457         0.0000     48400.6096        -494371.6599       292.4171   -542772.2695   -494271.3825       292.4305            -17.6018        16.8754    831629.0675         1.1497         1.0750

WRITING COORDINATES TO DCD FILE eq1.dcd AT STEP 335000
TIMING: 336000  CPU: 2454.11, 0.00731436/step  Wall: 2461.9, 0.0073227/step, 1.35063 hours remaining, 0.000000 MB of memory in use.
PERFORMANCE: 336000  averaging 23.5847 ns/day, 0.00732679 sec/step with standard deviation 5.68958e-05
ENERGY:  336000       389.3070      1029.4742      1350.2394        13.4528        -587645.1727     41809.6602        48.9393         0.0000     48543.4776        -494460.6223       293.2802   -543004.0999   -494361.0492       292.1208           -124.0442       -87.6723    832115.1274         0.2269         0.2909

LDB: ============= START OF LOAD BALANCING ============== 2465.45
LDB: ============== END OF LOAD BALANCING =============== 2465.45
Info: useSync: 0 useProxySync: 0
LDB: =============== DONE WITH MIGRATION ================ 2465.45
LDB: ============= START OF LOAD BALANCING ============== 2466.18
LDB: TIME 2466.19 LOAD: AVG 0.58638 MAX 0.644527  PROXIES: TOTAL 344 MAXPE 47 MAXPATCH 5 None MEM: 0 MB
LDB: TIME 2466.19 LOAD: AVG 0.58638 MAX 0.644527  PROXIES: TOTAL 344 MAXPE 47 MAXPATCH 5 RefineTorusLB MEM: 0 MB
LDB: TIME 2466.19 LOAD: AVG 0.58638 MAX 0.644527  PROXIES: TOTAL 344 MAXPE 47 MAXPATCH 5 RefineTorusLB MEM: 0 MB
LDB: Reverting to original mapping
LDB: ============== END OF LOAD BALANCING =============== 2466.19
Info: useSync: 0 useProxySync: 0
LDB: =============== DONE WITH MIGRATION ================ 2466.19
TIMING: 337000  CPU: 2461.42, 0.00730445/step  Wall: 2469.21, 0.00731264/step, 1.34675 hours remaining, 0.000000 MB of memory in use.
PERFORMANCE: 337000  averaging 23.5848 ns/day, 0.00732675 sec/step with standard deviation 5.68163e-05
ENERGY:  337000       399.8986      1042.4218      1348.4856        17.4263        -587929.8131     42231.6474        47.9160         0.0000     48536.5021        -494305.5154       293.2381   -542842.0175   -494194.8245       292.0409              1.5782        38.4121    832039.1897         1.1479         1.1742

TIMING: 338000  CPU: 2468.71, 0.00729559/step  Wall: 2476.52, 0.00730595/step, 1.34348 hours remaining, 0.000000 MB of memory in use.
PERFORMANCE: 338000  averaging 23.585 ns/day, 0.00732669 sec/step with standard deviation 5.67432e-05
ENERGY:  338000       390.4965      1058.0273      1368.1532        17.5802        -587265.8118     41559.3069        43.4846         0.0000     48323.2356        -494505.5275       291.9496   -542828.7631   -494395.1006       292.1651           -185.7315      -153.1781    831515.3472        -0.4828        -0.4059

TIMING: 339000  CPU: 2476.04, 0.00732328/step  Wall: 2483.84, 0.00732854/step, 1.3456 hours remaining, 0.000000 MB of memory in use.
PERFORMANCE: 339000  averaging 23.585 ns/day, 0.0073267 sec/step with standard deviation 5.66593e-05
ENERGY:  339000       426.4875      1043.8107      1357.9140        17.0132        -587927.4930     41947.2043        43.3917         0.0000     48398.6801        -494692.9915       292.4054   -543091.6716   -494589.4546       291.9140            -52.6074       -19.3845    830537.8302        -0.9582        -0.9257

WRITING COORDINATES TO DCD FILE eq1.dcd AT STEP 340000
WRITING COORDINATES TO RESTART FILE AT STEP 340000
FINISHED WRITING RESTART COORDINATES
TIMING: 340000  CPU: 2483.4, 0.00736078/step  Wall: 2491.23, 0.00739097/step, 1.35501 hours remaining, 0.000000 MB of memory in use.
PERFORMANCE: 340000  averaging 23.5844 ns/day, 0.00732689 sec/step with standard deviation 5.6683e-05
ETITLE:      TS           BOND          ANGLE          DIHED          IMPRP               ELECT            VDW       BOUNDARY           MISC        KINETIC               TOTAL           TEMP      POTENTIAL         TOTAL3        TEMPAVG            PRESSURE      GPRESSURE         VOLUME       PRESSAVG      GPRESSAVG

ENERGY:  340000       376.2261      1080.4583      1347.1939        20.1231        -587909.8914     42175.7365        49.9803         0.0000     48248.9237        -494611.2495       291.5006   -542860.1732   -494507.2890       291.6548             18.7726        50.9893    831547.7363         3.8066         3.7538

WRITING EXTENDED SYSTEM TO RESTART FILE AT STEP 340000
WRITING VELOCITIES TO RESTART FILE AT STEP 340000
FINISHED WRITING RESTART VELOCITIES
LDB: ============= START OF LOAD BALANCING ============== 2494.83
LDB: ============== END OF LOAD BALANCING =============== 2494.83
Info: useSync: 0 useProxySync: 0
LDB: =============== DONE WITH MIGRATION ================ 2494.83
LDB: ============= START OF LOAD BALANCING ============== 2495.56
LDB: TIME 2495.56 LOAD: AVG 0.585831 MAX 0.647294  PROXIES: TOTAL 344 MAXPE 47 MAXPATCH 5 None MEM: 0 MB
LDB: TIME 2495.56 LOAD: AVG 0.585831 MAX 0.647294  PROXIES: TOTAL 344 MAXPE 47 MAXPATCH 5 RefineTorusLB MEM: 0 MB
LDB: TIME 2495.56 LOAD: AVG 0.585831 MAX 0.647294  PROXIES: TOTAL 344 MAXPE 47 MAXPATCH 5 RefineTorusLB MEM: 0 MB
LDB: ============== END OF LOAD BALANCING =============== 2495.56
Info: useSync: 0 useProxySync: 0
LDB: =============== DONE WITH MIGRATION ================ 2495.56
TIMING: 341000  CPU: 2490.75, 0.00735284/step  Wall: 2498.62, 0.00738739/step, 1.3523 hours remaining, 0.000000 MB of memory in use.
PERFORMANCE: 341000  averaging 23.5838 ns/day, 0.00732706 sec/step with standard deviation 5.66943e-05
ENERGY:  341000       365.9749      1041.1478      1347.0604        16.2306        -586439.6914     41202.5441        50.7503         0.0000     48489.9322        -493926.0511       292.9567   -542415.9832   -493816.9826       292.3523           -295.6989      -262.5190    833064.8925         1.8040         1.7933

TIMING: 342000  CPU: 2498.11, 0.00736267/step  Wall: 2505.99, 0.0073696/step, 1.347 hours remaining, 0.000000 MB of memory in use.
PERFORMANCE: 342000  averaging 23.5834 ns/day, 0.00732719 sec/step with standard deviation 5.66578e-05
ENERGY:  342000       379.4149      1056.1045      1361.9553        20.4256        -587024.7006     42055.8238        44.7477         0.0000     48475.6090        -493630.6198       292.8702   -542106.2288   -493524.9329       293.6502             11.7901        47.3039    831553.0183        -2.8581        -2.8951

TIMING: 343000  CPU: 2505.45, 0.00733865/step  Wall: 2513.34, 0.007348/step, 1.34101 hours remaining, 0.000000 MB of memory in use.
PERFORMANCE: 343000  averaging 23.5832 ns/day, 0.00732725 sec/step with standard deviation 5.65861e-05
ENERGY:  343000       419.3042      1054.0477      1367.8681        18.2296        -587228.7515     41998.1138        51.1680         0.0000     48444.5185        -493875.5016       292.6823   -542320.0201   -493771.6088       292.9355             -1.4996        31.5366    831949.6196         4.3953         4.3613

TIMING: 344000  CPU: 2512.78, 0.00733125/step  Wall: 2520.68, 0.00734202/step, 1.33788 hours remaining, 0.000000 MB of memory in use.
PERFORMANCE: 344000  averaging 23.5831 ns/day, 0.00732729 sec/step with standard deviation 5.65091e-05
ENERGY:  344000       392.6082      1057.3827      1359.7868        17.5747        -586966.4113     41630.8053        57.6217         0.0000     48559.4848        -493891.1472       293.3769   -542450.6319   -493789.4890       293.1538           -215.4339      -182.7436    832993.2404         3.7294         3.7301

LDB: ============= START OF LOAD BALANCING ============== 2524.25
LDB: ============== END OF LOAD BALANCING =============== 2524.25
Info: useSync: 0 useProxySync: 0
LDB: =============== DONE WITH MIGRATION ================ 2524.25
LDB: ============= START OF LOAD BALANCING ============== 2524.98
LDB: TIME 2524.98 LOAD: AVG 0.585251 MAX 0.642206  PROXIES: TOTAL 344 MAXPE 47 MAXPATCH 5 None MEM: 0 MB
LDB: TIME 2524.98 LOAD: AVG 0.585251 MAX 0.642206  PROXIES: TOTAL 344 MAXPE 47 MAXPATCH 5 RefineTorusLB MEM: 0 MB
LDB: TIME 2524.98 LOAD: AVG 0.585251 MAX 0.642206  PROXIES: TOTAL 344 MAXPE 47 MAXPATCH 5 RefineTorusLB MEM: 0 MB
LDB: ============== END OF LOAD BALANCING =============== 2524.98
Info: useSync: 0 useProxySync: 0
LDB: =============== DONE WITH MIGRATION ================ 2524.98
WRITING COORDINATES TO DCD FILE eq1.dcd AT STEP 345000
TIMING: 345000  CPU: 2520.12, 0.00733845/step  Wall: 2528.03, 0.00734742/step, 1.33682 hours remaining, 0.000000 MB of memory in use.
PERFORMANCE: 345000  averaging 23.5829 ns/day, 0.00732735 sec/step with standard deviation 5.64373e-05
ENERGY:  345000       370.0386      1050.5215      1346.1618        15.5830        -587183.6698     41993.7971        39.4001         0.0000     48576.6948        -493791.4728       293.4809   -542368.1677   -493688.8997       293.4121            -52.4632       -19.6112    833992.5968        -1.2175        -1.2317

TIMING: 346000  CPU: 2527.44, 0.0073187/step  Wall: 2535.36, 0.00732683/step, 1.33104 hours remaining, 0.000000 MB of memory in use.
PERFORMANCE: 346000  averaging 23.5829 ns/day, 0.00732735 sec/step with standard deviation 5.63555e-05
ENERGY:  346000       385.8894      1079.4324      1360.9965        19.7579        -587084.7422     41751.6336        47.1845         0.0000     48443.7674        -493996.0804       292.6778   -542439.8478   -493890.9130       293.0154           -135.0429      -100.7289    832568.9350        -1.0953        -1.0981

TIMING: 347000  CPU: 2534.79, 0.00734711/step  Wall: 2542.72, 0.00735902/step, 1.33484 hours remaining, 0.000000 MB of memory in use.
PERFORMANCE: 347000  averaging 23.5826 ns/day, 0.00732744 sec/step with standard deviation 5.62997e-05
ENERGY:  347000       404.3937      1064.5130      1350.4780        15.2017        -587189.4036     42046.1130        47.1771         0.0000     48562.5700        -493698.9570       293.3956   -542261.5270   -493597.5288       293.1651             15.6751        51.0110    832644.1652         4.2379         4.2565

TIMING: 348000  CPU: 2542.13, 0.00733963/step  Wall: 2550.06, 0.00734626/step, 1.33049 hours remaining, 0.000000 MB of memory in use.
PERFORMANCE: 348000  averaging 23.5824 ns/day, 0.00732749 sec/step with standard deviation 5.62275e-05
ENERGY:  348000       405.4099      1053.1062      1338.5127        14.8172        -587754.8816     42118.7599        48.1038         0.0000     48954.0821        -493822.0896       295.7609   -542776.1718   -493720.4406       293.4590            -71.5408       -36.8176    832006.9228         0.0214         0.0199

LDB: ============= START OF LOAD BALANCING ============== 2553.63
LDB: ============== END OF LOAD BALANCING =============== 2553.63
Info: useSync: 0 useProxySync: 0
LDB: =============== DONE WITH MIGRATION ================ 2553.63
LDB: ============= START OF LOAD BALANCING ============== 2554.37
LDB: TIME 2554.37 LOAD: AVG 0.587321 MAX 0.646514  PROXIES: TOTAL 344 MAXPE 47 MAXPATCH 5 None MEM: 0 MB
LDB: TIME 2554.37 LOAD: AVG 0.587321 MAX 0.646514  PROXIES: TOTAL 344 MAXPE 47 MAXPATCH 5 RefineTorusLB MEM: 0 MB
LDB: TIME 2554.37 LOAD: AVG 0.587321 MAX 0.646514  PROXIES: TOTAL 344 MAXPE 47 MAXPATCH 5 RefineTorusLB MEM: 0 MB
LDB: Reverting to original mapping
LDB: ============== END OF LOAD BALANCING =============== 2554.37
Info: useSync: 0 useProxySync: 0
LDB: =============== DONE WITH MIGRATION ================ 2554.37
TIMING: 349000  CPU: 2549.45, 0.00732745/step  Wall: 2557.4, 0.00733749/step, 1.32686 hours remaining, 0.000000 MB of memory in use.
PERFORMANCE: 349000  averaging 23.5823 ns/day, 0.00732752 sec/step with standard deviation 5.61492e-05
ENERGY:  349000       398.9510      1065.0484      1365.4526        14.8410        -587151.8295     42153.2846        47.1865         0.0000     48436.0117        -493671.0538       292.6310   -542107.0655   -493570.9578       293.3723            -47.1979       -11.1043    833830.9763        -0.4420        -0.3705

WRITING COORDINATES TO DCD FILE eq1.dcd AT STEP 350000
WRITING COORDINATES TO RESTART FILE AT STEP 350000
FINISHED WRITING RESTART COORDINATES
TIMING: 350000  CPU: 2556.78, 0.0073306/step  Wall: 2564.76, 0.00735785/step, 1.3285 hours remaining, 0.000000 MB of memory in use.
PERFORMANCE: 350000  averaging 23.582 ns/day, 0.00732761 sec/step with standard deviation 5.60922e-05
ETITLE:      TS           BOND          ANGLE          DIHED          IMPRP               ELECT            VDW       BOUNDARY           MISC        KINETIC               TOTAL           TEMP      POTENTIAL         TOTAL3        TEMPAVG            PRESSURE      GPRESSURE         VOLUME       PRESSAVG      GPRESSAVG

ENERGY:  350000       382.4710      1086.0921      1346.2629        18.9963        -587622.1153     42091.2845        48.7371         0.0000     48439.6144        -494208.6570       292.6527   -542648.2714   -494101.9738       293.1249             30.1706        61.7051    831338.0874         5.7686         5.7277

WRITING EXTENDED SYSTEM TO RESTART FILE AT STEP 350000
WRITING VELOCITIES TO RESTART FILE AT STEP 350000
FINISHED WRITING RESTART VELOCITIES
TIMING: 351000  CPU: 2564.09, 0.00730333/step  Wall: 2572.1, 0.00734178/step, 1.32356 hours remaining, 0.000000 MB of memory in use.
PERFORMANCE: 351000  averaging 23.5819 ns/day, 0.00732765 sec/step with standard deviation 5.60171e-05
ENERGY:  351000       378.7401      1044.5554      1372.3405        20.3872        -587428.4535     42078.8226        45.5080         0.0000     48583.8332        -493904.2665       293.5240   -542488.0997   -493800.3744       293.0360             23.5212        57.7242    831892.0403         4.7523         4.7779

TIMING: 352000  CPU: 2571.39, 0.00729919/step  Wall: 2579.41, 0.00731029/step, 1.31585 hours remaining, 0.000000 MB of memory in use.
PERFORMANCE: 352000  averaging 23.5821 ns/day, 0.0073276 sec/step with standard deviation 5.59449e-05
ENERGY:  352000       396.0294      1074.2150      1358.9430        15.4503        -586850.8514     41820.3796        54.2404         0.0000     48181.3826        -493950.2111       291.0926   -542131.5937   -493848.3675       293.3125            -94.6616       -60.9419    832181.4016         4.2421         4.2020

LDB: ============= START OF LOAD BALANCING ============== 2582.97
LDB: ============== END OF LOAD BALANCING =============== 2582.97
Info: useSync: 0 useProxySync: 0
LDB: =============== DONE WITH MIGRATION ================ 2582.97
LDB: ============= START OF LOAD BALANCING ============== 2583.7
LDB: TIME 2583.7 LOAD: AVG 0.586213 MAX 0.645017  PROXIES: TOTAL 344 MAXPE 47 MAXPATCH 5 None MEM: 0 MB
LDB: TIME 2583.7 LOAD: AVG 0.586213 MAX 0.645017  PROXIES: TOTAL 344 MAXPE 47 MAXPATCH 5 RefineTorusLB MEM: 0 MB
LDB: TIME 2583.7 LOAD: AVG 0.586213 MAX 0.645017  PROXIES: TOTAL 344 MAXPE 47 MAXPATCH 5 RefineTorusLB MEM: 0 MB
LDB: Reverting to original mapping
LDB: ============== END OF LOAD BALANCING =============== 2583.7
Info: useSync: 0 useProxySync: 0
LDB: =============== DONE WITH MIGRATION ================ 2583.7
TIMING: 353000  CPU: 2578.71, 0.0073187/step  Wall: 2586.74, 0.00733123/step, 1.31758 hours remaining, 0.000000 MB of memory in use.
PERFORMANCE: 353000  averaging 23.582 ns/day, 0.00732761 sec/step with standard deviation 5.58657e-05
ENERGY:  353000       390.3498      1098.1971      1353.9860        22.1991        -587704.5663     41896.3846        43.1665         0.0000     48348.1812        -494552.1021       292.1003   -542900.2833   -494442.1740       292.0135           -100.6683       -68.1041    832711.5826         0.8916         0.8384

TIMING: 354000  CPU: 2586.02, 0.00731843/step  Wall: 2594.07, 0.00733186/step, 1.31566 hours remaining, 0.000000 MB of memory in use.
PERFORMANCE: 354000  averaging 23.582 ns/day, 0.00732762 sec/step with standard deviation 5.5787e-05
ENERGY:  354000       429.5809      1034.1219      1367.6512        17.9547        -587783.2171     42253.0067        42.8819         0.0000     48304.4533        -494333.5665       291.8361   -542638.0198   -494240.4039       291.7404            -70.2662       -35.8535    832554.1149         2.1115         2.1359

WRITING COORDINATES TO DCD FILE eq1.dcd AT STEP 355000
TIMING: 355000  CPU: 2593.36, 0.00733345/step  Wall: 2601.42, 0.00735152/step, 1.31715 hours remaining, 0.000000 MB of memory in use.
PERFORMANCE: 355000  averaging 23.5818 ns/day, 0.00732769 sec/step with standard deviation 5.57225e-05
ENERGY:  355000       379.0880      1047.0624      1351.7522        16.9611        -587027.4486     41705.1533        50.9186         0.0000     48364.5478        -494111.9651       292.1992   -542476.5130   -494010.0429       292.3929           -241.9278      -206.6983    834061.1351        -1.7168        -1.7658

TIMING: 356000  CPU: 2600.68, 0.00731854/step  Wall: 2608.75, 0.00732971/step, 1.3112 hours remaining, 0.000000 MB of memory in use.
PERFORMANCE: 356000  averaging 23.5818 ns/day, 0.00732769 sec/step with standard deviation 5.56441e-05
ENERGY:  356000       402.2776      1078.8011      1351.2769        16.2523        -587218.5237     41843.0891        51.5639         0.0000     48286.1574        -494189.1053       291.7256   -542475.2627   -494101.4519       292.4545           -121.6119       -90.0879    832631.5688        -2.7791        -2.7176

LDB: ============= START OF LOAD BALANCING ============== 2612.32
LDB: ============== END OF LOAD BALANCING =============== 2612.32
Info: useSync: 0 useProxySync: 0
LDB: =============== DONE WITH MIGRATION ================ 2612.32
LDB: ============= START OF LOAD BALANCING ============== 2613.06
LDB: TIME 2613.06 LOAD: AVG 0.585846 MAX 0.645026  PROXIES: TOTAL 344 MAXPE 47 MAXPATCH 5 None MEM: 0 MB
LDB: TIME 2613.06 LOAD: AVG 0.585846 MAX 0.645026  PROXIES: TOTAL 344 MAXPE 47 MAXPATCH 5 RefineTorusLB MEM: 0 MB
LDB: TIME 2613.06 LOAD: AVG 0.585846 MAX 0.645026  PROXIES: TOTAL 344 MAXPE 47 MAXPATCH 5 RefineTorusLB MEM: 0 MB
LDB: Reverting to original mapping
LDB: ============== END OF LOAD BALANCING =============== 2613.06
Info: useSync: 0 useProxySync: 0
LDB: =============== DONE WITH MIGRATION ================ 2613.06
TIMING: 357000  CPU: 2608.01, 0.00733853/step  Wall: 2616.11, 0.0073538/step, 1.31347 hours remaining, 0.000000 MB of memory in use.
PERFORMANCE: 357000  averaging 23.5815 ns/day, 0.00732777 sec/step with standard deviation 5.55831e-05
ENERGY:  357000       402.8069      1073.3823      1344.0926        16.8056        -587333.5080     42067.7362        47.1449         0.0000     48217.5994        -494163.9400       291.3114   -542381.5394   -494065.3132       292.4640            -31.0592         1.8585    832781.0288        -3.4470        -3.3928

TIMING: 358000  CPU: 2615.34, 0.00732262/step  Wall: 2623.44, 0.00733399/step, 1.30789 hours remaining, 0.000000 MB of memory in use.
PERFORMANCE: 358000  averaging 23.5815 ns/day, 0.00732779 sec/step with standard deviation 5.55061e-05
ENERGY:  358000       400.4527      1104.1965      1364.1352        18.4426        -587801.6979     42345.5174        44.2234         0.0000     48014.3166        -494510.4135       290.0832   -542524.7301   -494410.8517       292.5012              4.3286        35.6580    832493.3256         2.2678         2.2392

TIMING: 359000  CPU: 2622.64, 0.00730256/step  Wall: 2630.75, 0.00731221/step, 1.30198 hours remaining, 0.000000 MB of memory in use.
PERFORMANCE: 359000  averaging 23.5816 ns/day, 0.00732774 sec/step with standard deviation 5.54347e-05
ENERGY:  359000       394.1597      1082.6211      1365.4056        16.9778        -587933.8570     42425.3019        41.7331         0.0000     48541.6888        -494065.9689       293.2694   -542607.6578   -493953.0266       292.3528            104.7853       142.1739    831984.1486        -1.8000        -1.8314

WRITING COORDINATES TO DCD FILE eq1.dcd AT STEP 360000
WRITING COORDINATES TO RESTART FILE AT STEP 360000
FINISHED WRITING RESTART COORDINATES
TIMING: 360000  CPU: 2629.96, 0.007316/step  Wall: 2638.1, 0.00734504/step, 1.30578 hours remaining, 0.000000 MB of memory in use.
PERFORMANCE: 360000  averaging 23.5815 ns/day, 0.00732779 sec/step with standard deviation 5.53649e-05
ETITLE:      TS           BOND          ANGLE          DIHED          IMPRP               ELECT            VDW       BOUNDARY           MISC        KINETIC               TOTAL           TEMP      POTENTIAL         TOTAL3        TEMPAVG            PRESSURE      GPRESSURE         VOLUME       PRESSAVG      GPRESSAVG

ENERGY:  360000       384.5967      1046.8744      1366.9620        19.0091        -587252.1785     41696.3784        46.4799         0.0000     48736.4256        -493955.4522       294.4459   -542691.8778   -493845.9783       293.0432            -73.3672       -39.1118    831469.7003         2.4221         2.4343

WRITING EXTENDED SYSTEM TO RESTART FILE AT STEP 360000
WRITING VELOCITIES TO RESTART FILE AT STEP 360000
FINISHED WRITING RESTART VELOCITIES
LDB: ============= START OF LOAD BALANCING ============== 2641.67
LDB: ============== END OF LOAD BALANCING =============== 2641.67
Info: useSync: 0 useProxySync: 0
LDB: =============== DONE WITH MIGRATION ================ 2641.67
LDB: ============= START OF LOAD BALANCING ============== 2642.41
LDB: TIME 2642.41 LOAD: AVG 0.588723 MAX 0.649861  PROXIES: TOTAL 344 MAXPE 47 MAXPATCH 5 None MEM: 0 MB
LDB: TIME 2642.41 LOAD: AVG 0.588723 MAX 0.649861  PROXIES: TOTAL 344 MAXPE 47 MAXPATCH 5 RefineTorusLB MEM: 0 MB
LDB: TIME 2642.41 LOAD: AVG 0.588723 MAX 0.649861  PROXIES: TOTAL 344 MAXPE 47 MAXPATCH 5 RefineTorusLB MEM: 0 MB
LDB: Reverting to original mapping
LDB: ============== END OF LOAD BALANCING =============== 2642.41
Info: useSync: 0 useProxySync: 0
LDB: =============== DONE WITH MIGRATION ================ 2642.41
TIMING: 361000  CPU: 2637.27, 0.00731457/step  Wall: 2645.45, 0.00735317/step, 1.30519 hours remaining, 0.000000 MB of memory in use.
PERFORMANCE: 361000  averaging 23.5812 ns/day, 0.00732786 sec/step with standard deviation 5.53041e-05
ENERGY:  361000       369.1028      1025.4454      1341.9837        15.4345        -587535.5352     42220.1575        50.7256         0.0000     48101.7067        -494410.9790       290.6112   -542512.6857   -494309.0744       292.6587             43.2903        77.7976    831570.0489        -3.0284        -3.0771

TIMING: 362000  CPU: 2644.59, 0.00732218/step  Wall: 2652.79, 0.00733489/step, 1.29991 hours remaining, 0.000000 MB of memory in use.
PERFORMANCE: 362000  averaging 23.5812 ns/day, 0.00732788 sec/step with standard deviation 5.52287e-05
ENERGY:  362000       371.2413      1069.4700      1343.9174        17.4183        -587769.8537     42073.3812        45.6957         0.0000     48495.5429        -494353.1869       292.9906   -542848.7297   -494253.4526       292.2331             37.1368        71.6043    829335.2681        -0.8595        -0.8159

TIMING: 363000  CPU: 2651.91, 0.00731478/step  Wall: 2660.11, 0.00732573/step, 1.29625 hours remaining, 0.000000 MB of memory in use.
PERFORMANCE: 363000  averaging 23.5812 ns/day, 0.00732787 sec/step with standard deviation 5.51525e-05
ENERGY:  363000       380.3881      1073.2571      1349.9885        15.7645        -587596.4147     42090.7862        49.9303         0.0000     47982.4547        -494653.8454       289.8907   -542636.3001   -494542.6063       292.1237             -9.9883        21.1267    830558.0554        -0.1611        -0.1924

TIMING: 364000  CPU: 2659.21, 0.00730613/step  Wall: 2667.43, 0.00731815/step, 1.29287 hours remaining, 0.000000 MB of memory in use.
PERFORMANCE: 364000  averaging 23.5813 ns/day, 0.00732785 sec/step with standard deviation 5.50788e-05
ENERGY:  364000       436.1155      1078.5759      1339.1390        18.8890        -587766.8900     42217.2177        48.0616         0.0000     48439.4035        -494189.4878       292.6514   -542628.8913   -494090.7804       291.8080             25.4221        59.8683    831577.7749         0.9651         0.9038

LDB: ============= START OF LOAD BALANCING ============== 2670.99
LDB: ============== END OF LOAD BALANCING =============== 2670.99
Info: useSync: 0 useProxySync: 0
LDB: =============== DONE WITH MIGRATION ================ 2670.99
LDB: ============= START OF LOAD BALANCING ============== 2671.72
LDB: TIME 2671.72 LOAD: AVG 0.588301 MAX 0.645776  PROXIES: TOTAL 344 MAXPE 47 MAXPATCH 5 None MEM: 0 MB
LDB: TIME 2671.72 LOAD: AVG 0.588301 MAX 0.645776  PROXIES: TOTAL 344 MAXPE 47 MAXPATCH 5 RefineTorusLB MEM: 0 MB
LDB: TIME 2671.72 LOAD: AVG 0.588301 MAX 0.645776  PROXIES: TOTAL 344 MAXPE 47 MAXPATCH 5 RefineTorusLB MEM: 0 MB
LDB: Reverting to original mapping
LDB: ============== END OF LOAD BALANCING =============== 2671.72
Info: useSync: 0 useProxySync: 0
LDB: =============== DONE WITH MIGRATION ================ 2671.72
WRITING COORDINATES TO DCD FILE eq1.dcd AT STEP 365000
TIMING: 365000  CPU: 2666.53, 0.00731952/step  Wall: 2674.76, 0.00732626/step, 1.29227 hours remaining, 0.000000 MB of memory in use.
PERFORMANCE: 365000  averaging 23.5813 ns/day, 0.00732784 sec/step with standard deviation 5.50032e-05
ENERGY:  365000       394.9746      1075.4305      1358.3475        16.5233        -588308.6311     42678.6150        44.2520         0.0000     48264.6737        -494475.8146       291.5958   -542740.4883   -494381.0491       292.2139            190.5712       224.0755    831107.0341        -0.0655        -0.0843

TIMING: 366000  CPU: 2673.84, 0.00731127/step  Wall: 2682.08, 0.00732084/step, 1.28928 hours remaining, 0.000000 MB of memory in use.
PERFORMANCE: 366000  averaging 23.5814 ns/day, 0.00732782 sec/step with standard deviation 5.4929e-05
ENERGY:  366000       383.7971      1042.5349      1354.3253        16.1688        -587445.0445     42029.1402        44.5281         0.0000     48443.0652        -494131.4848       292.6736   -542574.5500   -494020.2471       292.8963            -47.5305       -15.0978    831909.5876        -2.2500        -2.2742

TIMING: 367000  CPU: 2681.17, 0.00732785/step  Wall: 2689.41, 0.00733468/step, 1.28968 hours remaining, 0.000000 MB of memory in use.
PERFORMANCE: 367000  averaging 23.5813 ns/day, 0.00732784 sec/step with standard deviation 5.48551e-05
ENERGY:  367000       387.5627      1086.3877      1351.3379        19.0553        -588324.5220     42751.6026        44.8891         0.0000     48242.2626        -494441.4242       291.4604   -542683.6868   -494339.0346       292.3028            186.0473       220.2474    831073.5482         3.0798         3.0905

TIMING: 368000  CPU: 2688.48, 0.00730371/step  Wall: 2696.73, 0.0073152/step, 1.28422 hours remaining, 0.000000 MB of memory in use.
PERFORMANCE: 368000  averaging 23.5814 ns/day, 0.00732781 sec/step with standard deviation 5.47842e-05
ENERGY:  368000       418.8410      1080.6064      1358.3698        19.0239        -587595.4222     42133.0453        46.9768         0.0000     48142.4827        -494396.0764       290.8576   -542538.5590   -494295.5669       292.2237             31.4518        65.1192    831866.1807         2.1590         2.1602

LDB: ============= START OF LOAD BALANCING ============== 2700.29
LDB: ============== END OF LOAD BALANCING =============== 2700.29
Info: useSync: 0 useProxySync: 0
LDB: =============== DONE WITH MIGRATION ================ 2700.29
LDB: ============= START OF LOAD BALANCING ============== 2701.02
LDB: TIME 2701.02 LOAD: AVG 0.585102 MAX 0.647549  PROXIES: TOTAL 344 MAXPE 47 MAXPATCH 5 None MEM: 0 MB
LDB: TIME 2701.02 LOAD: AVG 0.585102 MAX 0.647549  PROXIES: TOTAL 344 MAXPE 47 MAXPATCH 5 RefineTorusLB MEM: 0 MB
LDB: TIME 2701.02 LOAD: AVG 0.585102 MAX 0.647549  PROXIES: TOTAL 344 MAXPE 47 MAXPATCH 5 RefineTorusLB MEM: 0 MB
LDB: Reverting to original mapping
LDB: ============== END OF LOAD BALANCING =============== 2701.02
Info: useSync: 0 useProxySync: 0
LDB: =============== DONE WITH MIGRATION ================ 2701.03
TIMING: 369000  CPU: 2695.8, 0.00732753/step  Wall: 2704.06, 0.00733625/step, 1.28588 hours remaining, 0.000000 MB of memory in use.
PERFORMANCE: 369000  averaging 23.5813 ns/day, 0.00732783 sec/step with standard deviation 5.47115e-05
ENERGY:  369000       404.6926      1067.6570      1359.8929        19.6721        -588506.1973     42986.7933        47.4168         0.0000     48179.7270        -494440.3457       291.0826   -542620.0726   -494346.5080       292.4289            259.7002       290.7451    831086.9836        -2.2658        -2.3422

WRITING COORDINATES TO DCD FILE eq1.dcd AT STEP 370000
WRITING COORDINATES TO RESTART FILE AT STEP 370000
FINISHED WRITING RESTART COORDINATES
TIMING: 370000  CPU: 2703.17, 0.00736233/step  Wall: 2711.45, 0.0073885/step, 1.29299 hours remaining, 0.000000 MB of memory in use.
PERFORMANCE: 370000  averaging 23.5808 ns/day, 0.00732799 sec/step with standard deviation 5.47283e-05
ETITLE:      TS           BOND          ANGLE          DIHED          IMPRP               ELECT            VDW       BOUNDARY           MISC        KINETIC               TOTAL           TEMP      POTENTIAL         TOTAL3        TEMPAVG            PRESSURE      GPRESSURE         VOLUME       PRESSAVG      GPRESSAVG

ENERGY:  370000       421.5487      1112.4590      1356.7133        16.3136        -587717.3190     42343.9039        48.8602         0.0000     48394.3313        -494023.1890       292.3791   -542417.5204   -493917.4784       292.8205             71.2624       102.3377    832314.6294        -1.0692        -1.0536

WRITING EXTENDED SYSTEM TO RESTART FILE AT STEP 370000
WRITING VELOCITIES TO RESTART FILE AT STEP 370000
FINISHED WRITING RESTART VELOCITIES
TIMING: 371000  CPU: 2710.48, 0.00731864/step  Wall: 2718.8, 0.00735121/step, 1.28442 hours remaining, 0.000000 MB of memory in use.
PERFORMANCE: 371000  averaging 23.5806 ns/day, 0.00732806 sec/step with standard deviation 5.46676e-05
ENERGY:  371000       397.4553      1049.7604      1367.0941        15.0753        -588318.7630     42658.3490        46.0113         0.0000     48491.5822        -494293.4353       292.9667   -542785.0176   -494185.3856       292.9448            193.5874       226.0656    828896.2493         0.9433         0.9626

TIMING: 372000  CPU: 2717.84, 0.00735911/step  Wall: 2726.17, 0.00736599/step, 1.28496 hours remaining, 0.000000 MB of memory in use.
PERFORMANCE: 372000  averaging 23.5803 ns/day, 0.00732816 sec/step with standard deviation 5.46292e-05
ENERGY:  372000       405.6525      1063.0361      1347.4325        14.2536        -587084.5525     41420.2990        45.5486         0.0000     48636.0708        -494152.2594       293.8396   -542788.3303   -494048.5954       292.9340           -291.1698      -259.2820    832970.4854         4.1159         4.1536

LDB: ============= START OF LOAD BALANCING ============== 2729.73
LDB: ============== END OF LOAD BALANCING =============== 2729.73
Info: useSync: 0 useProxySync: 0
LDB: =============== DONE WITH MIGRATION ================ 2729.73
LDB: ============= START OF LOAD BALANCING ============== 2730.47
LDB: TIME 2730.47 LOAD: AVG 0.586406 MAX 0.650167  PROXIES: TOTAL 344 MAXPE 47 MAXPATCH 5 None MEM: 0 MB
LDB: TIME 2730.47 LOAD: AVG 0.586406 MAX 0.650167  PROXIES: TOTAL 344 MAXPE 47 MAXPATCH 5 RefineTorusLB MEM: 0 MB
LDB: TIME 2730.47 LOAD: AVG 0.586406 MAX 0.650167  PROXIES: TOTAL 344 MAXPE 47 MAXPATCH 5 RefineTorusLB MEM: 0 MB
LDB: Reverting to original mapping
LDB: ============== END OF LOAD BALANCING =============== 2730.47
Info: useSync: 0 useProxySync: 0
LDB: =============== DONE WITH MIGRATION ================ 2730.47
TIMING: 373000  CPU: 2725.17, 0.0073239/step  Wall: 2733.5, 0.00733344/step, 1.27724 hours remaining, 0.000000 MB of memory in use.
PERFORMANCE: 373000  averaging 23.5802 ns/day, 0.00732817 sec/step with standard deviation 5.45565e-05
ENERGY:  373000       381.4044      1033.4123      1342.3622        17.2564        -587648.1630     42116.4287        44.8046         0.0000     48634.0952        -494078.3991       293.8277   -542712.4944   -493965.2759       292.7717            -15.7567        17.0247    831295.7109         2.1772         2.2271

TIMING: 374000  CPU: 2732.51, 0.00734383/step  Wall: 2740.86, 0.00735286/step, 1.27858 hours remaining, 0.000000 MB of memory in use.
PERFORMANCE: 374000  averaging 23.58 ns/day, 0.00732824 sec/step with standard deviation 5.44982e-05
ENERGY:  374000       365.2133      1106.4871      1349.4642        13.4321        -587435.9963     42075.6727        39.8109         0.0000     48362.3786        -494123.5374       292.1861   -542485.9161   -494016.9998       292.7912            -60.4040       -28.4574    831721.4306        -3.3765        -3.3619

WRITING COORDINATES TO DCD FILE eq1.dcd AT STEP 375000
TIMING: 375000  CPU: 2739.84, 0.00732756/step  Wall: 2748.19, 0.00733546/step, 1.27352 hours remaining, 0.000000 MB of memory in use.
PERFORMANCE: 375000  averaging 23.58 ns/day, 0.00732826 sec/step with standard deviation 5.44266e-05
ENERGY:  375000       407.7978      1060.6021      1361.1329        14.5238        -587595.9867     41963.5299        45.4307         0.0000     48449.1302        -494293.8392       292.7102   -542742.9694   -494188.9705       292.8002            -57.6181       -24.8088    830873.1342        -1.6282        -1.7212

TIMING: 376000  CPU: 2747.15, 0.00731126/step  Wall: 2755.51, 0.00731983/step, 1.26877 hours remaining, 0.000000 MB of memory in use.
PERFORMANCE: 376000  averaging 23.58 ns/day, 0.00732824 sec/step with standard deviation 5.43557e-05
ENERGY:  376000       390.0618      1053.0945      1325.7373        18.1332        -588010.5393     42107.3110        43.3023         0.0000     48771.4504        -494301.4488       294.6575   -543072.8991   -494208.0024       293.0301              5.7786        37.3547    832019.9389         3.1736         3.1954

LDB: ============= START OF LOAD BALANCING ============== 2759.06
LDB: ============== END OF LOAD BALANCING =============== 2759.06
Info: useSync: 0 useProxySync: 0
LDB: =============== DONE WITH MIGRATION ================ 2759.06
LDB: ============= START OF LOAD BALANCING ============== 2759.8
LDB: TIME 2759.8 LOAD: AVG 0.585748 MAX 0.645377  PROXIES: TOTAL 344 MAXPE 47 MAXPATCH 5 None MEM: 0 MB
LDB: TIME 2759.8 LOAD: AVG 0.585748 MAX 0.645378  PROXIES: TOTAL 344 MAXPE 47 MAXPATCH 5 RefineTorusLB MEM: 0 MB
LDB: TIME 2759.8 LOAD: AVG 0.585748 MAX 0.645378  PROXIES: TOTAL 344 MAXPE 47 MAXPATCH 5 RefineTorusLB MEM: 0 MB
LDB: Reverting to original mapping
LDB: ============== END OF LOAD BALANCING =============== 2759.8
Info: useSync: 0 useProxySync: 0
LDB: =============== DONE WITH MIGRATION ================ 2759.8
TIMING: 377000  CPU: 2754.45, 0.00730391/step  Wall: 2762.82, 0.0073125/step, 1.26547 hours remaining, 0.000000 MB of memory in use.
PERFORMANCE: 377000  averaging 23.5802 ns/day, 0.00732819 sec/step with standard deviation 5.42894e-05
ENERGY:  377000       395.9752      1070.2260      1350.4163        16.5073        -587707.7319     42156.1222        55.8914         0.0000     48283.7130        -494378.8804       291.7108   -542662.5934   -494284.9536       292.4292            -14.0071        17.8673    832159.2719         7.8210         7.7969

TIMING: 378000  CPU: 2761.78, 0.00732325/step  Wall: 2770.15, 0.00733179/step, 1.26677 hours remaining, 0.000000 MB of memory in use.
PERFORMANCE: 378000  averaging 23.5801 ns/day, 0.0073282 sec/step with standard deviation 5.42177e-05
ENERGY:  378000       389.6360      1041.2554      1335.3710        19.6389        -587588.1525     41969.0406        51.5471         0.0000     48198.1756        -494583.4879       291.1940   -542781.6635   -494472.3453       292.4751            -26.0164        -0.2086    832761.9481         3.6481         3.5417

TIMING: 379000  CPU: 2769.12, 0.00734366/step  Wall: 2777.5, 0.00734921/step, 1.26774 hours remaining, 0.000000 MB of memory in use.
PERFORMANCE: 379000  averaging 23.58 ns/day, 0.00732826 sec/step with standard deviation 5.41567e-05
ENERGY:  379000       428.4984      1056.4296      1343.0366        18.8719        -587235.9500     41583.1839        47.5424         0.0000     48244.5188        -494513.8685       291.4740   -542758.3872   -494414.6431       291.8039           -214.5866      -184.3313    831225.4147        -0.2496        -0.2563

WRITING COORDINATES TO DCD FILE eq1.dcd AT STEP 380000
WRITING COORDINATES TO RESTART FILE AT STEP 380000
FINISHED WRITING RESTART COORDINATES
TIMING: 380000  CPU: 2776.47, 0.00734883/step  Wall: 2784.88, 0.00737888/step, 1.27081 hours remaining, 0.000000 MB of memory in use.
PERFORMANCE: 380000  averaging 23.5795 ns/day, 0.00732839 sec/step with standard deviation 5.41475e-05
ETITLE:      TS           BOND          ANGLE          DIHED          IMPRP               ELECT            VDW       BOUNDARY           MISC        KINETIC               TOTAL           TEMP      POTENTIAL         TOTAL3        TEMPAVG            PRESSURE      GPRESSURE         VOLUME       PRESSAVG      GPRESSAVG

ENERGY:  380000       352.6839      1059.5774      1344.0435        19.5472        -587215.6920     41301.2320        48.6473         0.0000     48538.1391        -494551.8217       293.2480   -543089.9608   -494444.0413       292.1570           -294.1229      -260.7137    831984.6097         3.1460         3.1778

WRITING EXTENDED SYSTEM TO RESTART FILE AT STEP 380000
WRITING VELOCITIES TO RESTART FILE AT STEP 380000
FINISHED WRITING RESTART VELOCITIES
LDB: ============= START OF LOAD BALANCING ============== 2788.47
LDB: ============== END OF LOAD BALANCING =============== 2788.47
Info: useSync: 0 useProxySync: 0
LDB: =============== DONE WITH MIGRATION ================ 2788.47
LDB: ============= START OF LOAD BALANCING ============== 2789.21
LDB: TIME 2789.21 LOAD: AVG 0.586162 MAX 0.644844  PROXIES: TOTAL 344 MAXPE 47 MAXPATCH 5 None MEM: 0 MB
LDB: TIME 2789.21 LOAD: AVG 0.586162 MAX 0.644844  PROXIES: TOTAL 344 MAXPE 47 MAXPATCH 5 RefineTorusLB MEM: 0 MB
LDB: TIME 2789.21 LOAD: AVG 0.586162 MAX 0.644844  PROXIES: TOTAL 344 MAXPE 47 MAXPATCH 5 RefineTorusLB MEM: 0 MB
LDB: ============== END OF LOAD BALANCING =============== 2789.21
Info: useSync: 0 useProxySync: 0
LDB: =============== DONE WITH MIGRATION ================ 2789.21
TIMING: 381000  CPU: 2783.8, 0.0073316/step  Wall: 2792.25, 0.00736456/step, 1.26629 hours remaining, 0.000000 MB of memory in use.
PERFORMANCE: 381000  averaging 23.5792 ns/day, 0.00732849 sec/step with standard deviation 5.41079e-05
ENERGY:  381000       397.4239      1089.8702      1351.5005        18.4577        -588344.7382     42293.8197        51.6034         0.0000     48418.8122        -494723.2505       292.5270   -543142.0627   -494627.0664       291.7194             34.6981        67.1108    830082.2963        -3.4863        -3.4631

TIMING: 382000  CPU: 2791.16, 0.00736403/step  Wall: 2799.62, 0.00736841/step, 1.26491 hours remaining, 0.000000 MB of memory in use.
PERFORMANCE: 382000  averaging 23.5789 ns/day, 0.00732859 sec/step with standard deviation 5.40755e-05
ENERGY:  382000       398.5319      1042.0840      1348.3975        18.9607        -587208.3201     41530.4175        45.0698         0.0000     48522.2717        -494302.5871       293.1521   -542824.8587   -494194.0443       292.4690           -210.4907      -178.5568    832832.2191        -2.6037        -2.5877

TIMING: 383000  CPU: 2798.48, 0.00731882/step  Wall: 2806.94, 0.00732778/step, 1.2559 hours remaining, 0.000000 MB of memory in use.
PERFORMANCE: 383000  averaging 23.5789 ns/day, 0.00732859 sec/step with standard deviation 5.40047e-05
ENERGY:  383000       393.4425      1040.7598      1370.3157        24.6778        -587632.3452     42135.4183        41.7254         0.0000     48078.9898        -494547.0159       290.4740   -542626.0057   -494444.8767       292.3652             53.5886        87.8617    829997.1912         5.9310         5.9359

TIMING: 384000  CPU: 2805.78, 0.00729958/step  Wall: 2814.26, 0.00731152/step, 1.25108 hours remaining, 0.000000 MB of memory in use.
PERFORMANCE: 384000  averaging 23.579 ns/day, 0.00732855 sec/step with standard deviation 5.39411e-05
ENERGY:  384000       428.1038      1074.2789      1331.0673        18.7020        -587530.5801     41858.1889        42.0673         0.0000     48281.2226        -494496.9493       291.6958   -542778.1719   -494407.1782       291.5563            -86.2116       -54.2740    831743.4177         0.8736         0.8507

LDB: ============= START OF LOAD BALANCING ============== 2817.82
LDB: ============== END OF LOAD BALANCING =============== 2817.82
Info: useSync: 0 useProxySync: 0
LDB: =============== DONE WITH MIGRATION ================ 2817.82
LDB: ============= START OF LOAD BALANCING ============== 2818.55
LDB: TIME 2818.55 LOAD: AVG 0.587531 MAX 0.646458  PROXIES: TOTAL 344 MAXPE 47 MAXPATCH 5 None MEM: 0 MB
LDB: TIME 2818.55 LOAD: AVG 0.587531 MAX 0.646458  PROXIES: TOTAL 344 MAXPE 47 MAXPATCH 5 RefineTorusLB MEM: 0 MB
LDB: TIME 2818.55 LOAD: AVG 0.587531 MAX 0.646458  PROXIES: TOTAL 344 MAXPE 47 MAXPATCH 5 RefineTorusLB MEM: 0 MB
LDB: Reverting to original mapping
LDB: ============== END OF LOAD BALANCING =============== 2818.55
Info: useSync: 0 useProxySync: 0
LDB: =============== DONE WITH MIGRATION ================ 2818.55
TIMING: 385000  CPU: 2813.12, 0.00733556/step  Wall: 2821.6, 0.00734215/step, 1.25428 hours remaining, 0.000000 MB of memory in use.
PERFORMANCE: 385000  averaging 23.5789 ns/day, 0.00732858 sec/step with standard deviation 5.38753e-05
ENERGY:  385000       373.4747      1074.8136      1339.0292        19.3102        -587464.8763     41677.6678        43.2192         0.0000     48300.0909        -494637.2706       291.8098   -542937.3615   -494532.1950       291.9821           -142.2181      -109.7322    831735.4323        -1.3224        -1.2640

WRITING COORDINATES TO DCD FILE eq1.dcd AT STEP 385000
TIMING: 386000  CPU: 2820.47, 0.00735187/step  Wall: 2828.96, 0.00736033/step, 1.25535 hours remaining, 0.000000 MB of memory in use.
PERFORMANCE: 386000  averaging 23.5787 ns/day, 0.00732866 sec/step with standard deviation 5.38296e-05
ENERGY:  386000       392.7247      1064.2471      1354.2817        21.3539        -587957.5383     42240.4137        46.9285         0.0000     48213.3026        -494624.2861       291.2854   -542837.5887   -494525.1478       291.8814             23.8183        57.4847    832486.9784        -1.1845        -1.1678

TIMING: 387000  CPU: 2827.81, 0.00733588/step  Wall: 2836.3, 0.00734346/step, 1.25043 hours remaining, 0.000000 MB of memory in use.
PERFORMANCE: 387000  averaging 23.5785 ns/day, 0.0073287 sec/step with standard deviation 5.37651e-05
ENERGY:  387000       387.4452      1037.1284      1353.1600        19.0288        -587252.4530     41533.9208        54.4970         0.0000     48273.3815        -494593.8913       291.6484   -542867.2728   -494479.5994       292.0280           -209.0891      -175.6658    832773.1181        -1.9525        -1.9704

TIMING: 388000  CPU: 2835.11, 0.0073003/step  Wall: 2843.61, 0.00730818/step, 1.24239 hours remaining, 0.000000 MB of memory in use.
PERFORMANCE: 388000  averaging 23.5787 ns/day, 0.00732865 sec/step with standard deviation 5.37057e-05
ENERGY:  388000       410.4666      1050.4428      1332.0803        17.3047        -587498.4034     41725.9953        49.9876         0.0000     48270.9809        -494641.1452       291.6339   -542912.1261   -494537.4696       292.4612           -117.7698       -84.2840    832125.5610         1.4638         1.4698

LDB: ============= START OF LOAD BALANCING ============== 2847.18
LDB: ============== END OF LOAD BALANCING =============== 2847.18
Info: useSync: 0 useProxySync: 0
LDB: =============== DONE WITH MIGRATION ================ 2847.18
LDB: ============= START OF LOAD BALANCING ============== 2847.91
LDB: TIME 2847.91 LOAD: AVG 0.586974 MAX 0.647861  PROXIES: TOTAL 344 MAXPE 47 MAXPATCH 5 None MEM: 0 MB
LDB: TIME 2847.91 LOAD: AVG 0.586974 MAX 0.647861  PROXIES: TOTAL 344 MAXPE 47 MAXPATCH 5 RefineTorusLB MEM: 0 MB
LDB: TIME 2847.91 LOAD: AVG 0.586974 MAX 0.647861  PROXIES: TOTAL 344 MAXPE 47 MAXPATCH 5 RefineTorusLB MEM: 0 MB
LDB: ============== END OF LOAD BALANCING =============== 2847.91
Info: useSync: 0 useProxySync: 0
LDB: =============== DONE WITH MIGRATION ================ 2847.91
TIMING: 389000  CPU: 2842.45, 0.00734751/step  Wall: 2850.97, 0.00735578/step, 1.24844 hours remaining, 0.000000 MB of memory in use.
PERFORMANCE: 389000  averaging 23.5785 ns/day, 0.00732872 sec/step with standard deviation 5.36541e-05
ENERGY:  389000       379.9733      1017.7594      1345.9106        17.3946        -587714.6830     42140.0609        49.4043         0.0000     48063.0144        -494701.1655       290.3775   -542764.1800   -494589.6506       291.6471            -36.1202        -4.3942    832909.3161        -2.9603        -2.9061

WRITING COORDINATES TO DCD FILE eq1.dcd AT STEP 390000
WRITING COORDINATES TO RESTART FILE AT STEP 390000
FINISHED WRITING RESTART COORDINATES
TIMING: 390000  CPU: 2849.8, 0.00734834/step  Wall: 2858.34, 0.00737623/step, 1.24986 hours remaining, 0.000000 MB of memory in use.
PERFORMANCE: 390000  averaging 23.5781 ns/day, 0.00732884 sec/step with standard deviation 5.3639e-05
ETITLE:      TS           BOND          ANGLE          DIHED          IMPRP               ELECT            VDW       BOUNDARY           MISC        KINETIC               TOTAL           TEMP      POTENTIAL         TOTAL3        TEMPAVG            PRESSURE      GPRESSURE         VOLUME       PRESSAVG      GPRESSAVG

ENERGY:  390000       409.8188      1073.4774      1345.0528        18.0232        -587944.0583     41966.0123        56.7339         0.0000     48692.0082        -494382.9317       294.1776   -543074.9399   -494283.7814       291.6687            -89.2632       -61.9904    830729.8784         0.1101         0.0614

WRITING EXTENDED SYSTEM TO RESTART FILE AT STEP 390000
WRITING VELOCITIES TO RESTART FILE AT STEP 390000
FINISHED WRITING RESTART VELOCITIES
TIMING: 391000  CPU: 2857.11, 0.0073104/step  Wall: 2865.69, 0.00734847/step, 1.24312 hours remaining, 0.000000 MB of memory in use.
PERFORMANCE: 391000  averaging 23.5779 ns/day, 0.00732889 sec/step with standard deviation 5.35794e-05
ENERGY:  391000       404.8331      1048.9303      1355.7042        18.2008        -587731.7153     41939.6742        50.8441         0.0000     48191.5410        -494721.9877       291.1540   -542913.5286   -494628.1410       292.2289           -154.8496      -120.5928    831727.6258        -6.3139        -6.2328

TIMING: 392000  CPU: 2864.44, 0.00732263/step  Wall: 2873.03, 0.00733649/step, 1.23905 hours remaining, 0.000000 MB of memory in use.
PERFORMANCE: 392000  averaging 23.5779 ns/day, 0.00732891 sec/step with standard deviation 5.35122e-05
ENERGY:  392000       396.0507      1105.2656      1346.3130        19.9379        -587984.2345     42153.6830        48.9531         0.0000     48135.3670        -494778.6642       290.8146   -542914.0313   -494683.3628       291.6199            -54.2131       -17.0202    832055.4987        -2.0862        -2.0925

LDB: ============= START OF LOAD BALANCING ============== 2876.6
LDB: ============== END OF LOAD BALANCING =============== 2876.6
Info: useSync: 0 useProxySync: 0
LDB: =============== DONE WITH MIGRATION ================ 2876.6
LDB: ============= START OF LOAD BALANCING ============== 2877.34
LDB: TIME 2877.34 LOAD: AVG 0.587486 MAX 0.651521  PROXIES: TOTAL 344 MAXPE 47 MAXPATCH 5 None MEM: 0 MB
LDB: TIME 2877.34 LOAD: AVG 0.587486 MAX 0.651521  PROXIES: TOTAL 344 MAXPE 47 MAXPATCH 5 RefineTorusLB MEM: 0 MB
LDB: TIME 2877.34 LOAD: AVG 0.587486 MAX 0.651521  PROXIES: TOTAL 344 MAXPE 47 MAXPATCH 5 RefineTorusLB MEM: 0 MB
LDB: ============== END OF LOAD BALANCING =============== 2877.34
Info: useSync: 0 useProxySync: 0
LDB: =============== DONE WITH MIGRATION ================ 2877.34
TIMING: 393000  CPU: 2871.79, 0.0073509/step  Wall: 2880.39, 0.00736364/step, 1.24159 hours remaining, 0.000000 MB of memory in use.
PERFORMANCE: 393000  averaging 23.5776 ns/day, 0.007329 sec/step with standard deviation 5.34726e-05
ENERGY:  393000       396.2798      1086.3371      1354.0689        12.6747        -587381.3504     41679.2444        45.5043         0.0000     48260.2708        -494546.9705       291.5692   -542807.2413   -494443.6191       291.9078           -145.2305      -112.2211    833160.7789        -1.3651        -1.3854

TIMING: 394000  CPU: 2879.12, 0.00733425/step  Wall: 2887.74, 0.00734709/step, 1.23676 hours remaining, 0.000000 MB of memory in use.
PERFORMANCE: 394000  averaging 23.5774 ns/day, 0.00732904 sec/step with standard deviation 5.34123e-05
ENERGY:  394000       412.8455      1088.7306      1350.3686        15.5789        -587983.5285     42424.1471        48.1165         0.0000     48282.2864        -494361.4550       291.7022   -542643.7414   -494260.4461       292.0562             67.5702        98.5897    831506.0731         3.7929         3.7711

TIMING: 395000  CPU: 2886.44, 0.00731852/step  Wall: 2895.07, 0.00733213/step, 1.23221 hours remaining, 0.000000 MB of memory in use.
PERFORMANCE: 395000  averaging 23.5774 ns/day, 0.00732905 sec/step with standard deviation 5.33447e-05
ENERGY:  395000       402.2368      1030.4120      1335.2606        19.2184        -588020.9555     41972.0324        52.4492         0.0000     48659.7771        -494549.5688       293.9829   -543209.3459   -494450.8023       292.1455           -140.5082      -108.4743    832884.5460         1.7617         1.7381

WRITING COORDINATES TO DCD FILE eq1.dcd AT STEP 395000
TIMING: 396000  CPU: 2893.8, 0.00735854/step  Wall: 2902.44, 0.00736971/step, 1.23647 hours remaining, 0.000000 MB of memory in use.
PERFORMANCE: 396000  averaging 23.5771 ns/day, 0.00732915 sec/step with standard deviation 5.33163e-05
ENERGY:  396000       370.2687      1013.3753      1332.6680        15.1652        -587284.0540     41776.7241        43.6101         0.0000     48171.1978        -494561.0448       291.0311   -542732.2427   -494465.0358       292.2276           -148.2254      -117.6845    832248.8666        -3.2684        -3.2709

LDB: ============= START OF LOAD BALANCING ============== 2906
LDB: ============== END OF LOAD BALANCING =============== 2906
Info: useSync: 0 useProxySync: 0
LDB: =============== DONE WITH MIGRATION ================ 2906
LDB: ============= START OF LOAD BALANCING ============== 2906.73
LDB: TIME 2906.73 LOAD: AVG 0.586852 MAX 0.644948  PROXIES: TOTAL 344 MAXPE 47 MAXPATCH 5 None MEM: 0 MB
LDB: TIME 2906.73 LOAD: AVG 0.586852 MAX 0.644948  PROXIES: TOTAL 344 MAXPE 47 MAXPATCH 5 RefineTorusLB MEM: 0 MB
LDB: TIME 2906.73 LOAD: AVG 0.586852 MAX 0.644948  PROXIES: TOTAL 344 MAXPE 47 MAXPATCH 5 RefineTorusLB MEM: 0 MB
LDB: Reverting to original mapping
LDB: ============== END OF LOAD BALANCING =============== 2906.73
Info: useSync: 0 useProxySync: 0
LDB: =============== DONE WITH MIGRATION ================ 2906.73
TIMING: 397000  CPU: 2901.12, 0.00731935/step  Wall: 2909.77, 0.00732783/step, 1.22741 hours remaining, 0.000000 MB of memory in use.
PERFORMANCE: 397000  averaging 23.5771 ns/day, 0.00732915 sec/step with standard deviation 5.3249e-05
ENERGY:  397000       384.3345      1080.6766      1354.1663        15.2541        -587198.4628     41493.1493        40.4050         0.0000     48412.5502        -494417.9269       292.4892   -542830.4771   -494309.4037       292.1366           -154.7054      -125.5871    832717.6302         5.7063         5.7410

TIMING: 398000  CPU: 2908.43, 0.00731595/step  Wall: 2917.09, 0.00732462/step, 1.22484 hours remaining, 0.000000 MB of memory in use.
PERFORMANCE: 398000  averaging 23.5771 ns/day, 0.00732914 sec/step with standard deviation 5.31824e-05
ENERGY:  398000       386.7002      1115.0716      1334.4864        14.8273        -587979.8775     42088.5897        49.8552         0.0000     48501.5160        -494488.8311       293.0267   -542990.3471   -494388.7187       292.3621            -46.1303       -15.5690    830846.9079         3.8862         3.8265

TIMING: 399000  CPU: 2915.74, 0.00730995/step  Wall: 2924.41, 0.00731809/step, 1.22171 hours remaining, 0.000000 MB of memory in use.
PERFORMANCE: 399000  averaging 23.5772 ns/day, 0.00732911 sec/step with standard deviation 5.31184e-05
ENERGY:  399000       415.3152      1083.4223      1351.8746        19.7266        -587562.5724     41526.6758        47.7956         0.0000     48377.6176        -494740.1448       292.2782   -543117.7624   -494634.5195       292.4673           -180.7221      -149.0634    829773.5101         1.4537         1.4813

WRITING COORDINATES TO DCD FILE eq1.dcd AT STEP 400000
WRITING COORDINATES TO RESTART FILE AT STEP 400000
FINISHED WRITING RESTART COORDINATES
TIMING: 400000  CPU: 2923.11, 0.00736511/step  Wall: 2931.81, 0.00739809/step, 1.23302 hours remaining, 0.000000 MB of memory in use.
PERFORMANCE: 400000  averaging 23.5767 ns/day, 0.00732928 sec/step with standard deviation 5.31638e-05
ETITLE:      TS           BOND          ANGLE          DIHED          IMPRP               ELECT            VDW       BOUNDARY           MISC        KINETIC               TOTAL           TEMP      POTENTIAL         TOTAL3        TEMPAVG            PRESSURE      GPRESSURE         VOLUME       PRESSAVG      GPRESSAVG

ENERGY:  400000       380.4652      1096.5186      1347.8294        13.6723        -588047.4237     42331.1390        49.1114         0.0000     48412.9697        -494415.7181       292.4917   -542828.6878   -494309.7198       291.8342             10.2135        42.3162    831555.9862         1.1275         1.1177

WRITING EXTENDED SYSTEM TO RESTART FILE AT STEP 400000
WRITING VELOCITIES TO RESTART FILE AT STEP 400000
FINISHED WRITING RESTART VELOCITIES
LDB: ============= START OF LOAD BALANCING ============== 2935.41
LDB: ============== END OF LOAD BALANCING =============== 2935.41
Info: useSync: 0 useProxySync: 0
LDB: =============== DONE WITH MIGRATION ================ 2935.41
LDB: ============= START OF LOAD BALANCING ============== 2936.15
LDB: TIME 2936.15 LOAD: AVG 0.587294 MAX 0.648878  PROXIES: TOTAL 344 MAXPE 47 MAXPATCH 5 None MEM: 0 MB
LDB: TIME 2936.15 LOAD: AVG 0.587294 MAX 0.648878  PROXIES: TOTAL 344 MAXPE 47 MAXPATCH 5 RefineTorusLB MEM: 0 MB
LDB: TIME 2936.15 LOAD: AVG 0.587294 MAX 0.648878  PROXIES: TOTAL 344 MAXPE 47 MAXPATCH 5 RefineTorusLB MEM: 0 MB
LDB: ============== END OF LOAD BALANCING =============== 2936.15
Info: useSync: 0 useProxySync: 0
LDB: =============== DONE WITH MIGRATION ================ 2936.15
TIMING: 401000  CPU: 2930.45, 0.00734458/step  Wall: 2939.19, 0.00738222/step, 1.22832 hours remaining, 0.000000 MB of memory in use.
PERFORMANCE: 401000  averaging 23.5762 ns/day, 0.00732942 sec/step with standard deviation 5.31631e-05
ENERGY:  401000       377.0442      1080.5332      1340.9689        19.3042        -587684.3485     41812.4852        50.5289         0.0000     48365.6240        -494637.8599       292.2057   -543003.4839   -494530.8721       291.7375           -158.7496      -128.5836    833888.8545        -1.8122        -1.7256

TIMING: 402000  CPU: 2937.78, 0.0073307/step  Wall: 2946.53, 0.00734348/step, 1.21983 hours remaining, 0.000000 MB of memory in use.
PERFORMANCE: 402000  averaging 23.5761 ns/day, 0.00732945 sec/step with standard deviation 5.31014e-05
ENERGY:  402000       388.6973      1094.8030      1346.2486        17.2705        -588398.6277     42073.6745        49.4541         0.0000     48535.6678        -494892.8120       293.2330   -543428.4798   -494782.0139       291.5755            -73.5193       -42.2630    831259.8900         3.2489         3.2127

TIMING: 403000  CPU: 2945.11, 0.00732718/step  Wall: 2953.88, 0.007342/step, 1.21755 hours remaining, 0.000000 MB of memory in use.
PERFORMANCE: 403000  averaging 23.576 ns/day, 0.00732948 sec/step with standard deviation 5.3039e-05
ENERGY:  403000       386.1390      1052.2604      1359.1024        17.1490        -587610.9135     42059.1437        45.7889         0.0000     48116.3628        -494574.9673       290.6998   -542691.3301   -494462.0273       292.0850             -1.9479        31.8434    831448.0362         3.8724         3.9479

TIMING: 404000  CPU: 2952.46, 0.00735252/step  Wall: 2961.24, 0.00736371/step, 1.2191 hours remaining, 0.000000 MB of memory in use.
PERFORMANCE: 404000  averaging 23.5757 ns/day, 0.00732957 sec/step with standard deviation 5.30005e-05
ENERGY:  404000       386.8776      1051.0715      1377.6470        17.8318        -588203.5578     42451.2083        47.2887         0.0000     48207.4325        -494664.2004       291.2500   -542871.6329   -494563.5578       291.9100            188.0402       219.8963    829225.9220        -0.9793        -1.0373

LDB: ============= START OF LOAD BALANCING ============== 2964.81
LDB: ============== END OF LOAD BALANCING =============== 2964.81
Info: useSync: 0 useProxySync: 0
LDB: =============== DONE WITH MIGRATION ================ 2964.81
LDB: ============= START OF LOAD BALANCING ============== 2965.55
LDB: TIME 2965.55 LOAD: AVG 0.5857 MAX 0.649943  PROXIES: TOTAL 344 MAXPE 47 MAXPATCH 5 None MEM: 0 MB
LDB: TIME 2965.55 LOAD: AVG 0.5857 MAX 0.649943  PROXIES: TOTAL 344 MAXPE 47 MAXPATCH 5 RefineTorusLB MEM: 0 MB
LDB: TIME 2965.55 LOAD: AVG 0.5857 MAX 0.649943  PROXIES: TOTAL 344 MAXPE 47 MAXPATCH 5 RefineTorusLB MEM: 0 MB
LDB: ============== END OF LOAD BALANCING =============== 2965.55
Info: useSync: 0 useProxySync: 0
LDB: =============== DONE WITH MIGRATION ================ 2965.55
WRITING COORDINATES TO DCD FILE eq1.dcd AT STEP 405000
TIMING: 405000  CPU: 2959.81, 0.00735115/step  Wall: 2968.6, 0.0073568/step, 1.21592 hours remaining, 0.000000 MB of memory in use.
PERFORMANCE: 405000  averaging 23.5755 ns/day, 0.00732963 sec/step with standard deviation 5.29521e-05
ENERGY:  405000       366.7021      1037.8668      1342.9877        17.8630        -587247.5294     42013.6155        45.3666         0.0000     48147.1401        -494275.9876       290.8857   -542423.1277   -494169.3306       291.8828             19.9065        53.1654    831469.4553         2.3801         2.4380

TIMING: 406000  CPU: 2967.15, 0.007336/step  Wall: 2975.94, 0.00734427/step, 1.2118 hours remaining, 0.000000 MB of memory in use.
PERFORMANCE: 406000  averaging 23.5754 ns/day, 0.00732967 sec/step with standard deviation 5.28917e-05
ENERGY:  406000       371.3038      1051.7809      1358.1554        19.3410        -588281.5937     42607.7982        39.9971         0.0000     48571.8937        -494261.3236       293.4519   -542833.2173   -494163.2250       292.3419            199.6284       232.2283    830271.0033        -2.8095        -2.8157

TIMING: 407000  CPU: 2974.48, 0.00732705/step  Wall: 2983.28, 0.0073361/step, 1.20842 hours remaining, 0.000000 MB of memory in use.
PERFORMANCE: 407000  averaging 23.5754 ns/day, 0.00732969 sec/step with standard deviation 5.28275e-05
ENERGY:  407000       366.2145      1065.9521      1329.8462        16.7148        -588179.2334     42304.4140        50.1085         0.0000     48311.0459        -494734.9374       291.8760   -543045.9833   -494621.2019       292.1060             92.1512       123.4465    831096.9831         4.1105         4.1243

TIMING: 408000  CPU: 2981.81, 0.00733047/step  Wall: 2990.62, 0.00734219/step, 1.20738 hours remaining, 0.000000 MB of memory in use.
PERFORMANCE: 408000  averaging 23.5753 ns/day, 0.00732972 sec/step with standard deviation 5.27662e-05
ENERGY:  408000       419.7099      1032.7201      1344.4319        15.0787        -587882.8798     42110.4407        50.4222         0.0000     48430.6122        -494479.4642       292.5983   -542910.0764   -494373.1850       292.0427             -3.5227        30.0558    831064.1210         4.0944         4.1235

LDB: ============= START OF LOAD BALANCING ============== 2994.2
LDB: ============== END OF LOAD BALANCING =============== 2994.2
Info: useSync: 0 useProxySync: 0
LDB: =============== DONE WITH MIGRATION ================ 2994.2
LDB: ============= START OF LOAD BALANCING ============== 2994.93
LDB: TIME 2994.93 LOAD: AVG 0.586054 MAX 0.646987  PROXIES: TOTAL 344 MAXPE 47 MAXPATCH 5 None MEM: 0 MB
LDB: TIME 2994.93 LOAD: AVG 0.586054 MAX 0.646987  PROXIES: TOTAL 344 MAXPE 47 MAXPATCH 5 RefineTorusLB MEM: 0 MB
LDB: TIME 2994.93 LOAD: AVG 0.586054 MAX 0.646987  PROXIES: TOTAL 344 MAXPE 47 MAXPATCH 5 RefineTorusLB MEM: 0 MB
LDB: ============== END OF LOAD BALANCING =============== 2994.93
Info: useSync: 0 useProxySync: 0
LDB: =============== DONE WITH MIGRATION ================ 2994.93
TIMING: 409000  CPU: 2989.15, 0.00734697/step  Wall: 2997.97, 0.00735453/step, 1.20737 hours remaining, 0.000000 MB of memory in use.
PERFORMANCE: 409000  averaging 23.5751 ns/day, 0.00732978 sec/step with standard deviation 5.27158e-05
ENERGY:  409000       358.6545      1094.5292      1359.8944        15.4263        -587699.3492     42179.2864        45.5475         0.0000     48334.4852        -494311.5256       292.0176   -542646.0109   -494204.0652       292.3376            146.0603       180.3787    830265.2226        -5.3006        -5.3310

WRITING COORDINATES TO DCD FILE eq1.dcd AT STEP 410000
WRITING COORDINATES TO RESTART FILE AT STEP 410000
FINISHED WRITING RESTART COORDINATES
TIMING: 410000  CPU: 2996.53, 0.0073785/step  Wall: 3005.38, 0.00740787/step, 1.21407 hours remaining, 0.000000 MB of memory in use.
PERFORMANCE: 410000  averaging 23.5745 ns/day, 0.00732997 sec/step with standard deviation 5.27923e-05
ETITLE:      TS           BOND          ANGLE          DIHED          IMPRP               ELECT            VDW       BOUNDARY           MISC        KINETIC               TOTAL           TEMP      POTENTIAL         TOTAL3        TEMPAVG            PRESSURE      GPRESSURE         VOLUME       PRESSAVG      GPRESSAVG

ENERGY:  410000       393.9416      1107.7163      1358.2804        15.4764        -587730.4229     41962.9642        50.0264         0.0000     48490.2400        -494351.7776       292.9586   -542842.0176   -494248.8849       292.0256            -68.5940       -36.4012    830715.1364        -1.0916        -1.1464

WRITING EXTENDED SYSTEM TO RESTART FILE AT STEP 410000
WRITING VELOCITIES TO RESTART FILE AT STEP 410000
FINISHED WRITING RESTART VELOCITIES
TIMING: 411000  CPU: 3003.9, 0.00736262/step  Wall: 3012.78, 0.00740269/step, 1.21116 hours remaining, 0.000000 MB of memory in use.
PERFORMANCE: 411000  averaging 23.5739 ns/day, 0.00733015 sec/step with standard deviation 5.28498e-05
ENERGY:  411000       366.1480      1044.8350      1342.2528        16.9494        -587243.7595     41915.5788        44.5906         0.0000     48426.5415        -494086.8635       292.5737   -542513.4050   -493984.3249       292.1189             -0.1860        33.3580    830401.1720        -4.6074        -4.6567

TIMING: 412000  CPU: 3011.23, 0.00733455/step  Wall: 3020.12, 0.00734107/step, 1.19904 hours remaining, 0.000000 MB of memory in use.
PERFORMANCE: 412000  averaging 23.5738 ns/day, 0.00733017 sec/step with standard deviation 5.27882e-05
ENERGY:  412000       399.6652      1036.9990      1357.9119        18.3910        -587033.6387     41631.5861        45.9699         0.0000     48439.0421        -494104.0734       292.6493   -542543.1156   -494001.2624       293.1977           -168.5115      -136.9281    831865.0933         1.0899         1.1171

LDB: ============= START OF LOAD BALANCING ============== 3023.7
LDB: ============== END OF LOAD BALANCING =============== 3023.7
Info: useSync: 0 useProxySync: 0
LDB: =============== DONE WITH MIGRATION ================ 3023.7
LDB: ============= START OF LOAD BALANCING ============== 3024.44
LDB: TIME 3024.44 LOAD: AVG 0.586919 MAX 0.647343  PROXIES: TOTAL 344 MAXPE 47 MAXPATCH 5 None MEM: 0 MB
LDB: TIME 3024.44 LOAD: AVG 0.586919 MAX 0.647343  PROXIES: TOTAL 344 MAXPE 47 MAXPATCH 5 RefineTorusLB MEM: 0 MB
LDB: TIME 3024.44 LOAD: AVG 0.586919 MAX 0.647343  PROXIES: TOTAL 344 MAXPE 47 MAXPATCH 5 RefineTorusLB MEM: 0 MB
LDB: Reverting to original mapping
LDB: ============== END OF LOAD BALANCING =============== 3024.44
Info: useSync: 0 useProxySync: 0
LDB: =============== DONE WITH MIGRATION ================ 3024.44
TIMING: 413000  CPU: 3018.58, 0.00734682/step  Wall: 3027.48, 0.00735547/step, 1.19935 hours remaining, 0.000000 MB of memory in use.
PERFORMANCE: 413000  averaging 23.5736 ns/day, 0.00733023 sec/step with standard deviation 5.27388e-05
ENERGY:  413000       390.1854      1075.8097      1358.0663        16.9570        -587690.1046     42057.0644        47.0089         0.0000     48132.8551        -494612.1579       290.7994   -542745.0129   -494510.7290       292.4279            -47.1160       -15.0822    831702.1155         3.7220         3.6707

TIMING: 414000  CPU: 3025.92, 0.00734319/step  Wall: 3034.83, 0.00735273/step, 1.19686 hours remaining, 0.000000 MB of memory in use.
PERFORMANCE: 414000  averaging 23.5734 ns/day, 0.00733029 sec/step with standard deviation 5.26865e-05
ENERGY:  414000       394.9796      1103.0847      1346.5041        18.7073        -587733.9010     42213.7672        40.4998         0.0000     48390.9732        -494225.3852       292.3588   -542616.3584   -494113.1867       292.4473            135.7510       164.9945    829078.7475         1.4655         1.5124

WRITING COORDINATES TO DCD FILE eq1.dcd AT STEP 415000
TIMING: 415000  CPU: 3033.25, 0.00733098/step  Wall: 3042.17, 0.00734187/step, 1.19305 hours remaining, 0.000000 MB of memory in use.
PERFORMANCE: 415000  averaging 23.5733 ns/day, 0.00733032 sec/step with standard deviation 5.26259e-05
ENERGY:  415000       411.5875      1101.5958      1343.5636        18.2742        -587713.0919     42103.3631        43.5519         0.0000     48286.8193        -494404.3366       291.7296   -542691.1559   -494304.5915       293.1798            -29.3282         7.1645    830735.2892        -0.0176        -0.0340

TIMING: 416000  CPU: 3040.6, 0.00734726/step  Wall: 3049.53, 0.00735532/step, 1.1932 hours remaining, 0.000000 MB of memory in use.
PERFORMANCE: 416000  averaging 23.5731 ns/day, 0.00733038 sec/step with standard deviation 5.25768e-05
ENERGY:  416000       433.6025      1059.1519      1355.1609        21.2003        -587345.4688     41853.4297        42.4239         0.0000     48475.3158        -494105.1839       292.8684   -542580.4997   -493984.2259       293.1718           -122.0169       -91.2602    833097.1885         5.7614         5.8128

LDB: ============= START OF LOAD BALANCING ============== 3053.09
LDB: ============== END OF LOAD BALANCING =============== 3053.09
Info: useSync: 0 useProxySync: 0
LDB: =============== DONE WITH MIGRATION ================ 3053.09
LDB: ============= START OF LOAD BALANCING ============== 3053.83
LDB: TIME 3053.83 LOAD: AVG 0.586544 MAX 0.646662  PROXIES: TOTAL 344 MAXPE 47 MAXPATCH 5 None MEM: 0 MB
LDB: TIME 3053.83 LOAD: AVG 0.586544 MAX 0.646662  PROXIES: TOTAL 344 MAXPE 47 MAXPATCH 5 RefineTorusLB MEM: 0 MB
LDB: TIME 3053.83 LOAD: AVG 0.586544 MAX 0.646662  PROXIES: TOTAL 344 MAXPE 47 MAXPATCH 5 RefineTorusLB MEM: 0 MB
LDB: Reverting to original mapping
LDB: ============== END OF LOAD BALANCING =============== 3053.83
Info: useSync: 0 useProxySync: 0
LDB: =============== DONE WITH MIGRATION ================ 3053.83
TIMING: 417000  CPU: 3047.93, 0.00733476/step  Wall: 3056.87, 0.00734241/step, 1.18906 hours remaining, 0.000000 MB of memory in use.
PERFORMANCE: 417000  averaging 23.5731 ns/day, 0.0073304 sec/step with standard deviation 5.25168e-05
ENERGY:  417000       379.7403      1077.6081      1354.0611        16.8870        -587543.8405     41865.5926        40.3371         0.0000     48653.7208        -494155.8935       293.9463   -542809.6143   -494052.2668       293.0623            -92.0454       -57.3052    832866.9847         1.7860         1.8140

TIMING: 418000  CPU: 3055.31, 0.00737968/step  Wall: 3064.26, 0.00738782/step, 1.19436 hours remaining, 0.000000 MB of memory in use.
PERFORMANCE: 418000  averaging 23.5726 ns/day, 0.00733054 sec/step with standard deviation 5.2529e-05
ENERGY:  418000       413.8341      1059.6275      1343.1072        12.5459        -587734.4244     42249.5931        38.5179         0.0000     48392.5587        -494224.6400       292.3684   -542617.1986   -494123.2568       292.3256             90.1102       122.9920    831223.5910        -4.8973        -4.8201

TIMING: 419000  CPU: 3062.69, 0.00737527/step  Wall: 3071.65, 0.00738687/step, 1.19216 hours remaining, 0.000000 MB of memory in use.
PERFORMANCE: 419000  averaging 23.5722 ns/day, 0.00733068 sec/step with standard deviation 5.25382e-05
ENERGY:  419000       405.0549      1074.5013      1340.1180        18.8060        -587223.1514     41778.7341        46.1613         0.0000     48390.6107        -494169.1651       292.3567   -542559.7758   -494070.3922       292.6187            -86.5833       -50.2348    832098.2152         4.9240         5.0663

TIMING: 420000  CPU: 3070.08, 0.007387/step  Wall: 3079.04, 0.00739341/step, 1.19116 hours remaining, 0.000000 MB of memory in use.
PERFORMANCE: 420000  averaging 23.5717 ns/day, 0.00733083 sec/step with standard deviation 5.25647e-05
ETITLE:      TS           BOND          ANGLE          DIHED          IMPRP               ELECT            VDW       BOUNDARY           MISC        KINETIC               TOTAL           TEMP      POTENTIAL         TOTAL3        TEMPAVG            PRESSURE      GPRESSURE         VOLUME       PRESSAVG      GPRESSAVG

ENERGY:  420000       373.6673      1058.4365      1348.8034        16.4926        -586663.1998     41519.6211        48.8268         0.0000     48203.6091        -494093.7431       291.2269   -542297.3522   -493994.2619       293.2239           -180.9659      -149.1247    831922.5881        -0.5515        -0.5659

WRITING EXTENDED SYSTEM TO RESTART FILE AT STEP 420000
WRITING COORDINATES TO DCD FILE eq1.dcd AT STEP 420000
WRITING COORDINATES TO RESTART FILE AT STEP 420000
FINISHED WRITING RESTART COORDINATES
WRITING VELOCITIES TO RESTART FILE AT STEP 420000
FINISHED WRITING RESTART VELOCITIES
LDB: ============= START OF LOAD BALANCING ============== 3082.7
LDB: ============== END OF LOAD BALANCING =============== 3082.7
Info: useSync: 0 useProxySync: 0
LDB: =============== DONE WITH MIGRATION ================ 3082.7
LDB: ============= START OF LOAD BALANCING ============== 3083.44
LDB: TIME 3083.44 LOAD: AVG 0.586773 MAX 0.64743  PROXIES: TOTAL 344 MAXPE 47 MAXPATCH 5 None MEM: 0 MB
LDB: TIME 3083.44 LOAD: AVG 0.586773 MAX 0.64743  PROXIES: TOTAL 344 MAXPE 47 MAXPATCH 5 RefineTorusLB MEM: 0 MB
LDB: TIME 3083.44 LOAD: AVG 0.586773 MAX 0.64743  PROXIES: TOTAL 344 MAXPE 47 MAXPATCH 5 RefineTorusLB MEM: 0 MB
LDB: ============== END OF LOAD BALANCING =============== 3083.44
Info: useSync: 0 useProxySync: 0
LDB: =============== DONE WITH MIGRATION ================ 3083.44
TIMING: 421000  CPU: 3077.47, 0.00739154/step  Wall: 3086.49, 0.00745008/step, 1.19822 hours remaining, 0.000000 MB of memory in use.
PERFORMANCE: 421000  averaging 23.5708 ns/day, 0.00733111 sec/step with standard deviation 5.28228e-05
ENERGY:  421000       377.2050      1076.0217      1347.2653        18.1003        -587627.5061     42138.1293        44.7959         0.0000     48407.4972        -494218.4913       292.4587   -542625.9885   -494119.9956       292.6107            -29.5251         4.2277    832203.5695        -0.9790        -0.9566

TIMING: 422000  CPU: 3084.82, 0.00735593/step  Wall: 3093.85, 0.00736247/step, 1.18208 hours remaining, 0.000000 MB of memory in use.
PERFORMANCE: 422000  averaging 23.5705 ns/day, 0.00733118 sec/step with standard deviation 5.27821e-05
ENERGY:  422000       391.4127      1034.0303      1346.8382        17.9685        -588313.2763     42223.4863        45.1298         0.0000     48597.7482        -494656.6624       293.6081   -543254.4106   -494547.8728       292.6374             77.3953       108.4058    829621.5848        -0.5758        -0.6522

TIMING: 423000  CPU: 3092.13, 0.00730777/step  Wall: 3101.17, 0.00731793/step, 1.1729 hours remaining, 0.000000 MB of memory in use.
PERFORMANCE: 423000  averaging 23.5706 ns/day, 0.00733115 sec/step with standard deviation 5.27235e-05
ENERGY:  423000       398.1085      1060.0222      1339.1022        16.9543        -587515.7248     41989.5714        50.4016         0.0000     48499.3454        -494162.2191       293.0136   -542661.5645   -494061.9912       292.4274            -10.9473        23.0388    832148.4555         0.7941         0.6982

TIMING: 424000  CPU: 3099.48, 0.00735127/step  Wall: 3108.53, 0.00735737/step, 1.17718 hours remaining, 0.000000 MB of memory in use.
PERFORMANCE: 424000  averaging 23.5704 ns/day, 0.00733121 sec/step with standard deviation 5.26765e-05
ENERGY:  424000       390.5500      1049.3317      1344.5335        19.8251        -587605.5478     41905.3680        48.9724         0.0000     48435.2853        -494411.6818       292.6266   -542846.9671   -494303.2456       292.5709            -82.3109       -51.8472    832739.5860         2.1812         2.1605

LDB: ============= START OF LOAD BALANCING ============== 3112.09
LDB: ============== END OF LOAD BALANCING =============== 3112.09
Info: useSync: 0 useProxySync: 0
LDB: =============== DONE WITH MIGRATION ================ 3112.09
LDB: ============= START OF LOAD BALANCING ============== 3112.83
LDB: TIME 3112.83 LOAD: AVG 0.587709 MAX 0.64914  PROXIES: TOTAL 344 MAXPE 47 MAXPATCH 5 None MEM: 0 MB
LDB: TIME 3112.83 LOAD: AVG 0.587709 MAX 0.64914  PROXIES: TOTAL 344 MAXPE 47 MAXPATCH 5 RefineTorusLB MEM: 0 MB
LDB: TIME 3112.83 LOAD: AVG 0.587709 MAX 0.64914  PROXIES: TOTAL 344 MAXPE 47 MAXPATCH 5 RefineTorusLB MEM: 0 MB
LDB: Reverting to original mapping
LDB: ============== END OF LOAD BALANCING =============== 3112.83
Info: useSync: 0 useProxySync: 0
LDB: =============== DONE WITH MIGRATION ================ 3112.83
WRITING COORDINATES TO DCD FILE eq1.dcd AT STEP 425000
TIMING: 425000  CPU: 3106.84, 0.00735956/step  Wall: 3115.9, 0.00736981/step, 1.17712 hours remaining, 0.000000 MB of memory in use.
PERFORMANCE: 425000  averaging 23.5702 ns/day, 0.0073313 sec/step with standard deviation 5.26477e-05
ENERGY:  425000       398.4153      1080.7821      1340.8411        20.0229        -587269.4326     41697.4652        49.7393         0.0000     48346.1933        -494335.9734       292.0883   -542682.1667   -494233.8824       292.3167           -167.8209      -134.8537    829971.7595        -0.6506        -0.6207

TIMING: 426000  CPU: 3114.24, 0.00740282/step  Wall: 3123.31, 0.00741341/step, 1.18203 hours remaining, 0.000000 MB of memory in use.
PERFORMANCE: 426000  averaging 23.5695 ns/day, 0.0073315 sec/step with standard deviation 5.27359e-05
ENERGY:  426000       355.0640      1083.7471      1359.9441        16.8534        -587383.0706     41877.6809        50.5199         0.0000     48320.7405        -494318.5207       291.9345   -542639.2612   -494213.7659       292.3221            -69.9337       -36.6297    832111.7508         2.6068         2.6192

TIMING: 427000  CPU: 3121.61, 0.00736357/step  Wall: 3130.68, 0.00736934/step, 1.17295 hours remaining, 0.000000 MB of memory in use.
PERFORMANCE: 427000  averaging 23.5693 ns/day, 0.00733159 sec/step with standard deviation 5.27058e-05
ENERGY:  427000       386.9970      1078.4498      1338.5368        17.8641        -588016.4676     42306.7820        58.8983         0.0000     48348.1966        -494480.7429       292.1004   -542828.9395   -494386.9314       292.3038             95.9817       128.9532    831218.7312        -3.7483        -3.7489

TIMING: 428000  CPU: 3128.96, 0.00735627/step  Wall: 3138.05, 0.0073648/step, 1.17018 hours remaining, 0.000000 MB of memory in use.
PERFORMANCE: 428000  averaging 23.569 ns/day, 0.00733166 sec/step with standard deviation 5.26686e-05
ENERGY:  428000       356.9231      1016.7148      1348.5675        15.1969        -588373.9326     42526.0264        44.3306         0.0000     48338.7188        -494727.4545       292.0431   -543066.1733   -494618.9856       291.8351            135.0476       171.1668    831962.0479         2.0720         2.0579

LDB: ============= START OF LOAD BALANCING ============== 3141.63
LDB: ============== END OF LOAD BALANCING =============== 3141.63
Info: useSync: 0 useProxySync: 0
LDB: =============== DONE WITH MIGRATION ================ 3141.63
LDB: ============= START OF LOAD BALANCING ============== 3142.37
LDB: TIME 3142.37 LOAD: AVG 0.587598 MAX 0.652244  PROXIES: TOTAL 344 MAXPE 47 MAXPATCH 5 None MEM: 0 MB
LDB: TIME 3142.37 LOAD: AVG 0.587598 MAX 0.652244  PROXIES: TOTAL 344 MAXPE 47 MAXPATCH 5 RefineTorusLB MEM: 0 MB
LDB: TIME 3142.37 LOAD: AVG 0.587598 MAX 0.652244  PROXIES: TOTAL 344 MAXPE 47 MAXPATCH 5 RefineTorusLB MEM: 0 MB
LDB: Reverting to original mapping
LDB: ============== END OF LOAD BALANCING =============== 3142.37
Info: useSync: 0 useProxySync: 0
LDB: =============== DONE WITH MIGRATION ================ 3142.37
TIMING: 429000  CPU: 3136.33, 0.00736836/step  Wall: 3145.42, 0.00737879/step, 1.17036 hours remaining, 0.000000 MB of memory in use.
PERFORMANCE: 429000  averaging 23.5687 ns/day, 0.00733177 sec/step with standard deviation 5.26562e-05
ENERGY:  429000       402.9637      1063.2788      1355.9305        16.3369        -587623.1537     41860.4691        50.0198         0.0000     48423.8972        -494450.2576       292.5578   -542874.1548   -494349.9518       291.4021           -150.5025      -116.5773    832936.7683         2.8971         2.8657

WRITING COORDINATES TO DCD FILE eq1.dcd AT STEP 430000
WRITING COORDINATES TO RESTART FILE AT STEP 430000
FINISHED WRITING RESTART COORDINATES
TIMING: 430000  CPU: 3143.69, 0.00735557/step  Wall: 3152.81, 0.00738906/step, 1.16993 hours remaining, 0.000000 MB of memory in use.
PERFORMANCE: 430000  averaging 23.5682 ns/day, 0.00733191 sec/step with standard deviation 5.26673e-05
ETITLE:      TS           BOND          ANGLE          DIHED          IMPRP               ELECT            VDW       BOUNDARY           MISC        KINETIC               TOTAL           TEMP      POTENTIAL         TOTAL3        TEMPAVG            PRESSURE      GPRESSURE         VOLUME       PRESSAVG      GPRESSAVG

ENERGY:  430000       381.7997      1037.3735      1356.1713        17.0369        -587429.4118     41622.5043        48.7051         0.0000     48249.5763        -494716.2447       291.5046   -542965.8210   -494599.6434       291.5757           -152.5156      -117.0253    831331.3965        -3.1851        -3.1442

WRITING EXTENDED SYSTEM TO RESTART FILE AT STEP 430000
WRITING VELOCITIES TO RESTART FILE AT STEP 430000
FINISHED WRITING RESTART VELOCITIES
TIMING: 431000  CPU: 3151.04, 0.00735618/step  Wall: 3160.21, 0.0073927/step, 1.16846 hours remaining, 0.000000 MB of memory in use.
PERFORMANCE: 431000  averaging 23.5678 ns/day, 0.00733205 sec/step with standard deviation 5.26874e-05
ENERGY:  431000       391.2357      1072.7984      1348.8403        18.4255        -587539.2639     42022.9357        38.3722         0.0000     48165.7783        -494480.8779       290.9983   -542646.6562   -494369.6094       291.8879            -22.9356        11.2615    832014.5346        -0.7772        -0.7658

TIMING: 432000  CPU: 3158.39, 0.00734684/step  Wall: 3167.56, 0.00735759/step, 1.16086 hours remaining, 0.000000 MB of memory in use.
PERFORMANCE: 432000  averaging 23.5676 ns/day, 0.00733211 sec/step with standard deviation 5.26406e-05
ENERGY:  432000       414.0061       992.4430      1364.0970        16.5872        -587465.6046     42007.7980        47.3385         0.0000     48244.2357        -494379.0991       291.4723   -542623.3348   -494276.4822       292.1393            -42.9320        -9.1715    832844.6927         1.6486         1.6227

LDB: ============= START OF LOAD BALANCING ============== 3171.13
LDB: ============== END OF LOAD BALANCING =============== 3171.13
Info: useSync: 0 useProxySync: 0
LDB: =============== DONE WITH MIGRATION ================ 3171.13
LDB: ============= START OF LOAD BALANCING ============== 3171.87
LDB: TIME 3171.87 LOAD: AVG 0.588664 MAX 0.652636  PROXIES: TOTAL 344 MAXPE 47 MAXPATCH 5 None MEM: 0 MB
LDB: TIME 3171.87 LOAD: AVG 0.588664 MAX 0.652636  PROXIES: TOTAL 344 MAXPE 47 MAXPATCH 5 RefineTorusLB MEM: 0 MB
LDB: TIME 3171.87 LOAD: AVG 0.588664 MAX 0.652636  PROXIES: TOTAL 344 MAXPE 47 MAXPATCH 5 RefineTorusLB MEM: 0 MB
LDB: Reverting to original mapping
LDB: ============== END OF LOAD BALANCING =============== 3171.87
Info: useSync: 0 useProxySync: 0
LDB: =============== DONE WITH MIGRATION ================ 3171.87
TIMING: 433000  CPU: 3165.76, 0.0073663/step  Wall: 3174.94, 0.00738087/step, 1.16249 hours remaining, 0.000000 MB of memory in use.
PERFORMANCE: 433000  averaging 23.5672 ns/day, 0.00733222 sec/step with standard deviation 5.26318e-05
ENERGY:  433000       408.6607      1040.5602      1351.4511        16.0882        -587767.8530     41851.1507        48.7745         0.0000     48516.5013        -494534.6664       293.1172   -543051.1677   -494422.1672       291.7879           -177.3480      -145.9244    833016.5027        -0.3639        -0.3397

TIMING: 434000  CPU: 3173.09, 0.00733078/step  Wall: 3182.29, 0.00734505/step, 1.15481 hours remaining, 0.000000 MB of memory in use.
PERFORMANCE: 434000  averaging 23.5671 ns/day, 0.00733225 sec/step with standard deviation 5.25746e-05
ENERGY:  434000       386.7064      1030.7876      1373.3663        14.0853        -587925.0778     42172.8288        47.3485         0.0000     48195.8508        -494704.1040       291.1800   -542899.9548   -494599.9073       291.6463             14.2583        50.0990    831852.3471         2.2440         2.2559

WRITING COORDINATES TO DCD FILE eq1.dcd AT STEP 435000
TIMING: 435000  CPU: 3180.42, 0.00733462/step  Wall: 3189.64, 0.00734929/step, 1.15343 hours remaining, 0.000000 MB of memory in use.
PERFORMANCE: 435000  averaging 23.567 ns/day, 0.00733229 sec/step with standard deviation 5.25204e-05
ENERGY:  435000       400.0236      1092.1637      1352.9988        14.1246        -588101.2873     41988.8908        39.9097         0.0000     48551.8218        -494661.3542       293.3306   -543213.1760   -494551.7465       291.8225            -45.3333       -11.7287    831253.8034        -3.6471        -3.6143

TIMING: 436000  CPU: 3187.74, 0.00731844/step  Wall: 3196.97, 0.00733176/step, 1.14864 hours remaining, 0.000000 MB of memory in use.
PERFORMANCE: 436000  averaging 23.567 ns/day, 0.00733229 sec/step with standard deviation 5.246e-05
ENERGY:  436000       388.0684      1103.7075      1364.2026        20.7958        -588560.2326     42523.1868        47.3580         0.0000     48166.9649        -494945.9486       291.0055   -543112.9136   -494844.9958       291.2649            164.3044       195.9612    832028.4133         6.4096         6.4290

LDB: ============= START OF LOAD BALANCING ============== 3200.53
LDB: ============== END OF LOAD BALANCING =============== 3200.53
Info: useSync: 0 useProxySync: 0
LDB: =============== DONE WITH MIGRATION ================ 3200.53
LDB: ============= START OF LOAD BALANCING ============== 3201.27
LDB: TIME 3201.27 LOAD: AVG 0.589544 MAX 0.651036  PROXIES: TOTAL 344 MAXPE 47 MAXPATCH 5 None MEM: 0 MB
LDB: TIME 3201.27 LOAD: AVG 0.589544 MAX 0.651036  PROXIES: TOTAL 344 MAXPE 47 MAXPATCH 5 RefineTorusLB MEM: 0 MB
LDB: TIME 3201.27 LOAD: AVG 0.589544 MAX 0.651036  PROXIES: TOTAL 344 MAXPE 47 MAXPATCH 5 RefineTorusLB MEM: 0 MB
LDB: ============== END OF LOAD BALANCING =============== 3201.27
Info: useSync: 0 useProxySync: 0
LDB: =============== DONE WITH MIGRATION ================ 3201.27
TIMING: 437000  CPU: 3195.07, 0.00733024/step  Wall: 3204.32, 0.00734489/step, 1.14866 hours remaining, 0.000000 MB of memory in use.
PERFORMANCE: 437000  averaging 23.5669 ns/day, 0.00733232 sec/step with standard deviation 5.24033e-05
ENERGY:  437000       398.6834      1087.6806      1353.7902        15.1017        -587845.2141     42055.3550        50.0874         0.0000     48534.1237        -494350.3920       293.2237   -542884.5157   -494241.1422       292.1497            -47.6489       -17.6939    832829.0798        -1.2468        -1.2806

TIMING: 438000  CPU: 3202.41, 0.00733847/step  Wall: 3211.67, 0.00735088/step, 1.14755 hours remaining, 0.000000 MB of memory in use.
PERFORMANCE: 438000  averaging 23.5668 ns/day, 0.00733236 sec/step with standard deviation 5.23508e-05
ENERGY:  438000       404.5954      1056.8799      1357.5568        15.5237        -587571.6392     41893.3180        45.2645         0.0000     48222.7807        -494575.7201       291.3427   -542798.5008   -494467.3835       292.1847           -120.8134       -89.9532    832355.2031         1.2803         1.2871

TIMING: 439000  CPU: 3209.73, 0.00731864/step  Wall: 3219, 0.00733312/step, 1.14275 hours remaining, 0.000000 MB of memory in use.
PERFORMANCE: 439000  averaging 23.5668 ns/day, 0.00733236 sec/step with standard deviation 5.2291e-05
ENERGY:  439000       391.0967      1111.8439      1357.7000        17.3885        -587559.8179     41634.0662        42.4175         0.0000     48201.6694        -494803.6357       291.2151   -543005.3051   -494698.3950       291.4726           -224.4213      -192.3648    831757.4336         2.2181         2.1558

TIMING: 440000  CPU: 3217.08, 0.00735/step  Wall: 3226.36, 0.00736065/step, 1.14499 hours remaining, 0.000000 MB of memory in use.
PERFORMANCE: 440000  averaging 23.5666 ns/day, 0.00733242 sec/step with standard deviation 5.22488e-05
ETITLE:      TS           BOND          ANGLE          DIHED          IMPRP               ELECT            VDW       BOUNDARY           MISC        KINETIC               TOTAL           TEMP      POTENTIAL         TOTAL3        TEMPAVG            PRESSURE      GPRESSURE         VOLUME       PRESSAVG      GPRESSAVG

ENERGY:  440000       393.3241      1065.0745      1330.2147        19.8994        -587635.6330     41918.2840        44.7722         0.0000     48064.6969        -494799.3670       290.3876   -542864.0639   -494695.1979       291.5967            -11.9981        20.3644    830391.3306        -8.6726        -8.6212

WRITING EXTENDED SYSTEM TO RESTART FILE AT STEP 440000
WRITING COORDINATES TO DCD FILE eq1.dcd AT STEP 440000
WRITING COORDINATES TO RESTART FILE AT STEP 440000
FINISHED WRITING RESTART COORDINATES
WRITING VELOCITIES TO RESTART FILE AT STEP 440000
FINISHED WRITING RESTART VELOCITIES
LDB: ============= START OF LOAD BALANCING ============== 3230
LDB: ============== END OF LOAD BALANCING =============== 3230
Info: useSync: 0 useProxySync: 0
LDB: =============== DONE WITH MIGRATION ================ 3230
LDB: ============= START OF LOAD BALANCING ============== 3230.74
LDB: TIME 3230.74 LOAD: AVG 0.586898 MAX 0.65327  PROXIES: TOTAL 344 MAXPE 47 MAXPATCH 5 None MEM: 0 MB
LDB: TIME 3230.74 LOAD: AVG 0.586898 MAX 0.65327  PROXIES: TOTAL 344 MAXPE 47 MAXPATCH 5 RefineTorusLB MEM: 0 MB
LDB: TIME 3230.74 LOAD: AVG 0.586898 MAX 0.65327  PROXIES: TOTAL 344 MAXPE 47 MAXPATCH 5 RefineTorusLB MEM: 0 MB
LDB: ============== END OF LOAD BALANCING =============== 3230.74
Info: useSync: 0 useProxySync: 0
LDB: =============== DONE WITH MIGRATION ================ 3230.74
TIMING: 441000  CPU: 3224.46, 0.00738354/step  Wall: 3233.8, 0.00744148/step, 1.1555 hours remaining, 0.000000 MB of memory in use.
PERFORMANCE: 441000  averaging 23.5658 ns/day, 0.00733267 sec/step with standard deviation 5.24472e-05
ENERGY:  441000       402.5198      1058.5913      1345.1493        16.9544        -587634.7356     42125.9114        42.7978         0.0000     48118.6184        -494524.1932       290.7134   -542642.8115   -494429.0488       292.0616             -4.2524        28.0453    831804.4611         3.0327         3.0576

TIMING: 442000  CPU: 3231.83, 0.00736591/step  Wall: 3241.18, 0.00737827/step, 1.14363 hours remaining, 0.000000 MB of memory in use.
PERFORMANCE: 442000  averaging 23.5654 ns/day, 0.00733277 sec/step with standard deviation 5.24325e-05
ENERGY:  442000       409.5227      1084.9726      1335.9794        15.8341        -587527.5963     41954.6402        51.2038         0.0000     48366.2448        -494309.1989       292.2094   -542675.4436   -494200.9068       291.9094            -59.0549       -27.9527    832960.3725         2.2969         2.2632

TIMING: 443000  CPU: 3239.17, 0.00734631/step  Wall: 3248.54, 0.00736214/step, 1.13909 hours remaining, 0.000000 MB of memory in use.
PERFORMANCE: 443000  averaging 23.5652 ns/day, 0.00733284 sec/step with standard deviation 5.23918e-05
ENERGY:  443000       396.6913      1055.4137      1350.6364        11.7240        -587763.4302     41868.2389        49.1054         0.0000     48420.7850        -494610.8356       292.5390   -543031.6206   -494495.5119       291.9902            -63.3514       -29.6344    830159.6184        -1.4713        -1.4398

TIMING: 444000  CPU: 3246.53, 0.00735696/step  Wall: 3255.91, 0.0073683/step, 1.13799 hours remaining, 0.000000 MB of memory in use.
PERFORMANCE: 444000  averaging 23.565 ns/day, 0.00733292 sec/step with standard deviation 5.23596e-05
ENERGY:  444000       419.0310      1104.7907      1346.2433        13.5434        -587528.0338     41680.2193        47.7528         0.0000     48176.1861        -494740.2673       291.0612   -542916.4534   -494646.3357       291.6837           -223.4875      -186.8557    831101.4841         5.9118         5.8545

LDB: ============= START OF LOAD BALANCING ============== 3259.48
LDB: ============== END OF LOAD BALANCING =============== 3259.48
Info: useSync: 0 useProxySync: 0
LDB: =============== DONE WITH MIGRATION ================ 3259.48
LDB: ============= START OF LOAD BALANCING ============== 3260.21
LDB: TIME 3260.21 LOAD: AVG 0.586355 MAX 0.648295  PROXIES: TOTAL 344 MAXPE 47 MAXPATCH 5 None MEM: 0 MB
LDB: TIME 3260.21 LOAD: AVG 0.586355 MAX 0.648295  PROXIES: TOTAL 344 MAXPE 47 MAXPATCH 5 RefineTorusLB MEM: 0 MB
LDB: TIME 3260.21 LOAD: AVG 0.586355 MAX 0.648295  PROXIES: TOTAL 344 MAXPE 47 MAXPATCH 5 RefineTorusLB MEM: 0 MB
LDB: Reverting to original mapping
LDB: ============== END OF LOAD BALANCING =============== 3260.21
Info: useSync: 0 useProxySync: 0
LDB: =============== DONE WITH MIGRATION ================ 3260.21
WRITING COORDINATES TO DCD FILE eq1.dcd AT STEP 445000
TIMING: 445000  CPU: 3253.89, 0.00735893/step  Wall: 3263.28, 0.00736809/step, 1.13591 hours remaining, 0.000000 MB of memory in use.
PERFORMANCE: 445000  averaging 23.5647 ns/day, 0.007333 sec/step with standard deviation 5.23272e-05
ENERGY:  445000       388.9946      1097.7022      1341.9328        16.1582        -587096.4909     41319.9781        45.3813         0.0000     48270.2468        -494616.0971       291.6295   -542886.3439   -494512.7581       292.0213           -218.8597      -187.0736    830332.2026         5.3395         5.4135

TIMING: 446000  CPU: 3261.22, 0.00733142/step  Wall: 3270.62, 0.00734026/step, 1.12958 hours remaining, 0.000000 MB of memory in use.
PERFORMANCE: 446000  averaging 23.5647 ns/day, 0.00733302 sec/step with standard deviation 5.22695e-05
ENERGY:  446000       394.2647      1074.3903      1344.6859        18.7043        -588660.3204     42658.5209        42.7883         0.0000     48399.5964        -494727.3696       292.4109   -543126.9660   -494619.4376       292.2412            113.1031       146.1277    831243.9523         1.4259         1.3920

TIMING: 447000  CPU: 3268.54, 0.00731946/step  Wall: 3277.95, 0.00733082/step, 1.1261 hours remaining, 0.000000 MB of memory in use.
PERFORMANCE: 447000  averaging 23.5647 ns/day, 0.00733301 sec/step with standard deviation 5.2211e-05
ENERGY:  447000       377.1497      1106.1827      1353.4104        20.7093        -588430.3588     42235.7801        44.7658         0.0000     48445.6022        -494846.7586       292.6889   -543292.3608   -494757.1126       291.4502             19.5211        52.2964    830493.3633         3.0884         3.1262

TIMING: 448000  CPU: 3275.88, 0.00734042/step  Wall: 3285.3, 0.00735096/step, 1.12715 hours remaining, 0.000000 MB of memory in use.
PERFORMANCE: 448000  averaging 23.5645 ns/day, 0.00733305 sec/step with standard deviation 5.21595e-05
ENERGY:  448000       409.8194      1097.1848      1366.2937        18.1664        -587810.3229     42278.1718        40.2007         0.0000     48061.8702        -494538.6160       290.3705   -542600.4861   -494435.1739       291.6487            -38.3845        -4.1223    832009.3682        -0.7430        -0.7511

LDB: ============= START OF LOAD BALANCING ============== 3288.88
LDB: ============== END OF LOAD BALANCING =============== 3288.88
Info: useSync: 0 useProxySync: 0
LDB: =============== DONE WITH MIGRATION ================ 3288.88
LDB: ============= START OF LOAD BALANCING ============== 3289.61
LDB: TIME 3289.61 LOAD: AVG 0.586123 MAX 0.649041  PROXIES: TOTAL 344 MAXPE 47 MAXPATCH 5 None MEM: 0 MB
LDB: TIME 3289.61 LOAD: AVG 0.586123 MAX 0.649041  PROXIES: TOTAL 344 MAXPE 47 MAXPATCH 5 RefineTorusLB MEM: 0 MB
LDB: TIME 3289.61 LOAD: AVG 0.586123 MAX 0.649041  PROXIES: TOTAL 344 MAXPE 47 MAXPATCH 5 RefineTorusLB MEM: 0 MB
LDB: ============== END OF LOAD BALANCING =============== 3289.61
Info: useSync: 0 useProxySync: 0
LDB: =============== DONE WITH MIGRATION ================ 3289.61
TIMING: 449000  CPU: 3283.25, 0.00737067/step  Wall: 3292.68, 0.00738234/step, 1.12991 hours remaining, 0.000000 MB of memory in use.
PERFORMANCE: 449000  averaging 23.5642 ns/day, 0.00733316 sec/step with standard deviation 5.21531e-05
ENERGY:  449000       378.9306      1014.3522      1342.9873        18.5214        -587598.7486     42177.1268        45.1238         0.0000     48340.3379        -494281.3686       292.0529   -542621.7065   -494178.3770       291.8823             22.1244        55.4817    833301.9214         3.8473         3.7512

WRITING COORDINATES TO DCD FILE eq1.dcd AT STEP 450000
WRITING COORDINATES TO RESTART FILE AT STEP 450000
FINISHED WRITING RESTART COORDINATES
TIMING: 450000  CPU: 3290.63, 0.00738162/step  Wall: 3300.09, 0.00740828/step, 1.13182 hours remaining, 0.000000 MB of memory in use.
PERFORMANCE: 450000  averaging 23.5637 ns/day, 0.00733333 sec/step with standard deviation 5.22152e-05
ETITLE:      TS           BOND          ANGLE          DIHED          IMPRP               ELECT            VDW       BOUNDARY           MISC        KINETIC               TOTAL           TEMP      POTENTIAL         TOTAL3        TEMPAVG            PRESSURE      GPRESSURE         VOLUME       PRESSAVG      GPRESSAVG

ENERGY:  450000       408.2236      1092.0662      1358.2339        17.1584        -588051.1780     42370.3594        51.9753         0.0000     48403.3065        -494349.8548       292.4334   -542753.1613   -494252.4173       292.1344             35.7083        73.4287    832944.5099         2.8345         2.7876

WRITING EXTENDED SYSTEM TO RESTART FILE AT STEP 450000
WRITING VELOCITIES TO RESTART FILE AT STEP 450000
FINISHED WRITING RESTART VELOCITIES
TIMING: 451000  CPU: 3297.97, 0.0073343/step  Wall: 3307.46, 0.0073674/step, 1.12353 hours remaining, 0.000000 MB of memory in use.
PERFORMANCE: 451000  averaging 23.5634 ns/day, 0.0073334 sec/step with standard deviation 5.21818e-05
ENERGY:  451000       388.5503      1049.1505      1347.9632        18.1730        -587903.0790     42418.4291        45.5692         0.0000     48276.6516        -494358.5921       291.6682   -542635.2438   -494260.4026       292.4106            118.7773       153.4541    832192.5765         2.7207         2.7048

TIMING: 452000  CPU: 3305.33, 0.00736255/step  Wall: 3314.83, 0.00737195/step, 1.12217 hours remaining, 0.000000 MB of memory in use.
PERFORMANCE: 452000  averaging 23.5631 ns/day, 0.00733349 sec/step with standard deviation 5.21555e-05
ENERGY:  452000       418.2914      1074.1376      1340.8216        12.5709        -587248.7275     41713.2051        46.6936         0.0000     48395.0649        -494247.9424       292.3836   -542643.0073   -494151.4037       292.2113            -90.4311       -58.1487    831801.2279        -1.3760        -1.3779

LDB: ============= START OF LOAD BALANCING ============== 3318.4
LDB: ============== END OF LOAD BALANCING =============== 3318.4
Info: useSync: 0 useProxySync: 0
LDB: =============== DONE WITH MIGRATION ================ 3318.4
LDB: ============= START OF LOAD BALANCING ============== 3319.13
LDB: TIME 3319.13 LOAD: AVG 0.584891 MAX 0.640983  PROXIES: TOTAL 344 MAXPE 47 MAXPATCH 5 None MEM: 0 MB
LDB: TIME 3319.13 LOAD: AVG 0.584891 MAX 0.640983  PROXIES: TOTAL 344 MAXPE 47 MAXPATCH 5 RefineTorusLB MEM: 0 MB
LDB: TIME 3319.13 LOAD: AVG 0.584891 MAX 0.640983  PROXIES: TOTAL 344 MAXPE 47 MAXPATCH 5 RefineTorusLB MEM: 0 MB
LDB: ============== END OF LOAD BALANCING =============== 3319.13
Info: useSync: 0 useProxySync: 0
LDB: =============== DONE WITH MIGRATION ================ 3319.13
TIMING: 453000  CPU: 3312.66, 0.00732683/step  Wall: 3322.17, 0.00734092/step, 1.11541 hours remaining, 0.000000 MB of memory in use.
PERFORMANCE: 453000  averaging 23.5631 ns/day, 0.0073335 sec/step with standard deviation 5.20989e-05
ENERGY:  453000       391.4282      1078.0272      1363.1641        20.2648        -587751.8920     42287.8190        54.2051         0.0000     48684.5112        -493872.4724       294.1323   -542556.9836   -493768.7493       292.7524             14.6753        49.7720    832694.4471        -0.0484        -0.0958

TIMING: 454000  CPU: 3320, 0.00733859/step  Wall: 3329.52, 0.0073505/step, 1.11483 hours remaining, 0.000000 MB of memory in use.
PERFORMANCE: 454000  averaging 23.563 ns/day, 0.00733354 sec/step with standard deviation 5.20475e-05
ENERGY:  454000       389.2656      1078.7447      1362.8810        20.7566        -587088.3135     41809.5410        51.2019         0.0000     48582.1563        -493793.7664       293.5139   -542375.9227   -493688.9917       292.6014           -110.8460       -78.7247    832914.1153        -3.3949        -3.4262

WRITING COORDINATES TO DCD FILE eq1.dcd AT STEP 455000
TIMING: 455000  CPU: 3327.37, 0.00737076/step  Wall: 3336.91, 0.00738386/step, 1.11783 hours remaining, 0.000000 MB of memory in use.
PERFORMANCE: 455000  averaging 23.5626 ns/day, 0.00733365 sec/step with standard deviation 5.20436e-05
ENERGY:  455000       369.5610      1045.8492      1361.5070        15.9877        -587728.6775     42202.8960        47.6051         0.0000     48526.6148        -494158.6568       293.1783   -542685.2715   -494060.2624       292.6887            -11.0621        23.5409    832269.9735         0.2426         0.2571

TIMING: 456000  CPU: 3334.69, 0.00731893/step  Wall: 3344.24, 0.00733335/step, 1.10815 hours remaining, 0.000000 MB of memory in use.
PERFORMANCE: 456000  averaging 23.5626 ns/day, 0.00733365 sec/step with standard deviation 5.19864e-05
ENERGY:  456000       398.3893      1073.2188      1350.5837        21.7848        -587361.4407     41931.5320        50.0288         0.0000     48454.1273        -494081.7759       292.7404   -542535.9031   -493969.3694       292.4645             28.9243        60.8423    831729.4893         5.0176         4.9858

LDB: ============= START OF LOAD BALANCING ============== 3347.8
LDB: ============== END OF LOAD BALANCING =============== 3347.8
Info: useSync: 0 useProxySync: 0
LDB: =============== DONE WITH MIGRATION ================ 3347.8
LDB: ============= START OF LOAD BALANCING ============== 3348.53
LDB: TIME 3348.53 LOAD: AVG 0.58715 MAX 0.64796  PROXIES: TOTAL 344 MAXPE 47 MAXPATCH 5 None MEM: 0 MB
LDB: TIME 3348.53 LOAD: AVG 0.58715 MAX 0.64796  PROXIES: TOTAL 344 MAXPE 47 MAXPATCH 5 RefineTorusLB MEM: 0 MB
LDB: TIME 3348.53 LOAD: AVG 0.58715 MAX 0.64796  PROXIES: TOTAL 344 MAXPE 47 MAXPATCH 5 RefineTorusLB MEM: 0 MB
LDB: ============== END OF LOAD BALANCING =============== 3348.54
Info: useSync: 0 useProxySync: 0
LDB: =============== DONE WITH MIGRATION ================ 3348.54
TIMING: 457000  CPU: 3342.02, 0.00732993/step  Wall: 3351.58, 0.00734208/step, 1.10743 hours remaining, 0.000000 MB of memory in use.
PERFORMANCE: 457000  averaging 23.5626 ns/day, 0.00733367 sec/step with standard deviation 5.19309e-05
ENERGY:  457000       397.9273      1073.0286      1370.9733        13.9170        -588145.9165     42445.3496        50.8601         0.0000     48672.3174        -494121.5434       294.0586   -542793.8607   -494019.0746       292.6779             85.7837       118.9768    831965.2847         0.4503         0.4974

TIMING: 458000  CPU: 3349.35, 0.00733889/step  Wall: 3358.93, 0.0073529/step, 1.10702 hours remaining, 0.000000 MB of memory in use.
PERFORMANCE: 458000  averaging 23.5624 ns/day, 0.00733371 sec/step with standard deviation 5.18818e-05
ENERGY:  458000       416.6931      1031.4922      1348.4521        17.1062        -587947.8809     42132.5644        46.7872         0.0000     48478.6425        -494476.1431       292.8885   -542954.7856   -494374.4373       292.1311             22.9535        55.4346    830791.8685         3.9474         3.9631

TIMING: 459000  CPU: 3356.7, 0.0073431/step  Wall: 3366.29, 0.00735656/step, 1.10553 hours remaining, 0.000000 MB of memory in use.
PERFORMANCE: 459000  averaging 23.5623 ns/day, 0.00733376 sec/step with standard deviation 5.18361e-05
ENERGY:  459000       395.9904      1085.6844      1347.3013        22.5830        -587527.6323     42068.6067        41.5912         0.0000     48143.6308        -494422.2445       290.8645   -542565.8753   -494327.7801       291.8695            -43.7032       -11.4216    832779.0896         4.8489         4.8990

TIMING: 460000  CPU: 3364.04, 0.00733841/step  Wall: 3373.64, 0.00734914/step, 1.10237 hours remaining, 0.000000 MB of memory in use.
PERFORMANCE: 460000  averaging 23.5621 ns/day, 0.0073338 sec/step with standard deviation 5.17846e-05
ETITLE:      TS           BOND          ANGLE          DIHED          IMPRP               ELECT            VDW       BOUNDARY           MISC        KINETIC               TOTAL           TEMP      POTENTIAL         TOTAL3        TEMPAVG            PRESSURE      GPRESSURE         VOLUME       PRESSAVG      GPRESSAVG

ENERGY:  460000       395.6348      1087.7847      1343.7233        17.9264        -587055.5401     41545.2632        45.0733         0.0000     48035.1593        -494584.9751       290.2092   -542620.1344   -494483.7398       291.6266           -202.8108      -165.1736    832757.8484        -2.4490        -2.4921

WRITING EXTENDED SYSTEM TO RESTART FILE AT STEP 460000
WRITING COORDINATES TO DCD FILE eq1.dcd AT STEP 460000
WRITING COORDINATES TO RESTART FILE AT STEP 460000
FINISHED WRITING RESTART COORDINATES
WRITING VELOCITIES TO RESTART FILE AT STEP 460000
FINISHED WRITING RESTART VELOCITIES
LDB: ============= START OF LOAD BALANCING ============== 3377.27
LDB: ============== END OF LOAD BALANCING =============== 3377.27
Info: useSync: 0 useProxySync: 0
LDB: =============== DONE WITH MIGRATION ================ 3377.27
LDB: ============= START OF LOAD BALANCING ============== 3378
LDB: TIME 3378 LOAD: AVG 0.585941 MAX 0.649775  PROXIES: TOTAL 344 MAXPE 47 MAXPATCH 5 None MEM: 0 MB
LDB: TIME 3378 LOAD: AVG 0.585941 MAX 0.649775  PROXIES: TOTAL 344 MAXPE 47 MAXPATCH 5 RefineTorusLB MEM: 0 MB
LDB: TIME 3378 LOAD: AVG 0.585941 MAX 0.649775  PROXIES: TOTAL 344 MAXPE 47 MAXPATCH 5 RefineTorusLB MEM: 0 MB
LDB: ============== END OF LOAD BALANCING =============== 3378
Info: useSync: 0 useProxySync: 0
LDB: =============== DONE WITH MIGRATION ================ 3378.01
TIMING: 461000  CPU: 3371.4, 0.00736335/step  Wall: 3381.06, 0.00742346/step, 1.11146 hours remaining, 0.000000 MB of memory in use.
PERFORMANCE: 461000  averaging 23.5615 ns/day, 0.00733399 sec/step with standard deviation 5.18966e-05
ENERGY:  461000       415.0125      1050.7524      1349.4274        22.9707        -587616.0438     41829.9903        49.0439         0.0000     48167.6119        -494731.2347       291.0094   -542898.8466   -494631.5260       291.7270           -158.6136      -123.2649    831625.2852        -3.5980        -3.6159

TIMING: 462000  CPU: 3378.73, 0.00732741/step  Wall: 3388.4, 0.00733723/step, 1.09651 hours remaining, 0.000000 MB of memory in use.
PERFORMANCE: 462000  averaging 23.5615 ns/day, 0.007334 sec/step with standard deviation 5.18405e-05
ENERGY:  462000       405.8554      1045.4036      1353.1764        16.4939        -587536.1429     41935.5214        42.9807         0.0000     48312.2393        -494424.4721       291.8832   -542736.7115   -494310.0362       291.6648            -94.5550       -63.8852    830281.9621        -6.3935        -6.4684

TIMING: 463000  CPU: 3386.06, 0.00733061/step  Wall: 3395.75, 0.00734654/step, 1.09586 hours remaining, 0.000000 MB of memory in use.
PERFORMANCE: 463000  averaging 23.5614 ns/day, 0.00733402 sec/step with standard deviation 5.17876e-05
ENERGY:  463000       367.3792      1073.4513      1353.0910        18.4418        -588383.5931     42462.2541        43.6921         0.0000     48614.8610        -494450.4226       293.7115   -543065.2836   -494342.0178       292.2099            175.8067       209.7862    830446.9939         1.0951         1.1042

TIMING: 464000  CPU: 3393.36, 0.00730199/step  Wall: 3403.06, 0.00731371/step, 1.08893 hours remaining, 0.000000 MB of memory in use.
PERFORMANCE: 464000  averaging 23.5616 ns/day, 0.00733398 sec/step with standard deviation 5.17402e-05
ENERGY:  464000       366.1602      1048.9396      1345.9901        20.9666        -587825.7887     42144.7419        46.3023         0.0000     48362.5731        -494490.1150       292.1873   -542852.6881   -494389.8782       291.9995             44.8567        75.9550    829318.5934        -0.9351        -0.9312

LDB: ============= START OF LOAD BALANCING ============== 3406.62
LDB: ============== END OF LOAD BALANCING =============== 3406.62
Info: useSync: 0 useProxySync: 0
LDB: =============== DONE WITH MIGRATION ================ 3406.62
LDB: ============= START OF LOAD BALANCING ============== 3407.36
LDB: TIME 3407.36 LOAD: AVG 0.586634 MAX 0.645702  PROXIES: TOTAL 344 MAXPE 47 MAXPATCH 5 None MEM: 0 MB
LDB: TIME 3407.36 LOAD: AVG 0.586634 MAX 0.645702  PROXIES: TOTAL 344 MAXPE 47 MAXPATCH 5 RefineTorusLB MEM: 0 MB
LDB: TIME 3407.36 LOAD: AVG 0.586634 MAX 0.645702  PROXIES: TOTAL 344 MAXPE 47 MAXPATCH 5 RefineTorusLB MEM: 0 MB
LDB: ============== END OF LOAD BALANCING =============== 3407.36
Info: useSync: 0 useProxySync: 0
LDB: =============== DONE WITH MIGRATION ================ 3407.36
WRITING COORDINATES TO DCD FILE eq1.dcd AT STEP 465000
TIMING: 465000  CPU: 3400.69, 0.00732847/step  Wall: 3410.4, 0.00734115/step, 1.09098 hours remaining, 0.000000 MB of memory in use.
PERFORMANCE: 465000  averaging 23.5615 ns/day, 0.007334 sec/step with standard deviation 5.16855e-05
ENERGY:  465000       387.2067      1072.0318      1343.1094        15.5401        -587553.8061     41935.3695        49.6612         0.0000     48252.7461        -494498.1411       291.5237   -542750.8873   -494389.7641       291.6058            -73.1521       -37.8521    831951.1876         9.0846         8.9969

TIMING: 466000  CPU: 3408.02, 0.00733135/step  Wall: 3417.74, 0.00733907/step, 1.08863 hours remaining, 0.000000 MB of memory in use.
PERFORMANCE: 466000  averaging 23.5615 ns/day, 0.00733401 sec/step with standard deviation 5.16305e-05
ENERGY:  466000       390.4316      1061.8771      1353.9737        16.0596        -587432.4570     41740.3775        45.7950         0.0000     48255.1536        -494568.7889       291.5383   -542823.9425   -494457.5734       291.6759           -149.3354      -116.2427    832286.9999         2.5560         2.5646

TIMING: 467000  CPU: 3415.39, 0.00737201/step  Wall: 3425.12, 0.00738032/step, 1.0927 hours remaining, 0.000000 MB of memory in use.
PERFORMANCE: 467000  averaging 23.5612 ns/day, 0.00733411 sec/step with standard deviation 5.16195e-05
ENERGY:  467000       405.4992      1067.3926      1329.9063        16.8133        -587455.1389     41890.2569        47.5293         0.0000     48240.1003        -494457.6410       291.4473   -542697.7413   -494352.0951       291.4810           -183.8933      -146.3273    833930.1937         1.9889         1.9221

TIMING: 468000  CPU: 3422.73, 0.00733583/step  Wall: 3432.47, 0.0073462/step, 1.0856 hours remaining, 0.000000 MB of memory in use.
PERFORMANCE: 468000  averaging 23.5611 ns/day, 0.00733413 sec/step with standard deviation 5.15673e-05
ENERGY:  468000       385.6445      1103.7454      1336.0996        18.1042        -587966.6093     42240.2416        42.8362         0.0000     48414.2251        -494425.7126       292.4993   -542839.9377   -494314.8474       291.6682              0.7772        32.6917    830898.3490         3.7477         3.7865

LDB: ============= START OF LOAD BALANCING ============== 3436.03
LDB: ============== END OF LOAD BALANCING =============== 3436.03
Info: useSync: 0 useProxySync: 0
LDB: =============== DONE WITH MIGRATION ================ 3436.03
LDB: ============= START OF LOAD BALANCING ============== 3436.76
LDB: TIME 3436.76 LOAD: AVG 0.587134 MAX 0.64337  PROXIES: TOTAL 344 MAXPE 47 MAXPATCH 5 None MEM: 0 MB
LDB: TIME 3436.76 LOAD: AVG 0.587134 MAX 0.64337  PROXIES: TOTAL 344 MAXPE 47 MAXPATCH 5 RefineTorusLB MEM: 0 MB
LDB: TIME 3436.76 LOAD: AVG 0.587134 MAX 0.64337  PROXIES: TOTAL 344 MAXPE 47 MAXPATCH 5 RefineTorusLB MEM: 0 MB
LDB: Reverting to original mapping
LDB: ============== END OF LOAD BALANCING =============== 3436.76
Info: useSync: 0 useProxySync: 0
LDB: =============== DONE WITH MIGRATION ================ 3436.76
TIMING: 469000  CPU: 3430.07, 0.00734746/step  Wall: 3439.82, 0.00735491/step, 1.08485 hours remaining, 0.000000 MB of memory in use.
PERFORMANCE: 469000  averaging 23.5609 ns/day, 0.00733418 sec/step with standard deviation 5.15211e-05
ENERGY:  469000       371.9867      1062.9719      1357.4802        17.8203        -588100.8299     42058.5677        46.1006         0.0000     48544.5816        -494641.3211       293.2869   -543185.9026   -494536.4540       292.0433            -31.4928        -0.6964    830833.3068         1.7161         1.7555

TIMING: 470000  CPU: 3437.42, 0.00734323/step  Wall: 3447.17, 0.00735107/step, 1.08224 hours remaining, 0.000000 MB of memory in use.
PERFORMANCE: 470000  averaging 23.5608 ns/day, 0.00733421 sec/step with standard deviation 5.1472e-05
ETITLE:      TS           BOND          ANGLE          DIHED          IMPRP               ELECT            VDW       BOUNDARY           MISC        KINETIC               TOTAL           TEMP      POTENTIAL         TOTAL3        TEMPAVG            PRESSURE      GPRESSURE         VOLUME       PRESSAVG      GPRESSAVG

ENERGY:  470000       369.2641      1022.1367      1353.7761        19.6836        -587723.3331     42068.3127        45.2721         0.0000     48062.9423        -494781.9457       290.3770   -542844.8879   -494679.4901       291.7659           -104.2597       -72.3425    832528.4546         0.4504         0.3912

WRITING EXTENDED SYSTEM TO RESTART FILE AT STEP 470000
WRITING COORDINATES TO DCD FILE eq1.dcd AT STEP 470000
WRITING COORDINATES TO RESTART FILE AT STEP 470000
FINISHED WRITING RESTART COORDINATES
WRITING VELOCITIES TO RESTART FILE AT STEP 470000
FINISHED WRITING RESTART VELOCITIES
TIMING: 471000  CPU: 3444.79, 0.00737148/step  Wall: 3454.6, 0.00742357/step, 1.09085 hours remaining, 0.000000 MB of memory in use.
PERFORMANCE: 471000  averaging 23.5602 ns/day, 0.0073344 sec/step with standard deviation 5.15818e-05
ENERGY:  471000       405.8568      1061.6393      1333.1450        13.4538        -587664.7492     41908.8007        49.0089         0.0000     48078.9814        -494813.8633       290.4739   -542892.8447   -494701.2138       291.1906           -150.5930      -117.8431    831225.5305         2.8057         2.8452

TIMING: 472000  CPU: 3452.15, 0.00735906/step  Wall: 3461.96, 0.00736706/step, 1.0805 hours remaining, 0.000000 MB of memory in use.
PERFORMANCE: 472000  averaging 23.56 ns/day, 0.00733447 sec/step with standard deviation 5.15489e-05
ENERGY:  472000       353.6706      1052.5759      1340.8437        17.9307        -587220.0205     41487.0068        38.8503         0.0000     48250.6203        -494678.5222       291.5109   -542929.1425   -494571.5524       291.4319           -263.9769      -231.8115    832838.8438         1.9378         1.9091

LDB: ============= START OF LOAD BALANCING ============== 3465.53
LDB: ============== END OF LOAD BALANCING =============== 3465.53
Info: useSync: 0 useProxySync: 0
LDB: =============== DONE WITH MIGRATION ================ 3465.53
LDB: ============= START OF LOAD BALANCING ============== 3466.27
LDB: TIME 3466.27 LOAD: AVG 0.586716 MAX 0.64638  PROXIES: TOTAL 344 MAXPE 47 MAXPATCH 5 None MEM: 0 MB
LDB: TIME 3466.27 LOAD: AVG 0.586716 MAX 0.64638  PROXIES: TOTAL 344 MAXPE 47 MAXPATCH 5 RefineTorusLB MEM: 0 MB
LDB: TIME 3466.27 LOAD: AVG 0.586716 MAX 0.64638  PROXIES: TOTAL 344 MAXPE 47 MAXPATCH 5 RefineTorusLB MEM: 0 MB
LDB: Reverting to original mapping
LDB: ============== END OF LOAD BALANCING =============== 3466.27
Info: useSync: 0 useProxySync: 0
LDB: =============== DONE WITH MIGRATION ================ 3466.27
TIMING: 473000  CPU: 3459.49, 0.00733979/step  Wall: 3469.31, 0.00734982/step, 1.07593 hours remaining, 0.000000 MB of memory in use.
PERFORMANCE: 473000  averaging 23.5599 ns/day, 0.0073345 sec/step with standard deviation 5.14992e-05
ENERGY:  473000       373.0238      1090.1171      1364.9072        20.7909        -588302.0582     42400.0845        51.6429         0.0000     48456.5939        -494544.8979       292.7553   -543001.4918   -494439.1902       292.3727             98.1985       127.4921    831578.7122        -0.5130        -0.4840

TIMING: 474000  CPU: 3466.81, 0.00731856/step  Wall: 3476.64, 0.00732639/step, 1.07047 hours remaining, 0.000000 MB of memory in use.
PERFORMANCE: 474000  averaging 23.5599 ns/day, 0.00733449 sec/step with standard deviation 5.1446e-05
ENERGY:  474000       371.3647      1074.5721      1361.7248        18.8008        -587797.0376     41999.1983        39.2348         0.0000     48320.3561        -494611.7861       291.9322   -542932.1422   -494500.0941       291.6143            -42.0039       -10.7061    831919.9542         2.0276         2.0257

WRITING COORDINATES TO DCD FILE eq1.dcd AT STEP 475000
TIMING: 475000  CPU: 3474.11, 0.00730754/step  Wall: 3483.96, 0.00731673/step, 1.06702 hours remaining, 0.000000 MB of memory in use.
PERFORMANCE: 475000  averaging 23.5601 ns/day, 0.00733445 sec/step with standard deviation 5.13982e-05
ENERGY:  475000       381.1562      1087.8352      1344.1198        16.0688        -588141.9082     42310.9235        35.7044         0.0000     48457.8624        -494508.2380       292.7630   -542966.1004   -494413.2484       291.5960             75.4487       108.3591    831796.0740        10.5850        10.5555

TIMING: 476000  CPU: 3481.45, 0.00733086/step  Wall: 3491.3, 0.007342/step, 1.06867 hours remaining, 0.000000 MB of memory in use.
PERFORMANCE: 476000  averaging 23.56 ns/day, 0.00733447 sec/step with standard deviation 5.13452e-05
ENERGY:  476000       393.8868      1092.1594      1350.4078        17.4067        -587723.3490     42207.1264        40.0219         0.0000     48421.6259        -494200.7141       292.5440   -542622.3399   -494088.1205       292.3620            -52.2962       -16.4865    834805.4463         2.8809         2.9285

LDB: ============= START OF LOAD BALANCING ============== 3494.86
LDB: ============== END OF LOAD BALANCING =============== 3494.86
Info: useSync: 0 useProxySync: 0
LDB: =============== DONE WITH MIGRATION ================ 3494.86
LDB: ============= START OF LOAD BALANCING ============== 3495.59
LDB: TIME 3495.6 LOAD: AVG 0.586438 MAX 0.64832  PROXIES: TOTAL 344 MAXPE 47 MAXPATCH 5 None MEM: 0 MB
LDB: TIME 3495.6 LOAD: AVG 0.586438 MAX 0.64832  PROXIES: TOTAL 344 MAXPE 47 MAXPATCH 5 RefineTorusLB MEM: 0 MB
LDB: TIME 3495.6 LOAD: AVG 0.586438 MAX 0.64832  PROXIES: TOTAL 344 MAXPE 47 MAXPATCH 5 RefineTorusLB MEM: 0 MB
LDB: Reverting to original mapping
LDB: ============== END OF LOAD BALANCING =============== 3495.6
Info: useSync: 0 useProxySync: 0
LDB: =============== DONE WITH MIGRATION ================ 3495.6
TIMING: 477000  CPU: 3488.79, 0.00734753/step  Wall: 3498.65, 0.00735362/step, 1.06832 hours remaining, 0.000000 MB of memory in use.
PERFORMANCE: 477000  averaging 23.5599 ns/day, 0.00733451 sec/step with standard deviation 5.12988e-05
ENERGY:  477000       402.2989      1068.1316      1365.1034        17.7451        -588039.0280     42249.6117        38.1190         0.0000     48470.2000        -494427.8183       292.8375   -542898.0183   -494321.0943       292.2481            -17.3587        13.0530    832078.8774         7.6709         7.7349

TIMING: 478000  CPU: 3496.14, 0.0073432/step  Wall: 3506, 0.00735175/step, 1.066 hours remaining, 0.000000 MB of memory in use.
PERFORMANCE: 478000  averaging 23.5598 ns/day, 0.00733454 sec/step with standard deviation 5.1251e-05
ENERGY:  478000       404.7417      1103.7109      1361.7952        15.5619        -587534.1514     41987.7360        44.8393         0.0000     48377.8335        -494237.9330       292.2795   -542615.7665   -494132.1895       292.1676            -41.3284       -11.0856    831355.6368         1.8127         1.8230

TIMING: 479000  CPU: 3503.47, 0.00733471/step  Wall: 3513.35, 0.00734665/step, 1.06322 hours remaining, 0.000000 MB of memory in use.
PERFORMANCE: 479000  averaging 23.5597 ns/day, 0.00733457 sec/step with standard deviation 5.12004e-05
ENERGY:  479000       384.4408      1058.1477      1369.2158        14.1540        -587461.2786     41895.6939        41.7498         0.0000     48325.2097        -494372.6669       291.9615   -542697.8766   -494269.4277       292.2403            -65.7179       -34.6309    831539.4535         5.3558         5.3605

WRITING COORDINATES TO DCD FILE eq1.dcd AT STEP 480000
WRITING COORDINATES TO RESTART FILE AT STEP 480000
FINISHED WRITING RESTART COORDINATES
TIMING: 480000  CPU: 3510.82, 0.00735289/step  Wall: 3520.73, 0.00737922/step, 1.06589 hours remaining, 0.000000 MB of memory in use.
PERFORMANCE: 480000  averaging 23.5594 ns/day, 0.00733466 sec/step with standard deviation 5.11875e-05
ETITLE:      TS           BOND          ANGLE          DIHED          IMPRP               ELECT            VDW       BOUNDARY           MISC        KINETIC               TOTAL           TEMP      POTENTIAL         TOTAL3        TEMPAVG            PRESSURE      GPRESSURE         VOLUME       PRESSAVG      GPRESSAVG

ENERGY:  480000       404.0442      1068.0746      1364.7133        20.8475        -587165.5252     41932.5996        42.8189         0.0000     48067.4272        -494264.9998       290.4041   -542332.4270   -494150.9677       291.9823            -29.6258         0.5217    831403.1422        -1.3290        -1.4007

WRITING EXTENDED SYSTEM TO RESTART FILE AT STEP 480000
WRITING VELOCITIES TO RESTART FILE AT STEP 480000
FINISHED WRITING RESTART VELOCITIES
LDB: ============= START OF LOAD BALANCING ============== 3524.33
LDB: ============== END OF LOAD BALANCING =============== 3524.33
Info: useSync: 0 useProxySync: 0
LDB: =============== DONE WITH MIGRATION ================ 3524.33
LDB: ============= START OF LOAD BALANCING ============== 3525.07
LDB: TIME 3525.07 LOAD: AVG 0.585847 MAX 0.649619  PROXIES: TOTAL 344 MAXPE 47 MAXPATCH 5 None MEM: 0 MB
LDB: TIME 3525.07 LOAD: AVG 0.585847 MAX 0.649619  PROXIES: TOTAL 344 MAXPE 47 MAXPATCH 5 RefineTorusLB MEM: 0 MB
LDB: TIME 3525.07 LOAD: AVG 0.585847 MAX 0.649619  PROXIES: TOTAL 344 MAXPE 47 MAXPATCH 5 RefineTorusLB MEM: 0 MB
LDB: ============== END OF LOAD BALANCING =============== 3525.07
Info: useSync: 0 useProxySync: 0
LDB: =============== DONE WITH MIGRATION ================ 3525.07
TIMING: 481000  CPU: 3518.19, 0.00736999/step  Wall: 3528.14, 0.00740557/step, 1.06764 hours remaining, 0.000000 MB of memory in use.
PERFORMANCE: 481000  averaging 23.5589 ns/day, 0.00733481 sec/step with standard deviation 5.12363e-05
ENERGY:  481000       418.6935      1093.0900      1337.4559        21.8928        -587361.8737     41836.3384        48.3319         0.0000     48359.3069        -494246.7642       292.1675   -542606.0711   -494153.5915       292.2628           -148.8599      -113.5289    832805.8718         8.7489         8.6928

TIMING: 482000  CPU: 3525.56, 0.00736844/step  Wall: 3535.52, 0.00738228/step, 1.06223 hours remaining, 0.000000 MB of memory in use.
PERFORMANCE: 482000  averaging 23.5586 ns/day, 0.00733491 sec/step with standard deviation 5.12286e-05
ENERGY:  482000       405.2981      1067.6426      1359.8322        20.9573        -587375.5119     41818.2821        44.0539         0.0000     48509.8101        -494149.6357       293.0768   -542659.4458   -494052.7287       292.3906           -212.3955      -183.7069    832472.4003        -3.3105        -3.3188

TIMING: 483000  CPU: 3532.91, 0.00734418/step  Wall: 3542.87, 0.00735625/step, 1.05644 hours remaining, 0.000000 MB of memory in use.
PERFORMANCE: 483000  averaging 23.5584 ns/day, 0.00733495 sec/step with standard deviation 5.11847e-05
ENERGY:  483000       374.4980      1053.2994      1366.7036        15.7137        -587292.0124     42076.6287        44.9668         0.0000     48301.3585        -494058.8436       291.8174   -542360.2022   -493955.2269       292.7135              0.2550        35.5749    830462.5234         3.2304         3.2490

TIMING: 484000  CPU: 3540.23, 0.00731934/step  Wall: 3550.21, 0.00733159/step, 1.05086 hours remaining, 0.000000 MB of memory in use.
PERFORMANCE: 484000  averaging 23.5585 ns/day, 0.00733494 sec/step with standard deviation 5.11319e-05
ENERGY:  484000       378.1804      1096.7931      1355.0094        15.8983        -587391.6344     42081.2922        47.8930         0.0000     48527.9400        -493888.6279       293.1863   -542416.5679   -493780.7653       292.8969            -22.8215        11.9018    833226.5121        -1.6504        -1.6163

LDB: ============= START OF LOAD BALANCING ============== 3553.77
LDB: ============== END OF LOAD BALANCING =============== 3553.77
Info: useSync: 0 useProxySync: 0
LDB: =============== DONE WITH MIGRATION ================ 3553.77
LDB: ============= START OF LOAD BALANCING ============== 3554.5
LDB: TIME 3554.5 LOAD: AVG 0.584974 MAX 0.645195  PROXIES: TOTAL 344 MAXPE 47 MAXPATCH 5 None MEM: 0 MB
LDB: TIME 3554.5 LOAD: AVG 0.584974 MAX 0.645195  PROXIES: TOTAL 344 MAXPE 47 MAXPATCH 5 RefineTorusLB MEM: 0 MB
LDB: TIME 3554.5 LOAD: AVG 0.584974 MAX 0.645195  PROXIES: TOTAL 344 MAXPE 47 MAXPATCH 5 RefineTorusLB MEM: 0 MB
LDB: Reverting to original mapping
LDB: ============== END OF LOAD BALANCING =============== 3554.5
Info: useSync: 0 useProxySync: 0
LDB: =============== DONE WITH MIGRATION ================ 3554.5
TIMING: 485000  CPU: 3547.55, 0.00732711/step  Wall: 3557.54, 0.00733859/step, 1.04983 hours remaining, 0.000000 MB of memory in use.
PERFORMANCE: 485000  averaging 23.5584 ns/day, 0.00733495 sec/step with standard deviation 5.10793e-05
ENERGY:  485000       399.1780      1113.3441      1346.8430        22.6548        -587711.1283     42184.4342        43.8500         0.0000     48432.2245        -494168.5997       292.6081   -542600.8242   -494074.4042       293.2376             13.9894        46.0823    832437.0526         0.8986         0.7901

WRITING COORDINATES TO DCD FILE eq1.dcd AT STEP 485000
TIMING: 486000  CPU: 3554.88, 0.0073314/step  Wall: 3564.89, 0.00734407/step, 1.04857 hours remaining, 0.000000 MB of memory in use.
PERFORMANCE: 486000  averaging 23.5584 ns/day, 0.00733497 sec/step with standard deviation 5.10283e-05
ENERGY:  486000       393.2239      1038.9317      1354.2548        18.5533        -587441.7891     42019.9641        50.2973         0.0000     48445.2086        -494121.3553       292.6865   -542566.5640   -494014.5199       292.1158            -22.1317        12.1098    832843.8272        -4.8528        -4.8555

TIMING: 487000  CPU: 3562.18, 0.00729947/step  Wall: 3572.2, 0.00731342/step, 1.04216 hours remaining, 0.000000 MB of memory in use.
PERFORMANCE: 487000  averaging 23.5585 ns/day, 0.00733492 sec/step with standard deviation 5.09851e-05
ENERGY:  487000       382.3789      1095.5622      1348.3594        22.8719        -587472.9842     42352.6522        51.8916         0.0000     48401.9963        -493817.2717       292.4254   -542219.2680   -493711.0976       292.9449             77.6708       115.5765    833112.4042         0.0003         0.0108

TIMING: 488000  CPU: 3569.5, 0.00731602/step  Wall: 3579.53, 0.00732824/step, 1.04224 hours remaining, 0.000000 MB of memory in use.
PERFORMANCE: 488000  averaging 23.5586 ns/day, 0.00733491 sec/step with standard deviation 5.09337e-05
ENERGY:  488000       389.8631      1053.7287      1367.5960        18.4097        -587361.9129     41837.1838        47.1158         0.0000     48478.2096        -494169.8062       292.8859   -542648.0158   -494060.1588       292.5566            -32.2797        -0.0150    832568.2160         4.4775         4.5317

LDB: ============= START OF LOAD BALANCING ============== 3583.09
LDB: ============== END OF LOAD BALANCING =============== 3583.09
Info: useSync: 0 useProxySync: 0
LDB: =============== DONE WITH MIGRATION ================ 3583.09
LDB: ============= START OF LOAD BALANCING ============== 3583.83
LDB: TIME 3583.83 LOAD: AVG 0.586924 MAX 0.648534  PROXIES: TOTAL 344 MAXPE 47 MAXPATCH 5 None MEM: 0 MB
LDB: TIME 3583.83 LOAD: AVG 0.586924 MAX 0.648534  PROXIES: TOTAL 344 MAXPE 47 MAXPATCH 5 RefineTorusLB MEM: 0 MB
LDB: TIME 3583.83 LOAD: AVG 0.586924 MAX 0.648534  PROXIES: TOTAL 344 MAXPE 47 MAXPATCH 5 RefineTorusLB MEM: 0 MB
LDB: Reverting to original mapping
LDB: ============== END OF LOAD BALANCING =============== 3583.83
Info: useSync: 0 useProxySync: 0
LDB: =============== DONE WITH MIGRATION ================ 3583.83
TIMING: 489000  CPU: 3576.83, 0.00732834/step  Wall: 3586.87, 0.00734088/step, 1.042 hours remaining, 0.000000 MB of memory in use.
PERFORMANCE: 489000  averaging 23.5585 ns/day, 0.00733492 sec/step with standard deviation 5.08822e-05
ENERGY:  489000       378.0981      1093.2560      1357.5117        16.8216        -587176.3065     41671.6653        44.8943         0.0000     48406.1113        -494207.9482       292.4503   -542614.0595   -494105.1929       292.3883           -161.5269      -129.7324    832645.9965        -4.2822        -4.2100

TIMING: 490000  CPU: 3584.17, 0.00733987/step  Wall: 3594.22, 0.00735026/step, 1.04129 hours remaining, 0.000000 MB of memory in use.
PERFORMANCE: 490000  averaging 23.5584 ns/day, 0.00733495 sec/step with standard deviation 5.08348e-05
ETITLE:      TS           BOND          ANGLE          DIHED          IMPRP               ELECT            VDW       BOUNDARY           MISC        KINETIC               TOTAL           TEMP      POTENTIAL         TOTAL3        TEMPAVG            PRESSURE      GPRESSURE         VOLUME       PRESSAVG      GPRESSAVG

ENERGY:  490000       406.7854      1086.7833      1352.5233        20.1680        -587455.1358     42038.7745        47.4638         0.0000     48369.2436        -494133.3940       292.2276   -542502.6376   -494034.9586       292.3550              0.1232        31.1612    831114.3705        -3.0814        -3.0741

WRITING EXTENDED SYSTEM TO RESTART FILE AT STEP 490000
WRITING COORDINATES TO DCD FILE eq1.dcd AT STEP 490000
WRITING COORDINATES TO RESTART FILE AT STEP 490000
FINISHED WRITING RESTART COORDINATES
WRITING VELOCITIES TO RESTART FILE AT STEP 490000
FINISHED WRITING RESTART VELOCITIES
TIMING: 491000  CPU: 3591.5, 0.00732842/step  Wall: 3601.6, 0.00738265/step, 1.04382 hours remaining, 0.000000 MB of memory in use.
PERFORMANCE: 491000  averaging 23.5581 ns/day, 0.00733505 sec/step with standard deviation 5.08285e-05
ENERGY:  491000       373.4967      1093.1662      1357.8163        20.6034        -587722.4279     42069.8910        42.0320         0.0000     48349.4918        -494415.9306       292.1082   -542765.4224   -494312.0252       292.4355            -64.8587       -27.4221    832568.0535         6.4371         6.4869

TIMING: 492000  CPU: 3598.84, 0.00733989/step  Wall: 3608.96, 0.00735234/step, 1.0375 hours remaining, 0.000000 MB of memory in use.
PERFORMANCE: 492000  averaging 23.558 ns/day, 0.00733509 sec/step with standard deviation 5.07827e-05
ENERGY:  492000       372.4056      1063.0734      1372.7542        14.8434        -587611.0067     42168.2250        43.6569         0.0000     48490.7052        -494085.3429       292.9614   -542576.0481   -493983.7417       292.7307             57.4400        92.9141    829505.7047         2.1605         2.1159

LDB: ============= START OF LOAD BALANCING ============== 3612.54
LDB: ============== END OF LOAD BALANCING =============== 3612.54
Info: useSync: 0 useProxySync: 0
LDB: =============== DONE WITH MIGRATION ================ 3612.54
LDB: ============= START OF LOAD BALANCING ============== 3613.28
LDB: TIME 3613.28 LOAD: AVG 0.588484 MAX 0.652774  PROXIES: TOTAL 344 MAXPE 47 MAXPATCH 5 None MEM: 0 MB
LDB: TIME 3613.28 LOAD: AVG 0.588484 MAX 0.652775  PROXIES: TOTAL 344 MAXPE 47 MAXPATCH 5 RefineTorusLB MEM: 0 MB
LDB: TIME 3613.28 LOAD: AVG 0.588484 MAX 0.652775  PROXIES: TOTAL 344 MAXPE 47 MAXPATCH 5 RefineTorusLB MEM: 0 MB
LDB: Reverting to original mapping
LDB: ============== END OF LOAD BALANCING =============== 3613.28
Info: useSync: 0 useProxySync: 0
LDB: =============== DONE WITH MIGRATION ================ 3613.28
TIMING: 493000  CPU: 3606.2, 0.00736041/step  Wall: 3616.33, 0.00737274/step, 1.03833 hours remaining, 0.000000 MB of memory in use.
PERFORMANCE: 493000  averaging 23.5578 ns/day, 0.00733516 sec/step with standard deviation 5.07594e-05
ENERGY:  493000       367.0413      1077.6690      1352.6012        16.6653        -587113.1184     41727.1785        46.1160         0.0000     48372.0179        -494153.8292       292.2443   -542525.8471   -494052.2825       292.4078           -112.7067       -78.8308    833144.8835        -1.7689        -1.7226

TIMING: 494000  CPU: 3613.56, 0.00736443/step  Wall: 3623.71, 0.00737698/step, 1.03688 hours remaining, 0.000000 MB of memory in use.
PERFORMANCE: 494000  averaging 23.5575 ns/day, 0.00733525 sec/step with standard deviation 5.07428e-05
ENERGY:  494000       394.5712      1080.9381      1355.5805        18.0712        -586869.4312     41717.5847        43.7358         0.0000     48430.0573        -493828.8924       292.5950   -542258.9497   -493722.6411       293.0880           -138.9412      -103.9935    832185.7049         4.2390         4.2692

TIMING: 495000  CPU: 3620.93, 0.00736414/step  Wall: 3631.08, 0.00737704/step, 1.03483 hours remaining, 0.000000 MB of memory in use.
PERFORMANCE: 495000  averaging 23.5572 ns/day, 0.00733533 sec/step with standard deviation 5.07262e-05
ENERGY:  495000       371.8725      1076.0848      1354.3152        12.5210        -587109.6765     41732.6731        38.0154         0.0000     48309.8528        -494214.3418       291.8687   -542524.1946   -494103.2566       292.9136           -130.7797       -98.7826    832122.2404        -0.5163        -0.5943

WRITING COORDINATES TO DCD FILE eq1.dcd AT STEP 495000
TIMING: 496000  CPU: 3628.26, 0.00733899/step  Wall: 3638.43, 0.00734871/step, 1.02882 hours remaining, 0.000000 MB of memory in use.
PERFORMANCE: 496000  averaging 23.5571 ns/day, 0.00733536 sec/step with standard deviation 5.06785e-05
ENERGY:  496000       383.8420      1062.8849      1340.0782        17.3242        -587459.4898     42063.8599        42.0672         0.0000     48566.6106        -493982.8229       293.4200   -542549.4334   -493881.5623       292.0471             27.4158        59.4654    832380.6590        -0.4764        -0.4696

LDB: ============= START OF LOAD BALANCING ============== 3642
LDB: ============== END OF LOAD BALANCING =============== 3642
Info: useSync: 0 useProxySync: 0
LDB: =============== DONE WITH MIGRATION ================ 3642
LDB: ============= START OF LOAD BALANCING ============== 3642.74
LDB: TIME 3642.74 LOAD: AVG 0.58579 MAX 0.648828  PROXIES: TOTAL 344 MAXPE 47 MAXPATCH 5 None MEM: 0 MB
LDB: TIME 3642.74 LOAD: AVG 0.58579 MAX 0.648828  PROXIES: TOTAL 344 MAXPE 47 MAXPATCH 5 RefineTorusLB MEM: 0 MB
LDB: TIME 3642.74 LOAD: AVG 0.58579 MAX 0.648828  PROXIES: TOTAL 344 MAXPE 47 MAXPATCH 5 RefineTorusLB MEM: 0 MB
LDB: Reverting to original mapping
LDB: ============== END OF LOAD BALANCING =============== 3642.74
Info: useSync: 0 useProxySync: 0
LDB: =============== DONE WITH MIGRATION ================ 3642.74
TIMING: 497000  CPU: 3635.62, 0.0073513/step  Wall: 3645.8, 0.00736403/step, 1.02892 hours remaining, 0.000000 MB of memory in use.
PERFORMANCE: 497000  averaging 23.5569 ns/day, 0.00733542 sec/step with standard deviation 5.06437e-05
ENERGY:  497000       397.3356      1042.0187      1350.4730        17.2314        -586867.0504     41860.2584        48.1784         0.0000     48210.0214        -493941.5335       291.2656   -542151.5549   -493837.9973       293.2199            -85.7838       -54.9147    832799.8123         4.3141         4.3445

TIMING: 498000  CPU: 3642.97, 0.00735905/step  Wall: 3653.17, 0.00737476/step, 1.02837 hours remaining, 0.000000 MB of memory in use.
PERFORMANCE: 498000  averaging 23.5567 ns/day, 0.0073355 sec/step with standard deviation 5.06234e-05
ENERGY:  498000       410.6557      1027.5760      1344.8764        16.8982        -587312.0911     41985.5930        53.7847         0.0000     48286.0956        -494186.6116       291.7252   -542472.7072   -494080.0772       293.1583            -67.2052       -33.8898    832989.1100         0.1517         0.1249

TIMING: 499000  CPU: 3650.36, 0.00738833/step  Wall: 3660.57, 0.00739976/step, 1.0298 hours remaining, 0.000000 MB of memory in use.
PERFORMANCE: 499000  averaging 23.5563 ns/day, 0.00733562 sec/step with standard deviation 5.06544e-05
ENERGY:  499000       409.6425      1027.4975      1372.9563        19.0604        -587810.7933     42199.9735        48.9045         0.0000     48396.6220        -494336.1367       292.3930   -542732.7586   -494228.3929       292.4834             75.6567       108.3652    830925.5998         3.8568         3.8340

WRITING COORDINATES TO DCD FILE eq1.dcd AT STEP 500000
WRITING COORDINATES TO RESTART FILE AT STEP 500000
FINISHED WRITING RESTART COORDINATES
TIMING: 500000  CPU: 3657.74, 0.00737883/step  Wall: 3667.98, 0.00740534/step, 1.02852 hours remaining, 0.000000 MB of memory in use.
PERFORMANCE: 500000  averaging 23.5558 ns/day, 0.00733576 sec/step with standard deviation 5.06995e-05
ETITLE:      TS           BOND          ANGLE          DIHED          IMPRP               ELECT            VDW       BOUNDARY           MISC        KINETIC               TOTAL           TEMP      POTENTIAL         TOTAL3        TEMPAVG            PRESSURE      GPRESSURE         VOLUME       PRESSAVG      GPRESSAVG

ENERGY:  500000       373.4253      1074.0438      1357.7638        18.9774        -587112.4883     41747.7125        47.9659         0.0000     47985.9356        -494506.6640       289.9118   -542492.5996   -494396.3760       291.9218           -105.4292       -69.2405    831396.2532         4.9736         5.0095

WRITING EXTENDED SYSTEM TO RESTART FILE AT STEP 500000
WRITING VELOCITIES TO RESTART FILE AT STEP 500000
FINISHED WRITING RESTART VELOCITIES
LDB: ============= START OF LOAD BALANCING ============== 3671.57
LDB: ============== END OF LOAD BALANCING =============== 3671.57
Info: useSync: 0 useProxySync: 0
LDB: =============== DONE WITH MIGRATION ================ 3671.57
LDB: ============= START OF LOAD BALANCING ============== 3672.32
LDB: TIME 3672.32 LOAD: AVG 0.589798 MAX 0.653399  PROXIES: TOTAL 344 MAXPE 47 MAXPATCH 5 None MEM: 0 MB
LDB: TIME 3672.32 LOAD: AVG 0.589798 MAX 0.653399  PROXIES: TOTAL 344 MAXPE 47 MAXPATCH 5 RefineTorusLB MEM: 0 MB
LDB: TIME 3672.32 LOAD: AVG 0.589798 MAX 0.653399  PROXIES: TOTAL 344 MAXPE 47 MAXPATCH 5 RefineTorusLB MEM: 0 MB
LDB: Reverting to original mapping
LDB: ============== END OF LOAD BALANCING =============== 3672.32
Info: useSync: 0 useProxySync: 0
LDB: =============== DONE WITH MIGRATION ================ 3672.32
TIMING: 501000  CPU: 3665.11, 0.00736463/step  Wall: 3675.38, 0.00739967/step, 1.02568 hours remaining, 0.000000 MB of memory in use.
PERFORMANCE: 501000  averaging 23.5554 ns/day, 0.00733589 sec/step with standard deviation 5.07292e-05
ENERGY:  501000       382.8920      1053.6724      1349.5802        20.3741        -587447.1998     41992.3765        42.8311         0.0000     48060.0478        -494545.4257       290.3595   -542605.4735   -494451.7745       291.8134            -93.4399       -61.8178    833483.7536        -2.6379        -2.5942

TIMING: 502000  CPU: 3672.47, 0.00736308/step  Wall: 3682.75, 0.00737085/step, 1.01963 hours remaining, 0.000000 MB of memory in use.
PERFORMANCE: 502000  averaging 23.5552 ns/day, 0.00733596 sec/step with standard deviation 5.07026e-05
ENERGY:  502000       408.0638      1038.1711      1352.8558        17.1765        -588100.8649     42282.7678        41.5703         0.0000     48364.3408        -494595.9187       292.1979   -542960.2596   -494491.4344       291.6370             90.2297       118.4466    830423.9051        -1.7179        -1.7474

TIMING: 503000  CPU: 3679.81, 0.00734028/step  Wall: 3690.09, 0.00734611/step, 1.01417 hours remaining, 0.000000 MB of memory in use.
PERFORMANCE: 503000  averaging 23.5551 ns/day, 0.00733598 sec/step with standard deviation 5.06541e-05
ENERGY:  503000       388.5217      1040.7414      1334.6049        17.4462        -586841.0513     41562.7351        45.3642         0.0000     48261.3762        -494190.2615       291.5759   -542451.6377   -494093.1470       292.5190           -225.6618      -194.4677    833021.0735        -0.5380        -0.5273

TIMING: 504000  CPU: 3687.13, 0.00732404/step  Wall: 3697.43, 0.00733419/step, 1.01049 hours remaining, 0.000000 MB of memory in use.
PERFORMANCE: 504000  averaging 23.5551 ns/day, 0.00733598 sec/step with standard deviation 5.06038e-05
ENERGY:  504000       418.4158      1089.2509      1349.5425        18.1967        -588126.3541     42275.5534        43.2001         0.0000     48324.7111        -494607.4835       291.9585   -542932.1946   -494498.1833       292.4249            -51.3014       -16.1570    832371.5960         5.9718         5.9292

LDB: ============= START OF LOAD BALANCING ============== 3700.99
LDB: ============== END OF LOAD BALANCING =============== 3700.99
Info: useSync: 0 useProxySync: 0
LDB: =============== DONE WITH MIGRATION ================ 3700.99
LDB: ============= START OF LOAD BALANCING ============== 3701.72
LDB: TIME 3701.72 LOAD: AVG 0.585367 MAX 0.648975  PROXIES: TOTAL 344 MAXPE 47 MAXPATCH 5 None MEM: 0 MB
LDB: TIME 3701.72 LOAD: AVG 0.585367 MAX 0.648975  PROXIES: TOTAL 344 MAXPE 47 MAXPATCH 5 RefineTorusLB MEM: 0 MB
LDB: TIME 3701.72 LOAD: AVG 0.585367 MAX 0.648975  PROXIES: TOTAL 344 MAXPE 47 MAXPATCH 5 RefineTorusLB MEM: 0 MB
LDB: ============== END OF LOAD BALANCING =============== 3701.72
Info: useSync: 0 useProxySync: 0
LDB: =============== DONE WITH MIGRATION ================ 3701.73
TIMING: 505000  CPU: 3694.47, 0.0073397/step  Wall: 3704.78, 0.00734847/step, 1.01042 hours remaining, 0.000000 MB of memory in use.
PERFORMANCE: 505000  averaging 23.5551 ns/day, 0.007336 sec/step with standard deviation 5.05566e-05
ENERGY:  505000       422.5427      1062.9189      1355.2526        20.5254        -588206.5679     42277.2111        43.9542         0.0000     48439.6944        -494584.4685       292.6532   -543024.1629   -494476.9338       291.7002            -15.7654        15.0285    832580.6383        -0.0874        -0.1727

WRITING COORDINATES TO DCD FILE eq1.dcd AT STEP 505000
TIMING: 506000  CPU: 3701.82, 0.00734382/step  Wall: 3712.12, 0.00734942/step, 1.0085 hours remaining, 0.000000 MB of memory in use.
PERFORMANCE: 506000  averaging 23.555 ns/day, 0.00733603 sec/step with standard deviation 5.051e-05
ENERGY:  506000       404.6465      1075.4373      1353.4679        22.0076        -587651.4512     41907.1169        46.6767         0.0000     48236.7378        -494605.3605       291.4270   -542842.0983   -494495.8779       291.8363           -200.0083      -167.3883    831816.2658        -2.2705        -2.2945

TIMING: 507000  CPU: 3709.16, 0.00734375/step  Wall: 3719.48, 0.0073533/step, 1.00699 hours remaining, 0.000000 MB of memory in use.
PERFORMANCE: 507000  averaging 23.5549 ns/day, 0.00733606 sec/step with standard deviation 5.04659e-05
ENERGY:  507000       392.5990      1089.1889      1343.3506        14.9365        -587703.6852     42057.0779        46.0228         0.0000     48218.1563        -494542.3532       291.3148   -542760.5095   -494440.9108       292.0508            -83.0384       -51.0748    831510.0576         0.4484         0.5372

TIMING: 508000  CPU: 3716.52, 0.00735995/step  Wall: 3726.84, 0.00736613/step, 1.0067 hours remaining, 0.000000 MB of memory in use.
PERFORMANCE: 508000  averaging 23.5547 ns/day, 0.00733612 sec/step with standard deviation 5.04338e-05
ENERGY:  508000       365.7638      1109.2776      1357.7120        17.9029        -587862.1704     42021.6586        38.5433         0.0000     48216.6954        -494734.6170       291.3059   -542951.3124   -494624.8075       291.7277            -75.8564       -46.7732    831984.6498         2.4581         2.5340

LDB: ============= START OF LOAD BALANCING ============== 3730.42
LDB: ============== END OF LOAD BALANCING =============== 3730.42
Info: useSync: 0 useProxySync: 0
LDB: =============== DONE WITH MIGRATION ================ 3730.42
LDB: ============= START OF LOAD BALANCING ============== 3731.15
LDB: TIME 3731.15 LOAD: AVG 0.587441 MAX 0.647483  PROXIES: TOTAL 344 MAXPE 47 MAXPATCH 5 None MEM: 0 MB
LDB: TIME 3731.15 LOAD: AVG 0.587441 MAX 0.647483  PROXIES: TOTAL 344 MAXPE 47 MAXPATCH 5 RefineTorusLB MEM: 0 MB
LDB: TIME 3731.15 LOAD: AVG 0.587441 MAX 0.647483  PROXIES: TOTAL 344 MAXPE 47 MAXPATCH 5 RefineTorusLB MEM: 0 MB
LDB: ============== END OF LOAD BALANCING =============== 3731.15
Info: useSync: 0 useProxySync: 0
LDB: =============== DONE WITH MIGRATION ================ 3731.15
TIMING: 509000  CPU: 3723.87, 0.00734708/step  Wall: 3734.2, 0.00735631/step, 1.00332 hours remaining, 0.000000 MB of memory in use.
PERFORMANCE: 509000  averaging 23.5546 ns/day, 0.00733616 sec/step with standard deviation 5.0392e-05
ENERGY:  509000       391.8119      1066.4255      1356.7775        18.3831        -587323.8075     41828.4037        39.3785         0.0000     48409.6359        -494212.9914       292.4716   -542622.6273   -494102.0100       292.2244            -76.1772       -43.2318    832397.7110         0.9100         0.9490

TIMING: 510000  CPU: 3731.21, 0.00733961/step  Wall: 3741.55, 0.00734755/step, 1.00008 hours remaining, 0.000000 MB of memory in use.
PERFORMANCE: 510000  averaging 23.5545 ns/day, 0.00733618 sec/step with standard deviation 5.03451e-05
ETITLE:      TS           BOND          ANGLE          DIHED          IMPRP               ELECT            VDW       BOUNDARY           MISC        KINETIC               TOTAL           TEMP      POTENTIAL         TOTAL3        TEMPAVG            PRESSURE      GPRESSURE         VOLUME       PRESSAVG      GPRESSAVG

ENERGY:  510000       389.2075      1100.5890      1359.0255        20.0747        -587398.2223     41925.4468        39.2641         0.0000     48538.6129        -494026.0019       293.2508   -542564.6149   -493923.3758       292.5246            -53.4414       -25.7485    831672.6950        -3.6462        -3.6174

WRITING EXTENDED SYSTEM TO RESTART FILE AT STEP 510000
WRITING COORDINATES TO DCD FILE eq1.dcd AT STEP 510000
WRITING COORDINATES TO RESTART FILE AT STEP 510000
FINISHED WRITING RESTART COORDINATES
WRITING VELOCITIES TO RESTART FILE AT STEP 510000
FINISHED WRITING RESTART VELOCITIES
TIMING: 511000  CPU: 3738.57, 0.00736513/step  Wall: 3748.97, 0.00741805/step, 1.00762 hours remaining, 0.000000 MB of memory in use.
PERFORMANCE: 511000  averaging 23.554 ns/day, 0.00733634 sec/step with standard deviation 5.04259e-05
ENERGY:  511000       393.8133      1086.1921      1347.7362        19.1330        -587827.7575     42021.1277        43.2584         0.0000     48392.6157        -494523.8811       292.3688   -542916.4968   -494419.0027       292.2647            -36.3224        -7.0687    831613.9807        -3.4945        -3.4528

TIMING: 512000  CPU: 3745.94, 0.00736805/step  Wall: 3756.34, 0.00737562/step, 0.999807 hours remaining, 0.000000 MB of memory in use.
PERFORMANCE: 512000  averaging 23.5537 ns/day, 0.00733642 sec/step with standard deviation 5.04064e-05
ENERGY:  512000       401.8306      1076.2966      1350.4472        19.9139        -588060.9499     42185.2622        38.6152         0.0000     48216.1925        -494772.3917       291.3029   -542988.5842   -494660.2196       292.2096            -27.3126         4.8935    831123.5101         1.5599         1.5876

LDB: ============= START OF LOAD BALANCING ============== 3759.91
LDB: ============== END OF LOAD BALANCING =============== 3759.91
Info: useSync: 0 useProxySync: 0
LDB: =============== DONE WITH MIGRATION ================ 3759.91
LDB: ============= START OF LOAD BALANCING ============== 3760.64
LDB: TIME 3760.64 LOAD: AVG 0.588403 MAX 0.648313  PROXIES: TOTAL 344 MAXPE 47 MAXPATCH 5 None MEM: 0 MB
LDB: TIME 3760.64 LOAD: AVG 0.588403 MAX 0.648313  PROXIES: TOTAL 344 MAXPE 47 MAXPATCH 5 RefineTorusLB MEM: 0 MB
LDB: TIME 3760.64 LOAD: AVG 0.588403 MAX 0.648313  PROXIES: TOTAL 344 MAXPE 47 MAXPATCH 5 RefineTorusLB MEM: 0 MB
LDB: ============== END OF LOAD BALANCING =============== 3760.64
Info: useSync: 0 useProxySync: 0
LDB: =============== DONE WITH MIGRATION ================ 3760.65
TIMING: 513000  CPU: 3753.26, 0.00732343/step  Wall: 3763.67, 0.00733134/step, 0.991767 hours remaining, 0.000000 MB of memory in use.
PERFORMANCE: 513000  averaging 23.5537 ns/day, 0.00733641 sec/step with standard deviation 5.03577e-05
ENERGY:  513000       411.8433      1048.3186      1348.2785        21.0495        -587865.6161     42161.3370        42.6234         0.0000     48287.7424        -494544.4235       291.7352   -542832.1660   -494437.0604       292.0798              4.1617        37.4575    830980.4966        -2.2961        -2.2984

TIMING: 514000  CPU: 3760.57, 0.0073039/step  Wall: 3770.99, 0.00731344/step, 0.987314 hours remaining, 0.000000 MB of memory in use.
PERFORMANCE: 514000  averaging 23.5539 ns/day, 0.00733637 sec/step with standard deviation 5.03188e-05
ENERGY:  514000       392.2178      1082.8741      1365.7957        20.4669        -587514.6203     42103.2708        36.4885         0.0000     48254.0642        -494259.4423       291.5317   -542513.5064   -494160.9965       291.9958             30.5466        67.2076    831005.2821         3.5354         3.6629

WRITING COORDINATES TO DCD FILE eq1.dcd AT STEP 515000
TIMING: 515000  CPU: 3767.88, 0.00731607/step  Wall: 3778.31, 0.00732449/step, 0.986771 hours remaining, 0.000000 MB of memory in use.
PERFORMANCE: 515000  averaging 23.554 ns/day, 0.00733634 sec/step with standard deviation 5.02725e-05
ENERGY:  515000       422.4179      1099.1861      1351.7018        20.8764        -587166.8377     41767.5283        40.5233         0.0000     48574.7928        -493889.8112       293.4694   -542464.6040   -493785.4150       292.6108            -92.9065       -61.7007    832225.3571         0.7744         0.7859

TIMING: 516000  CPU: 3775.23, 0.00734415/step  Wall: 3785.66, 0.00735076/step, 0.988269 hours remaining, 0.000000 MB of memory in use.
PERFORMANCE: 516000  averaging 23.5539 ns/day, 0.00733637 sec/step with standard deviation 5.02277e-05
ENERGY:  516000       412.8521      1091.5311      1352.2207        15.3353        -587701.5314     41909.5243        45.0995         0.0000     48611.7952        -494263.1732       293.6930   -542874.9684   -494164.6886       292.9305            -64.0547       -31.1517    830569.9661         6.2447         6.2625

LDB: ============= START OF LOAD BALANCING ============== 3789.24
LDB: ============== END OF LOAD BALANCING =============== 3789.24
Info: useSync: 0 useProxySync: 0
LDB: =============== DONE WITH MIGRATION ================ 3789.24
LDB: ============= START OF LOAD BALANCING ============== 3789.98
LDB: TIME 3789.98 LOAD: AVG 0.586597 MAX 0.649604  PROXIES: TOTAL 344 MAXPE 47 MAXPATCH 5 None MEM: 0 MB
LDB: TIME 3789.98 LOAD: AVG 0.586597 MAX 0.649604  PROXIES: TOTAL 344 MAXPE 47 MAXPATCH 5 RefineTorusLB MEM: 0 MB
LDB: TIME 3789.98 LOAD: AVG 0.586597 MAX 0.649604  PROXIES: TOTAL 344 MAXPE 47 MAXPATCH 5 RefineTorusLB MEM: 0 MB
LDB: ============== END OF LOAD BALANCING =============== 3789.98
Info: useSync: 0 useProxySync: 0
LDB: =============== DONE WITH MIGRATION ================ 3789.98
TIMING: 517000  CPU: 3782.58, 0.00735362/step  Wall: 3793.02, 0.0073613/step, 0.987642 hours remaining, 0.000000 MB of memory in use.
PERFORMANCE: 517000  averaging 23.5537 ns/day, 0.00733642 sec/step with standard deviation 5.0191e-05
ENERGY:  517000       410.6401      1110.9190      1342.4124        23.6577        -588059.8491     42145.5871        45.4410         0.0000     48484.5081        -494496.6837       292.9239   -542981.1919   -494388.6955       292.3995             -0.9377        30.4746    830605.0005         1.2134         1.1730

TIMING: 518000  CPU: 3789.93, 0.00735025/step  Wall: 3800.38, 0.00735952/step, 0.985358 hours remaining, 0.000000 MB of memory in use.
PERFORMANCE: 518000  averaging 23.5536 ns/day, 0.00733646 sec/step with standard deviation 5.01527e-05
ENERGY:  518000       396.5968      1065.3328      1348.7973        22.8014        -587874.5936     41950.9955        46.3281         0.0000     48405.9557        -494637.7859       292.4494   -543043.7416   -494539.8395       291.7300             21.2392        52.4269    829214.3913         0.4523         0.4021

TIMING: 519000  CPU: 3797.28, 0.00734728/step  Wall: 3807.74, 0.00735382/step, 0.982552 hours remaining, 0.000000 MB of memory in use.
PERFORMANCE: 519000  averaging 23.5535 ns/day, 0.0073365 sec/step with standard deviation 5.01101e-05
ENERGY:  519000       406.4363      1072.4441      1328.6677        18.7442        -587449.8847     41807.7506        47.9395         0.0000     48216.1600        -494551.7423       291.3027   -542767.9023   -494443.6575       291.6547            -48.7260       -18.1396    829718.7938         4.1180         4.1436

TIMING: 520000  CPU: 3804.63, 0.00734777/step  Wall: 3815.09, 0.00735684/step, 0.980913 hours remaining, 0.000000 MB of memory in use.
PERFORMANCE: 520000  averaging 23.5533 ns/day, 0.00733654 sec/step with standard deviation 5.00697e-05
ETITLE:      TS           BOND          ANGLE          DIHED          IMPRP               ELECT            VDW       BOUNDARY           MISC        KINETIC               TOTAL           TEMP      POTENTIAL         TOTAL3        TEMPAVG            PRESSURE      GPRESSURE         VOLUME       PRESSAVG      GPRESSAVG

ENERGY:  520000       407.8910      1051.2242      1325.7510        19.5040        -587532.1525     42004.9531        52.9383         0.0000     48188.9682        -494480.9228       291.1384   -542669.8910   -494373.8215       291.6645            -71.3218       -43.0941    832138.4860        -1.3018        -1.2409

WRITING EXTENDED SYSTEM TO RESTART FILE AT STEP 520000
WRITING COORDINATES TO DCD FILE eq1.dcd AT STEP 520000
WRITING COORDINATES TO RESTART FILE AT STEP 520000
FINISHED WRITING RESTART COORDINATES
WRITING VELOCITIES TO RESTART FILE AT STEP 520000
FINISHED WRITING RESTART VELOCITIES
LDB: ============= START OF LOAD BALANCING ============== 3818.74
LDB: ============== END OF LOAD BALANCING =============== 3818.74
Info: useSync: 0 useProxySync: 0
LDB: =============== DONE WITH MIGRATION ================ 3818.74
LDB: ============= START OF LOAD BALANCING ============== 3819.47
LDB: TIME 3819.47 LOAD: AVG 0.587157 MAX 0.647655  PROXIES: TOTAL 344 MAXPE 47 MAXPATCH 5 None MEM: 0 MB
LDB: TIME 3819.47 LOAD: AVG 0.587157 MAX 0.647655  PROXIES: TOTAL 344 MAXPE 47 MAXPATCH 5 RefineTorusLB MEM: 0 MB
LDB: TIME 3819.47 LOAD: AVG 0.587157 MAX 0.647655  PROXIES: TOTAL 344 MAXPE 47 MAXPATCH 5 RefineTorusLB MEM: 0 MB
LDB: ============== END OF LOAD BALANCING =============== 3819.47
Info: useSync: 0 useProxySync: 0
LDB: =============== DONE WITH MIGRATION ================ 3819.47
TIMING: 521000  CPU: 3812.01, 0.00737896/step  Wall: 3822.52, 0.00743173/step, 0.988833 hours remaining, 0.000000 MB of memory in use.
PERFORMANCE: 521000  averaging 23.5528 ns/day, 0.00733672 sec/step with standard deviation 5.01951e-05
ENERGY:  521000       379.6180      1015.8395      1357.1649        17.4325        -587902.3592     42146.6122        47.6317         0.0000     48329.6897        -494608.3707       291.9886   -542938.0604   -494500.1076       291.3669            -12.2375        22.9013    830842.3513         0.4960         0.5180

TIMING: 522000  CPU: 3819.33, 0.00732796/step  Wall: 3829.86, 0.00733567/step, 0.974014 hours remaining, 0.000000 MB of memory in use.
PERFORMANCE: 522000  averaging 23.5528 ns/day, 0.00733672 sec/step with standard deviation 5.01469e-05
ENERGY:  522000       368.6277      1072.7298      1348.0206        15.1108        -588314.1803     42331.9162        43.0134         0.0000     48354.1137        -494780.6482       292.1362   -543134.7619   -494674.1945       291.1649            126.6255       157.4692    830767.3973         0.9465         1.0400

TIMING: 523000  CPU: 3826.69, 0.00735172/step  Wall: 3837.22, 0.00736128/step, 0.975369 hours remaining, 0.000000 MB of memory in use.
PERFORMANCE: 523000  averaging 23.5526 ns/day, 0.00733676 sec/step with standard deviation 5.01104e-05
ENERGY:  523000       386.5815      1081.2450      1339.9041        15.3958        -587962.9540     42095.6619        39.7175         0.0000     48593.9913        -494410.4568       293.5854   -543004.4482   -494308.7436       291.6962              3.3030        33.7675    830137.3275         1.1268         1.1292

TIMING: 524000  CPU: 3834.05, 0.00736415/step  Wall: 3844.59, 0.00737265/step, 0.974828 hours remaining, 0.000000 MB of memory in use.
PERFORMANCE: 524000  averaging 23.5524 ns/day, 0.00733683 sec/step with standard deviation 5.0087e-05
ENERGY:  524000       385.2534      1101.0140      1346.6860        13.2519        -587469.5230     41905.6956        47.0021         0.0000     48377.8244        -494292.7957       292.2794   -542670.6200   -494185.7970       292.2659            -39.3147        -5.9155    831784.3543         0.7902         0.8373

LDB: ============= START OF LOAD BALANCING ============== 3848.17
LDB: ============== END OF LOAD BALANCING =============== 3848.17
Info: useSync: 0 useProxySync: 0
LDB: =============== DONE WITH MIGRATION ================ 3848.17
LDB: ============= START OF LOAD BALANCING ============== 3848.91
LDB: TIME 3848.91 LOAD: AVG 0.584113 MAX 0.652703  PROXIES: TOTAL 344 MAXPE 47 MAXPATCH 5 None MEM: 0 MB
LDB: TIME 3848.91 LOAD: AVG 0.584113 MAX 0.652703  PROXIES: TOTAL 344 MAXPE 47 MAXPATCH 5 RefineTorusLB MEM: 0 MB
LDB: TIME 3848.91 LOAD: AVG 0.584113 MAX 0.652703  PROXIES: TOTAL 344 MAXPE 47 MAXPATCH 5 RefineTorusLB MEM: 0 MB
LDB: ============== END OF LOAD BALANCING =============== 3848.91
Info: useSync: 0 useProxySync: 0
LDB: =============== DONE WITH MIGRATION ================ 3848.92
TIMING: 525000  CPU: 3841.41, 0.00735906/step  Wall: 3851.96, 0.00736576/step, 0.971871 hours remaining, 0.000000 MB of memory in use.
PERFORMANCE: 525000  averaging 23.5522 ns/day, 0.00733689 sec/step with standard deviation 5.00551e-05
ENERGY:  525000       389.3824      1062.6435      1347.7518        20.4105        -587027.8821     41741.5156        43.1247         0.0000     48557.8118        -493865.2418       293.3668   -542423.0536   -493755.2279       292.6711           -114.8195       -82.8069    831985.6870        -0.3979        -0.3743

WRITING COORDINATES TO DCD FILE eq1.dcd AT STEP 525000
TIMING: 526000  CPU: 3848.76, 0.00734778/step  Wall: 3859.32, 0.00735769/step, 0.968763 hours remaining, 0.000000 MB of memory in use.
PERFORMANCE: 526000  averaging 23.5521 ns/day, 0.00733693 sec/step with standard deviation 5.00156e-05
ENERGY:  526000       370.7050      1081.9914      1329.4664        15.3443        -586888.4577     41608.5400        43.8032         0.0000     48406.4688        -494032.1386       292.4525   -542438.6074   -493928.5234       293.2479            -84.3352       -50.0704    831492.9912        -0.1142        -0.1900

TIMING: 527000  CPU: 3856.09, 0.00733188/step  Wall: 3866.66, 0.00734182/step, 0.964633 hours remaining, 0.000000 MB of memory in use.
PERFORMANCE: 527000  averaging 23.5521 ns/day, 0.00733694 sec/step with standard deviation 4.99685e-05
ENERGY:  527000       378.4786      1051.3065      1358.5833        18.7953        -586657.8828     41850.9829        40.3662         0.0000     48127.0923        -493832.2777       290.7646   -541959.3700   -493724.8419       292.8988            -47.9829       -16.6851    834343.1208        -1.1574        -1.1416

TIMING: 528000  CPU: 3863.46, 0.00737534/step  Wall: 3874.04, 0.0073827/step, 0.967954 hours remaining, 0.000000 MB of memory in use.
PERFORMANCE: 528000  averaging 23.5518 ns/day, 0.00733702 sec/step with standard deviation 4.99608e-05
ENERGY:  528000       413.1353      1035.8382      1361.2069        20.5465        -587930.0278     42634.7890        41.6642         0.0000     48390.6281        -494032.2198       292.3568   -542422.8478   -493917.4223       292.9337             89.4335       120.4855    833324.4655        -2.5877        -2.5768

LDB: ============= START OF LOAD BALANCING ============== 3877.62
LDB: ============== END OF LOAD BALANCING =============== 3877.62
Info: useSync: 0 useProxySync: 0
LDB: =============== DONE WITH MIGRATION ================ 3877.62
LDB: ============= START OF LOAD BALANCING ============== 3878.36
LDB: TIME 3878.36 LOAD: AVG 0.586298 MAX 0.650308  PROXIES: TOTAL 344 MAXPE 47 MAXPATCH 5 None MEM: 0 MB
LDB: TIME 3878.36 LOAD: AVG 0.586298 MAX 0.650308  PROXIES: TOTAL 344 MAXPE 47 MAXPATCH 5 RefineTorusLB MEM: 0 MB
LDB: TIME 3878.36 LOAD: AVG 0.586298 MAX 0.650308  PROXIES: TOTAL 344 MAXPE 47 MAXPATCH 5 RefineTorusLB MEM: 0 MB
LDB: Reverting to original mapping
LDB: ============== END OF LOAD BALANCING =============== 3878.36
Info: useSync: 0 useProxySync: 0
LDB: =============== DONE WITH MIGRATION ================ 3878.36
TIMING: 529000  CPU: 3870.81, 0.00734399/step  Wall: 3881.39, 0.007352/step, 0.961887 hours remaining, 0.000000 MB of memory in use.
PERFORMANCE: 529000  averaging 23.5517 ns/day, 0.00733705 sec/step with standard deviation 4.99177e-05
ENERGY:  529000       405.7099      1123.7669      1337.8755        15.9549        -588064.0808     42398.7513        43.9110         0.0000     48322.1043        -494416.0070       291.9428   -542738.1113   -494320.6589       292.2641             30.9756        62.8932    831966.8287        -2.8363        -2.7431

TIMING: 530000  CPU: 3878.13, 0.00732418/step  Wall: 3888.72, 0.00732963/step, 0.956924 hours remaining, 0.000000 MB of memory in use.
PERFORMANCE: 530000  averaging 23.5517 ns/day, 0.00733704 sec/step with standard deviation 4.98715e-05
ETITLE:      TS           BOND          ANGLE          DIHED          IMPRP               ELECT            VDW       BOUNDARY           MISC        KINETIC               TOTAL           TEMP      POTENTIAL         TOTAL3        TEMPAVG            PRESSURE      GPRESSURE         VOLUME       PRESSAVG      GPRESSAVG

ENERGY:  530000       372.6887      1047.0224      1362.0638        16.7138        -587717.1124     42064.2941        48.6219         0.0000     48311.2397        -494494.4682       291.8771   -542805.7079   -494403.5573       291.8037             39.2319        72.5079    831494.8519         1.1629         1.1296

WRITING EXTENDED SYSTEM TO RESTART FILE AT STEP 530000
WRITING COORDINATES TO DCD FILE eq1.dcd AT STEP 530000
WRITING COORDINATES TO RESTART FILE AT STEP 530000
FINISHED WRITING RESTART COORDINATES
WRITING VELOCITIES TO RESTART FILE AT STEP 530000
FINISHED WRITING RESTART VELOCITIES
TIMING: 531000  CPU: 3885.49, 0.00735618/step  Wall: 3896.14, 0.00741361/step, 0.965829 hours remaining, 0.000000 MB of memory in use.
PERFORMANCE: 531000  averaging 23.5513 ns/day, 0.00733718 sec/step with standard deviation 4.99352e-05
ENERGY:  531000       389.9614      1092.6219      1359.6400        17.7568        -587602.8009     42028.4420        47.3303         0.0000     48292.3447        -494374.7037       291.7630   -542667.0485   -494272.1329       292.2121             76.0851       108.5010    830121.6104        -0.1585        -0.1557

TIMING: 532000  CPU: 3892.82, 0.00733568/step  Wall: 3903.49, 0.00734757/step, 0.955184 hours remaining, 0.000000 MB of memory in use.
PERFORMANCE: 532000  averaging 23.5512 ns/day, 0.0073372 sec/step with standard deviation 4.98902e-05
ENERGY:  532000       387.3989      1075.3752      1373.7925        19.6817        -587499.4391     42039.6174        42.4274         0.0000     48285.1666        -494275.9795       291.7196   -542561.1461   -494174.9602       292.1773            -70.9881       -40.3735    832488.7309        -4.0761        -4.0929

LDB: ============= START OF LOAD BALANCING ============== 3907.03
LDB: ============== END OF LOAD BALANCING =============== 3907.03
Info: useSync: 0 useProxySync: 0
LDB: =============== DONE WITH MIGRATION ================ 3907.03
LDB: ============= START OF LOAD BALANCING ============== 3907.79
LDB: TIME 3907.79 LOAD: AVG 0.587227 MAX 0.649287  PROXIES: TOTAL 344 MAXPE 47 MAXPATCH 5 None MEM: 0 MB
LDB: TIME 3907.79 LOAD: AVG 0.587227 MAX 0.649287  PROXIES: TOTAL 344 MAXPE 47 MAXPATCH 5 RefineTorusLB MEM: 0 MB
LDB: TIME 3907.79 LOAD: AVG 0.587227 MAX 0.649287  PROXIES: TOTAL 344 MAXPE 47 MAXPATCH 5 RefineTorusLB MEM: 0 MB
LDB: ============== END OF LOAD BALANCING =============== 3907.79
Info: useSync: 0 useProxySync: 0
LDB: =============== DONE WITH MIGRATION ================ 3907.79
TIMING: 533000  CPU: 3900.19, 0.00736678/step  Wall: 3910.86, 0.00737892/step, 0.95721 hours remaining, 0.000000 MB of memory in use.
PERFORMANCE: 533000  averaging 23.551 ns/day, 0.00733728 sec/step with standard deviation 4.9876e-05
ENERGY:  533000       403.6663      1027.4854      1357.7356        21.4495        -587561.5730     41956.1890        47.5860         0.0000     48351.7051        -494395.7561       292.1216   -542747.4612   -494301.2781       292.6032            -42.7749       -11.2005    830290.1704         5.2696         5.3036

TIMING: 534000  CPU: 3907.56, 0.00736644/step  Wall: 3918.25, 0.00738173/step, 0.955524 hours remaining, 0.000000 MB of memory in use.
PERFORMANCE: 534000  averaging 23.5507 ns/day, 0.00733736 sec/step with standard deviation 4.98663e-05
ENERGY:  534000       412.3964      1039.8911      1333.4211        16.2503        -588150.4985     42290.0029        48.0957         0.0000     48541.2859        -494469.1551       293.2670   -543010.4411   -494367.8352       291.7893             62.0080        89.5093    829694.6982         1.9527         1.9581

WRITING COORDINATES TO DCD FILE eq1.dcd AT STEP 535000
TIMING: 535000  CPU: 3914.94, 0.00738342/step  Wall: 3925.64, 0.00739504/step, 0.955193 hours remaining, 0.000000 MB of memory in use.
PERFORMANCE: 535000  averaging 23.5503 ns/day, 0.00733747 sec/step with standard deviation 4.9882e-05
ENERGY:  535000       391.4766      1082.0083      1361.7139        17.3028        -587964.6270     42244.3595        40.6476         0.0000     48346.0711        -494481.0472       292.0876   -542827.1183   -494373.1837       292.2587             58.7023        92.6676    829558.4766        -3.8403        -3.8035

TIMING: 536000  CPU: 3922.28, 0.00733807/step  Wall: 3933, 0.00735423/step, 0.947878 hours remaining, 0.000000 MB of memory in use.
PERFORMANCE: 536000  averaging 23.5502 ns/day, 0.0073375 sec/step with standard deviation 4.98406e-05
ENERGY:  536000       402.5037      1089.3113      1346.1744        18.5438        -587478.9137     41961.3754        45.1043         0.0000     48204.8559        -494411.0450       291.2344   -542615.9009   -494317.7536       291.8299            -52.2382       -19.4014    832238.1105        -2.0940        -2.0718

LDB: ============= START OF LOAD BALANCING ============== 3936.57
LDB: ============== END OF LOAD BALANCING =============== 3936.57
Info: useSync: 0 useProxySync: 0
LDB: =============== DONE WITH MIGRATION ================ 3936.57
LDB: ============= START OF LOAD BALANCING ============== 3937.32
LDB: TIME 3937.32 LOAD: AVG 0.58464 MAX 0.652478  PROXIES: TOTAL 344 MAXPE 47 MAXPATCH 5 None MEM: 0 MB
LDB: TIME 3937.32 LOAD: AVG 0.58464 MAX 0.652478  PROXIES: TOTAL 344 MAXPE 47 MAXPATCH 5 RefineTorusLB MEM: 0 MB
LDB: TIME 3937.32 LOAD: AVG 0.58464 MAX 0.652478  PROXIES: TOTAL 344 MAXPE 47 MAXPATCH 5 RefineTorusLB MEM: 0 MB
LDB: ============== END OF LOAD BALANCING =============== 3937.32
Info: useSync: 0 useProxySync: 0
LDB: =============== DONE WITH MIGRATION ================ 3937.32
TIMING: 537000  CPU: 3929.67, 0.00739118/step  Wall: 3940.39, 0.00739916/step, 0.951614 hours remaining, 0.000000 MB of memory in use.
PERFORMANCE: 537000  averaging 23.5499 ns/day, 0.00733762 sec/step with standard deviation 4.98651e-05
ENERGY:  537000       361.9348      1052.5164      1350.7737        25.1577        -587696.4234     42153.3569        46.5488         0.0000     48271.8034        -494434.3316       291.6389   -542706.1350   -494334.2468       291.6210             31.9787        64.0092    831252.9774         0.6210         0.5829

TIMING: 538000  CPU: 3937.05, 0.00738179/step  Wall: 3947.79, 0.00739224/step, 0.948671 hours remaining, 0.000000 MB of memory in use.
PERFORMANCE: 538000  averaging 23.5496 ns/day, 0.00733772 sec/step with standard deviation 4.98743e-05
ENERGY:  538000       398.7225      1096.2552      1329.8105        18.5502        -587501.0861     41681.7633        40.3858         0.0000     48366.1222        -494569.4764       292.2087   -542935.5987   -494465.3687       292.3693           -231.3858      -201.1231    831422.5618         5.8759         5.8771

TIMING: 539000  CPU: 3944.41, 0.00735853/step  Wall: 3955.15, 0.00736774/step, 0.94348 hours remaining, 0.000000 MB of memory in use.
PERFORMANCE: 539000  averaging 23.5494 ns/day, 0.00733777 sec/step with standard deviation 4.98447e-05
ENERGY:  539000       372.4295      1089.3393      1356.7159        17.5237        -587678.4392     41843.0677        44.7750         0.0000     48213.0930        -494741.4950       291.2842   -542954.5880   -494637.8074       291.7997           -133.7550       -99.5653    831748.8649        -0.4213        -0.3742

TIMING: 540000  CPU: 3951.77, 0.00736293/step  Wall: 3962.53, 0.00737271/step, 0.942068 hours remaining, 0.000000 MB of memory in use.
PERFORMANCE: 540000  averaging 23.5492 ns/day, 0.00733784 sec/step with standard deviation 4.98211e-05
ETITLE:      TS           BOND          ANGLE          DIHED          IMPRP               ELECT            VDW       BOUNDARY           MISC        KINETIC               TOTAL           TEMP      POTENTIAL         TOTAL3        TEMPAVG            PRESSURE      GPRESSURE         VOLUME       PRESSAVG      GPRESSAVG

ENERGY:  540000       392.5570      1044.6668      1363.0891        14.1637        -587711.1322     42025.6171        46.0975         0.0000     48271.6060        -494553.3351       291.6377   -542824.9411   -494456.1242       291.7798            -48.1535       -15.4475    830999.7936         1.2428         1.2859

WRITING EXTENDED SYSTEM TO RESTART FILE AT STEP 540000
WRITING COORDINATES TO DCD FILE eq1.dcd AT STEP 540000
WRITING COORDINATES TO RESTART FILE AT STEP 540000
FINISHED WRITING RESTART COORDINATES
WRITING VELOCITIES TO RESTART FILE AT STEP 540000
FINISHED WRITING RESTART VELOCITIES
LDB: ============= START OF LOAD BALANCING ============== 3966.16
LDB: ============== END OF LOAD BALANCING =============== 3966.16
Info: useSync: 0 useProxySync: 0
LDB: =============== DONE WITH MIGRATION ================ 3966.16
LDB: ============= START OF LOAD BALANCING ============== 3966.89
LDB: TIME 3966.89 LOAD: AVG 0.584497 MAX 0.647325  PROXIES: TOTAL 344 MAXPE 47 MAXPATCH 5 None MEM: 0 MB
LDB: TIME 3966.89 LOAD: AVG 0.584497 MAX 0.647325  PROXIES: TOTAL 344 MAXPE 47 MAXPATCH 5 RefineTorusLB MEM: 0 MB
LDB: TIME 3966.89 LOAD: AVG 0.584497 MAX 0.647325  PROXIES: TOTAL 344 MAXPE 47 MAXPATCH 5 RefineTorusLB MEM: 0 MB
LDB: ============== END OF LOAD BALANCING =============== 3966.89
Info: useSync: 0 useProxySync: 0
LDB: =============== DONE WITH MIGRATION ================ 3966.89
TIMING: 541000  CPU: 3959.13, 0.00735285/step  Wall: 3969.93, 0.00740762/step, 0.944472 hours remaining, 0.000000 MB of memory in use.
PERFORMANCE: 541000  averaging 23.5488 ns/day, 0.00733797 sec/step with standard deviation 4.98653e-05
ENERGY:  541000       412.1707      1038.8441      1350.5052        18.6272        -587436.1371     41928.9214        42.6924         0.0000     48316.0698        -494328.3064       291.9063   -542644.3762   -494227.9075       291.8073            -53.8787       -19.6854    831034.7602         2.3751         2.4020

TIMING: 542000  CPU: 3966.49, 0.00736716/step  Wall: 3977.31, 0.00737956/step, 0.938844 hours remaining, 0.000000 MB of memory in use.
PERFORMANCE: 542000  averaging 23.5485 ns/day, 0.00733804 sec/step with standard deviation 4.98512e-05
ENERGY:  542000       375.4500      1086.8965      1345.0564        20.6059        -587160.1706     41899.4394        46.9016         0.0000     48336.6389        -494049.1820       292.0306   -542385.8209   -493948.5181       292.6410            -41.2544        -9.1643    832573.4202         1.9146         1.9225

TIMING: 543000  CPU: 3973.87, 0.00737363/step  Wall: 3984.7, 0.00738751/step, 0.937803 hours remaining, 0.000000 MB of memory in use.
PERFORMANCE: 543000  averaging 23.5482 ns/day, 0.00733814 sec/step with standard deviation 4.98504e-05
ENERGY:  543000       372.6118      1073.3513      1338.9048        21.7155        -587398.2509     41601.0861        45.3409         0.0000     48539.9410        -494405.2995       293.2589   -542945.2405   -494299.6259       292.7717           -160.1858      -133.7089    831688.0928         5.6061         5.5691

TIMING: 544000  CPU: 3981.19, 0.00732808/step  Wall: 3992.04, 0.0073399/step, 0.929721 hours remaining, 0.000000 MB of memory in use.
PERFORMANCE: 544000  averaging 23.5482 ns/day, 0.00733814 sec/step with standard deviation 4.98045e-05
ENERGY:  544000       402.5538      1043.2382      1351.8731        22.2038        -587841.9320     42286.8937        44.6014         0.0000     48202.4817        -494488.0864       291.2201   -542690.5681   -494396.2235       292.2861              6.3010        38.5322    831918.7739         2.4049         2.4349

LDB: ============= START OF LOAD BALANCING ============== 3995.61
LDB: ============== END OF LOAD BALANCING =============== 3995.61
Info: useSync: 0 useProxySync: 0
LDB: =============== DONE WITH MIGRATION ================ 3995.61
LDB: ============= START OF LOAD BALANCING ============== 3996.35
LDB: TIME 3996.36 LOAD: AVG 0.585235 MAX 0.652939  PROXIES: TOTAL 344 MAXPE 47 MAXPATCH 5 None MEM: 0 MB
LDB: TIME 3996.36 LOAD: AVG 0.585235 MAX 0.652939  PROXIES: TOTAL 344 MAXPE 47 MAXPATCH 5 RefineTorusLB MEM: 0 MB
LDB: TIME 3996.36 LOAD: AVG 0.585235 MAX 0.652939  PROXIES: TOTAL 344 MAXPE 47 MAXPATCH 5 RefineTorusLB MEM: 0 MB
LDB: ============== END OF LOAD BALANCING =============== 3996.36
Info: useSync: 0 useProxySync: 0
LDB: =============== DONE WITH MIGRATION ================ 3996.36
TIMING: 545000  CPU: 3988.55, 0.00735856/step  Wall: 3999.41, 0.00736815/step, 0.931252 hours remaining, 0.000000 MB of memory in use.
PERFORMANCE: 545000  averaging 23.548 ns/day, 0.00733819 sec/step with standard deviation 4.97753e-05
ENERGY:  545000       393.7957      1064.1128      1350.9112        15.9701        -587507.7397     42103.4715        47.8363         0.0000     48047.6111        -494484.0310       290.2844   -542531.6422   -494387.1617       291.8710             31.8501        66.3052    829411.5256        -2.5547        -2.5031

WRITING COORDINATES TO DCD FILE eq1.dcd AT STEP 545000
TIMING: 546000  CPU: 3995.95, 0.00739444/step  Wall: 4006.81, 0.0074034/step, 0.933651 hours remaining, 0.000000 MB of memory in use.
PERFORMANCE: 546000  averaging 23.5476 ns/day, 0.00733831 sec/step with standard deviation 4.98079e-05
ENERGY:  546000       391.7602      1054.6782      1356.1528        19.7261        -587708.3489     42135.2181        45.4399         0.0000     48170.3725        -494535.0012       291.0261   -542705.3737   -494426.3806       292.3934            -18.4683        11.0486    831359.3828         4.1485         4.1399

TIMING: 547000  CPU: 4003.31, 0.00735816/step  Wall: 4014.18, 0.00737002/step, 0.927394 hours remaining, 0.000000 MB of memory in use.
PERFORMANCE: 547000  averaging 23.5475 ns/day, 0.00733837 sec/step with standard deviation 4.97807e-05
ENERGY:  547000       392.9120      1072.2816      1351.5276        13.9253        -587632.5532     42018.4312        52.6936         0.0000     48230.2547        -494500.5273       291.3879   -542730.7820   -494399.1428       291.6711            -41.0248        -9.1401    830727.5533         0.6508         0.6897

TIMING: 548000  CPU: 4010.69, 0.00738309/step  Wall: 4021.57, 0.00738939/step, 0.927779 hours remaining, 0.000000 MB of memory in use.
PERFORMANCE: 548000  averaging 23.5472 ns/day, 0.00733846 sec/step with standard deviation 4.97829e-05
ENERGY:  548000       400.8151      1047.4987      1365.3678        20.7306        -587436.7251     41893.6362        45.4923         0.0000     48216.2032        -494446.9812       291.3030   -542663.1844   -494341.5461       291.8385           -141.0607      -109.2257    833316.6387         3.8445         3.8452

LDB: ============= START OF LOAD BALANCING ============== 4025.15
LDB: ============== END OF LOAD BALANCING =============== 4025.15
Info: useSync: 0 useProxySync: 0
LDB: =============== DONE WITH MIGRATION ================ 4025.15
LDB: ============= START OF LOAD BALANCING ============== 4025.89
LDB: TIME 4025.89 LOAD: AVG 0.585434 MAX 0.65459  PROXIES: TOTAL 344 MAXPE 47 MAXPATCH 5 None MEM: 0 MB
LDB: TIME 4025.89 LOAD: AVG 0.585434 MAX 0.65459  PROXIES: TOTAL 344 MAXPE 47 MAXPATCH 5 RefineTorusLB MEM: 0 MB
LDB: TIME 4025.89 LOAD: AVG 0.585434 MAX 0.65459  PROXIES: TOTAL 344 MAXPE 47 MAXPATCH 5 RefineTorusLB MEM: 0 MB
LDB: Reverting to original mapping
LDB: ============== END OF LOAD BALANCING =============== 4025.89
Info: useSync: 0 useProxySync: 0
LDB: =============== DONE WITH MIGRATION ================ 4025.89
TIMING: 549000  CPU: 4018.07, 0.00737868/step  Wall: 4028.96, 0.00738948/step, 0.925738 hours remaining, 0.000000 MB of memory in use.
PERFORMANCE: 549000  averaging 23.5469 ns/day, 0.00733856 sec/step with standard deviation 4.97851e-05
ENERGY:  549000       384.1571       996.7621      1354.2649        16.4511        -588114.0795     42519.6505        49.4113         0.0000     48165.3540        -494628.0284       290.9957   -542793.3825   -494518.5499       291.7167             56.7395        82.0028    831666.0666         3.5421         3.5384

TIMING: 550000  CPU: 4025.45, 0.00737831/step  Wall: 4036.35, 0.00738831/step, 0.923538 hours remaining, 0.000000 MB of memory in use.
PERFORMANCE: 550000  averaging 23.5466 ns/day, 0.00733865 sec/step with standard deviation 4.9785e-05
ETITLE:      TS           BOND          ANGLE          DIHED          IMPRP               ELECT            VDW       BOUNDARY           MISC        KINETIC               TOTAL           TEMP      POTENTIAL         TOTAL3        TEMPAVG            PRESSURE      GPRESSURE         VOLUME       PRESSAVG      GPRESSAVG

ENERGY:  550000       381.8540      1019.3143      1356.4027        17.2320        -587769.6160     42115.8305        44.3374         0.0000     48282.0948        -494552.5504       291.7010   -542834.6451   -494448.6828       291.7156             63.5414        96.3890    830841.6358         1.1681         1.1447

WRITING EXTENDED SYSTEM TO RESTART FILE AT STEP 550000
WRITING COORDINATES TO DCD FILE eq1.dcd AT STEP 550000
WRITING COORDINATES TO RESTART FILE AT STEP 550000
FINISHED WRITING RESTART COORDINATES
WRITING VELOCITIES TO RESTART FILE AT STEP 550000
FINISHED WRITING RESTART VELOCITIES
TIMING: 551000  CPU: 4032.83, 0.00738303/step  Wall: 4043.79, 0.00744131/step, 0.928097 hours remaining, 0.000000 MB of memory in use.
PERFORMANCE: 551000  averaging 23.546 ns/day, 0.00733883 sec/step with standard deviation 4.99316e-05
ENERGY:  551000       413.1635      1068.6312      1349.3616        17.0777        -588345.0471     42382.9242        47.4974         0.0000     48108.3876        -494958.0040       290.6516   -543066.3916   -494865.4138       291.2841             -4.7383        26.6470    830685.7129        -2.4630        -2.4514

TIMING: 552000  CPU: 4040.17, 0.0073414/step  Wall: 4051.15, 0.00735477/step, 0.91526 hours remaining, 0.000000 MB of memory in use.
PERFORMANCE: 552000  averaging 23.5459 ns/day, 0.00733886 sec/step with standard deviation 4.98909e-05
ENERGY:  552000       398.7387      1042.7632      1357.6230        17.4459        -587825.0901     42039.1656        46.9121         0.0000     48313.4057        -494609.0359       291.8902   -542922.4416   -494505.7490       291.3234            -43.1354       -10.1525    830310.9235        -0.6817        -0.6759

LDB: ============= START OF LOAD BALANCING ============== 4054.72
LDB: ============== END OF LOAD BALANCING =============== 4054.72
Info: useSync: 0 useProxySync: 0
LDB: =============== DONE WITH MIGRATION ================ 4054.72
LDB: ============= START OF LOAD BALANCING ============== 4055.46
LDB: TIME 4055.46 LOAD: AVG 0.587247 MAX 0.654096  PROXIES: TOTAL 344 MAXPE 47 MAXPATCH 5 None MEM: 0 MB
LDB: TIME 4055.46 LOAD: AVG 0.587247 MAX 0.654096  PROXIES: TOTAL 344 MAXPE 47 MAXPATCH 5 RefineTorusLB MEM: 0 MB
LDB: TIME 4055.46 LOAD: AVG 0.587247 MAX 0.654096  PROXIES: TOTAL 344 MAXPE 47 MAXPATCH 5 RefineTorusLB MEM: 0 MB
LDB: ============== END OF LOAD BALANCING =============== 4055.46
Info: useSync: 0 useProxySync: 0
LDB: =============== DONE WITH MIGRATION ================ 4055.46
TIMING: 553000  CPU: 4047.52, 0.00734989/step  Wall: 4058.51, 0.00736277/step, 0.914211 hours remaining, 0.000000 MB of memory in use.
PERFORMANCE: 553000  averaging 23.5457 ns/day, 0.00733891 sec/step with standard deviation 4.9856e-05
ENERGY:  553000       386.0592      1058.9241      1361.3607        18.1436        -588012.0563     41881.6208        46.2463         0.0000     48569.1672        -494690.5344       293.4354   -543259.7016   -494583.5835       292.0192            -61.5708       -30.2969    829725.4327        -0.8254        -0.8590

TIMING: 554000  CPU: 4054.86, 0.00734027/step  Wall: 4065.86, 0.00735289/step, 0.910941 hours remaining, 0.000000 MB of memory in use.
PERFORMANCE: 554000  averaging 23.5457 ns/day, 0.00733893 sec/step with standard deviation 4.98145e-05
ENERGY:  554000       379.8159      1056.6162      1338.7762        19.6781        -588161.8946     42187.4523        42.8068         0.0000     48529.4546        -494607.2945       293.1955   -543136.7491   -494499.4139       292.0857              5.9220        34.1905    831211.9348         7.6397         7.7002

TIMING: 555000  CPU: 4062.23, 0.00737318/step  Wall: 4073.25, 0.00738846/step, 0.913295 hours remaining, 0.000000 MB of memory in use.
PERFORMANCE: 555000  averaging 23.5454 ns/day, 0.00733902 sec/step with standard deviation 4.98139e-05
ENERGY:  555000       371.6162      1046.5929      1359.0482        17.8906        -587687.9514     41996.7805        47.7701         0.0000     48205.6002        -494642.6528       291.2389   -542848.2530   -494542.2686       291.5857            -83.9036       -51.6428    833257.1282        -0.9537        -1.0123

WRITING COORDINATES TO DCD FILE eq1.dcd AT STEP 555000
TIMING: 556000  CPU: 4069.63, 0.00739434/step  Wall: 4080.66, 0.00740878/step, 0.913749 hours remaining, 0.000000 MB of memory in use.
PERFORMANCE: 556000  averaging 23.545 ns/day, 0.00733915 sec/step with standard deviation 4.98568e-05
ENERGY:  556000       372.8839      1080.1361      1357.0169        13.3432        -587554.9307     42046.7155        47.6135         0.0000     48522.1112        -494115.1105       293.1511   -542637.2217   -494013.3899       292.0900            -56.4645       -25.5983    832313.8872        -2.3554        -2.3588

LDB: ============= START OF LOAD BALANCING ============== 4084.25
LDB: ============== END OF LOAD BALANCING =============== 4084.25
Info: useSync: 0 useProxySync: 0
LDB: =============== DONE WITH MIGRATION ================ 4084.25
LDB: ============= START OF LOAD BALANCING ============== 4084.98
LDB: TIME 4084.98 LOAD: AVG 0.583433 MAX 0.646398  PROXIES: TOTAL 344 MAXPE 47 MAXPATCH 5 None MEM: 0 MB
LDB: TIME 4084.98 LOAD: AVG 0.583433 MAX 0.646398  PROXIES: TOTAL 344 MAXPE 47 MAXPATCH 5 RefineTorusLB MEM: 0 MB
LDB: TIME 4084.98 LOAD: AVG 0.583433 MAX 0.646398  PROXIES: TOTAL 344 MAXPE 47 MAXPATCH 5 RefineTorusLB MEM: 0 MB
LDB: Reverting to original mapping
LDB: ============== END OF LOAD BALANCING =============== 4084.98
Info: useSync: 0 useProxySync: 0
LDB: =============== DONE WITH MIGRATION ================ 4084.98
TIMING: 557000  CPU: 4076.98, 0.00735457/step  Wall: 4088.02, 0.0073648/step, 0.90628 hours remaining, 0.000000 MB of memory in use.
PERFORMANCE: 557000  averaging 23.5448 ns/day, 0.00733919 sec/step with standard deviation 4.98238e-05
ENERGY:  557000       379.6954      1073.0600      1349.6610        20.1888        -587922.5588     42362.7164        48.1240         0.0000     48405.8518        -494283.2614       292.4487   -542689.1132   -494180.1264       292.3802             71.5832       105.3242    832648.6996         0.3157         0.3278

TIMING: 558000  CPU: 4084.38, 0.00739833/step  Wall: 4095.44, 0.00741356/step, 0.910221 hours remaining, 0.000000 MB of memory in use.
PERFORMANCE: 558000  averaging 23.5444 ns/day, 0.00733933 sec/step with standard deviation 4.98785e-05
ENERGY:  558000       390.8020      1060.8455      1345.4055        20.2055        -587581.4233     42270.2108        51.3450         0.0000     48533.1016        -493909.5074       293.2175   -542442.6090   -493804.3893       292.5437             36.9088        69.5163    832792.3734         5.4831         5.3963

TIMING: 559000  CPU: 4091.76, 0.00738246/step  Wall: 4102.84, 0.00739751/step, 0.906194 hours remaining, 0.000000 MB of memory in use.
PERFORMANCE: 559000  averaging 23.5441 ns/day, 0.00733943 sec/step with standard deviation 4.98945e-05
ENERGY:  559000       399.9157      1089.0144      1355.2536        18.0476        -586866.8691     41679.7632        50.5524         0.0000     48338.3587        -493935.9634       292.0410   -542274.3221   -493828.9110       292.7735           -170.3093      -138.6859    832547.6099         4.2937         4.2843

TIMING: 560000  CPU: 4099.16, 0.0073983/step  Wall: 4110.25, 0.00741226/step, 0.905943 hours remaining, 0.000000 MB of memory in use.
PERFORMANCE: 560000  averaging 23.5436 ns/day, 0.00733956 sec/step with standard deviation 4.99448e-05
ETITLE:      TS           BOND          ANGLE          DIHED          IMPRP               ELECT            VDW       BOUNDARY           MISC        KINETIC               TOTAL           TEMP      POTENTIAL         TOTAL3        TEMPAVG            PRESSURE      GPRESSURE         VOLUME       PRESSAVG      GPRESSAVG

ENERGY:  560000       416.9959      1051.3578      1363.5177        19.7270        -587365.9516     41966.5745        43.4472         0.0000     48265.7082        -494238.6233       291.6020   -542504.3316   -494137.0242       292.7051            -97.3352       -65.9581    833519.4011         2.8247         2.8369

WRITING EXTENDED SYSTEM TO RESTART FILE AT STEP 560000
WRITING COORDINATES TO DCD FILE eq1.dcd AT STEP 560000
WRITING COORDINATES TO RESTART FILE AT STEP 560000
FINISHED WRITING RESTART COORDINATES
WRITING VELOCITIES TO RESTART FILE AT STEP 560000
FINISHED WRITING RESTART VELOCITIES
LDB: ============= START OF LOAD BALANCING ============== 4113.91
LDB: ============== END OF LOAD BALANCING =============== 4113.91
Info: useSync: 0 useProxySync: 0
LDB: =============== DONE WITH MIGRATION ================ 4113.91
LDB: ============= START OF LOAD BALANCING ============== 4114.65
LDB: TIME 4114.66 LOAD: AVG 0.58468 MAX 0.657639  PROXIES: TOTAL 344 MAXPE 47 MAXPATCH 5 None MEM: 0 MB
LDB: TIME 4114.66 LOAD: AVG 0.58468 MAX 0.657639  PROXIES: TOTAL 344 MAXPE 47 MAXPATCH 5 RefineTorusLB MEM: 0 MB
LDB: TIME 4114.66 LOAD: AVG 0.58468 MAX 0.657639  PROXIES: TOTAL 344 MAXPE 47 MAXPATCH 5 RefineTorusLB MEM: 0 MB
LDB: ============== END OF LOAD BALANCING =============== 4114.66
Info: useSync: 0 useProxySync: 0
LDB: =============== DONE WITH MIGRATION ================ 4114.66
TIMING: 561000  CPU: 4106.6, 0.0074417/step  Wall: 4117.75, 0.00749807/step, 0.914348 hours remaining, 0.000000 MB of memory in use.
PERFORMANCE: 561000  averaging 23.5427 ns/day, 0.00733984 sec/step with standard deviation 5.0347e-05
ENERGY:  561000       437.3821      1074.6325      1349.6246        19.0686        -587520.4797     42006.4401        49.9552         0.0000     48350.2117        -494233.1648       292.1126   -542583.3765   -494127.0496       292.3735            -59.5299       -22.0791    830810.5265        -0.4279        -0.3757

TIMING: 562000  CPU: 4113.96, 0.00735492/step  Wall: 4125.11, 0.00736699/step, 0.896317 hours remaining, 0.000000 MB of memory in use.
PERFORMANCE: 562000  averaging 23.5426 ns/day, 0.00733989 sec/step with standard deviation 5.03151e-05
ENERGY:  562000       418.3778      1073.2050      1349.8268        16.7114        -587897.6039     42120.6666        56.6030         0.0000     48359.6559        -494502.5573       292.1696   -542862.2132   -494402.9066       292.6678             27.7472        63.3729    831088.9760        -2.1633        -2.2299

TIMING: 563000  CPU: 4121.35, 0.00739027/step  Wall: 4132.51, 0.00740118/step, 0.898421 hours remaining, 0.000000 MB of memory in use.
PERFORMANCE: 563000  averaging 23.5422 ns/day, 0.00734 sec/step with standard deviation 5.03367e-05
ENERGY:  563000       399.3616      1073.7659      1373.7777        16.2755        -587858.2824     42059.6960        53.1844         0.0000     48425.5372        -494456.6842       292.5677   -542882.2213   -494349.8734       292.4021            -64.3490       -31.1473    832131.8570         2.7157         2.7602

TIMING: 564000  CPU: 4128.75, 0.0073991/step  Wall: 4139.92, 0.00740945/step, 0.897366 hours remaining, 0.000000 MB of memory in use.
PERFORMANCE: 564000  averaging 23.5418 ns/day, 0.00734012 sec/step with standard deviation 5.03769e-05
ENERGY:  564000       399.6136      1031.8452      1336.7068        17.7161        -587622.5299     42124.5441        47.7334         0.0000     48250.2776        -494414.0931       291.5088   -542664.3707   -494304.1706       292.2737             33.4311        63.9091    831073.5115        -1.7635        -1.7712

LDB: ============= START OF LOAD BALANCING ============== 4143.51
LDB: ============== END OF LOAD BALANCING =============== 4143.51
Info: useSync: 0 useProxySync: 0
LDB: =============== DONE WITH MIGRATION ================ 4143.51
LDB: ============= START OF LOAD BALANCING ============== 4144.25
LDB: TIME 4144.25 LOAD: AVG 0.585693 MAX 0.653843  PROXIES: TOTAL 344 MAXPE 47 MAXPATCH 5 None MEM: 0 MB
LDB: TIME 4144.25 LOAD: AVG 0.585693 MAX 0.653843  PROXIES: TOTAL 344 MAXPE 47 MAXPATCH 5 RefineTorusLB MEM: 0 MB
LDB: TIME 4144.25 LOAD: AVG 0.585693 MAX 0.653843  PROXIES: TOTAL 344 MAXPE 47 MAXPATCH 5 RefineTorusLB MEM: 0 MB
LDB: Reverting to original mapping
LDB: ============== END OF LOAD BALANCING =============== 4144.25
Info: useSync: 0 useProxySync: 0
LDB: =============== DONE WITH MIGRATION ================ 4144.25
WRITING COORDINATES TO DCD FILE eq1.dcd AT STEP 565000
TIMING: 565000  CPU: 4136.15, 0.00740616/step  Wall: 4147.34, 0.00741397/step, 0.895854 hours remaining, 0.000000 MB of memory in use.
PERFORMANCE: 565000  averaging 23.5414 ns/day, 0.00734025 sec/step with standard deviation 5.0428e-05
ENERGY:  565000       398.4684      1061.6782      1353.0706        17.3644        -587399.6671     41850.1279        50.2678         0.0000     48525.9242        -494142.7656       293.1742   -542668.6897   -494036.9639       292.1621           -105.7276       -72.9493    832849.5691        -0.0571        -0.0252

TIMING: 566000  CPU: 4143.53, 0.00737392/step  Wall: 4154.72, 0.00738381/step, 0.89016 hours remaining, 0.000000 MB of memory in use.
PERFORMANCE: 566000  averaging 23.5412 ns/day, 0.00734033 sec/step with standard deviation 5.04166e-05
ENERGY:  566000       399.8820      1079.1685      1360.7954        22.0775        -587729.9954     42069.6334        41.1524         0.0000     48329.3641        -494427.9221       291.9866   -542757.2862   -494328.8573       292.6553           -100.3513       -67.6589    832749.1485         0.4155         0.4026

TIMING: 567000  CPU: 4150.95, 0.00741813/step  Wall: 4162.15, 0.00742749/step, 0.893361 hours remaining, 0.000000 MB of memory in use.
PERFORMANCE: 567000  averaging 23.5407 ns/day, 0.00734048 sec/step with standard deviation 5.05048e-05
ENERGY:  567000       397.9229      1085.5131      1353.2813        15.7846        -587868.4312     42384.4319        42.1399         0.0000     48192.5382        -494396.8193       291.1600   -542589.3575   -494299.9317       291.6407             45.6847        79.1837    832292.6313         0.9965         0.9904

TIMING: 568000  CPU: 4158.36, 0.00741406/step  Wall: 4169.57, 0.00742522/step, 0.891027 hours remaining, 0.000000 MB of memory in use.
PERFORMANCE: 568000  averaging 23.5402 ns/day, 0.00734063 sec/step with standard deviation 5.05854e-05
ENERGY:  568000       391.5698      1073.3978      1369.7619        21.5436        -588042.1170     42354.0305        48.0415         0.0000     48186.9514        -494596.8204       291.1262   -542783.7718   -494505.3282       292.0047            -48.5931       -13.7967    832113.0365         2.9935         3.0354

LDB: ============= START OF LOAD BALANCING ============== 4173.15
LDB: ============== END OF LOAD BALANCING =============== 4173.15
Info: useSync: 0 useProxySync: 0
LDB: =============== DONE WITH MIGRATION ================ 4173.15
LDB: ============= START OF LOAD BALANCING ============== 4173.89
LDB: TIME 4173.89 LOAD: AVG 0.584526 MAX 0.650656  PROXIES: TOTAL 344 MAXPE 47 MAXPATCH 5 None MEM: 0 MB
LDB: TIME 4173.89 LOAD: AVG 0.584526 MAX 0.650656  PROXIES: TOTAL 344 MAXPE 47 MAXPATCH 5 RefineTorusLB MEM: 0 MB
LDB: TIME 4173.89 LOAD: AVG 0.584526 MAX 0.650656  PROXIES: TOTAL 344 MAXPE 47 MAXPATCH 5 RefineTorusLB MEM: 0 MB
LDB: Reverting to original mapping
LDB: ============== END OF LOAD BALANCING =============== 4173.89
Info: useSync: 0 useProxySync: 0
LDB: =============== DONE WITH MIGRATION ================ 4173.9
TIMING: 569000  CPU: 4165.74, 0.00738273/step  Wall: 4176.97, 0.00739317/step, 0.885127 hours remaining, 0.000000 MB of memory in use.
PERFORMANCE: 569000  averaging 23.5399 ns/day, 0.00734073 sec/step with standard deviation 5.05888e-05
ENERGY:  569000       382.0383      1114.0658      1387.2415        18.7051        -588436.8047     42543.0658        42.0578         0.0000     48168.4215        -494781.2088       291.0143   -542949.6303   -494677.2397       291.9170            195.7893       230.4271    829420.2405         6.4875         6.5531

TIMING: 570000  CPU: 4173.14, 0.00739434/step  Wall: 4184.37, 0.00740171/step, 0.884093 hours remaining, 0.000000 MB of memory in use.
PERFORMANCE: 570000  averaging 23.5396 ns/day, 0.00734083 sec/step with standard deviation 5.06088e-05
ETITLE:      TS           BOND          ANGLE          DIHED          IMPRP               ELECT            VDW       BOUNDARY           MISC        KINETIC               TOTAL           TEMP      POTENTIAL         TOTAL3        TEMPAVG            PRESSURE      GPRESSURE         VOLUME       PRESSAVG      GPRESSAVG

ENERGY:  570000       371.8242      1042.3511      1359.5749        18.9522        -588016.0708     42158.5845        49.1932         0.0000     48019.5899        -494996.0007       290.1151   -543015.5906   -494896.4913       291.3797              7.7676        43.1925    831529.9322         0.9581         0.9825

WRITING EXTENDED SYSTEM TO RESTART FILE AT STEP 570000
WRITING COORDINATES TO DCD FILE eq1.dcd AT STEP 570000
WRITING COORDINATES TO RESTART FILE AT STEP 570000
FINISHED WRITING RESTART COORDINATES
WRITING VELOCITIES TO RESTART FILE AT STEP 570000
FINISHED WRITING RESTART VELOCITIES
TIMING: 571000  CPU: 4180.57, 0.00743512/step  Wall: 4191.86, 0.00749095/step, 0.892671 hours remaining, 0.000000 MB of memory in use.
PERFORMANCE: 571000  averaging 23.5387 ns/day, 0.0073411 sec/step with standard deviation 5.09532e-05
ENERGY:  571000       392.7108      1047.7403      1355.3762        18.2431        -588082.0670     42256.3493        52.0362         0.0000     48272.5954        -494687.0157       291.6437   -542959.6111   -494578.3771       290.8579            -42.3873        -9.3266    833893.5233         4.9343         5.0005

TIMING: 572000  CPU: 4187.99, 0.00741404/step  Wall: 4199.28, 0.00742423/step, 0.882658 hours remaining, 0.000000 MB of memory in use.
PERFORMANCE: 572000  averaging 23.5383 ns/day, 0.00734124 sec/step with standard deviation 5.10271e-05
ENERGY:  572000       406.6203      1050.0086      1359.1385        16.7838        -588133.3771     42195.3314        48.6805         0.0000     48601.2204        -494455.5937       293.6291   -543056.8141   -494351.6068       291.4186             39.9873        72.9548    832757.0954         1.2416         1.3132

LDB: ============= START OF LOAD BALANCING ============== 4202.87
LDB: ============== END OF LOAD BALANCING =============== 4202.87
Info: useSync: 0 useProxySync: 0
LDB: =============== DONE WITH MIGRATION ================ 4202.87
LDB: ============= START OF LOAD BALANCING ============== 4203.61
LDB: TIME 4203.61 LOAD: AVG 0.584965 MAX 0.651931  PROXIES: TOTAL 344 MAXPE 47 MAXPATCH 5 None MEM: 0 MB
LDB: TIME 4203.61 LOAD: AVG 0.584965 MAX 0.651931  PROXIES: TOTAL 344 MAXPE 47 MAXPATCH 5 RefineTorusLB MEM: 0 MB
LDB: TIME 4203.61 LOAD: AVG 0.584965 MAX 0.651931  PROXIES: TOTAL 344 MAXPE 47 MAXPATCH 5 RefineTorusLB MEM: 0 MB
LDB: Reverting to original mapping
LDB: ============== END OF LOAD BALANCING =============== 4203.61
Info: useSync: 0 useProxySync: 0
LDB: =============== DONE WITH MIGRATION ================ 4203.61
TIMING: 573000  CPU: 4195.39, 0.00740633/step  Wall: 4206.7, 0.00741601/step, 0.879621 hours remaining, 0.000000 MB of memory in use.
PERFORMANCE: 573000  averaging 23.5378 ns/day, 0.00734137 sec/step with standard deviation 5.1078e-05
ENERGY:  573000       398.0036      1068.8862      1350.0315        20.5124        -587108.5927     41566.0619        56.3941         0.0000     48200.0034        -494448.6996       291.2051   -542648.7030   -494345.2861       292.0174           -262.0515      -231.0452    833315.1848         0.5700         0.5402

TIMING: 574000  CPU: 4202.8, 0.00741036/step  Wall: 4214.12, 0.00741629/step, 0.877594 hours remaining, 0.000000 MB of memory in use.
PERFORMANCE: 574000  averaging 23.5374 ns/day, 0.0073415 sec/step with standard deviation 5.11291e-05
ENERGY:  574000       386.8697      1074.1317      1354.7853        19.1255        -587845.6878     42102.3261        44.7194         0.0000     48538.9402        -494324.7899       293.2528   -542863.7302   -494221.7287       292.2544            -81.5395       -51.0164    832525.5972         1.8480         1.8758

TIMING: 575000  CPU: 4210.22, 0.00741399/step  Wall: 4221.54, 0.00742715/step, 0.876816 hours remaining, 0.000000 MB of memory in use.
PERFORMANCE: 575000  averaging 23.5369 ns/day, 0.00734165 sec/step with standard deviation 5.12093e-05
ENERGY:  575000       378.5215      1077.1903      1366.6880        16.3407        -587666.4789     42178.7759        48.0269         0.0000     48485.2383        -494115.6971       292.9284   -542600.9355   -494014.2670       292.6622              0.9793        32.2102    832184.8508        -0.8514        -0.8844

WRITING COORDINATES TO DCD FILE eq1.dcd AT STEP 575000
TIMING: 576000  CPU: 4217.64, 0.00742071/step  Wall: 4228.97, 0.0074312/step, 0.87523 hours remaining, 0.000000 MB of memory in use.
PERFORMANCE: 576000  averaging 23.5364 ns/day, 0.00734181 sec/step with standard deviation 5.13006e-05
ENERGY:  576000       422.0034      1073.3069      1357.6040        14.6325        -587263.3532     41861.7954        46.9230         0.0000     48289.1389        -494197.9491       291.7436   -542487.0880   -494092.7976       292.0713           -163.3825      -128.5954    832796.4317         0.1866         0.0958

LDB: ============= START OF LOAD BALANCING ============== 4232.56
LDB: ============== END OF LOAD BALANCING =============== 4232.56
Info: useSync: 0 useProxySync: 0
LDB: =============== DONE WITH MIGRATION ================ 4232.56
LDB: ============= START OF LOAD BALANCING ============== 4233.3
LDB: TIME 4233.31 LOAD: AVG 0.586921 MAX 0.655612  PROXIES: TOTAL 344 MAXPE 47 MAXPATCH 5 None MEM: 0 MB
LDB: TIME 4233.31 LOAD: AVG 0.586921 MAX 0.655612  PROXIES: TOTAL 344 MAXPE 47 MAXPATCH 5 RefineTorusLB MEM: 0 MB
LDB: TIME 4233.31 LOAD: AVG 0.586921 MAX 0.655612  PROXIES: TOTAL 344 MAXPE 47 MAXPATCH 5 RefineTorusLB MEM: 0 MB
LDB: ============== END OF LOAD BALANCING =============== 4233.31
Info: useSync: 0 useProxySync: 0
LDB: =============== DONE WITH MIGRATION ================ 4233.31
TIMING: 577000  CPU: 4225.05, 0.00741409/step  Wall: 4236.4, 0.00742246/step, 0.872139 hours remaining, 0.000000 MB of memory in use.
PERFORMANCE: 577000  averaging 23.536 ns/day, 0.00734195 sec/step with standard deviation 5.13659e-05
ENERGY:  577000       398.5930      1078.6584      1356.1275        20.2849        -587106.7898     41954.4451        49.1640         0.0000     48366.6316        -493882.8853       292.2118   -542249.5168   -493777.0232       293.0230           -139.0921      -107.7250    832927.0271         1.1923         1.1409

TIMING: 578000  CPU: 4232.48, 0.00742575/step  Wall: 4243.83, 0.00743821/step, 0.871924 hours remaining, 0.000000 MB of memory in use.
PERFORMANCE: 578000  averaging 23.5355 ns/day, 0.00734211 sec/step with standard deviation 5.14774e-05
ENERGY:  578000       407.9632      1014.7128      1353.8498        20.4763        -587445.1915     41932.3882        49.4312         0.0000     48508.0575        -494158.3125       293.0662   -542666.3700   -494058.9021       293.0575           -122.2015       -89.8601    833432.4568         5.1317         5.0678

TIMING: 579000  CPU: 4239.9, 0.00741757/step  Wall: 4251.26, 0.00742676/step, 0.868518 hours remaining, 0.000000 MB of memory in use.
PERFORMANCE: 579000  averaging 23.535 ns/day, 0.00734226 sec/step with standard deviation 5.1553e-05
ENERGY:  579000       403.6275      1051.8233      1369.4368        16.8838        -587073.5919     41625.7635        47.8355         0.0000     48475.7996        -494082.4219       292.8713   -542558.2215   -493973.3185       292.5635           -105.9180       -72.7855    831058.5928         1.4697         1.4816

TIMING: 580000  CPU: 4247.29, 0.00739475/step  Wall: 4258.67, 0.00740378/step, 0.863774 hours remaining, 0.000000 MB of memory in use.
PERFORMANCE: 580000  averaging 23.5347 ns/day, 0.00734236 sec/step with standard deviation 5.15717e-05
ETITLE:      TS           BOND          ANGLE          DIHED          IMPRP               ELECT            VDW       BOUNDARY           MISC        KINETIC               TOTAL           TEMP      POTENTIAL         TOTAL3        TEMPAVG            PRESSURE      GPRESSURE         VOLUME       PRESSAVG      GPRESSAVG

ENERGY:  580000       401.5614      1065.3941      1365.2192        19.2269        -587633.9644     42263.4707        54.8296         0.0000     48268.9249        -494195.3377       291.6215   -542464.2625   -494083.6286       292.2470             26.4536        54.9883    831987.4822         6.4663         6.4289

WRITING EXTENDED SYSTEM TO RESTART FILE AT STEP 580000
WRITING COORDINATES TO DCD FILE eq1.dcd AT STEP 580000
WRITING COORDINATES TO RESTART FILE AT STEP 580000
FINISHED WRITING RESTART COORDINATES
WRITING VELOCITIES TO RESTART FILE AT STEP 580000
FINISHED WRITING RESTART VELOCITIES
LDB: ============= START OF LOAD BALANCING ============== 4262.32
LDB: ============== END OF LOAD BALANCING =============== 4262.32
Info: useSync: 0 useProxySync: 0
LDB: =============== DONE WITH MIGRATION ================ 4262.32
LDB: ============= START OF LOAD BALANCING ============== 4263.06
LDB: TIME 4263.06 LOAD: AVG 0.585929 MAX 0.649537  PROXIES: TOTAL 344 MAXPE 47 MAXPATCH 5 None MEM: 0 MB
LDB: TIME 4263.06 LOAD: AVG 0.585929 MAX 0.649537  PROXIES: TOTAL 344 MAXPE 47 MAXPATCH 5 RefineTorusLB MEM: 0 MB
LDB: TIME 4263.06 LOAD: AVG 0.585929 MAX 0.649537  PROXIES: TOTAL 344 MAXPE 47 MAXPATCH 5 RefineTorusLB MEM: 0 MB
LDB: Reverting to original mapping
LDB: ============== END OF LOAD BALANCING =============== 4263.06
Info: useSync: 0 useProxySync: 0
LDB: =============== DONE WITH MIGRATION ================ 4263.06
TIMING: 581000  CPU: 4254.71, 0.00742231/step  Wall: 4266.14, 0.00747916/step, 0.870491 hours remaining, 0.000000 MB of memory in use.
PERFORMANCE: 581000  averaging 23.5339 ns/day, 0.0073426 sec/step with standard deviation 5.18388e-05
ENERGY:  581000       400.2653      1054.6052      1358.9049        16.7489        -587221.1374     41901.3706        46.7723         0.0000     48428.8422        -494013.6280       292.5876   -542442.4702   -493911.4182       292.0470            -62.8194       -25.7959    832820.0812         1.1089         1.1294

TIMING: 582000  CPU: 4262.13, 0.0074141/step  Wall: 4273.57, 0.00742619/step, 0.862263 hours remaining, 0.000000 MB of memory in use.
PERFORMANCE: 582000  averaging 23.5334 ns/day, 0.00734274 sec/step with standard deviation 5.191e-05
ENERGY:  582000       394.2370      1071.3870      1371.4330        19.8356        -588120.2951     42190.3328        48.0199         0.0000     48869.6462        -494155.4036       295.2508   -543025.0498   -494042.2778       292.2927            -69.2353       -34.8311    832156.8514         0.8810         0.8696

TIMING: 583000  CPU: 4269.53, 0.00740677/step  Wall: 4280.99, 0.00741494/step, 0.858897 hours remaining, 0.000000 MB of memory in use.
PERFORMANCE: 583000  averaging 23.533 ns/day, 0.00734287 sec/step with standard deviation 5.19515e-05
ENERGY:  583000       392.9459      1074.0802      1354.6597        20.3711        -587803.9986     42341.0897        45.0563         0.0000     48403.8397        -494171.9559       292.4366   -542575.7956   -494073.4065       292.5950             36.1538        70.0878    832783.3417         2.9155         2.9316

TIMING: 584000  CPU: 4276.94, 0.00740207/step  Wall: 4288.4, 0.0074137/step, 0.856694 hours remaining, 0.000000 MB of memory in use.
PERFORMANCE: 584000  averaging 23.5327 ns/day, 0.00734299 sec/step with standard deviation 5.19896e-05
ENERGY:  584000       398.5374      1082.4559      1353.0758        19.8450        -587660.5414     42253.5061        46.5317         0.0000     48213.6523        -494292.9371       291.2875   -542506.5895   -494192.0930       292.2467             30.5876        64.6345    831174.6836        -4.3151        -4.2567

LDB: ============= START OF LOAD BALANCING ============== 4291.99
LDB: ============== END OF LOAD BALANCING =============== 4291.99
Info: useSync: 0 useProxySync: 0
LDB: =============== DONE WITH MIGRATION ================ 4291.99
LDB: ============= START OF LOAD BALANCING ============== 4292.73
LDB: TIME 4292.73 LOAD: AVG 0.585943 MAX 0.649833  PROXIES: TOTAL 344 MAXPE 47 MAXPATCH 5 None MEM: 0 MB
LDB: TIME 4292.73 LOAD: AVG 0.585943 MAX 0.649833  PROXIES: TOTAL 344 MAXPE 47 MAXPATCH 5 RefineTorusLB MEM: 0 MB
LDB: TIME 4292.73 LOAD: AVG 0.585943 MAX 0.649833  PROXIES: TOTAL 344 MAXPE 47 MAXPATCH 5 RefineTorusLB MEM: 0 MB
LDB: ============== END OF LOAD BALANCING =============== 4292.73
Info: useSync: 0 useProxySync: 0
LDB: =============== DONE WITH MIGRATION ================ 4292.73
TIMING: 585000  CPU: 4284.32, 0.00738253/step  Wall: 4295.79, 0.00739065/step, 0.851978 hours remaining, 0.000000 MB of memory in use.
PERFORMANCE: 585000  averaging 23.5324 ns/day, 0.00734307 sec/step with standard deviation 5.19824e-05
ENERGY:  585000       376.2017      1044.4639      1361.1895        17.6033        -587252.4557     41917.6504        48.3045         0.0000     48390.0500        -494096.9924       292.3533   -542487.0424   -493988.0926       292.2929            -65.2765       -30.2262    832352.7641         1.6498         1.6829

WRITING COORDINATES TO DCD FILE eq1.dcd AT STEP 585000
TIMING: 586000  CPU: 4291.71, 0.00739059/step  Wall: 4303.19, 0.00740062/step, 0.851071 hours remaining, 0.000000 MB of memory in use.
PERFORMANCE: 586000  averaging 23.5321 ns/day, 0.00734317 sec/step with standard deviation 5.19923e-05
ENERGY:  586000       381.3806      1066.3338      1352.1453        22.7767        -587328.4243     41553.3367        50.2099         0.0000     48169.6753        -494732.5659       291.0219   -542902.2412   -494628.0609       291.9302           -160.1135      -128.8018    830743.0467         1.9758         1.9973

TIMING: 587000  CPU: 4299.09, 0.00737939/step  Wall: 4310.58, 0.0073885/step, 0.847625 hours remaining, 0.000000 MB of memory in use.
PERFORMANCE: 587000  averaging 23.5318 ns/day, 0.00734325 sec/step with standard deviation 5.19816e-05
ENERGY:  587000       395.7325      1046.8889      1359.9342        19.1400        -587517.2218     42044.5785        42.5051         0.0000     48513.3703        -494095.0724       293.0983   -542608.4427   -493990.5742       292.8248             22.9186        59.1940    831046.1446        -2.6617        -2.6826

TIMING: 588000  CPU: 4306.49, 0.00739813/step  Wall: 4317.99, 0.00740835/step, 0.847844 hours remaining, 0.000000 MB of memory in use.
PERFORMANCE: 588000  averaging 23.5315 ns/day, 0.00734336 sec/step with standard deviation 5.20067e-05
ENERGY:  588000       367.8293      1080.3424      1343.6904        18.6280        -587526.3617     42087.2119        41.9726         0.0000     48426.7453        -494159.9419       292.5750   -542586.6872   -494054.7485       292.6636             43.0410        75.9362    831704.9496         1.6164         1.5959

LDB: ============= START OF LOAD BALANCING ============== 4321.58
LDB: ============== END OF LOAD BALANCING =============== 4321.58
Info: useSync: 0 useProxySync: 0
LDB: =============== DONE WITH MIGRATION ================ 4321.58
LDB: ============= START OF LOAD BALANCING ============== 4322.32
LDB: TIME 4322.32 LOAD: AVG 0.587136 MAX 0.654608  PROXIES: TOTAL 344 MAXPE 47 MAXPATCH 5 None MEM: 0 MB
LDB: TIME 4322.32 LOAD: AVG 0.587136 MAX 0.654608  PROXIES: TOTAL 344 MAXPE 47 MAXPATCH 5 RefineTorusLB MEM: 0 MB
LDB: TIME 4322.32 LOAD: AVG 0.587136 MAX 0.654608  PROXIES: TOTAL 344 MAXPE 47 MAXPATCH 5 RefineTorusLB MEM: 0 MB
LDB: Reverting to original mapping
LDB: ============== END OF LOAD BALANCING =============== 4322.32
Info: useSync: 0 useProxySync: 0
LDB: =============== DONE WITH MIGRATION ================ 4322.32
TIMING: 589000  CPU: 4313.89, 0.00740724/step  Wall: 4325.4, 0.00741459/step, 0.846499 hours remaining, 0.000000 MB of memory in use.
PERFORMANCE: 589000  averaging 23.5311 ns/day, 0.00734348 sec/step with standard deviation 5.20453e-05
ENERGY:  589000       395.4446      1025.4828      1378.3157        14.6334        -587735.4547     42269.3184        52.7916         0.0000     48370.8741        -494228.5941       292.2374   -542599.4683   -494124.0299       292.4020            -10.0325        21.5221    832074.3895         1.2723         1.2066

TIMING: 590000  CPU: 4321.29, 0.00739469/step  Wall: 4332.81, 0.00740295/step, 0.843114 hours remaining, 0.000000 MB of memory in use.
PERFORMANCE: 590000  averaging 23.5308 ns/day, 0.00734358 sec/step with standard deviation 5.20587e-05
ETITLE:      TS           BOND          ANGLE          DIHED          IMPRP               ELECT            VDW       BOUNDARY           MISC        KINETIC               TOTAL           TEMP      POTENTIAL         TOTAL3        TEMPAVG            PRESSURE      GPRESSURE         VOLUME       PRESSAVG      GPRESSAVG

ENERGY:  590000       378.2922      1086.2157      1377.8787        17.8175        -587618.3135     42068.4190        42.9944         0.0000     48021.2897        -494625.4062       290.1254   -542646.6959   -494527.1296       291.8892            -14.8078        17.7883    832900.7078         0.9255         0.9610

WRITING EXTENDED SYSTEM TO RESTART FILE AT STEP 590000
WRITING COORDINATES TO DCD FILE eq1.dcd AT STEP 590000
WRITING COORDINATES TO RESTART FILE AT STEP 590000
FINISHED WRITING RESTART COORDINATES
WRITING VELOCITIES TO RESTART FILE AT STEP 590000
FINISHED WRITING RESTART VELOCITIES
TIMING: 591000  CPU: 4328.71, 0.00741962/step  Wall: 4340.28, 0.00747399/step, 0.849128 hours remaining, 0.000000 MB of memory in use.
PERFORMANCE: 591000  averaging 23.5301 ns/day, 0.0073438 sec/step with standard deviation 5.22904e-05
ENERGY:  591000       388.9606      1066.9703      1362.1463        14.4422        -588282.3642     42352.6408        46.8729         0.0000     48339.2499        -494711.0811       292.0464   -543050.3310   -494603.8704       291.3208             24.6685        54.3071    830810.6369        -2.0573        -2.0537

TIMING: 592000  CPU: 4336.09, 0.0073824/step  Wall: 4347.67, 0.0073888/step, 0.837397 hours remaining, 0.000000 MB of memory in use.
PERFORMANCE: 592000  averaging 23.5298 ns/day, 0.00734388 sec/step with standard deviation 5.22789e-05
ENERGY:  592000       381.0315      1108.3958      1353.2167        23.0667        -587579.9900     42050.2513        51.4264         0.0000     48285.1236        -494327.4781       291.7193   -542612.6017   -494224.7101       291.6730            -51.6555       -14.9070    832449.8439         1.3246         1.2991

LDB: ============= START OF LOAD BALANCING ============== 4351.25
LDB: ============== END OF LOAD BALANCING =============== 4351.25
Info: useSync: 0 useProxySync: 0
LDB: =============== DONE WITH MIGRATION ================ 4351.25
LDB: ============= START OF LOAD BALANCING ============== 4351.99
LDB: TIME 4351.99 LOAD: AVG 0.583612 MAX 0.651691  PROXIES: TOTAL 344 MAXPE 47 MAXPATCH 5 None MEM: 0 MB
LDB: TIME 4351.99 LOAD: AVG 0.583612 MAX 0.651691  PROXIES: TOTAL 344 MAXPE 47 MAXPATCH 5 RefineTorusLB MEM: 0 MB
LDB: TIME 4351.99 LOAD: AVG 0.583612 MAX 0.651691  PROXIES: TOTAL 344 MAXPE 47 MAXPATCH 5 RefineTorusLB MEM: 0 MB
LDB: Reverting to original mapping
LDB: ============== END OF LOAD BALANCING =============== 4351.99
Info: useSync: 0 useProxySync: 0
LDB: =============== DONE WITH MIGRATION ================ 4351.99
TIMING: 593000  CPU: 4343.48, 0.00739449/step  Wall: 4355.07, 0.00740517/step, 0.837196 hours remaining, 0.000000 MB of memory in use.
PERFORMANCE: 593000  averaging 23.5295 ns/day, 0.00734398 sec/step with standard deviation 5.22953e-05
ENERGY:  593000       385.3945      1040.9554      1371.8241        21.6483        -587704.6947     41994.0688        50.4013         0.0000     48519.8952        -494320.5071       293.1377   -542840.4023   -494223.6509       292.8940            -39.0406       -10.2416    830635.7450        -0.7567        -0.7349

TIMING: 594000  CPU: 4350.87, 0.00738674/step  Wall: 4362.47, 0.00739632/step, 0.834141 hours remaining, 0.000000 MB of memory in use.
PERFORMANCE: 594000  averaging 23.5292 ns/day, 0.00734407 sec/step with standard deviation 5.22953e-05
ENERGY:  594000       401.7414      1058.0806      1356.1066        19.6877        -587861.7412     42125.7099        48.1693         0.0000     48499.9047        -494352.3410       293.0170   -542852.2457   -494246.1283       292.1993             -9.2483        24.2830    831340.0946         3.6013         3.6048

WRITING COORDINATES TO DCD FILE eq1.dcd AT STEP 595000
TIMING: 595000  CPU: 4358.26, 0.00739026/step  Wall: 4369.87, 0.00739861/step, 0.832343 hours remaining, 0.000000 MB of memory in use.
PERFORMANCE: 595000  averaging 23.5289 ns/day, 0.00734416 sec/step with standard deviation 5.22991e-05
ENERGY:  595000       393.7487      1057.4747      1357.3597        17.4030        -587780.1088     42261.4852        50.8068         0.0000     48616.3413        -494025.4894       293.7204   -542641.8307   -493925.1689       292.7770             50.1737        81.3219    831266.8929         0.6818         0.7090

TIMING: 596000  CPU: 4365.66, 0.0073993/step  Wall: 4377.28, 0.00741123/step, 0.831704 hours remaining, 0.000000 MB of memory in use.
PERFORMANCE: 596000  averaging 23.5285 ns/day, 0.00734427 sec/step with standard deviation 5.23273e-05
ENERGY:  596000       395.7548      1089.9963      1366.3651        22.0631        -587173.5683     41949.3472        39.7764         0.0000     48645.6960        -493664.5694       293.8978   -542310.2654   -493563.4564       293.2084           -111.5982       -77.4467    833017.6973         2.3802         2.3282

LDB: ============= START OF LOAD BALANCING ============== 4380.86
LDB: ============== END OF LOAD BALANCING =============== 4380.86
Info: useSync: 0 useProxySync: 0
LDB: =============== DONE WITH MIGRATION ================ 4380.86
LDB: ============= START OF LOAD BALANCING ============== 4381.6
LDB: TIME 4381.6 LOAD: AVG 0.585413 MAX 0.645937  PROXIES: TOTAL 344 MAXPE 47 MAXPATCH 5 None MEM: 0 MB
LDB: TIME 4381.6 LOAD: AVG 0.585413 MAX 0.645937  PROXIES: TOTAL 344 MAXPE 47 MAXPATCH 5 RefineTorusLB MEM: 0 MB
LDB: TIME 4381.6 LOAD: AVG 0.585413 MAX 0.645937  PROXIES: TOTAL 344 MAXPE 47 MAXPATCH 5 RefineTorusLB MEM: 0 MB
LDB: Reverting to original mapping
LDB: ============== END OF LOAD BALANCING =============== 4381.6
Info: useSync: 0 useProxySync: 0
LDB: =============== DONE WITH MIGRATION ================ 4381.6
TIMING: 597000  CPU: 4373.05, 0.00739077/step  Wall: 4384.68, 0.00739765/step, 0.828126 hours remaining, 0.000000 MB of memory in use.
PERFORMANCE: 597000  averaging 23.5283 ns/day, 0.00734436 sec/step with standard deviation 5.2329e-05
ENERGY:  597000       410.0791      1046.4430      1358.7912        15.6825        -587158.3540     42111.1741        44.2457         0.0000     48714.1431        -493457.7951       294.3113   -542171.9382   -493352.2451       293.5198             16.1905        47.4840    833891.0611         2.6377         2.6422

TIMING: 598000  CPU: 4380.46, 0.00741119/step  Wall: 4392.1, 0.0074194/step, 0.8285 hours remaining, 0.000000 MB of memory in use.
PERFORMANCE: 598000  averaging 23.5279 ns/day, 0.00734449 sec/step with standard deviation 5.23752e-05
ENERGY:  598000       413.9458      1079.7174      1352.4333        13.8774        -587105.0454     41927.8573        52.1584         0.0000     48798.2072        -493466.8486       294.8192   -542265.0558   -493370.2606       294.0779            -45.9913       -18.1055    832818.4526        -1.3785        -1.3568

TIMING: 599000  CPU: 4387.84, 0.00737476/step  Wall: 4399.48, 0.00738699/step, 0.822829 hours remaining, 0.000000 MB of memory in use.
PERFORMANCE: 599000  averaging 23.5276 ns/day, 0.00734456 sec/step with standard deviation 5.23602e-05
ENERGY:  599000       401.9626      1092.1763      1371.5437        15.5448        -587414.0007     42151.2525        43.6582         0.0000     48375.4916        -493962.3710       292.2653   -542337.8626   -493852.3719       293.5675             51.9976        83.3727    831491.6805         5.5124         5.5115

TIMING: 600000  CPU: 4395.24, 0.00739843/step  Wall: 4406.89, 0.00740639/step, 0.822932 hours remaining, 0.000000 MB of memory in use.
PERFORMANCE: 600000  averaging 23.5273 ns/day, 0.00734466 sec/step with standard deviation 5.23773e-05
ETITLE:      TS           BOND          ANGLE          DIHED          IMPRP               ELECT            VDW       BOUNDARY           MISC        KINETIC               TOTAL           TEMP      POTENTIAL         TOTAL3        TEMPAVG            PRESSURE      GPRESSURE         VOLUME       PRESSAVG      GPRESSAVG

ENERGY:  600000       426.8571      1034.0486      1359.3351        20.3847        -587696.7526     42221.6200        50.4362         0.0000     48282.8500        -494301.2210       291.7056   -542584.0710   -494190.6473       292.6311             -1.7090        26.4766    832904.2464         5.3252         5.3558

WRITING EXTENDED SYSTEM TO RESTART FILE AT STEP 600000
WRITING COORDINATES TO DCD FILE eq1.dcd AT STEP 600000
WRITING COORDINATES TO RESTART FILE AT STEP 600000
FINISHED WRITING RESTART COORDINATES
WRITING VELOCITIES TO RESTART FILE AT STEP 600000
FINISHED WRITING RESTART VELOCITIES
LDB: ============= START OF LOAD BALANCING ============== 4410.55
LDB: ============== END OF LOAD BALANCING =============== 4410.55
Info: useSync: 0 useProxySync: 0
LDB: =============== DONE WITH MIGRATION ================ 4410.55
LDB: ============= START OF LOAD BALANCING ============== 4411.29
LDB: TIME 4411.29 LOAD: AVG 0.58452 MAX 0.657278  PROXIES: TOTAL 344 MAXPE 47 MAXPATCH 5 None MEM: 0 MB
LDB: TIME 4411.29 LOAD: AVG 0.58452 MAX 0.657278  PROXIES: TOTAL 344 MAXPE 47 MAXPATCH 5 RefineTorusLB MEM: 0 MB
LDB: TIME 4411.29 LOAD: AVG 0.58452 MAX 0.657278  PROXIES: TOTAL 344 MAXPE 47 MAXPATCH 5 RefineTorusLB MEM: 0 MB
LDB: Reverting to original mapping
LDB: ============== END OF LOAD BALANCING =============== 4411.29
Info: useSync: 0 useProxySync: 0
LDB: =============== DONE WITH MIGRATION ================ 4411.3
TIMING: 601000  CPU: 4402.69, 0.00745107/step  Wall: 4414.4, 0.00750537/step, 0.831845 hours remaining, 0.000000 MB of memory in use.
PERFORMANCE: 601000  averaging 23.5264 ns/day, 0.00734493 sec/step with standard deviation 5.27426e-05
ENERGY:  601000       368.4095      1050.8787      1352.7058        19.6366        -587865.9049     42137.0759        45.2701         0.0000     48316.8009        -494575.1275       291.9107   -542891.9283   -494465.9596       292.1133            -23.8955         7.0013    833289.5520        -2.2361        -2.2281

TIMING: 602000  CPU: 4410.07, 0.007387/step  Wall: 4421.79, 0.00739439/step, 0.81749 hours remaining, 0.000000 MB of memory in use.
PERFORMANCE: 602000  averaging 23.5262 ns/day, 0.00734501 sec/step with standard deviation 5.27372e-05
ENERGY:  602000       376.9289      1071.7890      1361.6704        19.3991        -587675.7605     42007.5917        39.1752         0.0000     48451.3441        -494347.8621       292.7236   -542799.2062   -494246.2631       292.1487             -6.7430        25.6149    830846.1784        -1.7676        -1.7537

TIMING: 603000  CPU: 4417.47, 0.00739816/step  Wall: 4429.2, 0.00740837/step, 0.816978 hours remaining, 0.000000 MB of memory in use.
PERFORMANCE: 603000  averaging 23.5258 ns/day, 0.00734511 sec/step with standard deviation 5.27565e-05
ENERGY:  603000       417.3080      1093.7731      1365.2271        20.3117        -587480.1531     41582.2153        53.2453         0.0000     48350.3107        -494597.7618       292.1132   -542948.0726   -494497.1384       292.5261           -206.0261      -173.2298    831479.9469         3.6923         3.7426

TIMING: 604000  CPU: 4424.86, 0.00738655/step  Wall: 4436.59, 0.00739564/step, 0.813521 hours remaining, 0.000000 MB of memory in use.
PERFORMANCE: 604000  averaging 23.5256 ns/day, 0.0073452 sec/step with standard deviation 5.27529e-05
ENERGY:  604000       388.2082      1085.1619      1347.5116        16.6720        -587665.3248     42550.0527        51.5853         0.0000     48165.0776        -494061.0556       290.9941   -542226.1332   -493950.8631       292.5723            188.1751       218.9742    830263.4172        -1.5245        -1.4960

LDB: ============= START OF LOAD BALANCING ============== 4440.17
LDB: ============== END OF LOAD BALANCING =============== 4440.17
Info: useSync: 0 useProxySync: 0
LDB: =============== DONE WITH MIGRATION ================ 4440.17
LDB: ============= START OF LOAD BALANCING ============== 4440.9
LDB: TIME 4440.9 LOAD: AVG 0.58395 MAX 0.645606  PROXIES: TOTAL 344 MAXPE 47 MAXPATCH 5 None MEM: 0 MB
LDB: TIME 4440.9 LOAD: AVG 0.58395 MAX 0.645606  PROXIES: TOTAL 344 MAXPE 47 MAXPATCH 5 RefineTorusLB MEM: 0 MB
LDB: TIME 4440.9 LOAD: AVG 0.58395 MAX 0.645606  PROXIES: TOTAL 344 MAXPE 47 MAXPATCH 5 RefineTorusLB MEM: 0 MB
LDB: Reverting to original mapping
LDB: ============== END OF LOAD BALANCING =============== 4440.9
Info: useSync: 0 useProxySync: 0
LDB: =============== DONE WITH MIGRATION ================ 4440.91
WRITING COORDINATES TO DCD FILE eq1.dcd AT STEP 605000
TIMING: 605000  CPU: 4432.24, 0.0073819/step  Wall: 4443.99, 0.00739244/step, 0.811115 hours remaining, 0.000000 MB of memory in use.
PERFORMANCE: 605000  averaging 23.5253 ns/day, 0.00734528 sec/step with standard deviation 5.27442e-05
ENERGY:  605000       404.8195      1068.3964      1348.3411        16.9206        -588113.6988     42229.0190        47.2628         0.0000     48559.2899        -494439.6496       293.3757   -542998.9395   -494343.8055       292.4982             21.8355        53.8734    830436.9044         1.4651         1.4380

TIMING: 606000  CPU: 4439.66, 0.0074147/step  Wall: 4451.41, 0.00742413/step, 0.81253 hours remaining, 0.000000 MB of memory in use.
PERFORMANCE: 606000  averaging 23.5249 ns/day, 0.00734541 sec/step with standard deviation 5.27978e-05
ENERGY:  606000       389.4158      1073.1177      1381.0878        14.1517        -587348.3241     41763.6888        41.0881         0.0000     48218.5678        -494467.2063       291.3172   -542685.7741   -494364.6524       292.0905           -125.3101       -95.2897    831554.2828        -1.5865        -1.6655

TIMING: 607000  CPU: 4447.06, 0.00740236/step  Wall: 4458.82, 0.00741295/step, 0.809247 hours remaining, 0.000000 MB of memory in use.
PERFORMANCE: 607000  averaging 23.5246 ns/day, 0.00734552 sec/step with standard deviation 5.28254e-05
ENERGY:  607000       389.4068      1030.7782      1350.5487        15.6461        -587188.2168     41725.4360        44.6015         0.0000     48462.7280        -494169.0716       292.7924   -542631.7996   -494055.7363       292.4661           -171.1300      -138.3556    833747.6629         2.0133         1.9808

TIMING: 608000  CPU: 4454.48, 0.00741865/step  Wall: 4466.25, 0.00742597/step, 0.808606 hours remaining, 0.000000 MB of memory in use.
PERFORMANCE: 608000  averaging 23.5241 ns/day, 0.00734565 sec/step with standard deviation 5.28826e-05
ENERGY:  608000       388.2937      1079.5265      1352.8124        16.6556        -587596.4111     42038.8142        46.3862         0.0000     48375.9956        -494297.9268       292.2684   -542673.9224   -494187.8771       292.2912            -38.6065        -4.7505    830959.8373         3.0644         3.0720

LDB: ============= START OF LOAD BALANCING ============== 4469.84
LDB: ============== END OF LOAD BALANCING =============== 4469.84
Info: useSync: 0 useProxySync: 0
LDB: =============== DONE WITH MIGRATION ================ 4469.84
LDB: ============= START OF LOAD BALANCING ============== 4470.58
LDB: TIME 4470.58 LOAD: AVG 0.585449 MAX 0.655309  PROXIES: TOTAL 344 MAXPE 47 MAXPATCH 5 None MEM: 0 MB
LDB: TIME 4470.58 LOAD: AVG 0.585449 MAX 0.655309  PROXIES: TOTAL 344 MAXPE 47 MAXPATCH 5 RefineTorusLB MEM: 0 MB
LDB: TIME 4470.58 LOAD: AVG 0.585449 MAX 0.655309  PROXIES: TOTAL 344 MAXPE 47 MAXPATCH 5 RefineTorusLB MEM: 0 MB
LDB: ============== END OF LOAD BALANCING =============== 4470.58
Info: useSync: 0 useProxySync: 0
LDB: =============== DONE WITH MIGRATION ================ 4470.58
TIMING: 609000  CPU: 4461.88, 0.00740675/step  Wall: 4473.67, 0.00741726/step, 0.805597 hours remaining, 0.000000 MB of memory in use.
PERFORMANCE: 609000  averaging 23.5238 ns/day, 0.00734577 sec/step with standard deviation 5.29188e-05
ENERGY:  609000       393.2516      1035.9213      1369.2223        20.3418        -587532.7105     42128.8089        49.3751         0.0000     48293.8195        -494241.9700       291.7719   -542535.7895   -494144.8970       292.0850             62.9656        94.5044    831415.1920        -1.4752        -1.4866

TIMING: 610000  CPU: 4469.25, 0.00737089/step  Wall: 4481.04, 0.00737813/step, 0.799298 hours remaining, 0.000000 MB of memory in use.
PERFORMANCE: 610000  averaging 23.5236 ns/day, 0.00734582 sec/step with standard deviation 5.28915e-05
ETITLE:      TS           BOND          ANGLE          DIHED          IMPRP               ELECT            VDW       BOUNDARY           MISC        KINETIC               TOTAL           TEMP      POTENTIAL         TOTAL3        TEMPAVG            PRESSURE      GPRESSURE         VOLUME       PRESSAVG      GPRESSAVG

ENERGY:  610000       394.4849      1118.7867      1377.8679        14.0971        -587481.7046     41721.2524        46.9317         0.0000     48528.0777        -494280.2063       293.1872   -542808.2839   -494177.0728       292.5499           -123.7194       -90.9441    830321.3764         3.4803         3.4336

WRITING EXTENDED SYSTEM TO RESTART FILE AT STEP 610000
WRITING COORDINATES TO DCD FILE eq1.dcd AT STEP 610000
WRITING COORDINATES TO RESTART FILE AT STEP 610000
FINISHED WRITING RESTART COORDINATES
WRITING VELOCITIES TO RESTART FILE AT STEP 610000
FINISHED WRITING RESTART VELOCITIES
TIMING: 611000  CPU: 4476.66, 0.00740712/step  Wall: 4488.5, 0.00745986/step, 0.806079 hours remaining, 0.000000 MB of memory in use.
PERFORMANCE: 611000  averaging 23.523 ns/day, 0.00734601 sec/step with standard deviation 5.30491e-05
ENERGY:  611000       390.9855      1111.1403      1375.4999        20.3979        -587833.9704     42438.1228        44.3764         0.0000     48286.0278        -494167.4199       291.7248   -542453.4477   -494070.4294       292.6151            111.7360       142.4401    832261.3025         9.3144         9.3010

TIMING: 612000  CPU: 4484.02, 0.0073597/step  Wall: 4495.87, 0.00736972/step, 0.794292 hours remaining, 0.000000 MB of memory in use.
PERFORMANCE: 612000  averaging 23.5229 ns/day, 0.00734605 sec/step with standard deviation 5.30144e-05
ENERGY:  612000       379.0700      1019.3117      1372.4900        18.6439        -587667.5001     42076.3218        47.6285         0.0000     48378.7013        -494375.3329       292.2847   -542754.0341   -494268.2837       292.4798            -18.5968        15.4128    831405.2482        -0.4852        -0.4368

LDB: ============= START OF LOAD BALANCING ============== 4499.45
LDB: ============== END OF LOAD BALANCING =============== 4499.45
Info: useSync: 0 useProxySync: 0
LDB: =============== DONE WITH MIGRATION ================ 4499.45
LDB: ============= START OF LOAD BALANCING ============== 4500.19
LDB: TIME 4500.19 LOAD: AVG 0.586154 MAX 0.649587  PROXIES: TOTAL 344 MAXPE 47 MAXPATCH 5 None MEM: 0 MB
LDB: TIME 4500.19 LOAD: AVG 0.586154 MAX 0.649587  PROXIES: TOTAL 344 MAXPE 47 MAXPATCH 5 RefineTorusLB MEM: 0 MB
LDB: TIME 4500.19 LOAD: AVG 0.586154 MAX 0.649587  PROXIES: TOTAL 344 MAXPE 47 MAXPATCH 5 RefineTorusLB MEM: 0 MB
LDB: ============== END OF LOAD BALANCING =============== 4500.19
Info: useSync: 0 useProxySync: 0
LDB: =============== DONE WITH MIGRATION ================ 4500.19
TIMING: 613000  CPU: 4491.42, 0.0073954/step  Wall: 4503.28, 0.00740224/step, 0.795741 hours remaining, 0.000000 MB of memory in use.
PERFORMANCE: 613000  averaging 23.5226 ns/day, 0.00734614 sec/step with standard deviation 5.30197e-05
ENERGY:  613000       401.1888      1096.7925      1354.4197        22.6715        -587345.8169     41790.9859        47.2792         0.0000     48249.2689        -494383.2104       291.5027   -542632.4793   -494274.0777       292.7868            -69.4315       -34.3335    830637.8796         4.7494         4.7679

TIMING: 614000  CPU: 4498.82, 0.00740285/step  Wall: 4510.69, 0.00741295/step, 0.794833 hours remaining, 0.000000 MB of memory in use.
PERFORMANCE: 614000  averaging 23.5222 ns/day, 0.00734625 sec/step with standard deviation 5.3045e-05
ENERGY:  614000       355.9547      1051.6082      1363.4171        19.8318        -587737.6992     42318.8031        48.1448         0.0000     48570.5595        -494009.3800       293.4438   -542579.9394   -493905.6709       292.6612             86.5844       119.1146    830745.3115        -4.4034        -4.4030

WRITING COORDINATES TO DCD FILE eq1.dcd AT STEP 615000
TIMING: 615000  CPU: 4506.22, 0.00739862/step  Wall: 4518.1, 0.0074102/step, 0.79248 hours remaining, 0.000000 MB of memory in use.
PERFORMANCE: 615000  averaging 23.5219 ns/day, 0.00734635 sec/step with standard deviation 5.30645e-05
ENERGY:  615000       403.0075      1049.1064      1352.9064        18.2103        -587577.1869     42018.6330        48.9389         0.0000     48474.4878        -494211.8967       292.8634   -542686.3845   -494109.0444       292.5979             11.4217        44.8563    830885.9580        -0.3369        -0.3439

TIMING: 616000  CPU: 4513.61, 0.0073906/step  Wall: 4525.5, 0.00739836/step, 0.789159 hours remaining, 0.000000 MB of memory in use.
PERFORMANCE: 616000  averaging 23.5216 ns/day, 0.00734643 sec/step with standard deviation 5.30627e-05
ENERGY:  616000       393.3491      1057.6082      1366.1518        18.1174        -587871.6437     42389.7946        40.2790         0.0000     48587.6104        -494018.7332       293.5469   -542606.3436   -493912.7846       293.0701            169.9985       200.6130    829211.9671        -1.2200        -1.1853

LDB: ============= START OF LOAD BALANCING ============== 4529.07
LDB: ============== END OF LOAD BALANCING =============== 4529.07
Info: useSync: 0 useProxySync: 0
LDB: =============== DONE WITH MIGRATION ================ 4529.07
LDB: ============= START OF LOAD BALANCING ============== 4529.81
LDB: TIME 4529.81 LOAD: AVG 0.585828 MAX 0.649313  PROXIES: TOTAL 344 MAXPE 47 MAXPATCH 5 None MEM: 0 MB
LDB: TIME 4529.81 LOAD: AVG 0.585828 MAX 0.649313  PROXIES: TOTAL 344 MAXPE 47 MAXPATCH 5 RefineTorusLB MEM: 0 MB
LDB: TIME 4529.81 LOAD: AVG 0.585828 MAX 0.649313  PROXIES: TOTAL 344 MAXPE 47 MAXPATCH 5 RefineTorusLB MEM: 0 MB
LDB: ============== END OF LOAD BALANCING =============== 4529.81
Info: useSync: 0 useProxySync: 0
LDB: =============== DONE WITH MIGRATION ================ 4529.81
TIMING: 617000  CPU: 4520.97, 0.00736624/step  Wall: 4532.88, 0.00737795/step, 0.784932 hours remaining, 0.000000 MB of memory in use.
PERFORMANCE: 617000  averaging 23.5214 ns/day, 0.00734649 sec/step with standard deviation 5.30348e-05
ENERGY:  617000       370.4241      1014.0058      1381.2417        15.0097        -587460.2999     42113.3738        51.2069         0.0000     48386.3254        -494128.7125       292.3308   -542515.0379   -494025.9976       293.2578            -31.2464        -0.7197    833846.1593         8.0126         7.9782

TIMING: 618000  CPU: 4528.38, 0.00741042/step  Wall: 4540.29, 0.00741712/step, 0.787038 hours remaining, 0.000000 MB of memory in use.
PERFORMANCE: 618000  averaging 23.5211 ns/day, 0.0073466 sec/step with standard deviation 5.30679e-05
ENERGY:  618000       370.6456      1067.0197      1363.6726        21.0232        -587524.8642     42152.6179        41.5819         0.0000     48339.7649        -494168.5383       292.0495   -542508.3032   -494064.0493       292.5858            -33.9392        -1.0990    832193.7786         5.5035         5.5421

TIMING: 619000  CPU: 4535.8, 0.0074104/step  Wall: 4547.71, 0.00742016/step, 0.7853 hours remaining, 0.000000 MB of memory in use.
PERFORMANCE: 619000  averaging 23.5207 ns/day, 0.00734672 sec/step with standard deviation 5.31073e-05
ENERGY:  619000       381.2825      1066.6903      1367.5642        13.7145        -587850.5453     42137.5179        47.4909         0.0000     48303.6869        -494532.5981       291.8315   -542836.2850   -494428.8083       292.1689           -136.1138      -104.6963    833444.0457        -0.9183        -0.8517

WRITING COORDINATES TO DCD FILE eq1.dcd AT STEP 620000
WRITING COORDINATES TO RESTART FILE AT STEP 620000
FINISHED WRITING RESTART COORDINATES
TIMING: 620000  CPU: 4543.22, 0.00742975/step  Wall: 4555.17, 0.00745853/step, 0.787289 hours remaining, 0.000000 MB of memory in use.
PERFORMANCE: 620000  averaging 23.5201 ns/day, 0.0073469 sec/step with standard deviation 5.3254e-05
ETITLE:      TS           BOND          ANGLE          DIHED          IMPRP               ELECT            VDW       BOUNDARY           MISC        KINETIC               TOTAL           TEMP      POTENTIAL         TOTAL3        TEMPAVG            PRESSURE      GPRESSURE         VOLUME       PRESSAVG      GPRESSAVG

ENERGY:  620000       391.0067      1053.9195      1371.1041        16.8080        -587846.5023     42066.1493        47.4606         0.0000     48418.0153        -494482.0388       292.5222   -542900.0541   -494384.5679       291.8245            -25.9905         7.8934    831130.7912         1.8111         1.7738

WRITING EXTENDED SYSTEM TO RESTART FILE AT STEP 620000
WRITING VELOCITIES TO RESTART FILE AT STEP 620000
FINISHED WRITING RESTART VELOCITIES
LDB: ============= START OF LOAD BALANCING ============== 4558.79
LDB: ============== END OF LOAD BALANCING =============== 4558.79
Info: useSync: 0 useProxySync: 0
LDB: =============== DONE WITH MIGRATION ================ 4558.79
LDB: ============= START OF LOAD BALANCING ============== 4559.53
LDB: TIME 4559.53 LOAD: AVG 0.585215 MAX 0.651714  PROXIES: TOTAL 344 MAXPE 47 MAXPATCH 5 None MEM: 0 MB
LDB: TIME 4559.53 LOAD: AVG 0.585215 MAX 0.651714  PROXIES: TOTAL 344 MAXPE 47 MAXPATCH 5 RefineTorusLB MEM: 0 MB
LDB: TIME 4559.53 LOAD: AVG 0.585215 MAX 0.651714  PROXIES: TOTAL 344 MAXPE 47 MAXPATCH 5 RefineTorusLB MEM: 0 MB
LDB: Reverting to original mapping
LDB: ============== END OF LOAD BALANCING =============== 4559.53
Info: useSync: 0 useProxySync: 0
LDB: =============== DONE WITH MIGRATION ================ 4559.53
TIMING: 621000  CPU: 4550.63, 0.00740497/step  Wall: 4562.61, 0.00743723/step, 0.782975 hours remaining, 0.000000 MB of memory in use.
PERFORMANCE: 621000  averaging 23.5197 ns/day, 0.00734704 sec/step with standard deviation 5.33344e-05
ENERGY:  621000       390.6233      1055.3285      1362.3362        18.9593        -587999.1394     42487.3348        48.2722         0.0000     48263.4629        -494372.8221       291.5885   -542636.2850   -494276.9459       291.8993             67.0698       102.0275    832155.6868        -3.9023        -3.9199

TIMING: 622000  CPU: 4558.01, 0.00737902/step  Wall: 4570, 0.00738768/step, 0.775707 hours remaining, 0.000000 MB of memory in use.
PERFORMANCE: 622000  averaging 23.5195 ns/day, 0.00734711 sec/step with standard deviation 5.33163e-05
ENERGY:  622000       405.7475      1109.9635      1365.5466        22.0824        -587542.3174     41841.5008        55.1971         0.0000     48494.2099        -494248.0697       292.9826   -542742.2795   -494140.4765       292.1459            -23.4241         7.9700    832889.7011         0.7596         0.7610

TIMING: 623000  CPU: 4565.36, 0.00735091/step  Wall: 4577.36, 0.00736337/step, 0.771109 hours remaining, 0.000000 MB of memory in use.
PERFORMANCE: 623000  averaging 23.5194 ns/day, 0.00734714 sec/step with standard deviation 5.32774e-05
ENERGY:  623000       392.9465      1079.2981      1355.5824        16.1071        -588050.0775     42263.4884        51.2637         0.0000     48561.0694        -494330.3218       293.3865   -542891.3912   -494225.5354       292.0634              2.3450        34.3521    831379.6926        -0.2629        -0.2682

TIMING: 624000  CPU: 4572.75, 0.0073909/step  Wall: 4584.76, 0.00739927/step, 0.772812 hours remaining, 0.000000 MB of memory in use.
PERFORMANCE: 624000  averaging 23.5191 ns/day, 0.00734722 sec/step with standard deviation 5.32755e-05
ENERGY:  624000       363.2129      1106.3374      1344.4949        20.1180        -587866.7937     42278.8340        46.6955         0.0000     48223.9153        -494483.1858       291.3495   -542707.1011   -494377.3414       291.6563             18.6135        49.5744    832118.6744         0.1590         0.1854

LDB: ============= START OF LOAD BALANCING ============== 4588.34
LDB: ============== END OF LOAD BALANCING =============== 4588.34
Info: useSync: 0 useProxySync: 0
LDB: =============== DONE WITH MIGRATION ================ 4588.34
LDB: ============= START OF LOAD BALANCING ============== 4589.07
LDB: TIME 4589.07 LOAD: AVG 0.586086 MAX 0.645674  PROXIES: TOTAL 344 MAXPE 47 MAXPATCH 5 None MEM: 0 MB
LDB: TIME 4589.07 LOAD: AVG 0.586086 MAX 0.645674  PROXIES: TOTAL 344 MAXPE 47 MAXPATCH 5 RefineTorusLB MEM: 0 MB
LDB: TIME 4589.07 LOAD: AVG 0.586086 MAX 0.645674  PROXIES: TOTAL 344 MAXPE 47 MAXPATCH 5 RefineTorusLB MEM: 0 MB
LDB: Reverting to original mapping
LDB: ============== END OF LOAD BALANCING =============== 4589.07
Info: useSync: 0 useProxySync: 0
LDB: =============== DONE WITH MIGRATION ================ 4589.07
TIMING: 625000  CPU: 4580.1, 0.00735006/step  Wall: 4592.12, 0.00735937/step, 0.766601 hours remaining, 0.000000 MB of memory in use.
PERFORMANCE: 625000  averaging 23.519 ns/day, 0.00734724 sec/step with standard deviation 5.32351e-05
ENERGY:  625000       378.1973      1056.1308      1340.9069        19.1580        -587786.0540     41989.8222        48.8366         0.0000     48491.8416        -494461.1605       292.9683   -542953.0021   -494361.6101       291.5810            -11.6593        20.0677    831441.7841         2.2945         2.2828

WRITING COORDINATES TO DCD FILE eq1.dcd AT STEP 625000
TIMING: 626000  CPU: 4587.49, 0.00739393/step  Wall: 4599.52, 0.00740234/step, 0.769021 hours remaining, 0.000000 MB of memory in use.
PERFORMANCE: 626000  averaging 23.5188 ns/day, 0.00734733 sec/step with standard deviation 5.3238e-05
ENERGY:  626000       353.3516      1051.3541      1354.8761        20.8026        -587688.7828     41870.5746        41.0976         0.0000     48390.5747        -494606.1516       292.3564   -542996.7263   -494504.9578       291.5147            -71.8202       -35.1725    831366.4107        -1.8627        -1.9431

TIMING: 627000  CPU: 4594.87, 0.00737943/step  Wall: 4606.91, 0.00738844/step, 0.765525 hours remaining, 0.000000 MB of memory in use.
PERFORMANCE: 627000  averaging 23.5185 ns/day, 0.00734739 sec/step with standard deviation 5.32208e-05
ENERGY:  627000       377.2928      1047.4500      1348.6087        15.8184        -587918.3621     42275.2890        46.1759         0.0000     48485.6081        -494322.1191       292.9306   -542807.7273   -494222.5284       292.1780             47.0885        82.1632    831784.5828         1.3080         1.2893

TIMING: 628000  CPU: 4602.25, 0.00737927/step  Wall: 4614.3, 0.0073902/step, 0.763654 hours remaining, 0.000000 MB of memory in use.
PERFORMANCE: 628000  averaging 23.5183 ns/day, 0.00734746 sec/step with standard deviation 5.32058e-05
ENERGY:  628000       401.1397      1110.2551      1351.1343        16.1766        -587556.1598     42181.9022        42.6126         0.0000     48349.3831        -494103.5561       292.1076   -542452.9393   -493995.6226       292.1502             -1.8801        30.9904    832605.9280        -1.5565        -1.5674

LDB: ============= START OF LOAD BALANCING ============== 4617.88
LDB: ============== END OF LOAD BALANCING =============== 4617.88
Info: useSync: 0 useProxySync: 0
LDB: =============== DONE WITH MIGRATION ================ 4617.88
LDB: ============= START OF LOAD BALANCING ============== 4618.62
LDB: TIME 4618.62 LOAD: AVG 0.585887 MAX 0.654288  PROXIES: TOTAL 344 MAXPE 47 MAXPATCH 5 None MEM: 0 MB
LDB: TIME 4618.62 LOAD: AVG 0.585887 MAX 0.654288  PROXIES: TOTAL 344 MAXPE 47 MAXPATCH 5 RefineTorusLB MEM: 0 MB
LDB: TIME 4618.62 LOAD: AVG 0.585887 MAX 0.654288  PROXIES: TOTAL 344 MAXPE 47 MAXPATCH 5 RefineTorusLB MEM: 0 MB
LDB: Reverting to original mapping
LDB: ============== END OF LOAD BALANCING =============== 4618.62
Info: useSync: 0 useProxySync: 0
LDB: =============== DONE WITH MIGRATION ================ 4618.62
TIMING: 629000  CPU: 4609.66, 0.00741087/step  Wall: 4621.72, 0.00741914/step, 0.764584 hours remaining, 0.000000 MB of memory in use.
PERFORMANCE: 629000  averaging 23.518 ns/day, 0.00734757 sec/step with standard deviation 5.32402e-05
ENERGY:  629000       390.2589      1069.1154      1348.0882        13.3190        -587654.3766     42192.1181        36.8612         0.0000     48101.5580        -494503.0577       290.6103   -542604.6157   -494406.9359       292.2062             71.0445        99.4897    831486.8987         0.3304         0.3414

TIMING: 630000  CPU: 4617.07, 0.0074039/step  Wall: 4629.13, 0.00741391/step, 0.761985 hours remaining, 0.000000 MB of memory in use.
PERFORMANCE: 630000  averaging 23.5176 ns/day, 0.00734768 sec/step with standard deviation 5.32635e-05
ETITLE:      TS           BOND          ANGLE          DIHED          IMPRP               ELECT            VDW       BOUNDARY           MISC        KINETIC               TOTAL           TEMP      POTENTIAL         TOTAL3        TEMPAVG            PRESSURE      GPRESSURE         VOLUME       PRESSAVG      GPRESSAVG

ENERGY:  630000       384.2797      1063.3682      1370.4938        20.8946        -587470.8106     41935.1526        40.9915         0.0000     48430.7809        -494224.8493       292.5993   -542655.6302   -494110.6654       292.2877            -59.0814       -28.6067    832980.2499         1.9462         1.8597

WRITING EXTENDED SYSTEM TO RESTART FILE AT STEP 630000
WRITING COORDINATES TO DCD FILE eq1.dcd AT STEP 630000
WRITING COORDINATES TO RESTART FILE AT STEP 630000
FINISHED WRITING RESTART COORDINATES
WRITING VELOCITIES TO RESTART FILE AT STEP 630000
FINISHED WRITING RESTART VELOCITIES
TIMING: 631000  CPU: 4624.5, 0.00743392/step  Wall: 4636.63, 0.00749361/step, 0.768095 hours remaining, 0.000000 MB of memory in use.
PERFORMANCE: 631000  averaging 23.5169 ns/day, 0.00734791 sec/step with standard deviation 5.35373e-05
ENERGY:  631000       407.3088      1031.1647      1359.6148        15.6028        -587900.2440     42409.2089        44.0998         0.0000     48164.3787        -494468.8656       290.9899   -542633.2442   -494362.8838       291.9862             94.0653       127.3461    831741.5556         2.0561         2.0760

TIMING: 632000  CPU: 4631.92, 0.00742133/step  Wall: 4644.06, 0.00743707/step, 0.760234 hours remaining, 0.000000 MB of memory in use.
PERFORMANCE: 632000  averaging 23.5164 ns/day, 0.00734805 sec/step with standard deviation 5.36123e-05
ENERGY:  632000       395.5016      1039.5531      1363.3132        20.3683        -587925.2345     42291.3103        49.6430         0.0000     48422.3054        -494343.2397       292.5481   -542765.5450   -494235.8106       291.8617             58.1562        90.8864    830277.7018         3.5624         3.5451

LDB: ============= START OF LOAD BALANCING ============== 4647.66
LDB: ============== END OF LOAD BALANCING =============== 4647.66
Info: useSync: 0 useProxySync: 0
LDB: =============== DONE WITH MIGRATION ================ 4647.66
LDB: ============= START OF LOAD BALANCING ============== 4648.4
LDB: TIME 4648.4 LOAD: AVG 0.584348 MAX 0.651599  PROXIES: TOTAL 344 MAXPE 47 MAXPATCH 5 None MEM: 0 MB
LDB: TIME 4648.4 LOAD: AVG 0.584348 MAX 0.651599  PROXIES: TOTAL 344 MAXPE 47 MAXPATCH 5 RefineTorusLB MEM: 0 MB
LDB: TIME 4648.4 LOAD: AVG 0.584348 MAX 0.651599  PROXIES: TOTAL 344 MAXPE 47 MAXPATCH 5 RefineTorusLB MEM: 0 MB
LDB: Reverting to original mapping
LDB: ============== END OF LOAD BALANCING =============== 4648.4
Info: useSync: 0 useProxySync: 0
LDB: =============== DONE WITH MIGRATION ================ 4648.4
TIMING: 633000  CPU: 4639.33, 0.00740623/step  Wall: 4651.48, 0.00741718/step, 0.75614 hours remaining, 0.000000 MB of memory in use.
PERFORMANCE: 633000  averaging 23.5161 ns/day, 0.00734816 sec/step with standard deviation 5.36403e-05
ENERGY:  633000       387.1545      1042.8920      1357.3061        15.9202        -586870.5759     41762.5300        52.3646         0.0000     48307.0205        -493945.3879       291.8516   -542252.4083   -493844.8613       292.7829            -53.2041       -19.7290    831774.8908         0.4241         0.4269

TIMING: 634000  CPU: 4646.71, 0.00737836/step  Wall: 4658.87, 0.00739306/step, 0.751627 hours remaining, 0.000000 MB of memory in use.
PERFORMANCE: 634000  averaging 23.5159 ns/day, 0.00734823 sec/step with standard deviation 5.36275e-05
ENERGY:  634000       380.0296      1046.3761      1366.3220        14.9222        -587247.4787     41958.3482        53.6352         0.0000     48115.0862        -494312.7591       290.6920   -542427.8453   -494214.7378       292.7395             17.1143        49.5791    831695.3764         2.0443         2.0511

WRITING COORDINATES TO DCD FILE eq1.dcd AT STEP 635000
TIMING: 635000  CPU: 4654.09, 0.00737779/step  Wall: 4666.27, 0.00739259/step, 0.749526 hours remaining, 0.000000 MB of memory in use.
PERFORMANCE: 635000  averaging 23.5156 ns/day, 0.0073483 sec/step with standard deviation 5.36141e-05
ENERGY:  635000       378.1543      1029.9671      1366.9123        14.8824        -587970.8996     42280.2062        52.9171         0.0000     48358.0233        -494489.8367       292.1598   -542847.8600   -494386.4714       292.3397             28.2438        61.1498    830847.6383        -1.2498        -1.3213

TIMING: 636000  CPU: 4661.48, 0.00739008/step  Wall: 4673.67, 0.00740325/step, 0.748551 hours remaining, 0.000000 MB of memory in use.
PERFORMANCE: 636000  averaging 23.5154 ns/day, 0.00734839 sec/step with standard deviation 5.36162e-05
ENERGY:  636000       386.5646      1043.1238      1374.3287        16.0671        -587801.2671     42229.6991        53.9316         0.0000     48486.5309        -494211.0213       292.9362   -542697.5522   -494114.6547       292.3788             72.7450       106.6134    832189.3417         0.3983         0.4074

LDB: ============= START OF LOAD BALANCING ============== 4677.25
LDB: ============== END OF LOAD BALANCING =============== 4677.25
Info: useSync: 0 useProxySync: 0
LDB: =============== DONE WITH MIGRATION ================ 4677.25
LDB: ============= START OF LOAD BALANCING ============== 4677.99
LDB: TIME 4677.99 LOAD: AVG 0.583993 MAX 0.652401  PROXIES: TOTAL 344 MAXPE 47 MAXPATCH 5 None MEM: 0 MB
LDB: TIME 4677.99 LOAD: AVG 0.583993 MAX 0.652401  PROXIES: TOTAL 344 MAXPE 47 MAXPATCH 5 RefineTorusLB MEM: 0 MB
LDB: TIME 4677.99 LOAD: AVG 0.583993 MAX 0.652401  PROXIES: TOTAL 344 MAXPE 47 MAXPATCH 5 RefineTorusLB MEM: 0 MB
LDB: Reverting to original mapping
LDB: ============== END OF LOAD BALANCING =============== 4677.99
Info: useSync: 0 useProxySync: 0
LDB: =============== DONE WITH MIGRATION ================ 4677.99
TIMING: 637000  CPU: 4668.86, 0.00738629/step  Wall: 4681.07, 0.00740154/step, 0.746322 hours remaining, 0.000000 MB of memory in use.
PERFORMANCE: 637000  averaging 23.5151 ns/day, 0.00734847 sec/step with standard deviation 5.36154e-05
ENERGY:  637000       403.6255      1106.5549      1345.9078        16.9413        -587243.8830     41813.5900        47.4551         0.0000     48426.9919        -494082.8165       292.5765   -542509.8084   -493983.5302       292.1842           -145.1322      -110.0479    832738.0858        -0.3761        -0.4381

TIMING: 638000  CPU: 4676.26, 0.00740117/step  Wall: 4688.49, 0.00741556/step, 0.745676 hours remaining, 0.000000 MB of memory in use.
PERFORMANCE: 638000  averaging 23.5148 ns/day, 0.00734858 sec/step with standard deviation 5.36391e-05
ENERGY:  638000       387.6285      1048.2347      1377.0071        18.3814        -587819.0324     42417.5319        51.6393         0.0000     48324.5383        -494194.0713       291.9575   -542518.6096   -494092.7691       292.9767             78.9114       113.9258    832481.7742        -5.2765        -5.3144

TIMING: 639000  CPU: 4683.63, 0.00736214/step  Wall: 4695.86, 0.00737526/step, 0.739574 hours remaining, 0.000000 MB of memory in use.
PERFORMANCE: 639000  averaging 23.5146 ns/day, 0.00734862 sec/step with standard deviation 5.36074e-05
ENERGY:  639000       388.3258      1085.9409      1348.6588        15.0082        -587187.8559     41638.7876        54.6156         0.0000     48476.2454        -494180.2735       292.8740   -542656.5190   -494069.6783       292.5800           -178.1277      -145.3041    832473.7433         1.0346         1.0555

TIMING: 640000  CPU: 4691.02, 0.00739033/step  Wall: 4703.26, 0.00740299/step, 0.740299 hours remaining, 0.000000 MB of memory in use.
PERFORMANCE: 640000  averaging 23.5143 ns/day, 0.0073487 sec/step with standard deviation 5.36086e-05
ETITLE:      TS           BOND          ANGLE          DIHED          IMPRP               ELECT            VDW       BOUNDARY           MISC        KINETIC               TOTAL           TEMP      POTENTIAL         TOTAL3        TEMPAVG            PRESSURE      GPRESSURE         VOLUME       PRESSAVG      GPRESSAVG

ENERGY:  640000       382.0610      1056.7784      1361.9118        24.5390        -587849.1991     42082.1726        47.9496         0.0000     48457.1410        -494436.6456       292.7586   -542893.7867   -494327.4961       292.3978            -33.8958        -1.9903    831310.4000         0.0441         0.0320

WRITING EXTENDED SYSTEM TO RESTART FILE AT STEP 640000
WRITING COORDINATES TO DCD FILE eq1.dcd AT STEP 640000
WRITING COORDINATES TO RESTART FILE AT STEP 640000
FINISHED WRITING RESTART COORDINATES
WRITING VELOCITIES TO RESTART FILE AT STEP 640000
FINISHED WRITING RESTART VELOCITIES
LDB: ============= START OF LOAD BALANCING ============== 4706.92
LDB: ============== END OF LOAD BALANCING =============== 4706.92
Info: useSync: 0 useProxySync: 0
LDB: =============== DONE WITH MIGRATION ================ 4706.92
LDB: ============= START OF LOAD BALANCING ============== 4707.66
LDB: TIME 4707.66 LOAD: AVG 0.583411 MAX 0.652317  PROXIES: TOTAL 344 MAXPE 47 MAXPATCH 5 None MEM: 0 MB
LDB: TIME 4707.66 LOAD: AVG 0.583411 MAX 0.652317  PROXIES: TOTAL 344 MAXPE 47 MAXPATCH 5 RefineTorusLB MEM: 0 MB
LDB: TIME 4707.66 LOAD: AVG 0.583411 MAX 0.652317  PROXIES: TOTAL 344 MAXPE 47 MAXPATCH 5 RefineTorusLB MEM: 0 MB
LDB: ============== END OF LOAD BALANCING =============== 4707.66
Info: useSync: 0 useProxySync: 0
LDB: =============== DONE WITH MIGRATION ================ 4707.66
TIMING: 641000  CPU: 4698.43, 0.00740947/step  Wall: 4710.74, 0.00747205/step, 0.745129 hours remaining, 0.000000 MB of memory in use.
PERFORMANCE: 641000  averaging 23.5137 ns/day, 0.0073489 sec/step with standard deviation 5.37878e-05
ENERGY:  641000       388.9091      1020.4110      1370.6900        15.2615        -587547.6239     41905.6716        53.9244         0.0000     48484.3968        -494308.3595       292.9233   -542792.7563   -494212.8990       292.2019            -41.1407       -11.9933    830953.8186         2.5756         2.5669

TIMING: 642000  CPU: 4705.8, 0.00737487/step  Wall: 4718.13, 0.00739111/step, 0.735005 hours remaining, 0.000000 MB of memory in use.
PERFORMANCE: 642000  averaging 23.5135 ns/day, 0.00734896 sec/step with standard deviation 5.37716e-05
ENERGY:  642000       378.3844      1088.9640      1365.7510        19.7281        -588234.1342     42366.9001        56.0818         0.0000     48606.2280        -494352.0969       293.6593   -542958.3249   -494251.9542       292.2120             65.9979       100.1302    831046.5520        -8.4307        -8.4346

TIMING: 643000  CPU: 4713.18, 0.00737496/step  Wall: 4725.51, 0.00738691/step, 0.732535 hours remaining, 0.000000 MB of memory in use.
PERFORMANCE: 643000  averaging 23.5133 ns/day, 0.00734902 sec/step with standard deviation 5.37506e-05
ENERGY:  643000       379.9754      1043.9025      1367.4515        16.4561        -587483.9188     41902.5659        50.5264         0.0000     48420.2242        -494302.8168       292.5356   -542723.0411   -494200.0300       292.2610            -64.9915       -32.3848    832364.8042         1.4554         1.4767

TIMING: 644000  CPU: 4720.55, 0.00737433/step  Wall: 4732.9, 0.00738126/step, 0.729925 hours remaining, 0.000000 MB of memory in use.
PERFORMANCE: 644000  averaging 23.5132 ns/day, 0.00734907 sec/step with standard deviation 5.37238e-05
ENERGY:  644000       394.2567      1057.2147      1374.0892        16.1519        -588257.2545     42722.3160        46.3741         0.0000     48508.9367        -494137.9153       293.0715   -542646.8520   -494032.5484       292.4581            207.9134       244.2714    831007.8284         3.7567         3.7961

LDB: ============= START OF LOAD BALANCING ============== 4736.48
LDB: ============== END OF LOAD BALANCING =============== 4736.48
Info: useSync: 0 useProxySync: 0
LDB: =============== DONE WITH MIGRATION ================ 4736.48
LDB: ============= START OF LOAD BALANCING ============== 4737.22
LDB: TIME 4737.22 LOAD: AVG 0.58548 MAX 0.653761  PROXIES: TOTAL 344 MAXPE 47 MAXPATCH 5 None MEM: 0 MB
LDB: TIME 4737.22 LOAD: AVG 0.58548 MAX 0.653761  PROXIES: TOTAL 344 MAXPE 47 MAXPATCH 5 RefineTorusLB MEM: 0 MB
LDB: TIME 4737.22 LOAD: AVG 0.58548 MAX 0.653761  PROXIES: TOTAL 344 MAXPE 47 MAXPATCH 5 RefineTorusLB MEM: 0 MB
LDB: ============== END OF LOAD BALANCING =============== 4737.22
Info: useSync: 0 useProxySync: 0
LDB: =============== DONE WITH MIGRATION ================ 4737.22
TIMING: 645000  CPU: 4727.96, 0.00740698/step  Wall: 4740.31, 0.00741742/step, 0.731441 hours remaining, 0.000000 MB of memory in use.
PERFORMANCE: 645000  averaging 23.5128 ns/day, 0.00734918 sec/step with standard deviation 5.37495e-05
ENERGY:  645000       411.1334      1034.2711      1346.5377        15.7336        -587324.8928     41743.8724        49.2495         0.0000     48360.9194        -494363.1758       292.1773   -542724.0952   -494258.6166       292.3320            -39.5124        -4.9100    829891.8393         4.6374         4.6255

WRITING COORDINATES TO DCD FILE eq1.dcd AT STEP 645000
TIMING: 646000  CPU: 4735.38, 0.00742274/step  Wall: 4747.75, 0.00743181/step, 0.730795 hours remaining, 0.000000 MB of memory in use.
PERFORMANCE: 646000  averaging 23.5124 ns/day, 0.00734931 sec/step with standard deviation 5.38061e-05
ENERGY:  646000       378.8031      1052.3882      1357.4175        15.8675        -588141.6443     42317.3901        48.5345         0.0000     48841.9735        -494129.2699       295.0836   -542971.2434   -494021.7636       292.8665            110.5926       143.0801    830672.8309         3.3941         3.3844

TIMING: 647000  CPU: 4742.78, 0.00740288/step  Wall: 4755.16, 0.00741432/step, 0.727016 hours remaining, 0.000000 MB of memory in use.
PERFORMANCE: 647000  averaging 23.5121 ns/day, 0.00734941 sec/step with standard deviation 5.38252e-05
ENERGY:  647000       421.2443      1096.8865      1351.9790        16.5992        -587140.5411     41867.8314        52.6737         0.0000     48045.1910        -494288.1360       290.2698   -542333.3270   -494190.0330       292.8238           -100.6505       -67.2598    832332.1834        -1.1861        -1.2420

TIMING: 648000  CPU: 4750.17, 0.00739022/step  Wall: 4762.56, 0.00740015/step, 0.72357 hours remaining, 0.000000 MB of memory in use.
PERFORMANCE: 648000  averaging 23.5119 ns/day, 0.00734948 sec/step with standard deviation 5.38205e-05
ENERGY:  648000       395.8770      1047.6930      1369.6235        13.2766        -588237.1259     42450.5487        51.3300         0.0000     48235.0060        -494673.7712       291.4166   -542908.7771   -494574.2712       292.0642            114.7915       146.9154    830811.2194         1.7574         1.7429

LDB: ============= START OF LOAD BALANCING ============== 4766.14
LDB: ============== END OF LOAD BALANCING =============== 4766.14
Info: useSync: 0 useProxySync: 0
LDB: =============== DONE WITH MIGRATION ================ 4766.14
LDB: ============= START OF LOAD BALANCING ============== 4766.88
LDB: TIME 4766.88 LOAD: AVG 0.585569 MAX 0.656515  PROXIES: TOTAL 344 MAXPE 47 MAXPATCH 5 None MEM: 0 MB
LDB: TIME 4766.88 LOAD: AVG 0.585569 MAX 0.656515  PROXIES: TOTAL 344 MAXPE 47 MAXPATCH 5 RefineTorusLB MEM: 0 MB
LDB: TIME 4766.88 LOAD: AVG 0.585569 MAX 0.656515  PROXIES: TOTAL 344 MAXPE 47 MAXPATCH 5 RefineTorusLB MEM: 0 MB
LDB: Reverting to original mapping
LDB: ============== END OF LOAD BALANCING =============== 4766.88
Info: useSync: 0 useProxySync: 0
LDB: =============== DONE WITH MIGRATION ================ 4766.89
TIMING: 649000  CPU: 4757.59, 0.00741475/step  Wall: 4769.98, 0.00742347/step, 0.723788 hours remaining, 0.000000 MB of memory in use.
PERFORMANCE: 649000  averaging 23.5115 ns/day, 0.0073496 sec/step with standard deviation 5.38573e-05
ENERGY:  649000       373.9757      1110.2940      1370.2096        16.6366        -587196.4252     41639.7280        57.6959         0.0000     48091.0855        -494536.7998       290.5470   -542627.8853   -494432.7929       291.7059           -193.8795      -159.9518    833731.6928         1.3481         1.3348

TIMING: 650000  CPU: 4764.99, 0.00740747/step  Wall: 4777.4, 0.00741306/step, 0.720715 hours remaining, 0.000000 MB of memory in use.
PERFORMANCE: 650000  averaging 23.5112 ns/day, 0.0073497 sec/step with standard deviation 5.38733e-05
ETITLE:      TS           BOND          ANGLE          DIHED          IMPRP               ELECT            VDW       BOUNDARY           MISC        KINETIC               TOTAL           TEMP      POTENTIAL         TOTAL3        TEMPAVG            PRESSURE      GPRESSURE         VOLUME       PRESSAVG      GPRESSAVG

ENERGY:  650000       377.1271      1111.5632      1356.1075        19.8633        -587589.0115     41926.0467        51.7050         0.0000     48210.3778        -494536.2209       291.2678   -542746.5987   -494430.9691       292.1942            -92.1662       -57.6248    832114.4216        -2.8185        -2.8512

WRITING EXTENDED SYSTEM TO RESTART FILE AT STEP 650000
WRITING COORDINATES TO DCD FILE eq1.dcd AT STEP 650000
WRITING COORDINATES TO RESTART FILE AT STEP 650000
FINISHED WRITING RESTART COORDINATES
WRITING VELOCITIES TO RESTART FILE AT STEP 650000
FINISHED WRITING RESTART VELOCITIES
TIMING: 651000  CPU: 4772.41, 0.00741169/step  Wall: 4784.86, 0.00746576/step, 0.723764 hours remaining, 0.000000 MB of memory in use.
PERFORMANCE: 651000  averaging 23.5106 ns/day, 0.00734987 sec/step with standard deviation 5.40237e-05
ENERGY:  651000       400.1233      1082.7039      1347.6578        16.9400        -587022.6011     41553.5711        41.3333         0.0000     48373.4460        -494206.8258       292.2530   -542580.2718   -494103.2103       292.4998           -204.4224      -170.9433    831588.0961        -2.4006        -2.3925

TIMING: 652000  CPU: 4779.8, 0.00739033/step  Wall: 4792.26, 0.00740002/step, 0.715336 hours remaining, 0.000000 MB of memory in use.
PERFORMANCE: 652000  averaging 23.5104 ns/day, 0.00734995 sec/step with standard deviation 5.40179e-05
ENERGY:  652000       417.4816      1017.7119      1344.8665        14.6318        -587727.9365     42156.7292        41.6104         0.0000     48725.7339        -494009.1711       294.3813   -542734.9050   -493910.8411       292.8063            -14.5666        18.7498    831758.7121         1.3569         1.3081

LDB: ============= START OF LOAD BALANCING ============== 4795.85
LDB: ============== END OF LOAD BALANCING =============== 4795.85
Info: useSync: 0 useProxySync: 0
LDB: =============== DONE WITH MIGRATION ================ 4795.85
LDB: ============= START OF LOAD BALANCING ============== 4796.6
LDB: TIME 4796.6 LOAD: AVG 0.585491 MAX 0.655711  PROXIES: TOTAL 344 MAXPE 47 MAXPATCH 5 None MEM: 0 MB
LDB: TIME 4796.6 LOAD: AVG 0.585491 MAX 0.655711  PROXIES: TOTAL 344 MAXPE 47 MAXPATCH 5 RefineTorusLB MEM: 0 MB
LDB: TIME 4796.6 LOAD: AVG 0.585491 MAX 0.655711  PROXIES: TOTAL 344 MAXPE 47 MAXPATCH 5 RefineTorusLB MEM: 0 MB
LDB: ============== END OF LOAD BALANCING =============== 4796.6
Info: useSync: 0 useProxySync: 0
LDB: =============== DONE WITH MIGRATION ================ 4796.6
TIMING: 653000  CPU: 4787.2, 0.00740279/step  Wall: 4799.67, 0.00741312/step, 0.714542 hours remaining, 0.000000 MB of memory in use.
PERFORMANCE: 653000  averaging 23.5101 ns/day, 0.00735005 sec/step with standard deviation 5.40331e-05
ENERGY:  653000       387.6301      1036.6401      1357.2304        15.8679        -586910.5755     41627.1641        44.8289         0.0000     48194.7890        -494246.4252       291.1736   -542441.2142   -494139.4791       292.4589           -130.1102      -101.7644    832066.9474        -1.5275        -1.5644

TIMING: 654000  CPU: 4794.62, 0.00742275/step  Wall: 4807.11, 0.00743035/step, 0.714139 hours remaining, 0.000000 MB of memory in use.
PERFORMANCE: 654000  averaging 23.5097 ns/day, 0.00735017 sec/step with standard deviation 5.40829e-05
ENERGY:  654000       413.4344      1052.4425      1362.9557        15.4630        -587877.8062     42281.0522        49.8811         0.0000     48221.3479        -494481.2295       291.3340   -542702.5774   -494379.8315       292.3328            171.0596       204.3594    829399.1644         6.1982         6.1207

TIMING: 655000  CPU: 4802.03, 0.00740625/step  Wall: 4814.52, 0.00741578/step, 0.710679 hours remaining, 0.000000 MB of memory in use.
PERFORMANCE: 655000  averaging 23.5093 ns/day, 0.00735027 sec/step with standard deviation 5.41023e-05
ENERGY:  655000       399.6517      1035.1366      1342.4902        14.4295        -587512.6838     41946.6308        43.8277         0.0000     48485.6493        -494244.8681       292.9308   -542730.5174   -494147.3655       292.4552             25.9657        55.9385    830337.8095         5.3010         5.3218

WRITING COORDINATES TO DCD FILE eq1.dcd AT STEP 655000
TIMING: 656000  CPU: 4809.46, 0.00743112/step  Wall: 4821.96, 0.0074397/step, 0.710904 hours remaining, 0.000000 MB of memory in use.
PERFORMANCE: 656000  averaging 23.5089 ns/day, 0.00735041 sec/step with standard deviation 5.41736e-05
ENERGY:  656000       393.4928      1045.9940      1356.3657        17.7710        -588341.3522     42492.3564        53.3172         0.0000     48434.3192        -494547.7358       292.6207   -542982.0550   -494450.1242       292.5156             65.4926        95.8946    830858.7426         0.2139         0.2761

LDB: ============= START OF LOAD BALANCING ============== 4825.55
LDB: ============== END OF LOAD BALANCING =============== 4825.55
Info: useSync: 0 useProxySync: 0
LDB: =============== DONE WITH MIGRATION ================ 4825.55
LDB: ============= START OF LOAD BALANCING ============== 4826.3
LDB: TIME 4826.3 LOAD: AVG 0.585593 MAX 0.655132  PROXIES: TOTAL 344 MAXPE 47 MAXPATCH 5 None MEM: 0 MB
LDB: TIME 4826.3 LOAD: AVG 0.585593 MAX 0.655132  PROXIES: TOTAL 344 MAXPE 47 MAXPATCH 5 RefineTorusLB MEM: 0 MB
LDB: TIME 4826.3 LOAD: AVG 0.585593 MAX 0.655132  PROXIES: TOTAL 344 MAXPE 47 MAXPATCH 5 RefineTorusLB MEM: 0 MB
LDB: Reverting to original mapping
LDB: ============== END OF LOAD BALANCING =============== 4826.3
Info: useSync: 0 useProxySync: 0
LDB: =============== DONE WITH MIGRATION ================ 4826.3
TIMING: 657000  CPU: 4816.87, 0.00740671/step  Wall: 4829.38, 0.00741874/step, 0.706841 hours remaining, 0.000000 MB of memory in use.
PERFORMANCE: 657000  averaging 23.5086 ns/day, 0.00735051 sec/step with standard deviation 5.41979e-05
ENERGY:  657000       376.6446      1068.2362      1362.1768        18.4963        -587909.8889     41973.3421        47.5783         0.0000     47998.4470        -495064.9677       289.9874   -543063.4147   -494953.6183       291.3149            -42.1735       -10.1942    831366.8080        -0.2536        -0.1900

TIMING: 658000  CPU: 4824.27, 0.0074071/step  Wall: 4836.79, 0.00741379/step, 0.70431 hours remaining, 0.000000 MB of memory in use.
PERFORMANCE: 658000  averaging 23.5083 ns/day, 0.00735061 sec/step with standard deviation 5.42128e-05
ENERGY:  658000       392.7046      1033.1837      1355.2849        18.5665        -588486.8105     42324.4401        50.1281         0.0000     48233.3326        -495079.1699       291.4064   -543312.5025   -494974.8915       291.1082            102.6267       135.7466    828764.0847        -3.7772        -3.7861

TIMING: 659000  CPU: 4831.66, 0.00739175/step  Wall: 4844.19, 0.00739869/step, 0.70082 hours remaining, 0.000000 MB of memory in use.
PERFORMANCE: 659000  averaging 23.508 ns/day, 0.00735068 sec/step with standard deviation 5.4204e-05
ENERGY:  659000       393.2350      1087.5641      1359.1593        14.9076        -588102.4099     42153.8162        44.9727         0.0000     48257.0602        -494791.6948       291.5498   -543048.7550   -494687.6924       291.6578            -21.2727         7.7708    831647.5293        -2.7207        -2.6943

WRITING COORDINATES TO DCD FILE eq1.dcd AT STEP 660000
WRITING COORDINATES TO RESTART FILE AT STEP 660000
FINISHED WRITING RESTART COORDINATES
TIMING: 660000  CPU: 4839.07, 0.00740908/step  Wall: 4851.63, 0.00744145/step, 0.702804 hours remaining, 0.000000 MB of memory in use.
PERFORMANCE: 660000  averaging 23.5076 ns/day, 0.00735082 sec/step with standard deviation 5.4278e-05
ETITLE:      TS           BOND          ANGLE          DIHED          IMPRP               ELECT            VDW       BOUNDARY           MISC        KINETIC               TOTAL           TEMP      POTENTIAL         TOTAL3        TEMPAVG            PRESSURE      GPRESSURE         VOLUME       PRESSAVG      GPRESSAVG

ENERGY:  660000       412.6103      1076.3272      1355.9499        16.7339        -587916.6332     42165.6800        49.1250         0.0000     48367.1134        -494473.0935       292.2147   -542840.2069   -494371.0207       291.7717            -18.5510        13.2098    831446.9646        -3.4490        -3.4533

WRITING EXTENDED SYSTEM TO RESTART FILE AT STEP 660000
WRITING VELOCITIES TO RESTART FILE AT STEP 660000
FINISHED WRITING RESTART VELOCITIES
LDB: ============= START OF LOAD BALANCING ============== 4855.24
LDB: ============== END OF LOAD BALANCING =============== 4855.24
Info: useSync: 0 useProxySync: 0
LDB: =============== DONE WITH MIGRATION ================ 4855.24
LDB: ============= START OF LOAD BALANCING ============== 4855.98
LDB: TIME 4855.98 LOAD: AVG 0.585519 MAX 0.651198  PROXIES: TOTAL 344 MAXPE 47 MAXPATCH 5 None MEM: 0 MB
LDB: TIME 4855.98 LOAD: AVG 0.585519 MAX 0.651198  PROXIES: TOTAL 344 MAXPE 47 MAXPATCH 5 RefineTorusLB MEM: 0 MB
LDB: TIME 4855.98 LOAD: AVG 0.585519 MAX 0.651198  PROXIES: TOTAL 344 MAXPE 47 MAXPATCH 5 RefineTorusLB MEM: 0 MB
LDB: ============== END OF LOAD BALANCING =============== 4855.99
Info: useSync: 0 useProxySync: 0
LDB: =============== DONE WITH MIGRATION ================ 4855.99
TIMING: 661000  CPU: 4846.46, 0.00739087/step  Wall: 4859.06, 0.0074242/step, 0.699112 hours remaining, 0.000000 MB of memory in use.
PERFORMANCE: 661000  averaging 23.5072 ns/day, 0.00735093 sec/step with standard deviation 5.43119e-05
ENERGY:  661000       380.8945      1074.0436      1365.7119        17.2263        -586827.9109     41489.0028        42.6422         0.0000     48178.5904        -494279.7992       291.0757   -542458.3896   -494178.0192       292.5670           -109.9175       -79.3921    831487.8332        -0.7462        -0.7044

TIMING: 662000  CPU: 4853.83, 0.00736699/step  Wall: 4866.43, 0.00737587/step, 0.692512 hours remaining, 0.000000 MB of memory in use.
PERFORMANCE: 662000  averaging 23.5071 ns/day, 0.00735097 sec/step with standard deviation 5.42794e-05
ENERGY:  662000       373.1169      1078.6334      1358.2838        16.0129        -588099.6402     42512.6162        43.6061         0.0000     48139.3453        -494578.0257       290.8386   -542717.3711   -494471.2599       292.2904            181.5658       213.5953    831502.8045        -1.1223        -1.1528

TIMING: 663000  CPU: 4861.18, 0.0073513/step  Wall: 4873.79, 0.00735957/step, 0.688938 hours remaining, 0.000000 MB of memory in use.
PERFORMANCE: 663000  averaging 23.5071 ns/day, 0.00735098 sec/step with standard deviation 5.42394e-05
ENERGY:  663000       382.9118      1105.7104      1351.8706        19.3554        -587458.9427     41948.0356        47.9645         0.0000     48331.4012        -494271.6932       291.9989   -542603.0944   -494165.5940       291.7723            -57.3274       -26.6284    831709.2828         0.6870         0.6916

TIMING: 664000  CPU: 4868.56, 0.00737491/step  Wall: 4881.18, 0.00738283/step, 0.689064 hours remaining, 0.000000 MB of memory in use.
PERFORMANCE: 664000  averaging 23.5069 ns/day, 0.00735103 sec/step with standard deviation 5.42126e-05
ENERGY:  664000       386.0140      1118.0206      1343.6269        13.3133        -588037.6045     42189.9759        48.5024         0.0000     48424.0735        -494514.0780       292.5588   -542938.1515   -494413.0856       291.7196             26.0781        58.6025    832505.4937        -6.2105        -6.1552

LDB: ============= START OF LOAD BALANCING ============== 4884.75
LDB: ============== END OF LOAD BALANCING =============== 4884.75
Info: useSync: 0 useProxySync: 0
LDB: =============== DONE WITH MIGRATION ================ 4884.75
LDB: ============= START OF LOAD BALANCING ============== 4885.49
LDB: TIME 4885.49 LOAD: AVG 0.585571 MAX 0.651157  PROXIES: TOTAL 344 MAXPE 47 MAXPATCH 5 None MEM: 0 MB
LDB: TIME 4885.49 LOAD: AVG 0.585571 MAX 0.651157  PROXIES: TOTAL 344 MAXPE 47 MAXPATCH 5 RefineTorusLB MEM: 0 MB
LDB: TIME 4885.49 LOAD: AVG 0.585571 MAX 0.651157  PROXIES: TOTAL 344 MAXPE 47 MAXPATCH 5 RefineTorusLB MEM: 0 MB
LDB: ============== END OF LOAD BALANCING =============== 4885.49
Info: useSync: 0 useProxySync: 0
LDB: =============== DONE WITH MIGRATION ================ 4885.49
TIMING: 665000  CPU: 4875.94, 0.00737973/step  Wall: 4888.57, 0.00739139/step, 0.68781 hours remaining, 0.000000 MB of memory in use.
PERFORMANCE: 665000  averaging 23.5067 ns/day, 0.00735109 sec/step with standard deviation 5.41944e-05
ENERGY:  665000       400.1907      1043.7038      1354.1956        19.6442        -587652.4935     41952.2038        50.5488         0.0000     48426.2510        -494405.7556       292.5720   -542832.0066   -494296.1316       291.4223            -95.2237       -63.8207    832959.6049         2.0367         2.0119

WRITING COORDINATES TO DCD FILE eq1.dcd AT STEP 665000
TIMING: 666000  CPU: 4883.37, 0.00743529/step  Wall: 4896.01, 0.00744282/step, 0.690528 hours remaining, 0.000000 MB of memory in use.
PERFORMANCE: 666000  averaging 23.5063 ns/day, 0.00735123 sec/step with standard deviation 5.42702e-05
ENERGY:  666000       383.6535      1041.3710      1346.2814        13.6240        -587406.0948     41838.1760        48.0813         0.0000     48387.0362        -494347.8714       292.3351   -542734.9076   -494244.8313       292.0682           -122.7301       -96.2987    832207.9550        -0.2002        -0.2433

TIMING: 667000  CPU: 4890.78, 0.00740282/step  Wall: 4903.42, 0.00741346/step, 0.685745 hours remaining, 0.000000 MB of memory in use.
PERFORMANCE: 667000  averaging 23.506 ns/day, 0.00735132 sec/step with standard deviation 5.42829e-05
ENERGY:  667000       364.4429      1091.3811      1343.8471        15.0085        -587836.5490     42167.9133        47.2818         0.0000     48407.6534        -494399.0209       292.4596   -542806.6743   -494295.7582       292.1044             76.2860       108.9377    830918.9207         1.9146         1.9073

TIMING: 668000  CPU: 4898.2, 0.00742348/step  Wall: 4910.85, 0.00742911/step, 0.685129 hours remaining, 0.000000 MB of memory in use.
PERFORMANCE: 668000  averaging 23.5056 ns/day, 0.00735144 sec/step with standard deviation 5.43257e-05
ENERGY:  668000       387.3897      1064.0363      1356.9866        21.8254        -588429.3339     42615.5961        53.3768         0.0000     48784.9975        -494145.1256       294.7394   -542930.1231   -494042.6954       292.3975            115.0848       146.4325    831900.0382         2.7303         2.7326

LDB: ============= START OF LOAD BALANCING ============== 4914.44
LDB: ============== END OF LOAD BALANCING =============== 4914.44
Info: useSync: 0 useProxySync: 0
LDB: =============== DONE WITH MIGRATION ================ 4914.44
LDB: ============= START OF LOAD BALANCING ============== 4915.18
LDB: TIME 4915.18 LOAD: AVG 0.58471 MAX 0.654306  PROXIES: TOTAL 344 MAXPE 47 MAXPATCH 5 None MEM: 0 MB
LDB: TIME 4915.18 LOAD: AVG 0.58471 MAX 0.654306  PROXIES: TOTAL 344 MAXPE 47 MAXPATCH 5 RefineTorusLB MEM: 0 MB
LDB: TIME 4915.18 LOAD: AVG 0.58471 MAX 0.654306  PROXIES: TOTAL 344 MAXPE 47 MAXPATCH 5 RefineTorusLB MEM: 0 MB
LDB: ============== END OF LOAD BALANCING =============== 4915.18
Info: useSync: 0 useProxySync: 0
LDB: =============== DONE WITH MIGRATION ================ 4915.18
TIMING: 669000  CPU: 4905.61, 0.00740724/step  Wall: 4918.27, 0.00741871/step, 0.682109 hours remaining, 0.000000 MB of memory in use.
PERFORMANCE: 669000  averaging 23.5053 ns/day, 0.00735154 sec/step with standard deviation 5.43473e-05
ENERGY:  669000       391.2501      1069.0168      1380.0570        19.1323        -587074.1133     41831.9848        50.2733         0.0000     48436.2336        -493896.1654       292.6323   -542332.3990   -493782.0817       292.4939           -131.8470       -97.3571    833515.0856        -3.9723        -3.9728

WRITING COORDINATES TO DCD FILE eq1.dcd AT STEP 670000
WRITING COORDINATES TO RESTART FILE AT STEP 670000
FINISHED WRITING RESTART COORDINATES
TIMING: 670000  CPU: 4913.03, 0.00742656/step  Wall: 4925.72, 0.00745258/step, 0.683153 hours remaining, 0.000000 MB of memory in use.
PERFORMANCE: 670000  averaging 23.5048 ns/day, 0.00735169 sec/step with standard deviation 5.44467e-05
ETITLE:      TS           BOND          ANGLE          DIHED          IMPRP               ELECT            VDW       BOUNDARY           MISC        KINETIC               TOTAL           TEMP      POTENTIAL         TOTAL3        TEMPAVG            PRESSURE      GPRESSURE         VOLUME       PRESSAVG      GPRESSAVG

ENERGY:  670000       386.9927      1055.7102      1349.6762        15.5299        -587306.0876     41911.6669        46.4923         0.0000     48550.7247        -493989.2946       293.3240   -542540.0193   -493890.0230       292.6560            -96.4054       -62.5690    832388.5119        -4.3022        -4.2980

WRITING EXTENDED SYSTEM TO RESTART FILE AT STEP 670000
WRITING VELOCITIES TO RESTART FILE AT STEP 670000
FINISHED WRITING RESTART VELOCITIES
TIMING: 671000  CPU: 4920.42, 0.00738533/step  Wall: 4933.15, 0.00742355/step, 0.67843 hours remaining, 0.000000 MB of memory in use.
PERFORMANCE: 671000  averaging 23.5045 ns/day, 0.00735179 sec/step with standard deviation 5.44768e-05
ENERGY:  671000       386.5115      1075.1527      1351.0089        18.9730        -587568.6902     41930.0937        46.8430         0.0000     48431.2691        -494328.8384       292.6023   -542760.1074   -494225.0037       292.7923            -15.4311        16.9813    829763.0273         2.1289         2.1357

TIMING: 672000  CPU: 4927.83, 0.00740705/step  Wall: 4940.56, 0.00741451/step, 0.675544 hours remaining, 0.000000 MB of memory in use.
PERFORMANCE: 672000  averaging 23.5042 ns/day, 0.00735189 sec/step with standard deviation 5.44899e-05
ENERGY:  672000       399.8435      1099.5229      1331.2678        15.0542        -588057.6419     42151.9477        43.4819         0.0000     48298.6522        -494717.8717       291.8011   -543016.5238   -494606.0446       291.6534            -19.7861        13.7809    830529.6179        -7.0895        -7.1477

LDB: ============= START OF LOAD BALANCING ============== 4944.14
LDB: ============== END OF LOAD BALANCING =============== 4944.14
Info: useSync: 0 useProxySync: 0
LDB: =============== DONE WITH MIGRATION ================ 4944.14
LDB: ============= START OF LOAD BALANCING ============== 4944.89
LDB: TIME 4944.89 LOAD: AVG 0.584876 MAX 0.649849  PROXIES: TOTAL 344 MAXPE 47 MAXPATCH 5 None MEM: 0 MB
LDB: TIME 4944.89 LOAD: AVG 0.584876 MAX 0.649849  PROXIES: TOTAL 344 MAXPE 47 MAXPATCH 5 RefineTorusLB MEM: 0 MB
LDB: TIME 4944.89 LOAD: AVG 0.584876 MAX 0.649849  PROXIES: TOTAL 344 MAXPE 47 MAXPATCH 5 RefineTorusLB MEM: 0 MB
LDB: Reverting to original mapping
LDB: ============== END OF LOAD BALANCING =============== 4944.89
Info: useSync: 0 useProxySync: 0
LDB: =============== DONE WITH MIGRATION ================ 4944.89
TIMING: 673000  CPU: 4935.21, 0.00738773/step  Wall: 4947.96, 0.00739712/step, 0.671905 hours remaining, 0.000000 MB of memory in use.
PERFORMANCE: 673000  averaging 23.504 ns/day, 0.00735195 sec/step with standard deviation 5.44773e-05
ENERGY:  673000       387.3788      1032.8142      1348.2727        15.3674        -587392.2235     41823.2806        43.9985         0.0000     48168.0662        -494573.0450       291.0121   -542741.1112   -494470.6762       291.6585           -160.5991      -128.0070    832956.3094        -5.5743        -5.4120

TIMING: 674000  CPU: 4942.55, 0.00733546/step  Wall: 4955.3, 0.0073427/step, 0.664922 hours remaining, 0.000000 MB of memory in use.
PERFORMANCE: 674000  averaging 23.504 ns/day, 0.00735194 sec/step with standard deviation 5.44379e-05
ENERGY:  674000       385.3409      1037.6068      1349.8225        15.0341        -587908.9368     42253.1311        52.1403         0.0000     48303.3545        -494512.5067       291.8295   -542815.8612   -494410.7419       291.7435             41.4712        73.9703    833201.5550         4.0954         4.1535

TIMING: 675000  CPU: 4949.96, 0.00740885/step  Wall: 4962.72, 0.00742109/step, 0.66996 hours remaining, 0.000000 MB of memory in use.
PERFORMANCE: 675000  averaging 23.5037 ns/day, 0.00735204 sec/step with standard deviation 5.44626e-05
ENERGY:  675000       402.9867      1059.6557      1345.9297        15.3605        -588267.8825     42427.2071        48.2900         0.0000     48278.9419        -494689.5110       291.6820   -542968.4529   -494582.4150       291.5356            -33.6386         1.1434    832399.1991         1.2410         1.2846

WRITING COORDINATES TO DCD FILE eq1.dcd AT STEP 675000
TIMING: 676000  CPU: 4957.37, 0.00741077/step  Wall: 4970.15, 0.00742435/step, 0.668191 hours remaining, 0.000000 MB of memory in use.
PERFORMANCE: 676000  averaging 23.5033 ns/day, 0.00735215 sec/step with standard deviation 5.44933e-05
ENERGY:  676000       370.7491      1078.6272      1330.2535        18.4023        -588029.1987     42008.9421        46.9116         0.0000     48455.3740        -494719.9388       292.7479   -543175.3128   -494613.9660       291.5313            -79.2645       -43.7661    831579.0302         6.6600         6.5965

LDB: ============= START OF LOAD BALANCING ============== 4973.74
LDB: ============== END OF LOAD BALANCING =============== 4973.74
Info: useSync: 0 useProxySync: 0
LDB: =============== DONE WITH MIGRATION ================ 4973.74
LDB: ============= START OF LOAD BALANCING ============== 4974.48
LDB: TIME 4974.48 LOAD: AVG 0.584421 MAX 0.656764  PROXIES: TOTAL 344 MAXPE 47 MAXPATCH 5 None MEM: 0 MB
LDB: TIME 4974.48 LOAD: AVG 0.584421 MAX 0.656764  PROXIES: TOTAL 344 MAXPE 47 MAXPATCH 5 RefineTorusLB MEM: 0 MB
LDB: TIME 4974.48 LOAD: AVG 0.584421 MAX 0.656764  PROXIES: TOTAL 344 MAXPE 47 MAXPATCH 5 RefineTorusLB MEM: 0 MB
LDB: Reverting to original mapping
LDB: ============== END OF LOAD BALANCING =============== 4974.48
Info: useSync: 0 useProxySync: 0
LDB: =============== DONE WITH MIGRATION ================ 4974.48
TIMING: 677000  CPU: 4964.79, 0.0074224/step  Wall: 4977.58, 0.00743483/step, 0.66707 hours remaining, 0.000000 MB of memory in use.
PERFORMANCE: 677000  averaging 23.5029 ns/day, 0.00735227 sec/step with standard deviation 5.45456e-05
ENERGY:  677000       405.9607      1069.1261      1348.6428        18.7872        -587470.2268     41966.8301        45.2916         0.0000     48407.8241        -494207.7642       292.4607   -542615.5883   -494100.9692       292.2829            -53.5313       -20.9321    832076.5155         6.0262         6.0318

TIMING: 678000  CPU: 4972.19, 0.00739878/step  Wall: 4984.99, 0.00741285/step, 0.663038 hours remaining, 0.000000 MB of memory in use.
PERFORMANCE: 678000  averaging 23.5027 ns/day, 0.00735236 sec/step with standard deviation 5.45549e-05
ENERGY:  678000       379.4692      1058.9385      1363.2106        17.0924        -586727.1939     41485.4562        55.7812         0.0000     48471.9783        -493895.2675       292.8482   -542367.2458   -493783.8380       293.2217           -114.4722       -80.7333    831300.8268         2.8356         2.8005

TIMING: 679000  CPU: 4979.57, 0.00738294/step  Wall: 4992.39, 0.0073948/step, 0.65937 hours remaining, 0.000000 MB of memory in use.
PERFORMANCE: 679000  averaging 23.5025 ns/day, 0.00735242 sec/step with standard deviation 5.4539e-05
ENERGY:  679000       379.1664      1048.9160      1360.7471        15.4350        -587565.5232     42035.9820        51.6527         0.0000     48451.6199        -494222.0041       292.7253   -542673.6240   -494124.1548       293.6010            -58.5193       -24.2963    831526.8714         2.3493         2.3770

TIMING: 680000  CPU: 4986.97, 0.00739634/step  Wall: 4999.8, 0.00740932/step, 0.658607 hours remaining, 0.000000 MB of memory in use.
PERFORMANCE: 680000  averaging 23.5022 ns/day, 0.00735251 sec/step with standard deviation 5.45425e-05
ETITLE:      TS           BOND          ANGLE          DIHED          IMPRP               ELECT            VDW       BOUNDARY           MISC        KINETIC               TOTAL           TEMP      POTENTIAL         TOTAL3        TEMPAVG            PRESSURE      GPRESSURE         VOLUME       PRESSAVG      GPRESSAVG

ENERGY:  680000       424.0127      1108.5835      1344.1464        16.4542        -588158.8699     42311.6474        52.6404         0.0000     48524.4721        -494376.9131       293.1654   -542901.3852   -494277.0330       292.1858            104.4209       134.8866    829470.6203         1.4972         1.4680

WRITING EXTENDED SYSTEM TO RESTART FILE AT STEP 680000
WRITING COORDINATES TO DCD FILE eq1.dcd AT STEP 680000
WRITING COORDINATES TO RESTART FILE AT STEP 680000
FINISHED WRITING RESTART COORDINATES
WRITING VELOCITIES TO RESTART FILE AT STEP 680000
FINISHED WRITING RESTART VELOCITIES
LDB: ============= START OF LOAD BALANCING ============== 5003.46
LDB: ============== END OF LOAD BALANCING =============== 5003.46
Info: useSync: 0 useProxySync: 0
LDB: =============== DONE WITH MIGRATION ================ 5003.46
LDB: ============= START OF LOAD BALANCING ============== 5004.2
LDB: TIME 5004.2 LOAD: AVG 0.583994 MAX 0.650619  PROXIES: TOTAL 344 MAXPE 47 MAXPATCH 5 None MEM: 0 MB
LDB: TIME 5004.2 LOAD: AVG 0.583994 MAX 0.650619  PROXIES: TOTAL 344 MAXPE 47 MAXPATCH 5 RefineTorusLB MEM: 0 MB
LDB: TIME 5004.2 LOAD: AVG 0.583994 MAX 0.650619  PROXIES: TOTAL 344 MAXPE 47 MAXPATCH 5 RefineTorusLB MEM: 0 MB
LDB: Reverting to original mapping
LDB: ============== END OF LOAD BALANCING =============== 5004.2
Info: useSync: 0 useProxySync: 0
LDB: =============== DONE WITH MIGRATION ================ 5004.2
TIMING: 681000  CPU: 4994.4, 0.00742723/step  Wall: 5007.28, 0.00748171/step, 0.662963 hours remaining, 0.000000 MB of memory in use.
PERFORMANCE: 681000  averaging 23.5016 ns/day, 0.0073527 sec/step with standard deviation 5.47268e-05
ENERGY:  681000       395.3344      1055.7031      1353.4069        21.5061        -587863.7700     41974.2360        45.7585         0.0000     48726.0634        -494291.7616       294.3833   -543017.8250   -494176.7780       292.6838            -85.4995       -52.9477    831294.6179         4.4376         4.4558

TIMING: 682000  CPU: 5001.8, 0.00740018/step  Wall: 5014.69, 0.00741348/step, 0.654857 hours remaining, 0.000000 MB of memory in use.
PERFORMANCE: 682000  averaging 23.5013 ns/day, 0.00735279 sec/step with standard deviation 5.47361e-05
ENERGY:  682000       376.6541      1051.7577      1355.6925        19.9169        -587246.5976     42185.8499        46.4665         0.0000     48210.2618        -493999.9981       291.2671   -542210.2600   -493901.8047       292.5488             68.1792       100.3455    832003.2265         3.0401         3.0084

TIMING: 683000  CPU: 5009.2, 0.00740824/step  Wall: 5022.11, 0.00741415/step, 0.652857 hours remaining, 0.000000 MB of memory in use.
PERFORMANCE: 683000  averaging 23.501 ns/day, 0.00735288 sec/step with standard deviation 5.47463e-05
ENERGY:  683000       390.2861      1077.4095      1383.6871        16.6566        -587531.7697     41963.0001        52.8691         0.0000     48387.1999        -494260.6613       292.3360   -542647.8612   -494160.1569       292.5167            -73.0319       -39.5493    833753.1910         2.5040         2.4825

TIMING: 684000  CPU: 5016.6, 0.00739603/step  Wall: 5029.51, 0.00740488/step, 0.649984 hours remaining, 0.000000 MB of memory in use.
PERFORMANCE: 684000  averaging 23.5008 ns/day, 0.00735295 sec/step with standard deviation 5.47424e-05
ENERGY:  684000       410.0225      1040.7962      1363.8538        20.2197        -587607.4143     41915.6586        47.7272         0.0000     48731.2538        -494077.8825       294.4147   -542809.1363   -493959.2484       292.5059            -74.6758       -39.0466    831683.5276         0.0969         0.0920

LDB: ============= START OF LOAD BALANCING ============== 5033.09
LDB: ============== END OF LOAD BALANCING =============== 5033.09
Info: useSync: 0 useProxySync: 0
LDB: =============== DONE WITH MIGRATION ================ 5033.09
LDB: ============= START OF LOAD BALANCING ============== 5033.83
LDB: TIME 5033.83 LOAD: AVG 0.588027 MAX 0.653866  PROXIES: TOTAL 344 MAXPE 47 MAXPATCH 5 None MEM: 0 MB
LDB: TIME 5033.83 LOAD: AVG 0.588027 MAX 0.653866  PROXIES: TOTAL 344 MAXPE 47 MAXPATCH 5 RefineTorusLB MEM: 0 MB
LDB: TIME 5033.83 LOAD: AVG 0.588027 MAX 0.653866  PROXIES: TOTAL 344 MAXPE 47 MAXPATCH 5 RefineTorusLB MEM: 0 MB
LDB: ============== END OF LOAD BALANCING =============== 5033.83
Info: useSync: 0 useProxySync: 0
LDB: =============== DONE WITH MIGRATION ================ 5033.83
TIMING: 685000  CPU: 5023.98, 0.00738412/step  Wall: 5036.91, 0.00739348/step, 0.646929 hours remaining, 0.000000 MB of memory in use.
PERFORMANCE: 685000  averaging 23.5006 ns/day, 0.00735301 sec/step with standard deviation 5.47242e-05
ENERGY:  685000       378.6017      1064.0890      1351.9856        16.2994        -587271.4999     41953.2187        48.7783         0.0000     48248.5737        -494209.9535       291.4985   -542458.5272   -494103.8037       292.3642            -35.9200       -11.1872    832876.3530         2.2573         2.2226

WRITING COORDINATES TO DCD FILE eq1.dcd AT STEP 685000
TIMING: 686000  CPU: 5031.4, 0.00741154/step  Wall: 5044.32, 0.00741821/step, 0.647033 hours remaining, 0.000000 MB of memory in use.
PERFORMANCE: 686000  averaging 23.5003 ns/day, 0.00735311 sec/step with standard deviation 5.47409e-05
ENERGY:  686000       381.2353      1076.7617      1354.6624        16.9711        -587580.7031     42149.4701        51.5300         0.0000     48304.2254        -494245.8470       291.8348   -542550.0724   -494135.5367       292.6580             57.0550        92.4644    832782.3032         0.2628         0.3639

TIMING: 687000  CPU: 5038.8, 0.00740432/step  Wall: 5051.74, 0.00741225/step, 0.644454 hours remaining, 0.000000 MB of memory in use.
PERFORMANCE: 687000  averaging 23.5 ns/day, 0.00735319 sec/step with standard deviation 5.47475e-05
ENERGY:  687000       396.1027      1079.3187      1373.4212        19.3051        -588199.4694     42490.7464        54.0960         0.0000     48782.8331        -494003.6462       294.7263   -542786.4793   -493905.9991       292.7821            117.6155       149.3625    831207.8692         7.3720         7.3774

TIMING: 688000  CPU: 5046.18, 0.00737676/step  Wall: 5059.12, 0.00738502/step, 0.640035 hours remaining, 0.000000 MB of memory in use.
PERFORMANCE: 688000  averaging 23.4998 ns/day, 0.00735324 sec/step with standard deviation 5.47211e-05
ENERGY:  688000       390.9386      1061.2914      1352.4844        15.7319        -586870.8940     41783.0384        52.7664         0.0000     47945.7268        -494268.9161       289.6688   -542214.6429   -494157.7750       292.3836           -119.8488       -86.1704    833548.4722         5.8717         5.8597

LDB: ============= START OF LOAD BALANCING ============== 5062.7
LDB: ============== END OF LOAD BALANCING =============== 5062.7
Info: useSync: 0 useProxySync: 0
LDB: =============== DONE WITH MIGRATION ================ 5062.7
LDB: ============= START OF LOAD BALANCING ============== 5063.43
LDB: TIME 5063.43 LOAD: AVG 0.58797 MAX 0.646877  PROXIES: TOTAL 344 MAXPE 47 MAXPATCH 5 None MEM: 0 MB
LDB: TIME 5063.43 LOAD: AVG 0.58797 MAX 0.646877  PROXIES: TOTAL 344 MAXPE 47 MAXPATCH 5 RefineTorusLB MEM: 0 MB
LDB: TIME 5063.43 LOAD: AVG 0.58797 MAX 0.646877  PROXIES: TOTAL 344 MAXPE 47 MAXPATCH 5 RefineTorusLB MEM: 0 MB
LDB: Reverting to original mapping
LDB: ============== END OF LOAD BALANCING =============== 5063.43
Info: useSync: 0 useProxySync: 0
LDB: =============== DONE WITH MIGRATION ================ 5063.43
TIMING: 689000  CPU: 5053.57, 0.00739166/step  Wall: 5066.52, 0.00740115/step, 0.639377 hours remaining, 0.000000 MB of memory in use.
PERFORMANCE: 689000  averaging 23.4996 ns/day, 0.00735331 sec/step with standard deviation 5.47118e-05
ENERGY:  689000       389.9169      1080.3804      1365.3932        20.3589        -587452.1046     41951.4831        50.0973         0.0000     48094.9317        -494499.5431       290.5703   -542594.4748   -494395.0256       292.0905            -91.7262       -61.7274    832248.6615         1.5094         1.5195

WRITING COORDINATES TO DCD FILE eq1.dcd AT STEP 690000
WRITING COORDINATES TO RESTART FILE AT STEP 690000
FINISHED WRITING RESTART COORDINATES
WRITING VELOCITIES TO RESTART FILE AT STEP 690000
FINISHED WRITING RESTART VELOCITIES
TIMING: 690000  CPU: 5061.01, 0.00744525/step  Wall: 5074.02, 0.00749553/step, 0.645448 hours remaining, 0.000000 MB of memory in use.
PERFORMANCE: 690000  averaging 23.499 ns/day, 0.00735351 sec/step with standard deviation 5.49395e-05
ETITLE:      TS           BOND          ANGLE          DIHED          IMPRP               ELECT            VDW       BOUNDARY           MISC        KINETIC               TOTAL           TEMP      POTENTIAL         TOTAL3        TEMPAVG            PRESSURE      GPRESSURE         VOLUME       PRESSAVG      GPRESSAVG

ENERGY:  690000       389.2292      1091.8062      1356.3172        18.5506        -587957.5554     42149.2187        52.9216         0.0000     48297.6982        -494601.8137       291.7953   -542899.5119   -494505.7288       291.7196             25.6623        54.2359    831425.6593         2.3437         2.3826

WRITING EXTENDED SYSTEM TO RESTART FILE AT STEP 690000
TIMING: 691000  CPU: 5068.41, 0.00739491/step  Wall: 5081.43, 0.00740741/step, 0.635803 hours remaining, 0.000000 MB of memory in use.
PERFORMANCE: 691000  averaging 23.4987 ns/day, 0.00735359 sec/step with standard deviation 5.4938e-05
ENERGY:  691000       389.1499      1063.7268      1365.3326        16.2360        -587482.6810     41782.4870        41.4407         0.0000     48421.4419        -494402.8662       292.5429   -542824.3081   -494300.4642       291.4391            -67.8374       -39.5888    831105.8480        -2.0770        -2.0328

TIMING: 692000  CPU: 5075.81, 0.00739647/step  Wall: 5088.83, 0.00740258/step, 0.633332 hours remaining, 0.000000 MB of memory in use.
PERFORMANCE: 692000  averaging 23.4985 ns/day, 0.00735366 sec/step with standard deviation 5.49298e-05
ENERGY:  692000       418.5035      1032.1244      1349.7900        17.7748        -587715.7828     42036.9904        54.6723         0.0000     48255.1432        -494550.7841       291.5382   -542805.9274   -494445.8879       292.0533            -69.1709       -38.4742    831707.2394         3.3203         3.3263

LDB: ============= START OF LOAD BALANCING ============== 5092.42
LDB: ============== END OF LOAD BALANCING =============== 5092.42
Info: useSync: 0 useProxySync: 0
LDB: =============== DONE WITH MIGRATION ================ 5092.42
LDB: ============= START OF LOAD BALANCING ============== 5093.16
LDB: TIME 5093.16 LOAD: AVG 0.588555 MAX 0.651041  PROXIES: TOTAL 344 MAXPE 47 MAXPATCH 5 None MEM: 0 MB
LDB: TIME 5093.16 LOAD: AVG 0.588555 MAX 0.651041  PROXIES: TOTAL 344 MAXPE 47 MAXPATCH 5 RefineTorusLB MEM: 0 MB
LDB: TIME 5093.16 LOAD: AVG 0.588555 MAX 0.651041  PROXIES: TOTAL 344 MAXPE 47 MAXPATCH 5 RefineTorusLB MEM: 0 MB
LDB: ============== END OF LOAD BALANCING =============== 5093.16
Info: useSync: 0 useProxySync: 0
LDB: =============== DONE WITH MIGRATION ================ 5093.16
TIMING: 693000  CPU: 5083.22, 0.00741123/step  Wall: 5096.25, 0.00742139/step, 0.63288 hours remaining, 0.000000 MB of memory in use.
PERFORMANCE: 693000  averaging 23.4982 ns/day, 0.00735376 sec/step with standard deviation 5.49503e-05
ENERGY:  693000       391.7613      1044.0424      1374.9017        22.8191        -587488.6657     41874.6781        46.8831         0.0000     48315.9315        -494417.6486       291.9055   -542733.5800   -494303.8085       291.5320           -167.4759      -133.4160    833406.4130         2.1037         2.1148

TIMING: 694000  CPU: 5090.63, 0.0074157/step  Wall: 5103.67, 0.00742205/step, 0.630874 hours remaining, 0.000000 MB of memory in use.
PERFORMANCE: 694000  averaging 23.4979 ns/day, 0.00735386 sec/step with standard deviation 5.49718e-05
ENERGY:  694000       372.4781      1069.9082      1361.6004        15.4459        -587904.4044     42039.1046        47.5753         0.0000     48429.3921        -494568.8998       292.5910   -542998.2920   -494462.6278       291.6488            -67.8252       -36.2125    832271.8117        -0.1334        -0.1665

WRITING COORDINATES TO DCD FILE eq1.dcd AT STEP 695000
TIMING: 695000  CPU: 5098.04, 0.00741231/step  Wall: 5111.09, 0.00742117/step, 0.628738 hours remaining, 0.000000 MB of memory in use.
PERFORMANCE: 695000  averaging 23.4976 ns/day, 0.00735396 sec/step with standard deviation 5.49915e-05
ENERGY:  695000       401.7161      1010.3192      1372.4051        16.1741        -587336.8778     41810.5791        44.3147         0.0000     48245.1474        -494436.2220       291.4778   -542681.3694   -494329.2304       291.6176           -146.2913      -114.0704    831079.9512         4.8320         4.8998

TIMING: 696000  CPU: 5105.41, 0.00736387/step  Wall: 5118.47, 0.0073733/step, 0.622634 hours remaining, 0.000000 MB of memory in use.
PERFORMANCE: 696000  averaging 23.4975 ns/day, 0.00735398 sec/step with standard deviation 5.49568e-05
ENERGY:  696000       354.2256      1057.6711      1358.7205        18.6915        -587517.9196     41933.5210        47.5698         0.0000     48502.5175        -494245.0027       293.0328   -542747.5202   -494137.3074       292.4583            -46.5830       -14.4429    832434.1340         1.9759         1.9856

LDB: ============= START OF LOAD BALANCING ============== 5122.05
LDB: ============== END OF LOAD BALANCING =============== 5122.05
Info: useSync: 0 useProxySync: 0
LDB: =============== DONE WITH MIGRATION ================ 5122.05
LDB: ============= START OF LOAD BALANCING ============== 5122.79
LDB: TIME 5122.79 LOAD: AVG 0.586687 MAX 0.648839  PROXIES: TOTAL 344 MAXPE 47 MAXPATCH 5 None MEM: 0 MB
LDB: TIME 5122.79 LOAD: AVG 0.586687 MAX 0.648839  PROXIES: TOTAL 344 MAXPE 47 MAXPATCH 5 RefineTorusLB MEM: 0 MB
LDB: TIME 5122.79 LOAD: AVG 0.586687 MAX 0.648839  PROXIES: TOTAL 344 MAXPE 47 MAXPATCH 5 RefineTorusLB MEM: 0 MB
LDB: Reverting to original mapping
LDB: ============== END OF LOAD BALANCING =============== 5122.79
Info: useSync: 0 useProxySync: 0
LDB: =============== DONE WITH MIGRATION ================ 5122.79
TIMING: 697000  CPU: 5112.8, 0.00738841/step  Wall: 5125.86, 0.00739514/step, 0.622424 hours remaining, 0.000000 MB of memory in use.
PERFORMANCE: 697000  averaging 23.4973 ns/day, 0.00735404 sec/step with standard deviation 5.49394e-05
ENERGY:  697000       389.8068      1062.5988      1362.7954        21.5985        -587577.2781     42253.3229        46.7523         0.0000     48285.3845        -494155.0187       291.7209   -542440.4032   -494047.1561       291.9424             75.8071       105.6073    831268.7276         0.7670         0.8114

TIMING: 698000  CPU: 5120.18, 0.00738057/step  Wall: 5133.25, 0.00739295/step, 0.620186 hours remaining, 0.000000 MB of memory in use.
PERFORMANCE: 698000  averaging 23.4971 ns/day, 0.0073541 sec/step with standard deviation 5.49198e-05
ENERGY:  698000       393.1763      1086.2592      1367.0575        16.5745        -587889.0518     41923.4630        53.0877         0.0000     48367.2335        -494682.2001       292.2154   -543049.4336   -494571.8503       292.2384           -127.5940       -96.3970    830443.1968         6.2844         6.2017

TIMING: 699000  CPU: 5127.6, 0.00742693/step  Wall: 5140.69, 0.00743437/step, 0.621596 hours remaining, 0.000000 MB of memory in use.
PERFORMANCE: 699000  averaging 23.4967 ns/day, 0.00735421 sec/step with standard deviation 5.49643e-05
ENERGY:  699000       398.5907      1040.5129      1348.5968        16.8465        -587277.9357     41769.4269        53.7743         0.0000     48203.2884        -494446.8992       291.2249   -542650.1876   -494343.0235       292.2592           -180.4255      -149.1158    832319.4330        -0.2798        -0.3868

TIMING: 700000  CPU: 5134.98, 0.00737215/step  Wall: 5148.07, 0.00737909/step, 0.614924 hours remaining, 0.000000 MB of memory in use.
PERFORMANCE: 700000  averaging 23.4966 ns/day, 0.00735425 sec/step with standard deviation 5.4933e-05
ETITLE:      TS           BOND          ANGLE          DIHED          IMPRP               ELECT            VDW       BOUNDARY           MISC        KINETIC               TOTAL           TEMP      POTENTIAL         TOTAL3        TEMPAVG            PRESSURE      GPRESSURE         VOLUME       PRESSAVG      GPRESSAVG

ENERGY:  700000       395.9800      1073.6677      1359.2580        18.9009        -587210.4669     41641.1419        46.6916         0.0000     47952.4457        -494722.3811       289.7094   -542674.8269   -494618.3599       292.0836           -176.3761      -148.6368    830439.1870        -1.1213        -1.1102

WRITING EXTENDED SYSTEM TO RESTART FILE AT STEP 700000
WRITING COORDINATES TO DCD FILE eq1.dcd AT STEP 700000
WRITING COORDINATES TO RESTART FILE AT STEP 700000
FINISHED WRITING RESTART COORDINATES
WRITING VELOCITIES TO RESTART FILE AT STEP 700000
FINISHED WRITING RESTART VELOCITIES
LDB: ============= START OF LOAD BALANCING ============== 5151.71
LDB: ============== END OF LOAD BALANCING =============== 5151.71
Info: useSync: 0 useProxySync: 0
LDB: =============== DONE WITH MIGRATION ================ 5151.71
LDB: ============= START OF LOAD BALANCING ============== 5152.46
LDB: TIME 5152.46 LOAD: AVG 0.589226 MAX 0.652544  PROXIES: TOTAL 344 MAXPE 47 MAXPATCH 5 None MEM: 0 MB
LDB: TIME 5152.46 LOAD: AVG 0.589226 MAX 0.652544  PROXIES: TOTAL 344 MAXPE 47 MAXPATCH 5 RefineTorusLB MEM: 0 MB
LDB: TIME 5152.46 LOAD: AVG 0.589226 MAX 0.652544  PROXIES: TOTAL 344 MAXPE 47 MAXPATCH 5 RefineTorusLB MEM: 0 MB
LDB: Reverting to original mapping
LDB: ============== END OF LOAD BALANCING =============== 5152.46
Info: useSync: 0 useProxySync: 0
LDB: =============== DONE WITH MIGRATION ================ 5152.46
TIMING: 701000  CPU: 5142.41, 0.0074366/step  Wall: 5155.56, 0.0074909/step, 0.622161 hours remaining, 0.000000 MB of memory in use.
PERFORMANCE: 701000  averaging 23.496 ns/day, 0.00735444 sec/step with standard deviation 5.51359e-05
ENERGY:  701000       370.2422      1064.5014      1362.2417        16.7201        -587913.3698     42069.1830        53.3260         0.0000     48259.2072        -494717.9485       291.5628   -542977.1556   -494605.2368       291.6774            -10.3651        24.1078    831754.7066         0.2378         0.2708

TIMING: 702000  CPU: 5149.85, 0.00743601/step  Wall: 5163, 0.00744048/step, 0.615907 hours remaining, 0.000000 MB of memory in use.
PERFORMANCE: 702000  averaging 23.4956 ns/day, 0.00735457 sec/step with standard deviation 5.51922e-05
ENERGY:  702000       405.2465      1026.1707      1348.3867        14.3355        -588305.5513     42247.8295        48.3915         0.0000     48324.5554        -494890.6355       291.9576   -543215.1909   -494780.6899       291.4303             55.6067        90.1602    830345.2032        -2.5006        -2.4209

TIMING: 703000  CPU: 5157.25, 0.00739865/step  Wall: 5170.41, 0.00740864/step, 0.611213 hours remaining, 0.000000 MB of memory in use.
PERFORMANCE: 703000  averaging 23.4954 ns/day, 0.00735464 sec/step with standard deviation 5.51905e-05
ENERGY:  703000       391.1845      1090.3032      1361.7550        20.2159        -587361.3137     41909.2232        50.3068         0.0000     48522.2823        -494016.0427       293.1522   -542538.3251   -493919.4434       292.2703            -89.6271       -55.1580    833441.2321         8.1914         8.1918

TIMING: 704000  CPU: 5164.68, 0.00743487/step  Wall: 5177.86, 0.00744714/step, 0.612321 hours remaining, 0.000000 MB of memory in use.
PERFORMANCE: 704000  averaging 23.4949 ns/day, 0.00735478 sec/step with standard deviation 5.52613e-05
ENERGY:  704000       395.9452      1090.9707      1351.1959        12.4284        -587480.6111     41783.7997        50.2702         0.0000     48382.6626        -494413.3383       292.3086   -542796.0009   -494308.1617       292.6080            -72.9329       -43.5220    831936.1383        -0.3158        -0.3351

LDB: ============= START OF LOAD BALANCING ============== 5181.46
LDB: ============== END OF LOAD BALANCING =============== 5181.46
Info: useSync: 0 useProxySync: 0
LDB: =============== DONE WITH MIGRATION ================ 5181.46
LDB: ============= START OF LOAD BALANCING ============== 5182.21
LDB: TIME 5182.21 LOAD: AVG 0.590764 MAX 0.656495  PROXIES: TOTAL 344 MAXPE 47 MAXPATCH 5 None MEM: 0 MB
LDB: TIME 5182.21 LOAD: AVG 0.590764 MAX 0.656495  PROXIES: TOTAL 344 MAXPE 47 MAXPATCH 5 RefineTorusLB MEM: 0 MB
LDB: TIME 5182.21 LOAD: AVG 0.590764 MAX 0.656495  PROXIES: TOTAL 344 MAXPE 47 MAXPATCH 5 RefineTorusLB MEM: 0 MB
LDB: ============== END OF LOAD BALANCING =============== 5182.21
Info: useSync: 0 useProxySync: 0
LDB: =============== DONE WITH MIGRATION ================ 5182.21
WRITING COORDINATES TO DCD FILE eq1.dcd AT STEP 705000
TIMING: 705000  CPU: 5172.15, 0.00747095/step  Wall: 5185.33, 0.00747766/step, 0.612753 hours remaining, 0.000000 MB of memory in use.
PERFORMANCE: 705000  averaging 23.4944 ns/day, 0.00735495 sec/step with standard deviation 5.54157e-05
ENERGY:  705000       354.0797      1031.8177      1344.9383        15.4274        -588013.3765     42435.5928        54.6929         0.0000     48661.1478        -494115.6799       293.9911   -542776.8277   -494003.5193       292.3466            252.8109       281.5369    829384.8461        -1.7285        -1.7280

TIMING: 706000  CPU: 5179.59, 0.00743134/step  Wall: 5192.77, 0.00743906/step, 0.607523 hours remaining, 0.000000 MB of memory in use.
PERFORMANCE: 706000  averaging 23.494 ns/day, 0.00735507 sec/step with standard deviation 5.54668e-05
ENERGY:  706000       377.7291      1078.9830      1351.5467        22.6650        -587192.0277     41643.2962        50.4012         0.0000     48436.2984        -494231.1081       292.6327   -542667.4064   -494126.5773       292.9818           -103.1922       -71.9012    831476.4233         0.4401         0.4713

TIMING: 707000  CPU: 5187, 0.00741846/step  Wall: 5200.2, 0.00742856/step, 0.604602 hours remaining, 0.000000 MB of memory in use.
PERFORMANCE: 707000  averaging 23.4937 ns/day, 0.00735517 sec/step with standard deviation 5.54963e-05
ENERGY:  707000       376.6304      1093.8075      1355.3596        19.7942        -587286.3903     41885.9136        39.8130         0.0000     48366.0251        -494149.0468       292.2081   -542515.0720   -494037.6426       292.6753            -63.8586       -36.1675    832846.2754        -0.8687        -0.8450

TIMING: 708000  CPU: 5194.42, 0.00741189/step  Wall: 5207.62, 0.00741964/step, 0.601815 hours remaining, 0.000000 MB of memory in use.
PERFORMANCE: 708000  averaging 23.4934 ns/day, 0.00735526 sec/step with standard deviation 5.551e-05
ENERGY:  708000       399.6881      1037.4963      1357.3522        15.3525        -587432.1449     42210.7408        46.1993         0.0000     48386.3043        -493979.0114       292.3306   -542365.3157   -493869.8829       292.7750             96.8952       128.3248    830505.5561         1.7321         1.7557

LDB: ============= START OF LOAD BALANCING ============== 5211.21
LDB: ============== END OF LOAD BALANCING =============== 5211.21
Info: useSync: 0 useProxySync: 0
LDB: =============== DONE WITH MIGRATION ================ 5211.21
LDB: ============= START OF LOAD BALANCING ============== 5211.95
LDB: TIME 5211.95 LOAD: AVG 0.589647 MAX 0.656607  PROXIES: TOTAL 344 MAXPE 47 MAXPATCH 5 None MEM: 0 MB
LDB: TIME 5211.95 LOAD: AVG 0.589647 MAX 0.656607  PROXIES: TOTAL 344 MAXPE 47 MAXPATCH 5 RefineTorusLB MEM: 0 MB
LDB: TIME 5211.95 LOAD: AVG 0.589647 MAX 0.656607  PROXIES: TOTAL 344 MAXPE 47 MAXPATCH 5 RefineTorusLB MEM: 0 MB
LDB: ============== END OF LOAD BALANCING =============== 5211.95
Info: useSync: 0 useProxySync: 0
LDB: =============== DONE WITH MIGRATION ================ 5211.95
TIMING: 709000  CPU: 5201.83, 0.00741119/step  Wall: 5215.04, 0.00742065/step, 0.599835 hours remaining, 0.000000 MB of memory in use.
PERFORMANCE: 709000  averaging 23.4931 ns/day, 0.00735536 sec/step with standard deviation 5.55251e-05
ENERGY:  709000       391.8336      1098.7512      1350.7012        19.1766        -587527.1308     42148.8066        47.7787         0.0000     48487.2657        -493982.8174       292.9406   -542470.0831   -493874.8218       292.9893             62.8917        92.9525    831187.3092         3.7370         3.7461

TIMING: 710000  CPU: 5209.26, 0.00743445/step  Wall: 5222.49, 0.00744621/step, 0.599834 hours remaining, 0.000000 MB of memory in use.
PERFORMANCE: 710000  averaging 23.4927 ns/day, 0.00735548 sec/step with standard deviation 5.55906e-05
ETITLE:      TS           BOND          ANGLE          DIHED          IMPRP               ELECT            VDW       BOUNDARY           MISC        KINETIC               TOTAL           TEMP      POTENTIAL         TOTAL3        TEMPAVG            PRESSURE      GPRESSURE         VOLUME       PRESSAVG      GPRESSAVG

ENERGY:  710000       385.4860      1054.0127      1372.7483        17.7095        -587338.5513     41929.4964        44.4304         0.0000     48625.0635        -493909.6046       293.7731   -542534.6681   -493802.5149       293.3087            -26.8558         5.3669    832718.7760         1.2715         1.2708

WRITING EXTENDED SYSTEM TO RESTART FILE AT STEP 710000
WRITING COORDINATES TO DCD FILE eq1.dcd AT STEP 710000
WRITING COORDINATES TO RESTART FILE AT STEP 710000
FINISHED WRITING RESTART COORDINATES
WRITING VELOCITIES TO RESTART FILE AT STEP 710000
FINISHED WRITING RESTART VELOCITIES
TIMING: 711000  CPU: 5216.7, 0.00744046/step  Wall: 5229.98, 0.00748855/step, 0.601164 hours remaining, 0.000000 MB of memory in use.
PERFORMANCE: 711000  averaging 23.4921 ns/day, 0.00735567 sec/step with standard deviation 5.57751e-05
ENERGY:  711000       398.3673      1043.9739      1353.4422        12.9132        -588034.0463     42337.9818        45.1856         0.0000     48165.8993        -494676.2831       290.9990   -542842.1824   -494572.5350       292.1798            129.6144       160.0523    828758.4766         5.3193         5.2742

TIMING: 712000  CPU: 5224.14, 0.00744327/step  Wall: 5237.43, 0.00745243/step, 0.596194 hours remaining, 0.000000 MB of memory in use.
PERFORMANCE: 712000  averaging 23.4916 ns/day, 0.00735581 sec/step with standard deviation 5.58537e-05
ENERGY:  712000       390.0496      1047.2778      1360.8030        17.2712        -587952.2812     42290.9403        48.5817         0.0000     48417.0271        -494380.3304       292.5163   -542797.3576   -494274.9178       292.0273             46.6356        75.3745    831830.6982         2.3521         2.3685

LDB: ============= START OF LOAD BALANCING ============== 5241.02
LDB: ============== END OF LOAD BALANCING =============== 5241.02
Info: useSync: 0 useProxySync: 0
LDB: =============== DONE WITH MIGRATION ================ 5241.02
LDB: ============= START OF LOAD BALANCING ============== 5241.76
LDB: TIME 5241.76 LOAD: AVG 0.594981 MAX 0.653832  PROXIES: TOTAL 344 MAXPE 47 MAXPATCH 5 None MEM: 0 MB
LDB: TIME 5241.77 LOAD: AVG 0.594981 MAX 0.653832  PROXIES: TOTAL 344 MAXPE 47 MAXPATCH 5 RefineTorusLB MEM: 0 MB
LDB: TIME 5241.77 LOAD: AVG 0.594981 MAX 0.653832  PROXIES: TOTAL 344 MAXPE 47 MAXPATCH 5 RefineTorusLB MEM: 0 MB
LDB: ============== END OF LOAD BALANCING =============== 5241.77
Info: useSync: 0 useProxySync: 0
LDB: =============== DONE WITH MIGRATION ================ 5241.77
TIMING: 713000  CPU: 5231.56, 0.00741567/step  Wall: 5244.85, 0.00742641/step, 0.59205 hours remaining, 0.000000 MB of memory in use.
PERFORMANCE: 713000  averaging 23.4913 ns/day, 0.00735591 sec/step with standard deviation 5.5877e-05
ENERGY:  713000       405.9789      1095.2078      1357.0930        17.1506        -588264.6624     42503.5495        45.7830         0.0000     48328.0454        -494511.8542       291.9787   -542839.8997   -494409.5665       292.2048             18.7158        50.4034    832895.3112        -2.5763        -2.5558

TIMING: 714000  CPU: 5238.98, 0.00742334/step  Wall: 5252.29, 0.00743168/step, 0.590405 hours remaining, 0.000000 MB of memory in use.
PERFORMANCE: 714000  averaging 23.491 ns/day, 0.00735601 sec/step with standard deviation 5.59098e-05
ENERGY:  714000       403.3506      1074.8067      1336.7630        17.8595        -588035.2301     42282.9099        51.1861         0.0000     48516.6582        -494351.6960       293.1182   -542868.3542   -494248.1467       292.0728             25.3902        59.1815    831725.8479        -0.8316        -0.8199

TIMING: 715000  CPU: 5246.41, 0.00742749/step  Wall: 5259.72, 0.0074335/step, 0.588486 hours remaining, 0.000000 MB of memory in use.
PERFORMANCE: 715000  averaging 23.4906 ns/day, 0.00735612 sec/step with standard deviation 5.59457e-05
ENERGY:  715000       397.9954      1036.2671      1353.0299        21.4246        -587360.8788     41859.2547        50.5819         0.0000     48282.3122        -494360.0130       291.7024   -542642.3252   -494262.8479       292.4472           -124.7968       -92.0447    833076.8765         0.7179         0.7079

WRITING COORDINATES TO DCD FILE eq1.dcd AT STEP 715000
TIMING: 716000  CPU: 5253.8, 0.00738726/step  Wall: 5267.12, 0.00739783/step, 0.583606 hours remaining, 0.000000 MB of memory in use.
PERFORMANCE: 716000  averaging 23.4905 ns/day, 0.00735618 sec/step with standard deviation 5.59283e-05
ENERGY:  716000       376.9140      1042.4729      1352.1262        18.4037        -586944.3970     41730.3637        49.3637         0.0000     48514.5185        -493860.2343       293.1053   -542374.7528   -493764.3135       292.5617            -12.6001        16.4569    833411.6838        -1.1965        -1.1122

LDB: ============= START OF LOAD BALANCING ============== 5270.69
LDB: ============== END OF LOAD BALANCING =============== 5270.69
Info: useSync: 0 useProxySync: 0
LDB: =============== DONE WITH MIGRATION ================ 5270.69
LDB: ============= START OF LOAD BALANCING ============== 5271.44
LDB: TIME 5271.44 LOAD: AVG 0.589397 MAX 0.656917  PROXIES: TOTAL 344 MAXPE 47 MAXPATCH 5 None MEM: 0 MB
LDB: TIME 5271.44 LOAD: AVG 0.589397 MAX 0.656917  PROXIES: TOTAL 344 MAXPE 47 MAXPATCH 5 RefineTorusLB MEM: 0 MB
LDB: TIME 5271.44 LOAD: AVG 0.589397 MAX 0.656917  PROXIES: TOTAL 344 MAXPE 47 MAXPATCH 5 RefineTorusLB MEM: 0 MB
LDB: Reverting to original mapping
LDB: ============== END OF LOAD BALANCING =============== 5271.44
Info: useSync: 0 useProxySync: 0
LDB: =============== DONE WITH MIGRATION ================ 5271.44
TIMING: 717000  CPU: 5261.21, 0.00741503/step  Wall: 5274.54, 0.00742394/step, 0.583604 hours remaining, 0.000000 MB of memory in use.
PERFORMANCE: 717000  averaging 23.4902 ns/day, 0.00735627 sec/step with standard deviation 5.59465e-05
ENERGY:  717000       383.1588      1111.2857      1357.2228        15.2625        -588026.7960     42565.2641        48.4141         0.0000     48628.9845        -493917.2035       293.7968   -542546.1880   -493812.9931       292.8109            189.4112       220.6602    830196.2000        -1.5986        -1.5874

TIMING: 718000  CPU: 5268.63, 0.00741396/step  Wall: 5281.97, 0.00742598/step, 0.581702 hours remaining, 0.000000 MB of memory in use.
PERFORMANCE: 718000  averaging 23.4898 ns/day, 0.00735637 sec/step with standard deviation 5.5968e-05
ENERGY:  718000       397.7545      1028.6141      1347.1136        16.9376        -587203.4489     41953.7667        46.5807         0.0000     48390.8141        -494021.8676       292.3579   -542412.6817   -493920.4925       292.9989            -49.0135       -15.8852    832784.9984         4.6891         4.7715

TIMING: 719000  CPU: 5276.03, 0.00740603/step  Wall: 5289.39, 0.00741797/step, 0.579014 hours remaining, 0.000000 MB of memory in use.
PERFORMANCE: 719000  averaging 23.4896 ns/day, 0.00735646 sec/step with standard deviation 5.59762e-05
ENERGY:  719000       388.1903      1048.6411      1344.3035        15.4457        -586885.5868     41679.0449        52.4228         0.0000     48272.8601        -494084.6783       291.6453   -542357.5385   -493975.0016       292.6338           -129.2544       -97.3049    831919.2158         1.2067         1.1393

WRITING COORDINATES TO DCD FILE eq1.dcd AT STEP 720000
WRITING COORDINATES TO RESTART FILE AT STEP 720000
FINISHED WRITING RESTART COORDINATES
TIMING: 720000  CPU: 5283.48, 0.00744548/step  Wall: 5296.86, 0.00747843/step, 0.581655 hours remaining, 0.000000 MB of memory in use.
PERFORMANCE: 720000  averaging 23.489 ns/day, 0.00735663 sec/step with standard deviation 5.61216e-05
ETITLE:      TS           BOND          ANGLE          DIHED          IMPRP               ELECT            VDW       BOUNDARY           MISC        KINETIC               TOTAL           TEMP      POTENTIAL         TOTAL3        TEMPAVG            PRESSURE      GPRESSURE         VOLUME       PRESSAVG      GPRESSAVG

ENERGY:  720000       410.0644      1035.1601      1369.6921        22.0566        -587357.3466     42106.8133        43.4627         0.0000     48476.8187        -493893.2788       292.8775   -542370.0974   -493780.9558       292.9232            -27.1292         8.8047    832379.5430         0.0087         0.0025

WRITING EXTENDED SYSTEM TO RESTART FILE AT STEP 720000
WRITING VELOCITIES TO RESTART FILE AT STEP 720000
FINISHED WRITING RESTART VELOCITIES
LDB: ============= START OF LOAD BALANCING ============== 5300.48
LDB: ============== END OF LOAD BALANCING =============== 5300.48
Info: useSync: 0 useProxySync: 0
LDB: =============== DONE WITH MIGRATION ================ 5300.48
LDB: ============= START OF LOAD BALANCING ============== 5301.22
LDB: TIME 5301.22 LOAD: AVG 0.591362 MAX 0.654903  PROXIES: TOTAL 344 MAXPE 47 MAXPATCH 5 None MEM: 0 MB
LDB: TIME 5301.22 LOAD: AVG 0.591362 MAX 0.654903  PROXIES: TOTAL 344 MAXPE 47 MAXPATCH 5 RefineTorusLB MEM: 0 MB
LDB: TIME 5301.22 LOAD: AVG 0.591362 MAX 0.654903  PROXIES: TOTAL 344 MAXPE 47 MAXPATCH 5 RefineTorusLB MEM: 0 MB
LDB: Reverting to original mapping
LDB: ============== END OF LOAD BALANCING =============== 5301.22
Info: useSync: 0 useProxySync: 0
LDB: =============== DONE WITH MIGRATION ================ 5301.22
TIMING: 721000  CPU: 5290.88, 0.00739922/step  Wall: 5304.3, 0.00743826/step, 0.576465 hours remaining, 0.000000 MB of memory in use.
PERFORMANCE: 721000  averaging 23.4887 ns/day, 0.00735674 sec/step with standard deviation 5.6165e-05
ENERGY:  721000       388.2827      1064.2933      1346.1726        15.7797        -587609.2475     41929.2490        45.9265         0.0000     48501.4718        -494318.0718       293.0264   -542819.5436   -494216.7038       292.5529            -85.9245       -54.6530    832044.5081        -2.4264        -2.4380

TIMING: 722000  CPU: 5298.28, 0.00740294/step  Wall: 5311.72, 0.00741616/step, 0.572692 hours remaining, 0.000000 MB of memory in use.
PERFORMANCE: 722000  averaging 23.4884 ns/day, 0.00735682 sec/step with standard deviation 5.61696e-05
ENERGY:  722000       387.1271      1021.4088      1365.4990        17.0560        -588031.4259     42186.9112        46.8194         0.0000     48156.9061        -494849.6984       290.9447   -543006.6045   -494743.5965       291.7143             64.4269        99.6996    831119.3015         6.5237         6.5156

TIMING: 723000  CPU: 5305.69, 0.0074062/step  Wall: 5319.14, 0.0074184/step, 0.570805 hours remaining, 0.000000 MB of memory in use.
PERFORMANCE: 723000  averaging 23.4881 ns/day, 0.00735691 sec/step with standard deviation 5.61774e-05
ENERGY:  723000       390.8312      1062.3417      1350.8244        15.2415        -587914.9905     41743.3505        45.8589         0.0000     48343.6004        -494962.9420       292.0726   -543306.5423   -494865.1286       291.1522           -133.2465       -99.5227    831637.6509         4.4873         4.4630

TIMING: 724000  CPU: 5313.1, 0.00741455/step  Wall: 5326.57, 0.00742906/step, 0.569561 hours remaining, 0.000000 MB of memory in use.
PERFORMANCE: 724000  averaging 23.4878 ns/day, 0.00735701 sec/step with standard deviation 5.62025e-05
ENERGY:  724000       365.0819      1016.4267      1361.7284        20.5931        -588033.7272     42289.8872        41.7215         0.0000     48239.0274        -494699.2611       291.4409   -542938.2885   -494596.9297       291.3101             66.4637        99.9869    831297.5785        -1.9180        -1.9977

LDB: ============= START OF LOAD BALANCING ============== 5330.15
LDB: ============== END OF LOAD BALANCING =============== 5330.15
Info: useSync: 0 useProxySync: 0
LDB: =============== DONE WITH MIGRATION ================ 5330.15
LDB: ============= START OF LOAD BALANCING ============== 5330.9
LDB: TIME 5330.9 LOAD: AVG 0.588437 MAX 0.655436  PROXIES: TOTAL 344 MAXPE 47 MAXPATCH 5 None MEM: 0 MB
LDB: TIME 5330.9 LOAD: AVG 0.588437 MAX 0.655436  PROXIES: TOTAL 344 MAXPE 47 MAXPATCH 5 RefineTorusLB MEM: 0 MB
LDB: TIME 5330.9 LOAD: AVG 0.588437 MAX 0.655436  PROXIES: TOTAL 344 MAXPE 47 MAXPATCH 5 RefineTorusLB MEM: 0 MB
LDB: Reverting to original mapping
LDB: ============== END OF LOAD BALANCING =============== 5330.9
Info: useSync: 0 useProxySync: 0
LDB: =============== DONE WITH MIGRATION ================ 5330.9
WRITING COORDINATES TO DCD FILE eq1.dcd AT STEP 725000
TIMING: 725000  CPU: 5320.52, 0.00741788/step  Wall: 5334, 0.00743221/step, 0.567738 hours remaining, 0.000000 MB of memory in use.
PERFORMANCE: 725000  averaging 23.4875 ns/day, 0.00735711 sec/step with standard deviation 5.62331e-05
ENERGY:  725000       415.9718      1078.7012      1357.2989        16.2909        -587510.3984     41574.9522        46.6766         0.0000     48398.4738        -494622.0331       292.4042   -543020.5069   -494528.3979       291.8627           -212.3988      -180.7654    831106.0961         1.8137         1.7486

TIMING: 726000  CPU: 5327.95, 0.00742578/step  Wall: 5341.44, 0.0074408/step, 0.566327 hours remaining, 0.000000 MB of memory in use.
PERFORMANCE: 726000  averaging 23.4871 ns/day, 0.00735722 sec/step with standard deviation 5.62801e-05
ENERGY:  726000       412.1076      1047.6848      1341.5271        18.8227        -587593.8502     41912.2183        50.3877         0.0000     48370.3283        -494440.7736       292.2341   -542811.1020   -494342.1797       292.0575            -83.7691       -51.4250    832078.8837         2.0353         2.0474

TIMING: 727000  CPU: 5335.36, 0.00741066/step  Wall: 5348.86, 0.00742124/step, 0.562777 hours remaining, 0.000000 MB of memory in use.
PERFORMANCE: 727000  averaging 23.4868 ns/day, 0.00735731 sec/step with standard deviation 5.62914e-05
ENERGY:  727000       354.2189      1045.0879      1334.3152        13.7594        -587959.0704     42107.0848        52.0117         0.0000     48522.9897        -494529.6029       293.1564   -543052.5926   -494429.0691       292.4140             31.6128        63.2119    830182.8482         2.2764         2.2571

TIMING: 728000  CPU: 5342.78, 0.00742602/step  Wall: 5356.3, 0.00744259/step, 0.562329 hours remaining, 0.000000 MB of memory in use.
PERFORMANCE: 728000  averaging 23.4865 ns/day, 0.00735743 sec/step with standard deviation 5.63414e-05
ENERGY:  728000       377.2998      1069.3338      1370.3230        18.2774        -588153.9772     42265.4910        53.2140         0.0000     48427.5699        -494572.4684       292.5799   -543000.0383   -494459.1467       292.0729             21.5592        51.5547    831827.0083        -0.7919        -0.7873

LDB: ============= START OF LOAD BALANCING ============== 5359.89
LDB: ============== END OF LOAD BALANCING =============== 5359.89
Info: useSync: 0 useProxySync: 0
LDB: =============== DONE WITH MIGRATION ================ 5359.9
LDB: ============= START OF LOAD BALANCING ============== 5360.64
LDB: TIME 5360.64 LOAD: AVG 0.588619 MAX 0.65826  PROXIES: TOTAL 344 MAXPE 47 MAXPATCH 5 None MEM: 0 MB
LDB: TIME 5360.64 LOAD: AVG 0.588619 MAX 0.65826  PROXIES: TOTAL 344 MAXPE 47 MAXPATCH 5 RefineTorusLB MEM: 0 MB
LDB: TIME 5360.64 LOAD: AVG 0.588619 MAX 0.65826  PROXIES: TOTAL 344 MAXPE 47 MAXPATCH 5 RefineTorusLB MEM: 0 MB
LDB: ============== END OF LOAD BALANCING =============== 5360.64
Info: useSync: 0 useProxySync: 0
LDB: =============== DONE WITH MIGRATION ================ 5360.64
TIMING: 729000  CPU: 5350.2, 0.00742176/step  Wall: 5363.74, 0.0074359/step, 0.559758 hours remaining, 0.000000 MB of memory in use.
PERFORMANCE: 729000  averaging 23.4861 ns/day, 0.00735754 sec/step with standard deviation 5.63776e-05
ENERGY:  729000       383.8207      1058.2991      1362.1287        14.0395        -587687.9428     41688.5441        50.8661         0.0000     48363.9640        -494766.2807       292.1957   -543130.2447   -494658.5969       291.8486           -245.8029      -210.6526    832834.2927         1.7697         1.7157

WRITING COORDINATES TO DCD FILE eq1.dcd AT STEP 730000
WRITING COORDINATES TO RESTART FILE AT STEP 730000
FINISHED WRITING RESTART COORDINATES
TIMING: 730000  CPU: 5357.65, 0.00744311/step  Wall: 5371.21, 0.0074746/step, 0.560595 hours remaining, 0.000000 MB of memory in use.
PERFORMANCE: 730000  averaging 23.4856 ns/day, 0.0073577 sec/step with standard deviation 5.65053e-05
ETITLE:      TS           BOND          ANGLE          DIHED          IMPRP               ELECT            VDW       BOUNDARY           MISC        KINETIC               TOTAL           TEMP      POTENTIAL         TOTAL3        TEMPAVG            PRESSURE      GPRESSURE         VOLUME       PRESSAVG      GPRESSAVG

ENERGY:  730000       393.0266      1093.4268      1358.7357        16.9609        -588352.5568     42205.2502        43.8362         0.0000     48369.6733        -494871.6470       292.2302   -543241.3203   -494764.2042       291.4712             24.2579        61.7605    830991.5164        -1.0288        -1.0722

WRITING EXTENDED SYSTEM TO RESTART FILE AT STEP 730000
WRITING VELOCITIES TO RESTART FILE AT STEP 730000
FINISHED WRITING RESTART VELOCITIES
TIMING: 731000  CPU: 5365.07, 0.00742362/step  Wall: 5378.68, 0.00746568/step, 0.557852 hours remaining, 0.000000 MB of memory in use.
PERFORMANCE: 731000  averaging 23.4851 ns/day, 0.00735785 sec/step with standard deviation 5.66076e-05
ENERGY:  731000       391.9499      1027.8193      1350.8211        20.0339        -587889.6661     42112.2923        45.5569         0.0000     48218.0405        -494723.1523       291.3141   -542941.1927   -494617.9877       291.5340             41.6665        73.6160    829730.7394         6.0550         6.0657

TIMING: 732000  CPU: 5372.46, 0.00738667/step  Wall: 5386.07, 0.0073947/step, 0.550494 hours remaining, 0.000000 MB of memory in use.
PERFORMANCE: 732000  averaging 23.485 ns/day, 0.0073579 sec/step with standard deviation 5.65853e-05
ENERGY:  732000       386.4386      1086.3022      1343.6448        21.7980        -587416.9832     41643.5883        51.6584         0.0000     48533.2357        -494350.3172       293.2183   -542883.5529   -494246.4556       291.9337            -78.7087       -46.3290    830690.3446         3.3939         3.4545

LDB: ============= START OF LOAD BALANCING ============== 5389.66
LDB: ============== END OF LOAD BALANCING =============== 5389.66
Info: useSync: 0 useProxySync: 0
LDB: =============== DONE WITH MIGRATION ================ 5389.66
LDB: ============= START OF LOAD BALANCING ============== 5390.39
LDB: TIME 5390.39 LOAD: AVG 0.590425 MAX 0.644755  PROXIES: TOTAL 344 MAXPE 47 MAXPATCH 5 None MEM: 0 MB
LDB: TIME 5390.39 LOAD: AVG 0.590425 MAX 0.644755  PROXIES: TOTAL 344 MAXPE 47 MAXPATCH 5 RefineTorusLB MEM: 0 MB
LDB: TIME 5390.39 LOAD: AVG 0.590425 MAX 0.644755  PROXIES: TOTAL 344 MAXPE 47 MAXPATCH 5 RefineTorusLB MEM: 0 MB
LDB: ============== END OF LOAD BALANCING =============== 5390.39
Info: useSync: 0 useProxySync: 0
LDB: =============== DONE WITH MIGRATION ================ 5390.39
TIMING: 733000  CPU: 5379.84, 0.00737982/step  Wall: 5393.46, 0.00738964/step, 0.548065 hours remaining, 0.000000 MB of memory in use.
PERFORMANCE: 733000  averaging 23.4848 ns/day, 0.00735794 sec/step with standard deviation 5.65588e-05
ENERGY:  733000       389.4132      1042.0761      1362.4612        21.0757        -587627.2116     42031.6214        53.2323         0.0000     48102.7423        -494624.5894       290.6175   -542727.3316   -494527.8294       292.5181             19.8909        54.4630    829863.1697         4.2765         4.2631

TIMING: 734000  CPU: 5387.26, 0.00741798/step  Wall: 5400.89, 0.00742544/step, 0.548657 hours remaining, 0.000000 MB of memory in use.
PERFORMANCE: 734000  averaging 23.4845 ns/day, 0.00735803 sec/step with standard deviation 5.65751e-05
ENERGY:  734000       386.0083      1061.8898      1343.8328        13.8536        -588118.9461     42031.6553        46.7765         0.0000     48527.8453        -494707.0846       293.1858   -543234.9299   -494601.8156       291.7718             27.6530        59.7890    829445.0177        -0.8711        -0.8355

WRITING COORDINATES TO DCD FILE eq1.dcd AT STEP 735000
TIMING: 735000  CPU: 5394.69, 0.0074346/step  Wall: 5408.34, 0.007447/step, 0.548182 hours remaining, 0.000000 MB of memory in use.
PERFORMANCE: 735000  averaging 23.4842 ns/day, 0.00735815 sec/step with standard deviation 5.66317e-05
ENERGY:  735000       404.4807      1086.3601      1360.5664        20.4505        -587989.9353     41897.4824        46.2256         0.0000     48437.6178        -494736.7519       292.6407   -543174.3697   -494630.3336       291.0287            -86.6418       -55.4739    829626.7054         0.6573         0.6525

TIMING: 736000  CPU: 5402.09, 0.00740345/step  Wall: 5415.74, 0.00740818/step, 0.543267 hours remaining, 0.000000 MB of memory in use.
PERFORMANCE: 736000  averaging 23.4839 ns/day, 0.00735822 sec/step with standard deviation 5.66232e-05
ENERGY:  736000       379.7851      1078.3925      1369.5291        16.2701        -588019.7185     42268.8715        53.7345         0.0000     48196.2417        -494656.8940       291.1824   -542853.1357   -494554.8784       291.9246            114.1674       143.6960    829870.9692         4.6007         4.6011

LDB: ============= START OF LOAD BALANCING ============== 5419.32
LDB: ============== END OF LOAD BALANCING =============== 5419.32
Info: useSync: 0 useProxySync: 0
LDB: =============== DONE WITH MIGRATION ================ 5419.32
LDB: ============= START OF LOAD BALANCING ============== 5420.07
LDB: TIME 5420.07 LOAD: AVG 0.589507 MAX 0.65618  PROXIES: TOTAL 344 MAXPE 47 MAXPATCH 5 None MEM: 0 MB
LDB: TIME 5420.07 LOAD: AVG 0.589507 MAX 0.65618  PROXIES: TOTAL 344 MAXPE 47 MAXPATCH 5 RefineTorusLB MEM: 0 MB
LDB: TIME 5420.07 LOAD: AVG 0.589507 MAX 0.65618  PROXIES: TOTAL 344 MAXPE 47 MAXPATCH 5 RefineTorusLB MEM: 0 MB
LDB: Reverting to original mapping
LDB: ============== END OF LOAD BALANCING =============== 5420.07
Info: useSync: 0 useProxySync: 0
LDB: =============== DONE WITH MIGRATION ================ 5420.07
TIMING: 737000  CPU: 5409.51, 0.00741489/step  Wall: 5423.17, 0.00742675/step, 0.542565 hours remaining, 0.000000 MB of memory in use.
PERFORMANCE: 737000  averaging 23.4836 ns/day, 0.00735831 sec/step with standard deviation 5.6641e-05
ENERGY:  737000       373.1275      1082.1421      1366.9238        17.8736        -587702.6068     42088.3674        45.9060         0.0000     48393.5148        -494334.7517       292.3742   -542728.2665   -494234.6538       292.4941             57.2390        93.8057    831058.3212         3.6919         3.6204

TIMING: 738000  CPU: 5416.88, 0.00737188/step  Wall: 5430.56, 0.00739215/step, 0.537985 hours remaining, 0.000000 MB of memory in use.
PERFORMANCE: 738000  averaging 23.4835 ns/day, 0.00735836 sec/step with standard deviation 5.66163e-05
ENERGY:  738000       368.4243      1073.7526      1363.6182        19.9438        -587787.8991     42075.8918        45.3224         0.0000     48287.6035        -494553.3426       291.7343   -542840.9461   -494454.3241       291.9478            -27.7772         8.4773    831727.4959         1.5594         1.6130

TIMING: 739000  CPU: 5424.22, 0.00733965/step  Wall: 5437.91, 0.00734423/step, 0.532456 hours remaining, 0.000000 MB of memory in use.
PERFORMANCE: 739000  averaging 23.4836 ns/day, 0.00735834 sec/step with standard deviation 5.65803e-05
ENERGY:  739000       373.9110      1048.8539      1359.3482        14.7930        -587672.2426     42002.5554        47.3129         0.0000     48456.6996        -494368.7685       292.7559   -542825.4681   -494259.2773       292.0115            -37.2764        -0.6120    831000.3262        -3.9382        -3.9482

WRITING COORDINATES TO DCD FILE eq1.dcd AT STEP 740000
WRITING COORDINATES TO RESTART FILE AT STEP 740000
FINISHED WRITING RESTART COORDINATES
TIMING: 740000  CPU: 5431.57, 0.00735073/step  Wall: 5445.28, 0.00737238/step, 0.53245 hours remaining, 0.000000 MB of memory in use.
PERFORMANCE: 740000  averaging 23.4835 ns/day, 0.00735836 sec/step with standard deviation 5.65443e-05
ETITLE:      TS           BOND          ANGLE          DIHED          IMPRP               ELECT            VDW       BOUNDARY           MISC        KINETIC               TOTAL           TEMP      POTENTIAL         TOTAL3        TEMPAVG            PRESSURE      GPRESSURE         VOLUME       PRESSAVG      GPRESSAVG

ENERGY:  740000       397.7398      1024.7998      1358.1976        16.8340        -588528.7602     42804.8125        48.4582         0.0000     48394.5122        -494483.4060       292.3802   -542877.9182   -494379.1659       292.4132            252.1008       283.8697    829577.9037         2.7208         2.7685

WRITING EXTENDED SYSTEM TO RESTART FILE AT STEP 740000
WRITING VELOCITIES TO RESTART FILE AT STEP 740000
FINISHED WRITING RESTART VELOCITIES
LDB: ============= START OF LOAD BALANCING ============== 5448.87
LDB: ============== END OF LOAD BALANCING =============== 5448.87
Info: useSync: 0 useProxySync: 0
LDB: =============== DONE WITH MIGRATION ================ 5448.87
LDB: ============= START OF LOAD BALANCING ============== 5449.6
LDB: TIME 5449.6 LOAD: AVG 0.586238 MAX 0.645382  PROXIES: TOTAL 344 MAXPE 47 MAXPATCH 5 None MEM: 0 MB
LDB: TIME 5449.6 LOAD: AVG 0.586238 MAX 0.645382  PROXIES: TOTAL 344 MAXPE 47 MAXPATCH 5 RefineTorusLB MEM: 0 MB
LDB: TIME 5449.6 LOAD: AVG 0.586238 MAX 0.645382  PROXIES: TOTAL 344 MAXPE 47 MAXPATCH 5 RefineTorusLB MEM: 0 MB
LDB: ============== END OF LOAD BALANCING =============== 5449.6
Info: useSync: 0 useProxySync: 0
LDB: =============== DONE WITH MIGRATION ================ 5449.6
TIMING: 741000  CPU: 5438.92, 0.00734602/step  Wall: 5452.66, 0.00737946/step, 0.530911 hours remaining, 0.000000 MB of memory in use.
PERFORMANCE: 741000  averaging 23.4834 ns/day, 0.00735839 sec/step with standard deviation 5.65114e-05
ENERGY:  741000       384.4547      1057.0278      1370.8171        16.5833        -587714.2411     42028.9269        41.7045         0.0000     48222.3137        -494592.4131       291.3399   -542814.7268   -494483.5626       292.1449            -50.0818       -22.3246    831581.7018        -2.4374        -2.3989

TIMING: 742000  CPU: 5446.26, 0.00734014/step  Wall: 5460, 0.00734508/step, 0.526398 hours remaining, 0.000000 MB of memory in use.
PERFORMANCE: 742000  averaging 23.4835 ns/day, 0.00735837 sec/step with standard deviation 5.64754e-05
ENERGY:  742000       413.5028      1049.7739      1371.2561        17.4128        -587559.0282     42028.4574        50.8182         0.0000     48494.5557        -494133.2515       292.9847   -542627.8071   -494031.3736       292.4892            -17.2595        15.6035    831077.8197         1.8654         1.9169

TIMING: 743000  CPU: 5453.6, 0.00734392/step  Wall: 5467.35, 0.00735064/step, 0.524754 hours remaining, 0.000000 MB of memory in use.
PERFORMANCE: 743000  averaging 23.4835 ns/day, 0.00735836 sec/step with standard deviation 5.64381e-05
ENERGY:  743000       389.1478      1075.1657      1365.1165        21.7199        -587577.9121     41869.1489        46.1883         0.0000     48225.5850        -494585.8399       291.3596   -542811.4249   -494476.8294       292.1960            -81.0270       -47.9344    831238.4619         1.3977         1.3793

TIMING: 744000  CPU: 5460.94, 0.00734017/step  Wall: 5474.7, 0.00734398/step, 0.522238 hours remaining, 0.000000 MB of memory in use.
PERFORMANCE: 744000  averaging 23.4836 ns/day, 0.00735834 sec/step with standard deviation 5.64025e-05
ENERGY:  744000       368.8578      1110.1703      1368.1051        19.0153        -587798.4545     42071.7231        46.2884         0.0000     48297.8157        -494516.4789       291.7960   -542814.2947   -494422.5450       291.6868            -53.8367       -15.8035    831605.2522        -0.7332        -0.6891

LDB: ============= START OF LOAD BALANCING ============== 5478.26
LDB: ============== END OF LOAD BALANCING =============== 5478.26
Info: useSync: 0 useProxySync: 0
LDB: =============== DONE WITH MIGRATION ================ 5478.26
LDB: ============= START OF LOAD BALANCING ============== 5478.99
LDB: TIME 5479 LOAD: AVG 0.586361 MAX 0.644261  PROXIES: TOTAL 344 MAXPE 47 MAXPATCH 5 None MEM: 0 MB
LDB: TIME 5479 LOAD: AVG 0.586361 MAX 0.644261  PROXIES: TOTAL 344 MAXPE 47 MAXPATCH 5 RefineTorusLB MEM: 0 MB
LDB: TIME 5479 LOAD: AVG 0.586361 MAX 0.644261  PROXIES: TOTAL 344 MAXPE 47 MAXPATCH 5 RefineTorusLB MEM: 0 MB
LDB: ============== END OF LOAD BALANCING =============== 5479
Info: useSync: 0 useProxySync: 0
LDB: =============== DONE WITH MIGRATION ================ 5479
WRITING COORDINATES TO DCD FILE eq1.dcd AT STEP 745000
TIMING: 745000  CPU: 5468.29, 0.00735237/step  Wall: 5482.05, 0.00735496/step, 0.520976 hours remaining, 0.000000 MB of memory in use.
PERFORMANCE: 745000  averaging 23.4836 ns/day, 0.00735834 sec/step with standard deviation 5.63647e-05
ENERGY:  745000       400.4206      1047.8686      1357.2102        13.5978        -587757.2382     42119.4059        46.3008         0.0000     48227.6702        -494544.7640       291.3722   -542772.4342   -494443.0667       292.5199            -20.9816        12.3888    832133.2139        -2.5475        -2.5879

TIMING: 746000  CPU: 5475.63, 0.00733219/step  Wall: 5489.39, 0.00733484/step, 0.517513 hours remaining, 0.000000 MB of memory in use.
PERFORMANCE: 746000  averaging 23.4837 ns/day, 0.0073583 sec/step with standard deviation 5.63335e-05
ENERGY:  746000       407.8616      1058.7417      1371.4616        18.2253        -587657.7729     41847.8391        48.0629         0.0000     48043.3415        -494862.2392       290.2586   -542905.5807   -494760.3044       291.5332            -57.0758       -25.6567    829805.4495        -1.1373        -1.1812

TIMING: 747000  CPU: 5482.96, 0.0073321/step  Wall: 5496.72, 0.00733655/step, 0.515596 hours remaining, 0.000000 MB of memory in use.
PERFORMANCE: 747000  averaging 23.4838 ns/day, 0.00735827 sec/step with standard deviation 5.63013e-05
ENERGY:  747000       387.7982      1047.0192      1361.5171        17.2632        -588252.3765     42140.8526        41.7005         0.0000     47962.4949        -495293.7307       289.7702   -543256.2256   -495187.8918       290.7530             19.8375        53.4074    829458.8592         2.3733         2.3553

TIMING: 748000  CPU: 5490.29, 0.00732815/step  Wall: 5504.06, 0.00733248/step, 0.513273 hours remaining, 0.000000 MB of memory in use.
PERFORMANCE: 748000  averaging 23.4839 ns/day, 0.00735824 sec/step with standard deviation 5.62715e-05
ENERGY:  748000       393.1390      1050.3212      1366.2155        16.6932        -588262.6401     42031.9152        36.8273         0.0000     48167.7646        -495199.7641       291.0103   -543367.5287   -495093.1740       290.8420           -101.0922       -70.4385    830890.7931         8.1954         8.1070

LDB: ============= START OF LOAD BALANCING ============== 5507.62
LDB: ============== END OF LOAD BALANCING =============== 5507.62
Info: useSync: 0 useProxySync: 0
LDB: =============== DONE WITH MIGRATION ================ 5507.62
LDB: ============= START OF LOAD BALANCING ============== 5508.36
LDB: TIME 5508.36 LOAD: AVG 0.58835 MAX 0.645949  PROXIES: TOTAL 344 MAXPE 47 MAXPATCH 5 None MEM: 0 MB
LDB: TIME 5508.36 LOAD: AVG 0.58835 MAX 0.645949  PROXIES: TOTAL 344 MAXPE 47 MAXPATCH 5 RefineTorusLB MEM: 0 MB
LDB: TIME 5508.36 LOAD: AVG 0.58835 MAX 0.645949  PROXIES: TOTAL 344 MAXPE 47 MAXPATCH 5 RefineTorusLB MEM: 0 MB
LDB: ============== END OF LOAD BALANCING =============== 5508.36
Info: useSync: 0 useProxySync: 0
LDB: =============== DONE WITH MIGRATION ================ 5508.36
TIMING: 749000  CPU: 5497.64, 0.00735562/step  Wall: 5511.42, 0.00735839/step, 0.513043 hours remaining, 0.000000 MB of memory in use.
PERFORMANCE: 749000  averaging 23.4839 ns/day, 0.00735824 sec/step with standard deviation 5.62339e-05
ENERGY:  749000       392.4117      1062.6038      1374.4842        15.5660        -587835.6537     41968.5144        39.7639         0.0000     48229.9264        -494752.3833       291.3859   -542982.3097   -494645.4983       291.4537            -43.8340       -13.7244    831296.3482        -0.7115        -0.7285

TIMING: 750000  CPU: 5504.99, 0.00734829/step  Wall: 5518.77, 0.00735371/step, 0.510674 hours remaining, 0.000000 MB of memory in use.
PERFORMANCE: 750000  averaging 23.4839 ns/day, 0.00735823 sec/step with standard deviation 5.61966e-05
ETITLE:      TS           BOND          ANGLE          DIHED          IMPRP               ELECT            VDW       BOUNDARY           MISC        KINETIC               TOTAL           TEMP      POTENTIAL         TOTAL3        TEMPAVG            PRESSURE      GPRESSURE         VOLUME       PRESSAVG      GPRESSAVG

ENERGY:  750000       384.3447      1067.5594      1376.2291        14.5891        -587758.7006     41831.6511        51.4855         0.0000     47973.8926        -495058.9490       289.8390   -543032.8416   -494961.5969       291.0139           -193.6237      -158.5439    832375.4495         4.2025         4.2170

WRITING EXTENDED SYSTEM TO RESTART FILE AT STEP 750000
WRITING COORDINATES TO DCD FILE eq1.dcd AT STEP 750000
WRITING COORDINATES TO RESTART FILE AT STEP 750000
FINISHED WRITING RESTART COORDINATES
WRITING VELOCITIES TO RESTART FILE AT STEP 750000
FINISHED WRITING RESTART VELOCITIES
TIMING: 751000  CPU: 5512.35, 0.00736474/step  Wall: 5526.18, 0.00741157/step, 0.512634 hours remaining, 0.000000 MB of memory in use.
PERFORMANCE: 751000  averaging 23.4837 ns/day, 0.00735831 sec/step with standard deviation 5.61928e-05
ENERGY:  751000       428.8472      1098.2174      1377.1185        14.9990        -587669.9188     41892.2207        47.4989         0.0000     48605.6035        -494205.4138       293.6556   -542811.0173   -494104.6366       291.6192            -30.8794         3.1507    830940.6520        -1.5049        -1.5829

TIMING: 752000  CPU: 5519.7, 0.00734295/step  Wall: 5533.53, 0.00734702/step, 0.506128 hours remaining, 0.000000 MB of memory in use.
PERFORMANCE: 752000  averaging 23.4837 ns/day, 0.00735829 sec/step with standard deviation 5.61569e-05
ENERGY:  752000       420.9424      1118.8217      1360.6742        19.1715        -587867.4096     41999.8512        46.6335         0.0000     48201.7959        -494699.5192       291.2159   -542901.3151   -494596.4728       292.0982            -68.2845       -31.2788    831904.9055         1.4368         1.4643

LDB: ============= START OF LOAD BALANCING ============== 5537.1
LDB: ============== END OF LOAD BALANCING =============== 5537.1
Info: useSync: 0 useProxySync: 0
LDB: =============== DONE WITH MIGRATION ================ 5537.1
LDB: ============= START OF LOAD BALANCING ============== 5537.83
LDB: TIME 5537.83 LOAD: AVG 0.587717 MAX 0.648286  PROXIES: TOTAL 344 MAXPE 47 MAXPATCH 5 None MEM: 0 MB
LDB: TIME 5537.83 LOAD: AVG 0.587717 MAX 0.648286  PROXIES: TOTAL 344 MAXPE 47 MAXPATCH 5 RefineTorusLB MEM: 0 MB
LDB: TIME 5537.83 LOAD: AVG 0.587717 MAX 0.648286  PROXIES: TOTAL 344 MAXPE 47 MAXPATCH 5 RefineTorusLB MEM: 0 MB
LDB: ============== END OF LOAD BALANCING =============== 5537.83
Info: useSync: 0 useProxySync: 0
LDB: =============== DONE WITH MIGRATION ================ 5537.83
TIMING: 753000  CPU: 5527.06, 0.00735953/step  Wall: 5540.89, 0.00736688/step, 0.50545 hours remaining, 0.000000 MB of memory in use.
PERFORMANCE: 753000  averaging 23.4837 ns/day, 0.0073583 sec/step with standard deviation 5.61204e-05
ENERGY:  753000       416.2327      1077.9443      1372.1465        20.1840        -588394.3760     42248.9650        45.2282         0.0000     48357.3763        -494856.2990       292.1559   -543213.6753   -494750.2527       291.1661             33.3404        66.2394    830701.5608         3.1599         3.2350

TIMING: 754000  CPU: 5534.38, 0.00731949/step  Wall: 5548.22, 0.00732197/step, 0.500335 hours remaining, 0.000000 MB of memory in use.
PERFORMANCE: 754000  averaging 23.4838 ns/day, 0.00735825 sec/step with standard deviation 5.60988e-05
ENERGY:  754000       389.7590      1060.8305      1368.3024        17.8948        -588328.1301     42110.2439        48.3961         0.0000     48212.7164        -495119.9871       291.2819   -543332.7035   -495009.4939       291.0163            -18.4503        13.8515    831054.4025        -0.2255        -0.2154

TIMING: 755000  CPU: 5541.69, 0.00731565/step  Wall: 5555.54, 0.00732226/step, 0.49832 hours remaining, 0.000000 MB of memory in use.
PERFORMANCE: 755000  averaging 23.484 ns/day, 0.00735821 sec/step with standard deviation 5.60769e-05
ENERGY:  755000       386.6564      1060.5223      1365.8555        16.9167        -588020.9753     41978.0921        53.1173         0.0000     48156.8903        -495002.9248       290.9446   -543159.8151   -494898.1528       291.1584           -124.0340       -89.0182    830866.6593         0.1741         0.1634

WRITING COORDINATES TO DCD FILE eq1.dcd AT STEP 755000
TIMING: 756000  CPU: 5549.03, 0.0073401/step  Wall: 5562.88, 0.00734079/step, 0.497542 hours remaining, 0.000000 MB of memory in use.
PERFORMANCE: 756000  averaging 23.4841 ns/day, 0.00735818 sec/step with standard deviation 5.60433e-05
ENERGY:  756000       396.9017      1084.8264      1357.1322        23.4317        -588153.6486     42126.5499        50.8992         0.0000     48003.2820        -495110.6255       290.0166   -543113.9076   -495014.6551       291.2277           -102.2558       -67.5780    832149.3634        -3.3248        -3.3745

LDB: ============= START OF LOAD BALANCING ============== 5566.44
LDB: ============== END OF LOAD BALANCING =============== 5566.44
Info: useSync: 0 useProxySync: 0
LDB: =============== DONE WITH MIGRATION ================ 5566.44
LDB: ============= START OF LOAD BALANCING ============== 5567.17
LDB: TIME 5567.17 LOAD: AVG 0.586895 MAX 0.646485  PROXIES: TOTAL 344 MAXPE 47 MAXPATCH 5 None MEM: 0 MB
LDB: TIME 5567.17 LOAD: AVG 0.586895 MAX 0.646485  PROXIES: TOTAL 344 MAXPE 47 MAXPATCH 5 RefineTorusLB MEM: 0 MB
LDB: TIME 5567.17 LOAD: AVG 0.586895 MAX 0.646485  PROXIES: TOTAL 344 MAXPE 47 MAXPATCH 5 RefineTorusLB MEM: 0 MB
LDB: ============== END OF LOAD BALANCING =============== 5567.17
Info: useSync: 0 useProxySync: 0
LDB: =============== DONE WITH MIGRATION ================ 5567.17
TIMING: 757000  CPU: 5556.36, 0.00733182/step  Wall: 5570.22, 0.00733855/step, 0.495352 hours remaining, 0.000000 MB of memory in use.
PERFORMANCE: 757000  averaging 23.4841 ns/day, 0.00735816 sec/step with standard deviation 5.60108e-05
ENERGY:  757000       392.5781      1084.4140      1353.6611        18.5358        -588131.1427     42383.0358        39.4060         0.0000     48245.4810        -494614.0308       291.4798   -542859.5118   -494518.7709       290.8791             56.4960        89.8976    831650.7350         2.6463         2.6260

TIMING: 758000  CPU: 5563.7, 0.00734009/step  Wall: 5577.56, 0.00734513/step, 0.493756 hours remaining, 0.000000 MB of memory in use.
PERFORMANCE: 758000  averaging 23.4842 ns/day, 0.00735814 sec/step with standard deviation 5.59758e-05
ENERGY:  758000       376.8154      1023.8967      1348.6378        18.6451        -587635.1829     42153.7389        42.3870         0.0000     48432.3930        -494238.6690       292.6091   -542671.0620   -494133.4686       292.2352             46.8142        79.6023    832588.7815        -2.6031        -2.6336

TIMING: 759000  CPU: 5571.06, 0.00735569/step  Wall: 5584.92, 0.00735901/step, 0.492645 hours remaining, 0.000000 MB of memory in use.
PERFORMANCE: 759000  averaging 23.4842 ns/day, 0.00735814 sec/step with standard deviation 5.59388e-05
ENERGY:  759000       396.9725      1061.0386      1357.7958        18.9881        -587627.3728     41815.5778        48.1942         0.0000     48512.2837        -494416.5222       293.0918   -542928.8059   -494318.8927       292.3527           -135.4757      -100.1857    830245.2834         5.3447         5.3156

TIMING: 760000  CPU: 5578.4, 0.0073403/step  Wall: 5592.27, 0.00734495/step, 0.489663 hours remaining, 0.000000 MB of memory in use.
PERFORMANCE: 760000  averaging 23.4842 ns/day, 0.00735812 sec/step with standard deviation 5.5904e-05
ETITLE:      TS           BOND          ANGLE          DIHED          IMPRP               ELECT            VDW       BOUNDARY           MISC        KINETIC               TOTAL           TEMP      POTENTIAL         TOTAL3        TEMPAVG            PRESSURE      GPRESSURE         VOLUME       PRESSAVG      GPRESSAVG

ENERGY:  760000       390.1943      1051.7794      1335.6632        14.2660        -587500.9445     42008.6259        41.7042         0.0000     48122.2840        -494536.4275       290.7355   -542658.7115   -494432.2991       292.2704            -38.4993        -0.4253    830278.4710         5.6255         5.6535

WRITING EXTENDED SYSTEM TO RESTART FILE AT STEP 760000
WRITING COORDINATES TO DCD FILE eq1.dcd AT STEP 760000
WRITING COORDINATES TO RESTART FILE AT STEP 760000
FINISHED WRITING RESTART COORDINATES
WRITING VELOCITIES TO RESTART FILE AT STEP 760000
FINISHED WRITING RESTART VELOCITIES
LDB: ============= START OF LOAD BALANCING ============== 5595.91
LDB: ============== END OF LOAD BALANCING =============== 5595.91
Info: useSync: 0 useProxySync: 0
LDB: =============== DONE WITH MIGRATION ================ 5595.91
LDB: ============= START OF LOAD BALANCING ============== 5596.65
LDB: TIME 5596.65 LOAD: AVG 0.58761 MAX 0.646744  PROXIES: TOTAL 344 MAXPE 47 MAXPATCH 5 None MEM: 0 MB
LDB: TIME 5596.65 LOAD: AVG 0.58761 MAX 0.646744  PROXIES: TOTAL 344 MAXPE 47 MAXPATCH 5 RefineTorusLB MEM: 0 MB
LDB: TIME 5596.65 LOAD: AVG 0.58761 MAX 0.646744  PROXIES: TOTAL 344 MAXPE 47 MAXPATCH 5 RefineTorusLB MEM: 0 MB
LDB: ============== END OF LOAD BALANCING =============== 5596.65
Info: useSync: 0 useProxySync: 0
LDB: =============== DONE WITH MIGRATION ================ 5596.65
TIMING: 761000  CPU: 5585.78, 0.00737808/step  Wall: 5599.7, 0.00743042/step, 0.493298 hours remaining, 0.000000 MB of memory in use.
PERFORMANCE: 761000  averaging 23.4839 ns/day, 0.00735822 sec/step with standard deviation 5.59287e-05
ENERGY:  761000       400.9184      1117.6242      1348.9487        21.8058        -587653.7038     41959.0891        48.2323         0.0000     48578.9202        -494178.1652       293.4943   -542757.0854   -494070.3748       292.2281           -175.4043      -143.4435    832619.5959         2.7065         2.6981

TIMING: 762000  CPU: 5593.12, 0.00734667/step  Wall: 5607.05, 0.00735501/step, 0.486248 hours remaining, 0.000000 MB of memory in use.
PERFORMANCE: 762000  averaging 23.484 ns/day, 0.00735821 sec/step with standard deviation 5.5892e-05
ENERGY:  762000       397.9483      1124.7469      1364.8231        17.8580        -587396.3821     41990.4666        48.9120         0.0000     48226.0371        -494225.5900       291.3624   -542451.6271   -494123.4959       292.9767            -62.7606       -28.3446    833290.0610         3.4828         3.4295

TIMING: 763000  CPU: 5600.47, 0.00734671/step  Wall: 5614.41, 0.00735576/step, 0.484254 hours remaining, 0.000000 MB of memory in use.
PERFORMANCE: 763000  averaging 23.484 ns/day, 0.00735821 sec/step with standard deviation 5.58554e-05
ENERGY:  763000       378.7322      1079.1107      1368.8050        15.7057        -587799.7593     42234.6304        46.5016         0.0000     48380.2156        -494296.0580       292.2939   -542676.2736   -494193.5135       292.4786             43.3288        78.0716    831332.0583        -3.0688        -3.1071

TIMING: 764000  CPU: 5607.81, 0.00733826/step  Wall: 5621.76, 0.00734927/step, 0.481786 hours remaining, 0.000000 MB of memory in use.
PERFORMANCE: 764000  averaging 23.484 ns/day, 0.0073582 sec/step with standard deviation 5.58197e-05
ENERGY:  764000       370.3723      1032.8712      1354.6029        14.2909        -587309.3555     41924.3461        41.7619         0.0000     48262.4445        -494308.6657       291.5823   -542571.1102   -494202.1679       292.0772            -39.0840        -4.3690    830970.3560         4.4375         4.4367

LDB: ============= START OF LOAD BALANCING ============== 5625.33
LDB: ============== END OF LOAD BALANCING =============== 5625.33
Info: useSync: 0 useProxySync: 0
LDB: =============== DONE WITH MIGRATION ================ 5625.33
LDB: ============= START OF LOAD BALANCING ============== 5626.07
LDB: TIME 5626.07 LOAD: AVG 0.588013 MAX 0.646597  PROXIES: TOTAL 344 MAXPE 47 MAXPATCH 5 None MEM: 0 MB
LDB: TIME 5626.07 LOAD: AVG 0.588013 MAX 0.646597  PROXIES: TOTAL 344 MAXPE 47 MAXPATCH 5 RefineTorusLB MEM: 0 MB
LDB: TIME 5626.07 LOAD: AVG 0.588013 MAX 0.646597  PROXIES: TOTAL 344 MAXPE 47 MAXPATCH 5 RefineTorusLB MEM: 0 MB
LDB: ============== END OF LOAD BALANCING =============== 5626.07
Info: useSync: 0 useProxySync: 0
LDB: =============== DONE WITH MIGRATION ================ 5626.07
TIMING: 765000  CPU: 5615.16, 0.00734646/step  Wall: 5629.11, 0.00735607/step, 0.480188 hours remaining, 0.000000 MB of memory in use.
PERFORMANCE: 765000  averaging 23.484 ns/day, 0.0073582 sec/step with standard deviation 5.57832e-05
ENERGY:  765000       366.1643      1061.0005      1351.5696        19.0920        -587418.0455     41938.9899        46.8836         0.0000     48183.2788        -494451.0667       291.1040   -542634.3455   -494352.3675       292.4353             11.1149        44.8991    831001.8622         1.8828         1.8641

WRITING COORDINATES TO DCD FILE eq1.dcd AT STEP 765000
TIMING: 766000  CPU: 5622.49, 0.0073385/step  Wall: 5636.46, 0.00734944/step, 0.477714 hours remaining, 0.000000 MB of memory in use.
PERFORMANCE: 766000  averaging 23.4841 ns/day, 0.00735819 sec/step with standard deviation 5.57477e-05
ENERGY:  766000       374.1838      1081.5821      1371.8439        18.0218        -587885.7841     42322.9105        44.1144         0.0000     48121.8313        -494551.2964       290.7328   -542673.1277   -494440.4186       292.1750             45.3159        77.3769    831927.7127        -2.4370        -2.3829

TIMING: 767000  CPU: 5629.83, 0.00733482/step  Wall: 5643.81, 0.00734395/step, 0.475317 hours remaining, 0.000000 MB of memory in use.
PERFORMANCE: 767000  averaging 23.4841 ns/day, 0.00735817 sec/step with standard deviation 5.57136e-05
ENERGY:  767000       384.6518      1069.9926      1355.8393        18.4561        -587307.7876     41643.5655        51.5563         0.0000     48590.6651        -494193.0610       293.5653   -542783.7261   -494088.0833       292.5941           -186.8663      -154.1943    833128.1916         2.3768         2.3472

TIMING: 768000  CPU: 5637.15, 0.00732289/step  Wall: 5651.14, 0.00733181/step, 0.472495 hours remaining, 0.000000 MB of memory in use.
PERFORMANCE: 768000  averaging 23.4842 ns/day, 0.00735813 sec/step with standard deviation 5.56854e-05
ENERGY:  768000       389.9175      1050.8407      1376.2958        21.6873        -587304.8804     41867.9816        44.4849         0.0000     48281.8379        -494271.8347       291.6995   -542553.6727   -494161.0467       293.0216            -80.7384       -46.9947    832630.8227         2.8288         2.8720

LDB: ============= START OF LOAD BALANCING ============== 5654.71
LDB: ============== END OF LOAD BALANCING =============== 5654.71
Info: useSync: 0 useProxySync: 0
LDB: =============== DONE WITH MIGRATION ================ 5654.71
LDB: ============= START OF LOAD BALANCING ============== 5655.44
LDB: TIME 5655.44 LOAD: AVG 0.585234 MAX 0.644103  PROXIES: TOTAL 344 MAXPE 47 MAXPATCH 5 None MEM: 0 MB
LDB: TIME 5655.44 LOAD: AVG 0.585234 MAX 0.644103  PROXIES: TOTAL 344 MAXPE 47 MAXPATCH 5 RefineTorusLB MEM: 0 MB
LDB: TIME 5655.44 LOAD: AVG 0.585234 MAX 0.644103  PROXIES: TOTAL 344 MAXPE 47 MAXPATCH 5 RefineTorusLB MEM: 0 MB
LDB: Reverting to original mapping
LDB: ============== END OF LOAD BALANCING =============== 5655.44
Info: useSync: 0 useProxySync: 0
LDB: =============== DONE WITH MIGRATION ================ 5655.44
TIMING: 769000  CPU: 5644.48, 0.00733025/step  Wall: 5658.47, 0.00733383/step, 0.470587 hours remaining, 0.000000 MB of memory in use.
PERFORMANCE: 769000  averaging 23.4843 ns/day, 0.0073581 sec/step with standard deviation 5.56561e-05
ENERGY:  769000       389.5920      1050.8395      1366.0403        19.8626        -587732.4032     42357.8823        43.0844         0.0000     48509.6863        -493995.4157       293.0761   -542505.1020   -493886.3148       292.5966            115.6408       148.3977    831245.5972         4.7950         4.7266

TIMING: 770000  CPU: 5651.83, 0.00735154/step  Wall: 5665.83, 0.00735735/step, 0.470053 hours remaining, 0.000000 MB of memory in use.
PERFORMANCE: 770000  averaging 23.4843 ns/day, 0.0073581 sec/step with standard deviation 5.56199e-05
ETITLE:      TS           BOND          ANGLE          DIHED          IMPRP               ELECT            VDW       BOUNDARY           MISC        KINETIC               TOTAL           TEMP      POTENTIAL         TOTAL3        TEMPAVG            PRESSURE      GPRESSURE         VOLUME       PRESSAVG      GPRESSAVG

ENERGY:  770000       412.1116      1065.6431      1373.9645        19.2673        -587790.3879     42213.0861        43.5708         0.0000     48372.5967        -494290.1478       292.2478   -542662.7445   -494182.7304       292.5045            -55.3120       -26.3437    832026.5579         2.9632         2.9338

WRITING EXTENDED SYSTEM TO RESTART FILE AT STEP 770000
WRITING COORDINATES TO DCD FILE eq1.dcd AT STEP 770000
WRITING COORDINATES TO RESTART FILE AT STEP 770000
FINISHED WRITING RESTART COORDINATES
WRITING VELOCITIES TO RESTART FILE AT STEP 770000
FINISHED WRITING RESTART VELOCITIES
TIMING: 771000  CPU: 5659.19, 0.00735706/step  Wall: 5673.23, 0.00740271/step, 0.470895 hours remaining, 0.000000 MB of memory in use.
PERFORMANCE: 771000  averaging 23.4841 ns/day, 0.00735816 sec/step with standard deviation 5.5607e-05
ENERGY:  771000       401.3768      1055.2133      1352.4195        23.6460        -587507.6191     42194.5784        45.7183         0.0000     48388.8200        -494045.8468       292.3458   -542434.6668   -493943.3694       292.6870            -13.2716        23.2886    832997.1253        -2.8147        -2.8087

TIMING: 772000  CPU: 5666.51, 0.00731599/step  Wall: 5680.56, 0.0073232/step, 0.463803 hours remaining, 0.000000 MB of memory in use.
PERFORMANCE: 772000  averaging 23.4843 ns/day, 0.00735811 sec/step with standard deviation 5.55851e-05
ENERGY:  772000       401.3365      1051.7539      1359.1481        15.8663        -586936.4572     41617.2514        41.3691         0.0000     48246.6566        -494203.0753       291.4869   -542449.7319   -494099.9710       292.7572           -186.7436      -158.4603    833371.2901         3.7964         3.7342

LDB: ============= START OF LOAD BALANCING ============== 5684.12
LDB: ============== END OF LOAD BALANCING =============== 5684.12
Info: useSync: 0 useProxySync: 0
LDB: =============== DONE WITH MIGRATION ================ 5684.12
LDB: ============= START OF LOAD BALANCING ============== 5684.85
LDB: TIME 5684.85 LOAD: AVG 0.585672 MAX 0.644824  PROXIES: TOTAL 344 MAXPE 47 MAXPATCH 5 None MEM: 0 MB
LDB: TIME 5684.85 LOAD: AVG 0.585672 MAX 0.644824  PROXIES: TOTAL 344 MAXPE 47 MAXPATCH 5 RefineTorusLB MEM: 0 MB
LDB: TIME 5684.85 LOAD: AVG 0.585672 MAX 0.644824  PROXIES: TOTAL 344 MAXPE 47 MAXPATCH 5 RefineTorusLB MEM: 0 MB
LDB: Reverting to original mapping
LDB: ============== END OF LOAD BALANCING =============== 5684.85
Info: useSync: 0 useProxySync: 0
LDB: =============== DONE WITH MIGRATION ================ 5684.85
TIMING: 773000  CPU: 5673.84, 0.00733056/step  Wall: 5687.9, 0.00733981/step, 0.462816 hours remaining, 0.000000 MB of memory in use.
PERFORMANCE: 773000  averaging 23.4844 ns/day, 0.00735809 sec/step with standard deviation 5.5553e-05
ENERGY:  773000       396.3832      1115.9113      1344.4176        16.4352        -587862.7288     42151.4433        51.9693         0.0000     48795.1112        -493991.0577       294.8005   -542786.1689   -493893.6419       292.9024             -9.9551        20.8761    831916.4086         0.0583         0.0652

TIMING: 774000  CPU: 5681.17, 0.00733336/step  Wall: 5695.24, 0.0073396/step, 0.460764 hours remaining, 0.000000 MB of memory in use.
PERFORMANCE: 774000  averaging 23.4844 ns/day, 0.00735806 sec/step with standard deviation 5.5521e-05
ENERGY:  774000       377.1009      1058.0674      1354.4184        18.6045        -587673.5876     42251.1131        49.2199         0.0000     48127.2218        -494437.8417       290.7654   -542565.0634   -494333.0569       292.5904             66.9626       100.4794    832332.2883         2.0693         2.0768

WRITING COORDINATES TO DCD FILE eq1.dcd AT STEP 775000
TIMING: 775000  CPU: 5688.51, 0.0073437/step  Wall: 5702.59, 0.00735144/step, 0.459465 hours remaining, 0.000000 MB of memory in use.
PERFORMANCE: 775000  averaging 23.4845 ns/day, 0.00735806 sec/step with standard deviation 5.54857e-05
ENERGY:  775000       396.4925      1089.8392      1356.6349        13.2800        -587744.0805     42058.6062        54.5930         0.0000     48205.1207        -494569.5140       291.2360   -542774.6347   -494464.1212       291.7635            -84.3246       -51.9070    831349.2067        -0.9171        -0.9292

TIMING: 776000  CPU: 5695.84, 0.0073275/step  Wall: 5709.92, 0.00732954/step, 0.45606 hours remaining, 0.000000 MB of memory in use.
PERFORMANCE: 776000  averaging 23.4846 ns/day, 0.00735802 sec/step with standard deviation 5.54593e-05
ENERGY:  776000       407.0004      1071.9486      1356.7947        16.0762        -587716.9265     41995.4894        47.1915         0.0000     48529.0729        -494293.3530       293.1932   -542822.4258   -494186.7196       292.3199             33.6410        68.7921    830315.7174         3.5623         3.5986

LDB: ============= START OF LOAD BALANCING ============== 5713.48
LDB: ============== END OF LOAD BALANCING =============== 5713.48
Info: useSync: 0 useProxySync: 0
LDB: =============== DONE WITH MIGRATION ================ 5713.48
LDB: ============= START OF LOAD BALANCING ============== 5714.23
LDB: TIME 5714.23 LOAD: AVG 0.59094 MAX 0.648195  PROXIES: TOTAL 344 MAXPE 47 MAXPATCH 5 None MEM: 0 MB
LDB: TIME 5714.23 LOAD: AVG 0.59094 MAX 0.648195  PROXIES: TOTAL 344 MAXPE 47 MAXPATCH 5 RefineTorusLB MEM: 0 MB
LDB: TIME 5714.23 LOAD: AVG 0.59094 MAX 0.648195  PROXIES: TOTAL 344 MAXPE 47 MAXPATCH 5 RefineTorusLB MEM: 0 MB
LDB: Reverting to original mapping
LDB: ============== END OF LOAD BALANCING =============== 5714.23
Info: useSync: 0 useProxySync: 0
LDB: =============== DONE WITH MIGRATION ================ 5714.23
TIMING: 777000  CPU: 5703.19, 0.00734357/step  Wall: 5717.27, 0.00735076/step, 0.455339 hours remaining, 0.000000 MB of memory in use.
PERFORMANCE: 777000  averaging 23.4846 ns/day, 0.00735801 sec/step with standard deviation 5.54242e-05
ENERGY:  777000       402.7449      1087.0973      1355.9637        15.0996        -587447.0380     42109.6849        51.7527         0.0000     48327.1817        -494097.5132       291.9734   -542424.6949   -493997.3355       292.7587             10.5524        42.1840    830761.3105         1.6283         1.6040

TIMING: 778000  CPU: 5710.52, 0.00733562/step  Wall: 5724.61, 0.00733754/step, 0.452481 hours remaining, 0.000000 MB of memory in use.
PERFORMANCE: 778000  averaging 23.4847 ns/day, 0.00735798 sec/step with standard deviation 5.53934e-05
ENERGY:  778000       390.9045      1083.1834      1338.4865        23.1909        -587490.2071     41959.5688        50.0959         0.0000     48432.7161        -494212.0610       292.6110   -542644.7771   -494105.8090       292.9279           -102.6450       -68.0011    832538.1084        -4.0634        -4.0427

TIMING: 779000  CPU: 5717.86, 0.0073353/step  Wall: 5731.95, 0.00734223/step, 0.450731 hours remaining, 0.000000 MB of memory in use.
PERFORMANCE: 779000  averaging 23.4848 ns/day, 0.00735796 sec/step with standard deviation 5.53606e-05
ENERGY:  779000       411.4605      1109.3306      1341.6546        15.6597        -587968.0659     42574.9609        52.0060         0.0000     48381.8581        -494081.1355       292.3038   -542462.9936   -493974.1239       291.9531             94.7765       125.8825    832138.5182        -0.7071        -0.7124

TIMING: 780000  CPU: 5725.2, 0.00734391/step  Wall: 5739.3, 0.00734785/step, 0.449035 hours remaining, 0.000000 MB of memory in use.
PERFORMANCE: 780000  averaging 23.4848 ns/day, 0.00735795 sec/step with standard deviation 5.53263e-05
ETITLE:      TS           BOND          ANGLE          DIHED          IMPRP               ELECT            VDW       BOUNDARY           MISC        KINETIC               TOTAL           TEMP      POTENTIAL         TOTAL3        TEMPAVG            PRESSURE      GPRESSURE         VOLUME       PRESSAVG      GPRESSAVG

ENERGY:  780000       393.8391      1064.6742      1348.1473        18.9399        -587536.5400     42013.0762        49.8736         0.0000     48431.3784        -494216.6113       292.6030   -542647.9897   -494111.5565       292.3236           -121.3858       -85.2746    833059.4566         1.1711         1.1813

WRITING EXTENDED SYSTEM TO RESTART FILE AT STEP 780000
WRITING COORDINATES TO DCD FILE eq1.dcd AT STEP 780000
WRITING COORDINATES TO RESTART FILE AT STEP 780000
FINISHED WRITING RESTART COORDINATES
WRITING VELOCITIES TO RESTART FILE AT STEP 780000
FINISHED WRITING RESTART VELOCITIES
LDB: ============= START OF LOAD BALANCING ============== 5742.94
LDB: ============== END OF LOAD BALANCING =============== 5742.94
Info: useSync: 0 useProxySync: 0
LDB: =============== DONE WITH MIGRATION ================ 5742.94
LDB: ============= START OF LOAD BALANCING ============== 5743.67
LDB: TIME 5743.67 LOAD: AVG 0.588179 MAX 0.643932  PROXIES: TOTAL 344 MAXPE 47 MAXPATCH 5 None MEM: 0 MB
LDB: TIME 5743.67 LOAD: AVG 0.588179 MAX 0.643932  PROXIES: TOTAL 344 MAXPE 47 MAXPATCH 5 RefineTorusLB MEM: 0 MB
LDB: TIME 5743.67 LOAD: AVG 0.588179 MAX 0.643932  PROXIES: TOTAL 344 MAXPE 47 MAXPATCH 5 RefineTorusLB MEM: 0 MB
LDB: Reverting to original mapping
LDB: ============== END OF LOAD BALANCING =============== 5743.67
Info: useSync: 0 useProxySync: 0
LDB: =============== DONE WITH MIGRATION ================ 5743.67
TIMING: 781000  CPU: 5732.58, 0.00737605/step  Wall: 5746.72, 0.00742078/step, 0.451431 hours remaining, 0.000000 MB of memory in use.
PERFORMANCE: 781000  averaging 23.4845 ns/day, 0.00735803 sec/step with standard deviation 5.53365e-05
ENERGY:  781000       386.9321      1038.6832      1362.1304        18.1819        -587258.1584     41942.8348        46.2075         0.0000     48588.2836        -493874.9050       293.5509   -542463.1886   -493767.5642       292.8008             73.6317       105.9896    831551.2674        -1.2012        -1.2181

TIMING: 782000  CPU: 5739.92, 0.00733946/step  Wall: 5754.06, 0.00734578/step, 0.444828 hours remaining, 0.000000 MB of memory in use.
PERFORMANCE: 782000  averaging 23.4846 ns/day, 0.00735802 sec/step with standard deviation 5.53028e-05
ENERGY:  782000       375.2157      1093.7410      1352.5212        21.3839        -588073.7576     42520.4970        41.8118         0.0000     48668.9678        -493999.6192       294.0384   -542668.5869   -493888.4004       292.7129            117.5137       152.1758    833599.7585         2.2547         2.1854

TIMING: 783000  CPU: 5747.27, 0.00735538/step  Wall: 5761.42, 0.00735914/step, 0.443592 hours remaining, 0.000000 MB of memory in use.
PERFORMANCE: 783000  averaging 23.4846 ns/day, 0.00735802 sec/step with standard deviation 5.52674e-05
ENERGY:  783000       418.1557      1055.0478      1371.7018        19.0980        -587631.9644     42421.9652        44.9523         0.0000     48189.8160        -494111.2274       291.1435   -542301.0434   -494008.2470       292.9156            161.1646       196.9738    831829.6798         2.7760         2.8271

TIMING: 784000  CPU: 5754.6, 0.00732784/step  Wall: 5768.75, 0.00733343/step, 0.440006 hours remaining, 0.000000 MB of memory in use.
PERFORMANCE: 784000  averaging 23.4847 ns/day, 0.00735799 sec/step with standard deviation 5.52391e-05
ENERGY:  784000       394.8922      1043.2334      1376.0095        21.5783        -587309.9320     41947.4700        46.6025         0.0000     48176.0492        -494304.0970       291.0604   -542480.1461   -494205.5699       292.4731             17.8687        50.9230    831430.8649         1.4323         1.4680

LDB: ============= START OF LOAD BALANCING ============== 5772.32
LDB: ============== END OF LOAD BALANCING =============== 5772.32
Info: useSync: 0 useProxySync: 0
LDB: =============== DONE WITH MIGRATION ================ 5772.32
LDB: ============= START OF LOAD BALANCING ============== 5773.06
LDB: TIME 5773.06 LOAD: AVG 0.587408 MAX 0.64933  PROXIES: TOTAL 344 MAXPE 47 MAXPATCH 5 None MEM: 0 MB
LDB: TIME 5773.06 LOAD: AVG 0.587408 MAX 0.64933  PROXIES: TOTAL 344 MAXPE 47 MAXPATCH 5 RefineTorusLB MEM: 0 MB
LDB: TIME 5773.06 LOAD: AVG 0.587408 MAX 0.64933  PROXIES: TOTAL 344 MAXPE 47 MAXPATCH 5 RefineTorusLB MEM: 0 MB
LDB: ============== END OF LOAD BALANCING =============== 5773.06
Info: useSync: 0 useProxySync: 0
LDB: =============== DONE WITH MIGRATION ================ 5773.06
WRITING COORDINATES TO DCD FILE eq1.dcd AT STEP 785000
TIMING: 785000  CPU: 5761.97, 0.00736755/step  Wall: 5776.13, 0.0073713/step, 0.44023 hours remaining, 0.000000 MB of memory in use.
PERFORMANCE: 785000  averaging 23.4846 ns/day, 0.007358 sec/step with standard deviation 5.52059e-05
ENERGY:  785000       376.0888      1059.7477      1374.3552        16.3506        -587005.7539     41788.1525        50.4425         0.0000     48644.6024        -493696.0142       293.8912   -542340.6166   -493586.1608       292.3362            -89.8764       -54.4153    833616.9545        -1.3182        -1.2899

TIMING: 786000  CPU: 5769.31, 0.00733973/step  Wall: 5783.47, 0.00734297/step, 0.436499 hours remaining, 0.000000 MB of memory in use.
PERFORMANCE: 786000  averaging 23.4847 ns/day, 0.00735798 sec/step with standard deviation 5.51733e-05
ENERGY:  786000       384.9158      1067.8236      1350.9687        13.1611        -587359.9746     42028.7734        52.8165         0.0000     48430.8412        -494030.6743       292.5997   -542461.5155   -493925.6736       293.4103            -51.1300       -19.8559    833605.6246         0.3910         0.3849

TIMING: 787000  CPU: 5776.64, 0.00733581/step  Wall: 5790.81, 0.00734003/step, 0.434285 hours remaining, 0.000000 MB of memory in use.
PERFORMANCE: 787000  averaging 23.4848 ns/day, 0.00735796 sec/step with standard deviation 5.51419e-05
ENERGY:  787000       400.4318      1056.1757      1375.6054        18.1241        -586751.5611     41805.3397        41.8642         0.0000     48394.8101        -493659.2101       292.3820   -542054.0202   -493561.7623       292.9074            -75.4670       -43.1206    833479.9926         2.7149         2.7121

TIMING: 788000  CPU: 5783.96, 0.00732013/step  Wall: 5798.13, 0.0073248/step, 0.431349 hours remaining, 0.000000 MB of memory in use.
PERFORMANCE: 788000  averaging 23.4849 ns/day, 0.00735792 sec/step with standard deviation 5.51196e-05
ENERGY:  788000       414.0035      1090.2419      1358.3177        20.2295        -587280.3040     41775.0757        39.6419         0.0000     48498.3354        -494084.4584       293.0075   -542582.7938   -493976.3796       293.3487            -61.4066       -31.1920    831163.1242        -1.1717        -1.2010

LDB: ============= START OF LOAD BALANCING ============== 5801.7
LDB: ============== END OF LOAD BALANCING =============== 5801.7
Info: useSync: 0 useProxySync: 0
LDB: =============== DONE WITH MIGRATION ================ 5801.7
LDB: ============= START OF LOAD BALANCING ============== 5802.43
LDB: TIME 5802.43 LOAD: AVG 0.587187 MAX 0.644863  PROXIES: TOTAL 344 MAXPE 47 MAXPATCH 5 None MEM: 0 MB
LDB: TIME 5802.43 LOAD: AVG 0.587187 MAX 0.644863  PROXIES: TOTAL 344 MAXPE 47 MAXPATCH 5 RefineTorusLB MEM: 0 MB
LDB: TIME 5802.43 LOAD: AVG 0.587187 MAX 0.644863  PROXIES: TOTAL 344 MAXPE 47 MAXPATCH 5 RefineTorusLB MEM: 0 MB
LDB: ============== END OF LOAD BALANCING =============== 5802.43
Info: useSync: 0 useProxySync: 0
LDB: =============== DONE WITH MIGRATION ================ 5802.43
TIMING: 789000  CPU: 5791.31, 0.00734381/step  Wall: 5805.48, 0.00735002/step, 0.430793 hours remaining, 0.000000 MB of memory in use.
PERFORMANCE: 789000  averaging 23.4849 ns/day, 0.00735791 sec/step with standard deviation 5.50853e-05
ENERGY:  789000       392.4042      1082.4729      1351.2823        22.4086        -587658.6287     42104.0688        48.3031         0.0000     48481.5643        -494176.1245       292.9062   -542657.6888   -494080.7757       292.4485            111.1972       143.8156    830487.8571         3.5761         3.5903

WRITING COORDINATES TO DCD FILE eq1.dcd AT STEP 790000
WRITING COORDINATES TO RESTART FILE AT STEP 790000
FINISHED WRITING RESTART COORDINATES
TIMING: 790000  CPU: 5798.66, 0.00735185/step  Wall: 5812.86, 0.00737302/step, 0.430093 hours remaining, 0.000000 MB of memory in use.
PERFORMANCE: 790000  averaging 23.4849 ns/day, 0.00735793 sec/step with standard deviation 5.5053e-05
ETITLE:      TS           BOND          ANGLE          DIHED          IMPRP               ELECT            VDW       BOUNDARY           MISC        KINETIC               TOTAL           TEMP      POTENTIAL         TOTAL3        TEMPAVG            PRESSURE      GPRESSURE         VOLUME       PRESSAVG      GPRESSAVG

ENERGY:  790000       404.6262      1069.5383      1365.5803        16.6911        -588148.8613     42631.1802        49.0701         0.0000     48317.5243        -494294.6507       291.9151   -542612.1750   -494191.0575       292.6927            156.4264       189.1264    830987.3235         3.2314         3.2259

WRITING EXTENDED SYSTEM TO RESTART FILE AT STEP 790000
WRITING VELOCITIES TO RESTART FILE AT STEP 790000
FINISHED WRITING RESTART VELOCITIES
TIMING: 791000  CPU: 5805.97, 0.00730843/step  Wall: 5820.2, 0.00734085/step, 0.426177 hours remaining, 0.000000 MB of memory in use.
PERFORMANCE: 791000  averaging 23.4849 ns/day, 0.00735791 sec/step with standard deviation 5.50215e-05
ENERGY:  791000       400.5325      1073.9058      1364.6706        20.5314        -587740.4190     42196.7884        55.1172         0.0000     48549.4271        -494079.4460       293.3162   -542628.8731   -493984.5724       292.1560            -45.6956       -13.8793    833826.7973         1.3675         1.3911

TIMING: 792000  CPU: 5813.29, 0.00732316/step  Wall: 5827.53, 0.00733432/step, 0.423761 hours remaining, 0.000000 MB of memory in use.
PERFORMANCE: 792000  averaging 23.485 ns/day, 0.00735788 sec/step with standard deviation 5.49931e-05
ENERGY:  792000       410.5677      1050.4336      1376.2363        16.7097        -587862.3504     42452.4969        47.5628         0.0000     48284.4202        -494223.9231       291.7151   -542508.3433   -494122.0186       292.4685             66.2523       100.9327    832552.3308         2.1701         2.1665

LDB: ============= START OF LOAD BALANCING ============== 5831.09
LDB: ============== END OF LOAD BALANCING =============== 5831.09
Info: useSync: 0 useProxySync: 0
LDB: =============== DONE WITH MIGRATION ================ 5831.09
LDB: ============= START OF LOAD BALANCING ============== 5831.83
LDB: TIME 5831.83 LOAD: AVG 0.587318 MAX 0.640872  PROXIES: TOTAL 344 MAXPE 47 MAXPATCH 5 None MEM: 0 MB
LDB: TIME 5831.83 LOAD: AVG 0.587318 MAX 0.640872  PROXIES: TOTAL 344 MAXPE 47 MAXPATCH 5 RefineTorusLB MEM: 0 MB
LDB: TIME 5831.83 LOAD: AVG 0.587318 MAX 0.640872  PROXIES: TOTAL 344 MAXPE 47 MAXPATCH 5 RefineTorusLB MEM: 0 MB
LDB: ============== END OF LOAD BALANCING =============== 5831.83
Info: useSync: 0 useProxySync: 0
LDB: =============== DONE WITH MIGRATION ================ 5831.83
TIMING: 793000  CPU: 5820.62, 0.00732676/step  Wall: 5834.87, 0.00733474/step, 0.421747 hours remaining, 0.000000 MB of memory in use.
PERFORMANCE: 793000  averaging 23.4851 ns/day, 0.00735785 sec/step with standard deviation 5.49645e-05
ENERGY:  793000       395.4153      1062.2545      1360.6066        18.7329        -588088.4145     42370.2771        53.6136         0.0000     48516.1783        -494311.3361       293.1153   -542827.5144   -494204.1594       292.2978            108.2202       143.0554    831340.6649        -0.4174        -0.3777

TIMING: 794000  CPU: 5827.94, 0.00731876/step  Wall: 5842.19, 0.00732719/step, 0.419278 hours remaining, 0.000000 MB of memory in use.
PERFORMANCE: 794000  averaging 23.4853 ns/day, 0.00735781 sec/step with standard deviation 5.49406e-05
ENERGY:  794000       393.6055      1030.8340      1364.1946        25.8418        -587309.0786     42095.8194        46.8191         0.0000     48387.7809        -493964.1832       292.3396   -542351.9642   -493855.6229       292.4860             46.8987        79.2474    832429.6790         0.3972         0.4689

WRITING COORDINATES TO DCD FILE eq1.dcd AT STEP 795000
TIMING: 795000  CPU: 5835.26, 0.0073226/step  Wall: 5849.53, 0.00733173/step, 0.417501 hours remaining, 0.000000 MB of memory in use.
PERFORMANCE: 795000  averaging 23.4854 ns/day, 0.00735778 sec/step with standard deviation 5.49138e-05
ENERGY:  795000       388.4192      1064.5627      1353.4307        16.4594        -587420.3583     42102.1033        42.2889         0.0000     48609.8465        -493843.2475       293.6812   -542453.0941   -493744.0489       292.9924             41.5798        74.9657    830900.2481        -0.4242        -0.4206

TIMING: 796000  CPU: 5842.58, 0.0073269/step  Wall: 5856.86, 0.00733475/step, 0.415636 hours remaining, 0.000000 MB of memory in use.
PERFORMANCE: 796000  averaging 23.4855 ns/day, 0.00735775 sec/step with standard deviation 5.48853e-05
ENERGY:  796000       405.7404      1047.5351      1379.0838        16.6531        -587393.3531     41844.0986        55.1340         0.0000     48606.8893        -494038.2187       293.6633   -542645.1081   -493934.5360       292.8373           -157.9857      -125.2547    832239.8346         3.1070         3.1261

LDB: ============= START OF LOAD BALANCING ============== 5860.42
LDB: ============== END OF LOAD BALANCING =============== 5860.42
Info: useSync: 0 useProxySync: 0
LDB: =============== DONE WITH MIGRATION ================ 5860.42
LDB: ============= START OF LOAD BALANCING ============== 5861.15
LDB: TIME 5861.15 LOAD: AVG 0.587193 MAX 0.642738  PROXIES: TOTAL 344 MAXPE 47 MAXPATCH 5 None MEM: 0 MB
LDB: TIME 5861.15 LOAD: AVG 0.587193 MAX 0.642738  PROXIES: TOTAL 344 MAXPE 47 MAXPATCH 5 RefineTorusLB MEM: 0 MB
LDB: TIME 5861.15 LOAD: AVG 0.587193 MAX 0.642738  PROXIES: TOTAL 344 MAXPE 47 MAXPATCH 5 RefineTorusLB MEM: 0 MB
LDB: Reverting to original mapping
LDB: ============== END OF LOAD BALANCING =============== 5861.15
Info: useSync: 0 useProxySync: 0
LDB: =============== DONE WITH MIGRATION ================ 5861.15
TIMING: 797000  CPU: 5849.9, 0.00731925/step  Wall: 5864.19, 0.00732882/step, 0.413264 hours remaining, 0.000000 MB of memory in use.
PERFORMANCE: 797000  averaging 23.4856 ns/day, 0.00735771 sec/step with standard deviation 5.48604e-05
ENERGY:  797000       365.5180      1048.0353      1359.1817        17.5052        -588016.3745     42419.0142        39.0561         0.0000     48393.8658        -494374.1982       292.3763   -542768.0640   -494268.9618       292.4496            125.5387       155.2048    831855.9486        -7.2948        -7.3908

TIMING: 798000  CPU: 5857.25, 0.00734305/step  Wall: 5871.54, 0.00735315/step, 0.412593 hours remaining, 0.000000 MB of memory in use.
PERFORMANCE: 798000  averaging 23.4856 ns/day, 0.0073577 sec/step with standard deviation 5.48262e-05
ENERGY:  798000       399.1329      1038.4851      1357.7407        17.8796        -587927.1424     42331.2541        52.4244         0.0000     48182.2498        -494547.9759       291.0978   -542730.2257   -494444.2832       292.1053             87.3798       123.0507    830563.6007        -2.7115        -2.7422

TIMING: 799000  CPU: 5864.59, 0.00733942/step  Wall: 5878.89, 0.00734785/step, 0.410255 hours remaining, 0.000000 MB of memory in use.
PERFORMANCE: 799000  averaging 23.4856 ns/day, 0.00735769 sec/step with standard deviation 5.4793e-05
ENERGY:  799000       365.3506      1034.4221      1379.2835        16.7673        -587566.7182     41791.7887        46.0530         0.0000     48196.1017        -494736.9513       291.1815   -542933.0530   -494623.8757       291.4653           -123.5071       -94.3986    831568.7082        -2.7733        -2.7547

TIMING: 800000  CPU: 5871.95, 0.00735894/step  Wall: 5886.26, 0.00736657/step, 0.409254 hours remaining, 0.000000 MB of memory in use.
PERFORMANCE: 800000  averaging 23.4856 ns/day, 0.0073577 sec/step with standard deviation 5.47596e-05
ETITLE:      TS           BOND          ANGLE          DIHED          IMPRP               ELECT            VDW       BOUNDARY           MISC        KINETIC               TOTAL           TEMP      POTENTIAL         TOTAL3        TEMPAVG            PRESSURE      GPRESSURE         VOLUME       PRESSAVG      GPRESSAVG

ENERGY:  800000       382.3423      1043.2018      1331.6778        17.2634        -587908.6791     42126.5217        51.8821         0.0000     48507.0584        -494448.7316       293.0602   -542955.7900   -494344.4992       291.5021              9.6500        42.3197    830568.6123        -6.3258        -6.2949

WRITING EXTENDED SYSTEM TO RESTART FILE AT STEP 800000
WRITING COORDINATES TO DCD FILE eq1.dcd AT STEP 800000
WRITING COORDINATES TO RESTART FILE AT STEP 800000
FINISHED WRITING RESTART COORDINATES
WRITING VELOCITIES TO RESTART FILE AT STEP 800000
FINISHED WRITING RESTART VELOCITIES
LDB: ============= START OF LOAD BALANCING ============== 5889.9
LDB: ============== END OF LOAD BALANCING =============== 5889.9
Info: useSync: 0 useProxySync: 0
LDB: =============== DONE WITH MIGRATION ================ 5889.9
LDB: ============= START OF LOAD BALANCING ============== 5890.63
LDB: TIME 5890.63 LOAD: AVG 0.586194 MAX 0.64432  PROXIES: TOTAL 344 MAXPE 47 MAXPATCH 5 None MEM: 0 MB
LDB: TIME 5890.63 LOAD: AVG 0.586194 MAX 0.64432  PROXIES: TOTAL 344 MAXPE 47 MAXPATCH 5 RefineTorusLB MEM: 0 MB
LDB: TIME 5890.63 LOAD: AVG 0.586194 MAX 0.64432  PROXIES: TOTAL 344 MAXPE 47 MAXPATCH 5 RefineTorusLB MEM: 0 MB
LDB: ============== END OF LOAD BALANCING =============== 5890.63
Info: useSync: 0 useProxySync: 0
LDB: =============== DONE WITH MIGRATION ================ 5890.64
TIMING: 801000  CPU: 5879.33, 0.00738076/step  Wall: 5893.69, 0.00743263/step, 0.410859 hours remaining, 0.000000 MB of memory in use.
PERFORMANCE: 801000  averaging 23.4853 ns/day, 0.0073578 sec/step with standard deviation 5.47893e-05
ENERGY:  801000       417.3264      1047.4866      1346.2334        19.1757        -587139.7137     41829.3533        51.2109         0.0000     48374.6823        -494054.2450       292.2604   -542428.9273   -493946.2231       292.3312            -67.4423       -37.8278    831862.2424         2.5567         2.5422

TIMING: 802000  CPU: 5886.67, 0.00733931/step  Wall: 5901.04, 0.00734834/step, 0.404159 hours remaining, 0.000000 MB of memory in use.
PERFORMANCE: 802000  averaging 23.4853 ns/day, 0.00735779 sec/step with standard deviation 5.47561e-05
ENERGY:  802000       396.0786      1093.0739      1350.7812        15.4200        -587557.0699     42072.1513        50.9284         0.0000     48299.7955        -494278.8412       291.8080   -542578.6366   -494183.3936       292.5671            -83.5065       -52.3597    833568.8683         1.0666         1.0879

TIMING: 803000  CPU: 5894, 0.00733916/step  Wall: 5908.39, 0.00734844/step, 0.402123 hours remaining, 0.000000 MB of memory in use.
PERFORMANCE: 803000  averaging 23.4854 ns/day, 0.00735777 sec/step with standard deviation 5.4723e-05
ENERGY:  803000       388.5905      1041.7706      1347.3960        18.5909        -587822.3002     42210.5259        51.0311         0.0000     48479.7679        -494284.6273       292.8953   -542764.3952   -494181.3297       292.2827             60.1287        92.8075    831361.2889         0.3529         0.3541

TIMING: 804000  CPU: 5901.34, 0.00733856/step  Wall: 5915.73, 0.00734719/step, 0.400014 hours remaining, 0.000000 MB of memory in use.
PERFORMANCE: 804000  averaging 23.4854 ns/day, 0.00735776 sec/step with standard deviation 5.46902e-05
ENERGY:  804000       388.8744      1037.1990      1349.1057        14.6515        -588472.9413     42824.3489        43.9585         0.0000     48398.4988        -494416.3044       292.4043   -542814.8032   -494317.8920       292.6126            196.4615       229.9140    831343.5450         0.3945         0.4094

LDB: ============= START OF LOAD BALANCING ============== 5919.31
LDB: ============== END OF LOAD BALANCING =============== 5919.31
Info: useSync: 0 useProxySync: 0
LDB: =============== DONE WITH MIGRATION ================ 5919.31
LDB: ============= START OF LOAD BALANCING ============== 5920.05
LDB: TIME 5920.05 LOAD: AVG 0.588409 MAX 0.647548  PROXIES: TOTAL 344 MAXPE 47 MAXPATCH 5 None MEM: 0 MB
LDB: TIME 5920.05 LOAD: AVG 0.588409 MAX 0.647548  PROXIES: TOTAL 344 MAXPE 47 MAXPATCH 5 RefineTorusLB MEM: 0 MB
LDB: TIME 5920.05 LOAD: AVG 0.588409 MAX 0.647548  PROXIES: TOTAL 344 MAXPE 47 MAXPATCH 5 RefineTorusLB MEM: 0 MB
LDB: Reverting to original mapping
LDB: ============== END OF LOAD BALANCING =============== 5920.05
Info: useSync: 0 useProxySync: 0
LDB: =============== DONE WITH MIGRATION ================ 5920.05
TIMING: 805000  CPU: 5908.7, 0.00735521/step  Wall: 5923.1, 0.00736588/step, 0.398985 hours remaining, 0.000000 MB of memory in use.
PERFORMANCE: 805000  averaging 23.4854 ns/day, 0.00735777 sec/step with standard deviation 5.46569e-05
ENERGY:  805000       417.1777      1057.2222      1362.5553        16.8135        -587878.5201     42337.2971        43.4571         0.0000     48448.9125        -494195.0847       292.7089   -542643.9972   -494087.0349       291.9980             23.0824        55.5489    832685.1919        -1.2627        -1.2656

WRITING COORDINATES TO DCD FILE eq1.dcd AT STEP 805000
TIMING: 806000  CPU: 5916.05, 0.00735058/step  Wall: 5930.46, 0.00735727/step, 0.396475 hours remaining, 0.000000 MB of memory in use.
PERFORMANCE: 806000  averaging 23.4854 ns/day, 0.00735777 sec/step with standard deviation 5.46229e-05
ENERGY:  806000       410.8661      1085.9667      1351.1294        18.6874        -587594.3096     41834.3426        41.8929         0.0000     48307.8527        -494543.5718       291.8567   -542851.4245   -494442.4323       292.4126            -89.7381       -55.6179    830855.3923         4.4208         4.4309

TIMING: 807000  CPU: 5923.38, 0.00732694/step  Wall: 5937.79, 0.00733842/step, 0.393421 hours remaining, 0.000000 MB of memory in use.
PERFORMANCE: 807000  averaging 23.4855 ns/day, 0.00735775 sec/step with standard deviation 5.45933e-05
ENERGY:  807000       400.1402      1061.0042      1376.5624        16.7507        -587907.0317     42346.1358        48.0065         0.0000     48530.5519        -494127.8801       293.2021   -542658.4320   -494022.4276       292.6168             55.6338        86.5612    831569.5607        -0.5262        -0.5414

TIMING: 808000  CPU: 5930.7, 0.00732262/step  Wall: 5945.13, 0.00733251/step, 0.391067 hours remaining, 0.000000 MB of memory in use.
PERFORMANCE: 808000  averaging 23.4856 ns/day, 0.00735771 sec/step with standard deviation 5.45667e-05
ENERGY:  808000       440.6659      1066.2807      1351.2785        16.0991        -587690.0178     41888.0771        48.4237         0.0000     48379.2742        -494499.9185       292.2882   -542879.1928   -494396.5943       292.4895           -173.4420      -139.3419    832583.2046        -1.4417        -1.3850

LDB: ============= START OF LOAD BALANCING ============== 5948.69
LDB: ============== END OF LOAD BALANCING =============== 5948.69
Info: useSync: 0 useProxySync: 0
LDB: =============== DONE WITH MIGRATION ================ 5948.69
LDB: ============= START OF LOAD BALANCING ============== 5949.42
LDB: TIME 5949.42 LOAD: AVG 0.587737 MAX 0.643174  PROXIES: TOTAL 344 MAXPE 47 MAXPATCH 5 None MEM: 0 MB
LDB: TIME 5949.42 LOAD: AVG 0.587737 MAX 0.643174  PROXIES: TOTAL 344 MAXPE 47 MAXPATCH 5 RefineTorusLB MEM: 0 MB
LDB: TIME 5949.42 LOAD: AVG 0.587737 MAX 0.643174  PROXIES: TOTAL 344 MAXPE 47 MAXPATCH 5 RefineTorusLB MEM: 0 MB
LDB: ============== END OF LOAD BALANCING =============== 5949.42
Info: useSync: 0 useProxySync: 0
LDB: =============== DONE WITH MIGRATION ================ 5949.42
TIMING: 809000  CPU: 5938.03, 0.00733463/step  Wall: 5952.47, 0.00734383/step, 0.389631 hours remaining, 0.000000 MB of memory in use.
PERFORMANCE: 809000  averaging 23.4856 ns/day, 0.0073577 sec/step with standard deviation 5.45351e-05
ENERGY:  809000       380.3018      1054.5148      1339.3707        18.3149        -587240.3121     41778.9081        46.9795         0.0000     48287.0615        -494334.8607       291.7311   -542621.9222   -494234.2709       292.2152           -135.5391      -105.5722    833203.9331        -0.8958        -0.8657

TIMING: 810000  CPU: 5945.39, 0.0073549/step  Wall: 5959.83, 0.00736312/step, 0.388609 hours remaining, 0.000000 MB of memory in use.
PERFORMANCE: 810000  averaging 23.4856 ns/day, 0.0073577 sec/step with standard deviation 5.45017e-05
ETITLE:      TS           BOND          ANGLE          DIHED          IMPRP               ELECT            VDW       BOUNDARY           MISC        KINETIC               TOTAL           TEMP      POTENTIAL         TOTAL3        TEMPAVG            PRESSURE      GPRESSURE         VOLUME       PRESSAVG      GPRESSAVG

ENERGY:  810000       375.3058      1089.7880      1342.2969        21.0870        -587926.2659     42086.2082        51.9150         0.0000     48589.4170        -494370.2480       293.5578   -542959.6650   -494252.5707       292.0455            -23.1565         7.2729    832241.7957        -3.7883        -3.8435

WRITING EXTENDED SYSTEM TO RESTART FILE AT STEP 810000
WRITING COORDINATES TO DCD FILE eq1.dcd AT STEP 810000
WRITING COORDINATES TO RESTART FILE AT STEP 810000
FINISHED WRITING RESTART COORDINATES
WRITING VELOCITIES TO RESTART FILE AT STEP 810000
FINISHED WRITING RESTART VELOCITIES
TIMING: 811000  CPU: 5952.7, 0.00731427/step  Wall: 5967.22, 0.00738964/step, 0.387956 hours remaining, 0.000000 MB of memory in use.
PERFORMANCE: 811000  averaging 23.4855 ns/day, 0.00735774 sec/step with standard deviation 5.44796e-05
ENERGY:  811000       408.0390      1077.5542      1355.0239        15.8797        -587672.6992     42221.0138        49.3218         0.0000     48283.7217        -494262.1453       291.7109   -542545.8669   -494164.2871       292.8125             74.4284       105.7666    830357.2155        -4.3571        -4.3273

TIMING: 812000  CPU: 5959.98, 0.00727612/step  Wall: 5974.53, 0.00730652/step, 0.381563 hours remaining, 0.000000 MB of memory in use.
PERFORMANCE: 812000  averaging 23.4857 ns/day, 0.00735768 sec/step with standard deviation 5.44757e-05
ENERGY:  812000       394.5611      1098.1686      1357.1702        19.1112        -588084.5831     42222.5959        52.3574         0.0000     48529.2864        -494411.3323       293.1945   -542940.6187   -494314.0966       292.9045             25.0704        56.5018    830377.8501         5.7054         5.6917

LDB: ============= START OF LOAD BALANCING ============== 5978.07
LDB: ============== END OF LOAD BALANCING =============== 5978.07
Info: useSync: 0 useProxySync: 0
LDB: =============== DONE WITH MIGRATION ================ 5978.07
LDB: ============= START OF LOAD BALANCING ============== 5978.8
LDB: TIME 5978.8 LOAD: AVG 0.586379 MAX 0.635828  PROXIES: TOTAL 344 MAXPE 47 MAXPATCH 5 None MEM: 0 MB
LDB: TIME 5978.8 LOAD: AVG 0.586379 MAX 0.635828  PROXIES: TOTAL 344 MAXPE 47 MAXPATCH 5 RefineTorusLB MEM: 0 MB
LDB: TIME 5978.8 LOAD: AVG 0.586379 MAX 0.635828  PROXIES: TOTAL 344 MAXPE 47 MAXPATCH 5 RefineTorusLB MEM: 0 MB
LDB: Reverting to original mapping
LDB: ============== END OF LOAD BALANCING =============== 5978.8
Info: useSync: 0 useProxySync: 0
LDB: =============== DONE WITH MIGRATION ================ 5978.8
TIMING: 813000  CPU: 5967.23, 0.00724824/step  Wall: 5981.8, 0.00727372/step, 0.377829 hours remaining, 0.000000 MB of memory in use.
PERFORMANCE: 813000  averaging 23.486 ns/day, 0.00735758 sec/step with standard deviation 5.45217e-05
ENERGY:  813000       382.2193      1039.4832      1360.5653        18.9555        -587615.6720     41892.6033        44.4081         0.0000     48382.5225        -494494.9147       292.3078   -542877.4373   -494384.9575       292.0794            -72.0581       -38.0796    831735.8817        -1.0781        -1.0629

TIMING: 814000  CPU: 5974.49, 0.00726664/step  Wall: 5989.1, 0.00729853/step, 0.377091 hours remaining, 0.000000 MB of memory in use.
PERFORMANCE: 814000  averaging 23.4862 ns/day, 0.0073575 sec/step with standard deviation 5.45274e-05
ENERGY:  814000       384.1376      1031.7005      1361.9318        18.8906        -587890.6798     42149.4808        52.7135         0.0000     48557.0362        -494334.7887       293.3621   -542891.8249   -494237.1775       291.8222             -2.3485        31.9971    831833.5774        -2.3264        -2.3116

TIMING: 815000  CPU: 5981.77, 0.0072776/step  Wall: 5996.41, 0.00730494/step, 0.375393 hours remaining, 0.000000 MB of memory in use.
PERFORMANCE: 815000  averaging 23.4864 ns/day, 0.00735744 sec/step with standard deviation 5.4525e-05
ENERGY:  815000       378.0207      1079.8460      1347.5894        19.1728        -587232.0685     41917.5182        52.5731         0.0000     48473.0414        -493964.3069       292.8547   -542437.3483   -493856.8292       292.8926            -76.3103       -43.4775    832624.1276         3.8219         3.8335

WRITING COORDINATES TO DCD FILE eq1.dcd AT STEP 815000
TIMING: 816000  CPU: 5989.04, 0.00727025/step  Wall: 6003.7, 0.00729463/step, 0.372837 hours remaining, 0.000000 MB of memory in use.
PERFORMANCE: 816000  averaging 23.4867 ns/day, 0.00735736 sec/step with standard deviation 5.45359e-05
ENERGY:  816000       392.2046      1093.7588      1359.5143        17.9826        -587360.3546     41980.0503        49.0777         0.0000     48522.0482        -493945.7182       293.1507   -542467.7664   -493844.6607       292.9656             23.9544        57.2596    830048.4491         6.7565         6.6581

LDB: ============= START OF LOAD BALANCING ============== 6007.25
LDB: ============== END OF LOAD BALANCING =============== 6007.25
Info: useSync: 0 useProxySync: 0
LDB: =============== DONE WITH MIGRATION ================ 6007.25
LDB: ============= START OF LOAD BALANCING ============== 6007.98
LDB: TIME 6007.98 LOAD: AVG 0.586965 MAX 0.636225  PROXIES: TOTAL 344 MAXPE 47 MAXPATCH 5 None MEM: 0 MB
LDB: TIME 6007.98 LOAD: AVG 0.586965 MAX 0.636225  PROXIES: TOTAL 344 MAXPE 47 MAXPATCH 5 RefineTorusLB MEM: 0 MB
LDB: TIME 6007.98 LOAD: AVG 0.586965 MAX 0.636225  PROXIES: TOTAL 344 MAXPE 47 MAXPATCH 5 RefineTorusLB MEM: 0 MB
LDB: ============== END OF LOAD BALANCING =============== 6007.98
Info: useSync: 0 useProxySync: 0
LDB: =============== DONE WITH MIGRATION ================ 6007.98
TIMING: 817000  CPU: 5996.32, 0.00727601/step  Wall: 6011.01, 0.00730348/step, 0.37126 hours remaining, 0.000000 MB of memory in use.
PERFORMANCE: 817000  averaging 23.4869 ns/day, 0.0073573 sec/step with standard deviation 5.45351e-05
ENERGY:  817000       383.5235      1073.8752      1348.7433        17.6323        -586899.8334     41839.7841        51.2757         0.0000     48387.0771        -493797.9222       292.3353   -542184.9993   -493710.5998       293.0567            -26.3115         5.7165    832551.4698        -5.6990        -5.6617

TIMING: 818000  CPU: 6003.57, 0.0072567/step  Wall: 6018.29, 0.00728637/step, 0.368366 hours remaining, 0.000000 MB of memory in use.
PERFORMANCE: 818000  averaging 23.4872 ns/day, 0.00735721 sec/step with standard deviation 5.45581e-05
ENERGY:  818000       391.7642      1096.1916      1360.9186        14.7397        -586804.1814     41854.8202        42.1369         0.0000     48604.2424        -493439.3678       293.6473   -542043.6102   -493335.0783       293.8167            -38.9345        -5.1901    834082.9953         6.2563         6.2136

TIMING: 819000  CPU: 6010.86, 0.00728147/step  Wall: 6025.6, 0.00730516/step, 0.367287 hours remaining, 0.000000 MB of memory in use.
PERFORMANCE: 819000  averaging 23.4874 ns/day, 0.00735715 sec/step with standard deviation 5.4555e-05
ENERGY:  819000       379.7302      1050.2924      1356.4878        19.9688        -588115.5738     42488.0273        42.5986         0.0000     48667.1295        -494111.3392       294.0273   -542778.4687   -493997.4423       292.9979             71.4810       103.4577    831984.9966         2.4950         2.4751

WRITING COORDINATES TO DCD FILE eq1.dcd AT STEP 820000
WRITING COORDINATES TO RESTART FILE AT STEP 820000
FINISHED WRITING RESTART COORDINATES
WRITING VELOCITIES TO RESTART FILE AT STEP 820000
FINISHED WRITING RESTART VELOCITIES
TIMING: 820000  CPU: 6018.18, 0.00732772/step  Wall: 6032.99, 0.00739437/step, 0.369719 hours remaining, 0.000000 MB of memory in use.
PERFORMANCE: 820000  averaging 23.4872 ns/day, 0.00735719 sec/step with standard deviation 5.45372e-05
ETITLE:      TS           BOND          ANGLE          DIHED          IMPRP               ELECT            VDW       BOUNDARY           MISC        KINETIC               TOTAL           TEMP      POTENTIAL         TOTAL3        TEMPAVG            PRESSURE      GPRESSURE         VOLUME       PRESSAVG      GPRESSAVG

ENERGY:  820000       375.5610      1053.0419      1345.1792        16.3424        -587543.6979     41878.3650        51.1453         0.0000     48518.8985        -494305.1646       293.1317   -542824.0631   -494196.0598       292.7193             -3.0935        29.4417    830164.7793        -0.2403        -0.3095

WRITING EXTENDED SYSTEM TO RESTART FILE AT STEP 820000
LDB: ============= START OF LOAD BALANCING ============== 6036.56
LDB: ============== END OF LOAD BALANCING =============== 6036.56
Info: useSync: 0 useProxySync: 0
LDB: =============== DONE WITH MIGRATION ================ 6036.56
LDB: ============= START OF LOAD BALANCING ============== 6037.29
LDB: TIME 6037.29 LOAD: AVG 0.587436 MAX 0.647388  PROXIES: TOTAL 344 MAXPE 47 MAXPATCH 5 None MEM: 0 MB
LDB: TIME 6037.29 LOAD: AVG 0.587436 MAX 0.647388  PROXIES: TOTAL 344 MAXPE 47 MAXPATCH 5 RefineTorusLB MEM: 0 MB
LDB: TIME 6037.29 LOAD: AVG 0.587436 MAX 0.647388  PROXIES: TOTAL 344 MAXPE 47 MAXPATCH 5 RefineTorusLB MEM: 0 MB
LDB: Reverting to original mapping
LDB: ============== END OF LOAD BALANCING =============== 6037.3
Info: useSync: 0 useProxySync: 0
LDB: =============== DONE WITH MIGRATION ================ 6037.3
TIMING: 821000  CPU: 6025.48, 0.00729996/step  Wall: 6040.32, 0.00732612/step, 0.364271 hours remaining, 0.000000 MB of memory in use.
PERFORMANCE: 821000  averaging 23.4873 ns/day, 0.00735715 sec/step with standard deviation 5.45147e-05
ENERGY:  821000       374.0084      1072.7262      1339.1957        12.3887        -587630.7508     42121.5265        47.9065         0.0000     48263.4384        -494399.5604       291.5883   -542662.9989   -494296.8674       292.4107            -21.7847        10.6341    832160.5964         3.0784         3.0952

TIMING: 822000  CPU: 6032.79, 0.0073073/step  Wall: 6047.65, 0.00733453/step, 0.362652 hours remaining, 0.000000 MB of memory in use.
PERFORMANCE: 822000  averaging 23.4874 ns/day, 0.00735713 sec/step with standard deviation 5.44873e-05
ENERGY:  822000       400.3258      1066.6921      1341.0433        18.0670        -587968.3213     42117.8717        53.7070         0.0000     48232.3636        -494738.2509       291.4006   -542970.6145   -494626.3027       291.9142           -104.5145       -70.5577    833087.6606         0.7635         0.7334

TIMING: 823000  CPU: 6040.08, 0.00728761/step  Wall: 6054.96, 0.00730937/step, 0.359377 hours remaining, 0.000000 MB of memory in use.
PERFORMANCE: 823000  averaging 23.4876 ns/day, 0.00735707 sec/step with standard deviation 5.44795e-05
ENERGY:  823000       399.9664      1077.8615      1363.7316        16.0199        -587678.7075     42272.0646        34.8255         0.0000     48126.2221        -494388.0159       290.7593   -542514.2381   -494295.0859       291.5172             82.3473       117.5605    832297.1871         4.0732         4.1314

TIMING: 824000  CPU: 6047.34, 0.00726652/step  Wall: 6062.25, 0.00729198/step, 0.356497 hours remaining, 0.000000 MB of memory in use.
PERFORMANCE: 824000  averaging 23.4879 ns/day, 0.00735699 sec/step with standard deviation 5.44936e-05
ENERGY:  824000       375.3838      1062.9149      1335.7290        18.9998        -587687.8339     42057.0374        43.6823         0.0000     48428.4476        -494365.6390       292.5853   -542794.0866   -494265.7271       291.9603            -15.1982        18.8724    830643.5311         2.5977         2.6384

LDB: ============= START OF LOAD BALANCING ============== 6065.8
LDB: ============== END OF LOAD BALANCING =============== 6065.8
Info: useSync: 0 useProxySync: 0
LDB: =============== DONE WITH MIGRATION ================ 6065.8
LDB: ============= START OF LOAD BALANCING ============== 6066.53
LDB: TIME 6066.53 LOAD: AVG 0.588381 MAX 0.63563  PROXIES: TOTAL 344 MAXPE 47 MAXPATCH 5 None MEM: 0 MB
LDB: TIME 6066.53 LOAD: AVG 0.588381 MAX 0.63563  PROXIES: TOTAL 344 MAXPE 47 MAXPATCH 5 RefineTorusLB MEM: 0 MB
LDB: TIME 6066.53 LOAD: AVG 0.588381 MAX 0.63563  PROXIES: TOTAL 344 MAXPE 47 MAXPATCH 5 RefineTorusLB MEM: 0 MB
LDB: ============== END OF LOAD BALANCING =============== 6066.53
Info: useSync: 0 useProxySync: 0
LDB: =============== DONE WITH MIGRATION ================ 6066.53
TIMING: 825000  CPU: 6054.63, 0.00728561/step  Wall: 6069.56, 0.00730321/step, 0.355017 hours remaining, 0.000000 MB of memory in use.
PERFORMANCE: 825000  averaging 23.4881 ns/day, 0.00735692 sec/step with standard deviation 5.44927e-05
ENERGY:  825000       424.2344      1110.3596      1346.6840        20.2432        -587437.7958     41870.1764        49.4411         0.0000     48372.6038        -494244.0533       292.2479   -542616.6571   -494134.5488       292.7256           -165.3969      -129.7648    833057.4025         4.0372         4.0826

WRITING COORDINATES TO DCD FILE eq1.dcd AT STEP 825000
TIMING: 826000  CPU: 6061.91, 0.00727826/step  Wall: 6076.86, 0.00730192/step, 0.352926 hours remaining, 0.000000 MB of memory in use.
PERFORMANCE: 826000  averaging 23.4883 ns/day, 0.00735686 sec/step with standard deviation 5.44933e-05
ENERGY:  826000       391.1810      1027.9325      1354.0656        17.3041        -588253.0492     42415.1515        52.0825         0.0000     48170.5199        -494824.8121       291.0270   -542995.3320   -494726.6090       292.2938             49.1435        80.5387    830902.2281         3.1885         3.1680

TIMING: 827000  CPU: 6069.18, 0.00726804/step  Wall: 6084.15, 0.0072905/step, 0.350349 hours remaining, 0.000000 MB of memory in use.
PERFORMANCE: 827000  averaging 23.4885 ns/day, 0.00735678 sec/step with standard deviation 5.45092e-05
ENERGY:  827000       405.8967      1058.8086      1374.5237        18.0617        -588159.8987     42256.7044        46.8055         0.0000     48204.1545        -494794.9437       291.2302   -542999.0982   -494693.7302       291.3233             15.9386        46.7085    830365.8958        -6.3664        -6.3668

TIMING: 828000  CPU: 6076.44, 0.00726693/step  Wall: 6091.44, 0.00729171/step, 0.348382 hours remaining, 0.000000 MB of memory in use.
PERFORMANCE: 828000  averaging 23.4888 ns/day, 0.0073567 sec/step with standard deviation 5.45231e-05
ENERGY:  828000       388.6238      1056.1535      1355.0437        17.4182        -588251.9030     42247.2738        44.9556         0.0000     48473.0653        -494669.3690       292.8548   -543142.4343   -494566.2930       292.0411             60.6055        93.6267    829101.5633         5.1683         5.1168

LDB: ============= START OF LOAD BALANCING ============== 6094.99
LDB: ============== END OF LOAD BALANCING =============== 6094.99
Info: useSync: 0 useProxySync: 0
LDB: =============== DONE WITH MIGRATION ================ 6094.99
LDB: ============= START OF LOAD BALANCING ============== 6095.72
LDB: TIME 6095.72 LOAD: AVG 0.585278 MAX 0.639615  PROXIES: TOTAL 344 MAXPE 47 MAXPATCH 5 None MEM: 0 MB
LDB: TIME 6095.72 LOAD: AVG 0.585278 MAX 0.639615  PROXIES: TOTAL 344 MAXPE 47 MAXPATCH 5 RefineTorusLB MEM: 0 MB
LDB: TIME 6095.72 LOAD: AVG 0.585278 MAX 0.639615  PROXIES: TOTAL 344 MAXPE 47 MAXPATCH 5 RefineTorusLB MEM: 0 MB
LDB: Reverting to original mapping
LDB: ============== END OF LOAD BALANCING =============== 6095.72
Info: useSync: 0 useProxySync: 0
LDB: =============== DONE WITH MIGRATION ================ 6095.72
TIMING: 829000  CPU: 6083.72, 0.00727806/step  Wall: 6098.75, 0.00730952/step, 0.347202 hours remaining, 0.000000 MB of memory in use.
PERFORMANCE: 829000  averaging 23.489 ns/day, 0.00735664 sec/step with standard deviation 5.45148e-05
ENERGY:  829000       380.5004      1108.3692      1340.7865        20.4344        -588182.3022     42528.6841        49.1983         0.0000     48408.2635        -494346.0658       292.4633   -542754.3293   -494239.7386       291.8582             69.4255       105.8065    832308.9893        -3.7853        -3.8240

WRITING COORDINATES TO DCD FILE eq1.dcd AT STEP 830000
WRITING COORDINATES TO RESTART FILE AT STEP 830000
FINISHED WRITING RESTART COORDINATES
TIMING: 830000  CPU: 6091.02, 0.00729374/step  Wall: 6106.09, 0.00733711/step, 0.346475 hours remaining, 0.000000 MB of memory in use.
PERFORMANCE: 830000  averaging 23.4891 ns/day, 0.00735662 sec/step with standard deviation 5.44861e-05
ETITLE:      TS           BOND          ANGLE          DIHED          IMPRP               ELECT            VDW       BOUNDARY           MISC        KINETIC               TOTAL           TEMP      POTENTIAL         TOTAL3        TEMPAVG            PRESSURE      GPRESSURE         VOLUME       PRESSAVG      GPRESSAVG

ENERGY:  830000       374.5531      1052.9599      1363.6775        17.1809        -587550.1831     41984.6413        51.3599         0.0000     48333.8454        -494371.9651       292.0137   -542705.8105   -494266.3705       292.1418            -30.2390         4.2147    832060.5229        -1.6243        -1.5821

WRITING EXTENDED SYSTEM TO RESTART FILE AT STEP 830000
WRITING VELOCITIES TO RESTART FILE AT STEP 830000
FINISHED WRITING RESTART VELOCITIES
TIMING: 831000  CPU: 6098.28, 0.00726968/step  Wall: 6113.41, 0.00732434/step, 0.343837 hours remaining, 0.000000 MB of memory in use.
PERFORMANCE: 831000  averaging 23.4892 ns/day, 0.00735658 sec/step with standard deviation 5.44648e-05
ENERGY:  831000       400.2144      1058.2629      1346.2294        22.4323        -587452.3091     41922.9482        42.3831         0.0000     48581.5115        -494078.3273       293.5100   -542659.8388   -493977.5487       292.4633           -119.6738       -89.0221    833297.9445         4.8590         4.7968

TIMING: 832000  CPU: 6105.57, 0.0072808/step  Wall: 6120.72, 0.00730698/step, 0.340992 hours remaining, 0.000000 MB of memory in use.
PERFORMANCE: 832000  averaging 23.4894 ns/day, 0.00735652 sec/step with standard deviation 5.44592e-05
ENERGY:  832000       384.7874      1061.3194      1357.7811        17.8018        -587722.0740     41897.3311        49.7349         0.0000     48483.5797        -494469.7386       292.9183   -542953.3184   -494360.5943       292.0904           -153.5243      -119.1602    832251.2894         5.9113         5.9262

LDB: ============= START OF LOAD BALANCING ============== 6124.28
LDB: ============== END OF LOAD BALANCING =============== 6124.28
Info: useSync: 0 useProxySync: 0
LDB: =============== DONE WITH MIGRATION ================ 6124.28
LDB: ============= START OF LOAD BALANCING ============== 6125.01
LDB: TIME 6125.01 LOAD: AVG 0.588853 MAX 0.642796  PROXIES: TOTAL 344 MAXPE 47 MAXPATCH 5 None MEM: 0 MB
LDB: TIME 6125.01 LOAD: AVG 0.588853 MAX 0.642796  PROXIES: TOTAL 344 MAXPE 47 MAXPATCH 5 RefineTorusLB MEM: 0 MB
LDB: TIME 6125.01 LOAD: AVG 0.588853 MAX 0.642796  PROXIES: TOTAL 344 MAXPE 47 MAXPATCH 5 RefineTorusLB MEM: 0 MB
LDB: ============== END OF LOAD BALANCING =============== 6125.01
Info: useSync: 0 useProxySync: 0
LDB: =============== DONE WITH MIGRATION ================ 6125.02
TIMING: 833000  CPU: 6112.84, 0.00727524/step  Wall: 6128.02, 0.00730359/step, 0.338806 hours remaining, 0.000000 MB of memory in use.
PERFORMANCE: 833000  averaging 23.4896 ns/day, 0.00735646 sec/step with standard deviation 5.44574e-05
ENERGY:  833000       439.3210      1074.2487      1353.6313        17.4066        -587653.9297     42123.5549        43.8412         0.0000     48453.5799        -494148.3460       292.7371   -542601.9260   -494052.1301       292.1705             12.6115        46.7097    832716.6300         4.3893         4.3759

TIMING: 834000  CPU: 6120.14, 0.00730093/step  Wall: 6135.34, 0.00731825/step, 0.337453 hours remaining, 0.000000 MB of memory in use.
PERFORMANCE: 834000  averaging 23.4897 ns/day, 0.00735641 sec/step with standard deviation 5.44407e-05
ENERGY:  834000       382.9242      1076.0789      1359.9564        21.2603        -587619.0780     42229.3297        49.4531         0.0000     48352.1318        -494147.9435       292.1242   -542500.0753   -494037.9918       292.6532             67.1043        96.7825    831355.3201         1.6458         1.6083

TIMING: 835000  CPU: 6127.4, 0.00726104/step  Wall: 6142.63, 0.00729324/step, 0.334274 hours remaining, 0.000000 MB of memory in use.
PERFORMANCE: 835000  averaging 23.49 ns/day, 0.00735634 sec/step with standard deviation 5.4452e-05
ENERGY:  835000       422.8492      1088.7927      1345.4190        12.5277        -587566.0086     42373.2507        48.6563         0.0000     48523.3125        -493751.2005       293.1584   -542274.5130   -493646.2509       292.9600             52.3199        84.7412    831802.7382        -1.0454        -1.0344

WRITING COORDINATES TO DCD FILE eq1.dcd AT STEP 835000
TIMING: 836000  CPU: 6134.68, 0.00727529/step  Wall: 6149.93, 0.00730063/step, 0.332584 hours remaining, 0.000000 MB of memory in use.
PERFORMANCE: 836000  averaging 23.4902 ns/day, 0.00735627 sec/step with standard deviation 5.44535e-05
ENERGY:  836000       389.1825      1096.6249      1350.6787        17.9750        -587348.7238     41740.4387        45.3942         0.0000     48438.0547        -494270.3751       292.6433   -542708.4298   -494167.2189       293.3644            -87.1115       -50.6898    831244.8629        -2.1367        -2.0666

LDB: ============= START OF LOAD BALANCING ============== 6153.49
LDB: ============== END OF LOAD BALANCING =============== 6153.49
Info: useSync: 0 useProxySync: 0
LDB: =============== DONE WITH MIGRATION ================ 6153.49
LDB: ============= START OF LOAD BALANCING ============== 6154.23
LDB: TIME 6154.23 LOAD: AVG 0.588031 MAX 0.640069  PROXIES: TOTAL 344 MAXPE 47 MAXPATCH 5 None MEM: 0 MB
LDB: TIME 6154.23 LOAD: AVG 0.588031 MAX 0.640069  PROXIES: TOTAL 344 MAXPE 47 MAXPATCH 5 RefineTorusLB MEM: 0 MB
LDB: TIME 6154.23 LOAD: AVG 0.588031 MAX 0.640069  PROXIES: TOTAL 344 MAXPE 47 MAXPATCH 5 RefineTorusLB MEM: 0 MB
LDB: ============== END OF LOAD BALANCING =============== 6154.23
Info: useSync: 0 useProxySync: 0
LDB: =============== DONE WITH MIGRATION ================ 6154.23
TIMING: 837000  CPU: 6141.97, 0.00729115/step  Wall: 6157.26, 0.00732469/step, 0.331646 hours remaining, 0.000000 MB of memory in use.
PERFORMANCE: 837000  averaging 23.4903 ns/day, 0.00735623 sec/step with standard deviation 5.44318e-05
ENERGY:  837000       382.2353      1067.8822      1342.2738        19.7744        -587289.6884     41817.5700        49.8430         0.0000     48371.8366        -494238.2730       292.2432   -542610.1095   -494119.9082       292.4539           -101.2254       -66.3052    831253.8121         1.3421         1.3420

TIMING: 838000  CPU: 6149.27, 0.0072978/step  Wall: 6164.57, 0.00731377/step, 0.32912 hours remaining, 0.000000 MB of memory in use.
PERFORMANCE: 838000  averaging 23.4905 ns/day, 0.00735618 sec/step with standard deviation 5.44191e-05
ENERGY:  838000       403.8775      1055.4819      1367.9610        20.2057        -587299.4493     41944.2204        54.3560         0.0000     48515.5341        -493937.8126       293.1114   -542453.3468   -493847.9233       292.7544            -57.2102       -28.7820    832721.1743         5.1458         5.2058

TIMING: 839000  CPU: 6156.61, 0.00734259/step  Wall: 6171.92, 0.00734902/step, 0.328665 hours remaining, 0.000000 MB of memory in use.
PERFORMANCE: 839000  averaging 23.4905 ns/day, 0.00735617 sec/step with standard deviation 5.43872e-05
ENERGY:  839000       408.8449      1069.6236      1346.4393        21.0720        -587296.1254     41904.7509        45.7797         0.0000     48582.8012        -493916.8139       293.5178   -542499.6151   -493807.1287       292.7712            -69.7494       -35.5401    831106.8678        -2.8356        -2.8478

TIMING: 840000  CPU: 6163.94, 0.0073262/step  Wall: 6179.26, 0.00733346/step, 0.325931 hours remaining, 0.000000 MB of memory in use.
PERFORMANCE: 840000  averaging 23.4906 ns/day, 0.00735614 sec/step with standard deviation 5.43604e-05
ETITLE:      TS           BOND          ANGLE          DIHED          IMPRP               ELECT            VDW       BOUNDARY           MISC        KINETIC               TOTAL           TEMP      POTENTIAL         TOTAL3        TEMPAVG            PRESSURE      GPRESSURE         VOLUME       PRESSAVG      GPRESSAVG

ENERGY:  840000       413.8173      1021.7750      1345.5296        16.3809        -587265.1181     42106.5091        55.4495         0.0000     48337.1604        -493968.4963       292.0337   -542305.6567   -493865.7786       293.0557              9.9098        42.0791    831327.1109        -4.5042        -4.5077

WRITING EXTENDED SYSTEM TO RESTART FILE AT STEP 840000
WRITING COORDINATES TO DCD FILE eq1.dcd AT STEP 840000
WRITING COORDINATES TO RESTART FILE AT STEP 840000
FINISHED WRITING RESTART COORDINATES
WRITING VELOCITIES TO RESTART FILE AT STEP 840000
FINISHED WRITING RESTART VELOCITIES
LDB: ============= START OF LOAD BALANCING ============== 6182.88
LDB: ============== END OF LOAD BALANCING =============== 6182.88
Info: useSync: 0 useProxySync: 0
LDB: =============== DONE WITH MIGRATION ================ 6182.88
LDB: ============= START OF LOAD BALANCING ============== 6183.62
LDB: TIME 6183.62 LOAD: AVG 0.58845 MAX 0.646314  PROXIES: TOTAL 344 MAXPE 47 MAXPATCH 5 None MEM: 0 MB
LDB: TIME 6183.62 LOAD: AVG 0.58845 MAX 0.646314  PROXIES: TOTAL 344 MAXPE 47 MAXPATCH 5 RefineTorusLB MEM: 0 MB
LDB: TIME 6183.62 LOAD: AVG 0.58845 MAX 0.646314  PROXIES: TOTAL 344 MAXPE 47 MAXPATCH 5 RefineTorusLB MEM: 0 MB
LDB: ============== END OF LOAD BALANCING =============== 6183.62
Info: useSync: 0 useProxySync: 0
LDB: =============== DONE WITH MIGRATION ================ 6183.62
TIMING: 841000  CPU: 6171.3, 0.00736789/step  Wall: 6186.67, 0.00741361/step, 0.327434 hours remaining, 0.000000 MB of memory in use.
PERFORMANCE: 841000  averaging 23.4903 ns/day, 0.00735621 sec/step with standard deviation 5.43641e-05
ENERGY:  841000       404.8925      1077.2206      1353.3570        20.2318        -587070.6197     41761.5735        47.5471         0.0000     48372.9190        -494032.8782       292.2498   -542405.7972   -493927.7438       292.6400            -80.4068       -45.3501    832497.2750        -0.8260        -0.8320

TIMING: 842000  CPU: 6178.64, 0.00733485/step  Wall: 6194.01, 0.00733935/step, 0.322116 hours remaining, 0.000000 MB of memory in use.
PERFORMANCE: 842000  averaging 23.4904 ns/day, 0.00735619 sec/step with standard deviation 5.43349e-05
ENERGY:  842000       401.7109      1052.9787      1346.4243        21.5716        -587486.1800     41958.1727        53.8911         0.0000     48313.6143        -494337.8163       291.8915   -542651.4307   -494238.1350       292.7817             13.6801        41.1571    830928.6978         3.9487         3.9946

TIMING: 843000  CPU: 6185.97, 0.00732952/step  Wall: 6201.35, 0.0073411/step, 0.320153 hours remaining, 0.000000 MB of memory in use.
PERFORMANCE: 843000  averaging 23.4905 ns/day, 0.00735618 sec/step with standard deviation 5.43051e-05
ENERGY:  843000       397.8797      1050.3457      1355.3563        15.9259        -587442.9970     41888.9659        52.9495         0.0000     48240.5167        -494441.0572       291.4498   -542681.5739   -494335.5341       292.2553           -110.4764       -77.9119    830613.2302         3.4215         3.4580

TIMING: 844000  CPU: 6193.25, 0.00728366/step  Wall: 6208.67, 0.00731719/step, 0.317078 hours remaining, 0.000000 MB of memory in use.
PERFORMANCE: 844000  averaging 23.4906 ns/day, 0.00735613 sec/step with standard deviation 5.42895e-05
ENERGY:  844000       391.0635      1080.3511      1364.8004        19.9190        -587525.1509     41876.3754        54.6594         0.0000     48367.3171        -494370.6650       292.2159   -542737.9821   -494265.1108       291.9083            -78.6082       -45.4966    830372.5036         5.7038         5.7580

LDB: ============= START OF LOAD BALANCING ============== 6212.23
LDB: ============== END OF LOAD BALANCING =============== 6212.23
Info: useSync: 0 useProxySync: 0
LDB: =============== DONE WITH MIGRATION ================ 6212.23
LDB: ============= START OF LOAD BALANCING ============== 6212.96
LDB: TIME 6212.96 LOAD: AVG 0.589604 MAX 0.64175  PROXIES: TOTAL 344 MAXPE 47 MAXPATCH 5 None MEM: 0 MB
LDB: TIME 6212.96 LOAD: AVG 0.589604 MAX 0.64175  PROXIES: TOTAL 344 MAXPE 47 MAXPATCH 5 RefineTorusLB MEM: 0 MB
LDB: TIME 6212.96 LOAD: AVG 0.589604 MAX 0.64175  PROXIES: TOTAL 344 MAXPE 47 MAXPATCH 5 RefineTorusLB MEM: 0 MB
LDB: Reverting to original mapping
LDB: ============== END OF LOAD BALANCING =============== 6212.96
Info: useSync: 0 useProxySync: 0
LDB: =============== DONE WITH MIGRATION ================ 6212.97
TIMING: 845000  CPU: 6200.57, 0.00731556/step  Wall: 6216.01, 0.00734421/step, 0.316209 hours remaining, 0.000000 MB of memory in use.
PERFORMANCE: 845000  averaging 23.4907 ns/day, 0.00735611 sec/step with standard deviation 5.42589e-05
ENERGY:  845000       373.7609      1072.5240      1366.8246        19.1602        -588034.1766     42171.4438        46.6688         0.0000     48677.1806        -494306.6137       294.0880   -542983.7943   -494206.4048       292.0606             37.5348        69.0162    830821.5953         6.4802         6.4714

WRITING COORDINATES TO DCD FILE eq1.dcd AT STEP 845000
TIMING: 846000  CPU: 6207.89, 0.0073197/step  Wall: 6223.36, 0.00735072/step, 0.314448 hours remaining, 0.000000 MB of memory in use.
PERFORMANCE: 846000  averaging 23.4907 ns/day, 0.00735611 sec/step with standard deviation 5.42271e-05
ENERGY:  846000       416.0964      1105.7267      1344.7635        17.5946        -587550.1732     42243.2742        41.4816         0.0000     48271.4721        -494109.7640       291.6369   -542381.2361   -494006.6941       292.6024             73.1646       107.0878    831077.0021         2.1266         2.1352

TIMING: 847000  CPU: 6215.21, 0.00731985/step  Wall: 6230.71, 0.00735111/step, 0.312422 hours remaining, 0.000000 MB of memory in use.
PERFORMANCE: 847000  averaging 23.4907 ns/day, 0.0073561 sec/step with standard deviation 5.41953e-05
ENERGY:  847000       379.5022      1056.6530      1363.7341        15.9169        -587710.3117     42307.8842        48.0489         0.0000     48348.5170        -494190.0554       292.1023   -542538.5724   -494090.4548       292.7843            113.0102       145.1755    831994.4543        -1.5546        -1.5326

TIMING: 848000  CPU: 6222.51, 0.00730024/step  Wall: 6238.04, 0.00733171/step, 0.309561 hours remaining, 0.000000 MB of memory in use.
PERFORMANCE: 848000  averaging 23.4908 ns/day, 0.00735607 sec/step with standard deviation 5.41698e-05
ENERGY:  848000       398.0127      1079.8323      1351.5403        18.2836        -587790.1250     42055.2780        59.2483         0.0000     48273.6440        -494554.2858       291.6500   -542827.9298   -494451.1735       292.2953            -53.5381       -16.7017    833311.5291         1.8795         1.8390

LDB: ============= START OF LOAD BALANCING ============== 6241.61
LDB: ============== END OF LOAD BALANCING =============== 6241.61
Info: useSync: 0 useProxySync: 0
LDB: =============== DONE WITH MIGRATION ================ 6241.61
LDB: ============= START OF LOAD BALANCING ============== 6242.35
LDB: TIME 6242.35 LOAD: AVG 0.591085 MAX 0.646966  PROXIES: TOTAL 344 MAXPE 47 MAXPATCH 5 None MEM: 0 MB
LDB: TIME 6242.35 LOAD: AVG 0.591085 MAX 0.646966  PROXIES: TOTAL 344 MAXPE 47 MAXPATCH 5 RefineTorusLB MEM: 0 MB
LDB: TIME 6242.35 LOAD: AVG 0.591085 MAX 0.646966  PROXIES: TOTAL 344 MAXPE 47 MAXPATCH 5 RefineTorusLB MEM: 0 MB
LDB: Reverting to original mapping
LDB: ============== END OF LOAD BALANCING =============== 6242.35
Info: useSync: 0 useProxySync: 0
LDB: =============== DONE WITH MIGRATION ================ 6242.35
TIMING: 849000  CPU: 6229.84, 0.00733349/step  Wall: 6245.4, 0.00735976/step, 0.308701 hours remaining, 0.000000 MB of memory in use.
PERFORMANCE: 849000  averaging 23.4908 ns/day, 0.00735608 sec/step with standard deviation 5.4138e-05
ENERGY:  849000       363.0953      1090.4752      1348.1961        13.9471        -588356.6960     42637.7073        50.0548         0.0000     48568.5325        -494284.6876       293.4316   -542853.2200   -494182.4759       292.2520            236.6992       271.3020    830271.4172         2.7198         2.6639

WRITING COORDINATES TO DCD FILE eq1.dcd AT STEP 850000
WRITING COORDINATES TO RESTART FILE AT STEP 850000
FINISHED WRITING RESTART COORDINATES
TIMING: 850000  CPU: 6237.19, 0.00734982/step  Wall: 6252.81, 0.00740459/step, 0.308525 hours remaining, 0.000000 MB of memory in use.
PERFORMANCE: 850000  averaging 23.4906 ns/day, 0.00735614 sec/step with standard deviation 5.41317e-05
ETITLE:      TS           BOND          ANGLE          DIHED          IMPRP               ELECT            VDW       BOUNDARY           MISC        KINETIC               TOTAL           TEMP      POTENTIAL         TOTAL3        TEMPAVG            PRESSURE      GPRESSURE         VOLUME       PRESSAVG      GPRESSAVG

ENERGY:  850000       388.9889      1125.1156      1337.9283        20.0172        -587089.0186     41989.2805        48.6654         0.0000     48464.0379        -493714.9846       292.8003   -542179.0225   -493604.7839       292.5822            -60.6914       -25.6590    832863.8761         2.8763         2.9593

WRITING EXTENDED SYSTEM TO RESTART FILE AT STEP 850000
WRITING VELOCITIES TO RESTART FILE AT STEP 850000
FINISHED WRITING RESTART VELOCITIES
TIMING: 851000  CPU: 6244.53, 0.00733474/step  Wall: 6260.19, 0.00738437/step, 0.305631 hours remaining, 0.000000 MB of memory in use.
PERFORMANCE: 851000  averaging 23.4905 ns/day, 0.00735617 sec/step with standard deviation 5.41085e-05
ENERGY:  851000       368.6360      1015.4639      1355.5047        21.1566        -587884.9675     42455.2200        58.8871         0.0000     48688.8028        -493921.2963       294.1582   -542610.0991   -493818.4858       292.8659            125.9210       157.4113    832432.1324         3.9242         3.9976

TIMING: 852000  CPU: 6251.83, 0.00730925/step  Wall: 6267.53, 0.00733913/step, 0.30172 hours remaining, 0.000000 MB of memory in use.
PERFORMANCE: 852000  averaging 23.4906 ns/day, 0.00735615 sec/step with standard deviation 5.40798e-05
ENERGY:  852000       416.0217      1047.1304      1351.6697        18.1818        -587043.9250     41849.8656        50.7236         0.0000     48777.1581        -493533.1740       294.6920   -542310.3322   -493429.4804       293.2478             -6.2611        25.7839    831300.1759        -2.5036        -2.4868

LDB: ============= START OF LOAD BALANCING ============== 6271.09
LDB: ============== END OF LOAD BALANCING =============== 6271.09
Info: useSync: 0 useProxySync: 0
LDB: =============== DONE WITH MIGRATION ================ 6271.09
LDB: ============= START OF LOAD BALANCING ============== 6271.82
LDB: TIME 6271.82 LOAD: AVG 0.588595 MAX 0.646565  PROXIES: TOTAL 344 MAXPE 47 MAXPATCH 5 None MEM: 0 MB
LDB: TIME 6271.82 LOAD: AVG 0.588595 MAX 0.646565  PROXIES: TOTAL 344 MAXPE 47 MAXPATCH 5 RefineTorusLB MEM: 0 MB
LDB: TIME 6271.82 LOAD: AVG 0.588595 MAX 0.646565  PROXIES: TOTAL 344 MAXPE 47 MAXPATCH 5 RefineTorusLB MEM: 0 MB
LDB: ============== END OF LOAD BALANCING =============== 6271.82
Info: useSync: 0 useProxySync: 0
LDB: =============== DONE WITH MIGRATION ================ 6271.82
TIMING: 853000  CPU: 6259.13, 0.00729978/step  Wall: 6274.86, 0.00732284/step, 0.299016 hours remaining, 0.000000 MB of memory in use.
PERFORMANCE: 853000  averaging 23.4907 ns/day, 0.00735611 sec/step with standard deviation 5.40601e-05
ENERGY:  853000       384.6907      1024.9117      1361.6903        16.4895        -587022.1246     42098.0162        48.3482         0.0000     48410.7256        -493677.2524       292.4782   -542087.9780   -493569.8196       294.2522             44.3316        79.0135    831529.6391         1.5702         1.5946

TIMING: 854000  CPU: 6266.44, 0.00730269/step  Wall: 6282.19, 0.00733007/step, 0.297275 hours remaining, 0.000000 MB of memory in use.
PERFORMANCE: 854000  averaging 23.4908 ns/day, 0.00735608 sec/step with standard deviation 5.40358e-05
ENERGY:  854000       408.6168      1047.8967      1361.8964        19.0875        -587441.8155     41910.2697        49.3784         0.0000     48478.5209        -494166.1491       292.8878   -542644.6700   -494064.1645       292.5590            -85.8229       -54.7656    832465.4292         0.6830         0.6735

WRITING COORDINATES TO DCD FILE eq1.dcd AT STEP 855000
TIMING: 855000  CPU: 6273.77, 0.00733196/step  Wall: 6289.55, 0.00736408/step, 0.296609 hours remaining, 0.000000 MB of memory in use.
PERFORMANCE: 855000  averaging 23.4907 ns/day, 0.00735609 sec/step with standard deviation 5.40048e-05
ENERGY:  855000       384.3602      1050.3619      1358.5100        17.0449        -587082.2221     41808.5657        50.5133         0.0000     48528.2737        -493884.5923       293.1884   -542412.8661   -493783.7855       293.0948            -14.3110        19.8257    831129.5812        -2.2060        -2.3021

TIMING: 856000  CPU: 6281.09, 0.00732008/step  Wall: 6296.9, 0.00734695/step, 0.293878 hours remaining, 0.000000 MB of memory in use.
PERFORMANCE: 856000  averaging 23.4908 ns/day, 0.00735608 sec/step with standard deviation 5.39741e-05
ENERGY:  856000       395.4998      1069.8514      1356.0427        18.4406        -587689.2318     42002.7190        58.4453         0.0000     48344.8240        -494443.4090       292.0800   -542788.2330   -494337.9336       292.9353              6.4860        40.8560    831467.1258         5.7297         5.7868

LDB: ============= START OF LOAD BALANCING ============== 6300.47
LDB: ============== END OF LOAD BALANCING =============== 6300.47
Info: useSync: 0 useProxySync: 0
LDB: =============== DONE WITH MIGRATION ================ 6300.47
LDB: ============= START OF LOAD BALANCING ============== 6301.21
LDB: TIME 6301.21 LOAD: AVG 0.590027 MAX 0.647022  PROXIES: TOTAL 344 MAXPE 47 MAXPATCH 5 None MEM: 0 MB
LDB: TIME 6301.21 LOAD: AVG 0.590027 MAX 0.647022  PROXIES: TOTAL 344 MAXPE 47 MAXPATCH 5 RefineTorusLB MEM: 0 MB
LDB: TIME 6301.21 LOAD: AVG 0.590027 MAX 0.647022  PROXIES: TOTAL 344 MAXPE 47 MAXPATCH 5 RefineTorusLB MEM: 0 MB
LDB: ============== END OF LOAD BALANCING =============== 6301.21
Info: useSync: 0 useProxySync: 0
LDB: =============== DONE WITH MIGRATION ================ 6301.21
TIMING: 857000  CPU: 6288.42, 0.00733078/step  Wall: 6304.25, 0.00735752/step, 0.292257 hours remaining, 0.000000 MB of memory in use.
PERFORMANCE: 857000  averaging 23.4908 ns/day, 0.00735608 sec/step with standard deviation 5.39426e-05
ENERGY:  857000       398.5190      1036.5939      1352.0774        16.1965        -587609.2519     42123.7247        46.7612         0.0000     48261.8252        -494373.5541       291.5786   -542635.3793   -494260.5831       292.7014            -29.0698         3.8153    831366.4224        -5.4551        -5.4253

TIMING: 858000  CPU: 6295.72, 0.00730047/step  Wall: 6311.58, 0.00733108/step, 0.289171 hours remaining, 0.000000 MB of memory in use.
PERFORMANCE: 858000  averaging 23.4909 ns/day, 0.00735605 sec/step with standard deviation 5.39179e-05
ENERGY:  858000       374.5907      1065.7194      1377.3266        16.3787        -587943.7422     42434.1951        47.9488         0.0000     48560.0275        -494067.5554       293.3802   -542627.5830   -493963.5488       292.1315             60.2653        96.0873    832900.4037         2.1128         2.0779

TIMING: 859000  CPU: 6303.05, 0.00733021/step  Wall: 6318.94, 0.00735617/step, 0.288116 hours remaining, 0.000000 MB of memory in use.
PERFORMANCE: 859000  averaging 23.4909 ns/day, 0.00735605 sec/step with standard deviation 5.38864e-05
ENERGY:  859000       397.3977      1091.4191      1355.1977        17.9611        -587764.8515     42172.1506        56.9606         0.0000     48366.6293        -494307.1355       292.2118   -542673.7648   -494200.5778       292.5023            -40.5942        -6.1235    832832.8071        -3.2086        -3.2051

WRITING COORDINATES TO DCD FILE eq1.dcd AT STEP 860000
WRITING COORDINATES TO RESTART FILE AT STEP 860000
FINISHED WRITING RESTART COORDINATES
WRITING VELOCITIES TO RESTART FILE AT STEP 860000
FINISHED WRITING RESTART VELOCITIES
TIMING: 860000  CPU: 6310.4, 0.00734981/step  Wall: 6326.36, 0.00741565/step, 0.288386 hours remaining, 0.000000 MB of memory in use.
PERFORMANCE: 860000  averaging 23.4906 ns/day, 0.00735612 sec/step with standard deviation 5.38934e-05
ETITLE:      TS           BOND          ANGLE          DIHED          IMPRP               ELECT            VDW       BOUNDARY           MISC        KINETIC               TOTAL           TEMP      POTENTIAL         TOTAL3        TEMPAVG            PRESSURE      GPRESSURE         VOLUME       PRESSAVG      GPRESSAVG

ENERGY:  860000       397.1777      1024.7153      1350.4624        18.2601        -587779.9811     42151.0973        55.8782         0.0000     48155.7725        -494626.6177       290.9379   -542782.3902   -494530.4456       292.3706            -11.9065        19.0067    831942.5746         3.6147         3.6146

WRITING EXTENDED SYSTEM TO RESTART FILE AT STEP 860000
LDB: ============= START OF LOAD BALANCING ============== 6329.92
LDB: ============== END OF LOAD BALANCING =============== 6329.92
Info: useSync: 0 useProxySync: 0
LDB: =============== DONE WITH MIGRATION ================ 6329.92
LDB: ============= START OF LOAD BALANCING ============== 6330.66
LDB: TIME 6330.66 LOAD: AVG 0.588579 MAX 0.644639  PROXIES: TOTAL 344 MAXPE 47 MAXPATCH 5 None MEM: 0 MB
LDB: TIME 6330.66 LOAD: AVG 0.588579 MAX 0.644638  PROXIES: TOTAL 344 MAXPE 47 MAXPATCH 5 RefineTorusLB MEM: 0 MB
LDB: TIME 6330.66 LOAD: AVG 0.588579 MAX 0.644638  PROXIES: TOTAL 344 MAXPE 47 MAXPATCH 5 RefineTorusLB MEM: 0 MB
LDB: ============== END OF LOAD BALANCING =============== 6330.66
Info: useSync: 0 useProxySync: 0
LDB: =============== DONE WITH MIGRATION ================ 6330.66
TIMING: 861000  CPU: 6317.72, 0.00731676/step  Wall: 6333.71, 0.00735211/step, 0.283873 hours remaining, 0.000000 MB of memory in use.
PERFORMANCE: 861000  averaging 23.4907 ns/day, 0.00735611 sec/step with standard deviation 5.38622e-05
ENERGY:  861000       401.2749      1088.6878      1346.8268        20.6796        -587461.6788     41897.6403        55.4452         0.0000     48457.0627        -494194.0615       292.7581   -542651.1241   -494097.2658       291.9983            -56.6218       -18.8500    831647.7459         8.2279         8.2886

TIMING: 862000  CPU: 6325.03, 0.00731063/step  Wall: 6341.05, 0.00734402/step, 0.281521 hours remaining, 0.000000 MB of memory in use.
PERFORMANCE: 862000  averaging 23.4907 ns/day, 0.0073561 sec/step with standard deviation 5.38325e-05
ENERGY:  862000       409.2790      1059.0891      1358.8056        16.6344        -587472.6411     41604.7227        54.9202         0.0000     48182.1397        -494787.0505       291.0972   -542969.1902   -494687.0021       291.6541           -261.8328      -224.4596    832546.8662        -1.7855        -1.7099

TIMING: 863000  CPU: 6332.35, 0.00732224/step  Wall: 6348.4, 0.00735183/step, 0.279778 hours remaining, 0.000000 MB of memory in use.
PERFORMANCE: 863000  averaging 23.4907 ns/day, 0.0073561 sec/step with standard deviation 5.38015e-05
ENERGY:  863000       395.6528      1069.0326      1362.9660        20.0622        -587749.3525     41909.7109        57.8021         0.0000     48724.3493        -494209.7766       294.3730   -542934.1259   -494111.3459       291.4569           -175.0837      -143.1123    834618.0883        -5.0412        -5.0915

TIMING: 864000  CPU: 6339.65, 0.0073023/step  Wall: 6355.73, 0.00732825/step, 0.276845 hours remaining, 0.000000 MB of memory in use.
PERFORMANCE: 864000  averaging 23.4908 ns/day, 0.00735606 sec/step with standard deviation 5.37786e-05
ENERGY:  864000       392.0633      1080.3633      1369.6945        16.3673        -587486.3725     41869.4532        49.9140         0.0000     48384.5774        -494323.9395       292.3202   -542708.5170   -494216.6322       292.3406           -122.9448       -88.0045    832995.4536         0.8087         0.7148

LDB: ============= START OF LOAD BALANCING ============== 6359.29
LDB: ============== END OF LOAD BALANCING =============== 6359.29
Info: useSync: 0 useProxySync: 0
LDB: =============== DONE WITH MIGRATION ================ 6359.29
LDB: ============= START OF LOAD BALANCING ============== 6360.03
LDB: TIME 6360.03 LOAD: AVG 0.588328 MAX 0.641327  PROXIES: TOTAL 344 MAXPE 47 MAXPATCH 5 None MEM: 0 MB
LDB: TIME 6360.03 LOAD: AVG 0.588328 MAX 0.641327  PROXIES: TOTAL 344 MAXPE 47 MAXPATCH 5 RefineTorusLB MEM: 0 MB
LDB: TIME 6360.03 LOAD: AVG 0.588328 MAX 0.641327  PROXIES: TOTAL 344 MAXPE 47 MAXPATCH 5 RefineTorusLB MEM: 0 MB
LDB: Reverting to original mapping
LDB: ============== END OF LOAD BALANCING =============== 6360.03
Info: useSync: 0 useProxySync: 0
LDB: =============== DONE WITH MIGRATION ================ 6360.03
TIMING: 865000  CPU: 6346.96, 0.00730566/step  Wall: 6363.06, 0.00733192/step, 0.274947 hours remaining, 0.000000 MB of memory in use.
PERFORMANCE: 865000  averaging 23.4909 ns/day, 0.00735604 sec/step with standard deviation 5.37538e-05
ENERGY:  865000       391.8262      1100.7874      1380.7895        18.5846        -587689.8973     42130.2215        52.1172         0.0000     48264.5601        -494351.0109       291.5951   -542615.5710   -494247.8242       292.1790            -46.6894       -13.6515    832613.5274         0.5102         0.4912

WRITING COORDINATES TO DCD FILE eq1.dcd AT STEP 865000
TIMING: 866000  CPU: 6354.27, 0.00731622/step  Wall: 6370.41, 0.00735007/step, 0.273586 hours remaining, 0.000000 MB of memory in use.
PERFORMANCE: 866000  averaging 23.4909 ns/day, 0.00735603 sec/step with standard deviation 5.37231e-05
ENERGY:  866000       394.2251      1068.4099      1341.0525        16.6879        -587349.7171     41686.6931        65.1811         0.0000     48659.8295        -494117.6379       293.9832   -542777.4674   -494007.8819       292.3164           -119.0840       -85.4291    830957.2918         1.1424         1.1156

TIMING: 867000  CPU: 6361.59, 0.0073152/step  Wall: 6377.76, 0.0073456/step, 0.271379 hours remaining, 0.000000 MB of memory in use.
PERFORMANCE: 867000  averaging 23.491 ns/day, 0.00735602 sec/step with standard deviation 5.36932e-05
ENERGY:  867000       378.6222      1077.6411      1342.5535        16.4068        -587725.8101     41968.7602        57.1324         0.0000     48429.9322        -494454.7618       292.5942   -542884.6940   -494352.1042       292.9067           -180.0562      -145.8882    833227.6317         4.7283         4.6713

TIMING: 868000  CPU: 6368.92, 0.00733393/step  Wall: 6385.12, 0.00735564/step, 0.269707 hours remaining, 0.000000 MB of memory in use.
PERFORMANCE: 868000  averaging 23.491 ns/day, 0.00735602 sec/step with standard deviation 5.36623e-05
ENERGY:  868000       383.8502      1093.2387      1352.9603        19.1360        -587776.0239     42216.5551        54.4555         0.0000     48407.3487        -494248.4795       292.4578   -542655.8282   -494143.4966       292.8067             52.6232        85.9268    831567.5237         6.4963         6.4955

LDB: ============= START OF LOAD BALANCING ============== 6388.68
LDB: ============== END OF LOAD BALANCING =============== 6388.68
Info: useSync: 0 useProxySync: 0
LDB: =============== DONE WITH MIGRATION ================ 6388.68
LDB: ============= START OF LOAD BALANCING ============== 6389.41
LDB: TIME 6389.41 LOAD: AVG 0.587536 MAX 0.647067  PROXIES: TOTAL 344 MAXPE 47 MAXPATCH 5 None MEM: 0 MB
LDB: TIME 6389.41 LOAD: AVG 0.587536 MAX 0.647067  PROXIES: TOTAL 344 MAXPE 47 MAXPATCH 5 RefineTorusLB MEM: 0 MB
LDB: TIME 6389.41 LOAD: AVG 0.587536 MAX 0.647067  PROXIES: TOTAL 344 MAXPE 47 MAXPATCH 5 RefineTorusLB MEM: 0 MB
LDB: ============== END OF LOAD BALANCING =============== 6389.41
Info: useSync: 0 useProxySync: 0
LDB: =============== DONE WITH MIGRATION ================ 6389.41
TIMING: 869000  CPU: 6376.22, 0.00730143/step  Wall: 6392.46, 0.00733955/step, 0.267078 hours remaining, 0.000000 MB of memory in use.
PERFORMANCE: 869000  averaging 23.491 ns/day, 0.007356 sec/step with standard deviation 5.36342e-05
ENERGY:  869000       390.2313      1013.6450      1357.6302        13.8102        -586728.8638     41312.4211        58.1783         0.0000     48493.2822        -494089.6654       292.9770   -542582.9476   -493989.7697       292.4834           -268.4005      -236.3880    833490.0153         1.0048         0.9989

WRITING COORDINATES TO DCD FILE eq1.dcd AT STEP 870000
WRITING COORDINATES TO RESTART FILE AT STEP 870000
FINISHED WRITING RESTART COORDINATES
TIMING: 870000  CPU: 6383.56, 0.0073401/step  Wall: 6399.84, 0.00738826/step, 0.266798 hours remaining, 0.000000 MB of memory in use.
PERFORMANCE: 870000  averaging 23.4909 ns/day, 0.00735603 sec/step with standard deviation 5.36145e-05
ETITLE:      TS           BOND          ANGLE          DIHED          IMPRP               ELECT            VDW       BOUNDARY           MISC        KINETIC               TOTAL           TEMP      POTENTIAL         TOTAL3        TEMPAVG            PRESSURE      GPRESSURE         VOLUME       PRESSAVG      GPRESSAVG

ENERGY:  870000       405.3080      1047.6246      1361.4336        18.6954        -586904.1387     41921.2292        51.1001         0.0000     48572.3608        -493526.3870       293.4547   -542098.7478   -493424.5984       293.3911            -22.8729         4.6297    832032.1127         1.7137         1.7019

WRITING EXTENDED SYSTEM TO RESTART FILE AT STEP 870000
WRITING VELOCITIES TO RESTART FILE AT STEP 870000
FINISHED WRITING RESTART VELOCITIES
TIMING: 871000  CPU: 6390.88, 0.00731793/step  Wall: 6407.22, 0.00737136/step, 0.26414 hours remaining, 0.000000 MB of memory in use.
PERFORMANCE: 871000  averaging 23.4909 ns/day, 0.00735605 sec/step with standard deviation 5.35862e-05
ENERGY:  871000       379.9747      1035.4921      1341.5867        14.7787        -587607.3548     42212.6405        54.8668         0.0000     48517.6571        -494050.3581       293.1242   -542568.0152   -493946.9949       292.9970              9.0183        42.3163    831911.1544        -4.8551        -4.8426

TIMING: 872000  CPU: 6398.2, 0.00732097/step  Wall: 6414.57, 0.00735542/step, 0.261526 hours remaining, 0.000000 MB of memory in use.
PERFORMANCE: 872000  averaging 23.4909 ns/day, 0.00735605 sec/step with standard deviation 5.35555e-05
ENERGY:  872000       418.7664      1089.3425      1345.9554        18.1964        -587493.4927     42084.6339        55.3843         0.0000     48249.2163        -494231.9975       291.5024   -542481.2138   -494139.6844       292.6490           -130.7408      -100.0251    833087.3272        -1.4714        -1.4902

LDB: ============= START OF LOAD BALANCING ============== 6418.13
LDB: ============== END OF LOAD BALANCING =============== 6418.13
Info: useSync: 0 useProxySync: 0
LDB: =============== DONE WITH MIGRATION ================ 6418.13
LDB: ============= START OF LOAD BALANCING ============== 6418.86
LDB: TIME 6418.86 LOAD: AVG 0.589929 MAX 0.642611  PROXIES: TOTAL 344 MAXPE 47 MAXPATCH 5 None MEM: 0 MB
LDB: TIME 6418.86 LOAD: AVG 0.589929 MAX 0.642611  PROXIES: TOTAL 344 MAXPE 47 MAXPATCH 5 RefineTorusLB MEM: 0 MB
LDB: TIME 6418.86 LOAD: AVG 0.589929 MAX 0.642611  PROXIES: TOTAL 344 MAXPE 47 MAXPATCH 5 RefineTorusLB MEM: 0 MB
LDB: ============== END OF LOAD BALANCING =============== 6418.86
Info: useSync: 0 useProxySync: 0
LDB: =============== DONE WITH MIGRATION ================ 6418.86
TIMING: 873000  CPU: 6405.51, 0.00730782/step  Wall: 6421.91, 0.00734131/step, 0.258985 hours remaining, 0.000000 MB of memory in use.
PERFORMANCE: 873000  averaging 23.4909 ns/day, 0.00735603 sec/step with standard deviation 5.35271e-05
ENERGY:  873000       399.1225      1076.4989      1337.1696        13.3835        -587332.6530     41994.5530        50.1056         0.0000     48352.4611        -494109.3588       292.1262   -542461.8198   -494006.0207       292.6941            -69.0497       -34.6510    832475.2069         0.8007         0.7944

TIMING: 874000  CPU: 6412.85, 0.00733503/step  Wall: 6429.28, 0.00736327/step, 0.257714 hours remaining, 0.000000 MB of memory in use.
PERFORMANCE: 874000  averaging 23.4909 ns/day, 0.00735604 sec/step with standard deviation 5.3497e-05
ENERGY:  874000       380.7162      1117.4731      1346.5175        23.1964        -586841.6048     41561.3349        50.0781         0.0000     48366.6185        -493995.6702       292.2117   -542362.2886   -493882.4776       292.5198           -151.3356      -120.0974    832419.5915         9.8345         9.8000

TIMING: 875000  CPU: 6420.18, 0.00733216/step  Wall: 6436.63, 0.00735683/step, 0.255445 hours remaining, 0.000000 MB of memory in use.
PERFORMANCE: 875000  averaging 23.4909 ns/day, 0.00735604 sec/step with standard deviation 5.34664e-05
ENERGY:  875000       409.5555      1112.6361      1349.6703        17.0935        -587335.6033     41874.0340        59.1629         0.0000     48466.7468        -494046.7041       292.8166   -542513.4509   -493942.9523       292.8837            -84.8476       -48.5124    829943.1112         4.9808         5.0491

WRITING COORDINATES TO DCD FILE eq1.dcd AT STEP 875000
TIMING: 876000  CPU: 6427.51, 0.00732768/step  Wall: 6443.99, 0.00735899/step, 0.253476 hours remaining, 0.000000 MB of memory in use.
PERFORMANCE: 876000  averaging 23.4909 ns/day, 0.00735605 sec/step with standard deviation 5.34359e-05
ENERGY:  876000       370.4198      1088.5038      1356.9696        20.4237        -588220.1686     42416.3427        54.2482         0.0000     48943.2048        -493970.0560       295.6952   -542913.2607   -493864.6568       293.0599             89.4451       124.9341    832023.6956         1.0214         1.0049

LDB: ============= START OF LOAD BALANCING ============== 6447.56
LDB: ============== END OF LOAD BALANCING =============== 6447.56
Info: useSync: 0 useProxySync: 0
LDB: =============== DONE WITH MIGRATION ================ 6447.56
LDB: ============= START OF LOAD BALANCING ============== 6448.3
LDB: TIME 6448.3 LOAD: AVG 0.588725 MAX 0.648906  PROXIES: TOTAL 344 MAXPE 47 MAXPATCH 5 None MEM: 0 MB
LDB: TIME 6448.3 LOAD: AVG 0.588725 MAX 0.648906  PROXIES: TOTAL 344 MAXPE 47 MAXPATCH 5 RefineTorusLB MEM: 0 MB
LDB: TIME 6448.3 LOAD: AVG 0.588725 MAX 0.648906  PROXIES: TOTAL 344 MAXPE 47 MAXPATCH 5 RefineTorusLB MEM: 0 MB
LDB: Reverting to original mapping
LDB: ============== END OF LOAD BALANCING =============== 6448.3
Info: useSync: 0 useProxySync: 0
LDB: =============== DONE WITH MIGRATION ================ 6448.3
TIMING: 877000  CPU: 6434.84, 0.00733137/step  Wall: 6451.36, 0.00736418/step, 0.251609 hours remaining, 0.000000 MB of memory in use.
PERFORMANCE: 877000  averaging 23.4908 ns/day, 0.00735606 sec/step with standard deviation 5.34061e-05
ENERGY:  877000       406.2844      1088.1176      1352.7092        17.3489        -587282.2622     42028.5808        46.7122         0.0000     48439.2444        -493903.2647       292.6505   -542342.5091   -493800.3688       293.2183            -22.9254        10.4754    831719.6835        -0.9101        -0.8871

TIMING: 878000  CPU: 6442.16, 0.00732558/step  Wall: 6458.72, 0.00736443/step, 0.249572 hours remaining, 0.000000 MB of memory in use.
PERFORMANCE: 878000  averaging 23.4908 ns/day, 0.00735607 sec/step with standard deviation 5.33764e-05
ENERGY:  878000       390.9584      1080.8846      1350.8932        19.9751        -587788.5720     42045.1659        53.7262         0.0000     48230.9939        -494615.9747       291.3923   -542846.9686   -494513.4642       292.6477           -113.4895       -76.8240    832034.7818        -2.2908        -2.3274

TIMING: 879000  CPU: 6449.5, 0.00733867/step  Wall: 6466.08, 0.00736018/step, 0.247384 hours remaining, 0.000000 MB of memory in use.
PERFORMANCE: 879000  averaging 23.4908 ns/day, 0.00735607 sec/step with standard deviation 5.33462e-05
ENERGY:  879000       410.3224      1051.2548      1356.9488        17.4772        -587958.6521     42177.7598        55.4420         0.0000     48240.5395        -494648.9075       291.4500   -542889.4470   -494548.0220       291.5808            -23.1851        11.9293    831452.5096        -0.0452        -0.0525

WRITING COORDINATES TO DCD FILE eq1.dcd AT STEP 880000
WRITING COORDINATES TO RESTART FILE AT STEP 880000
FINISHED WRITING RESTART COORDINATES
TIMING: 880000  CPU: 6456.85, 0.00734426/step  Wall: 6473.47, 0.00739024/step, 0.246341 hours remaining, 0.000000 MB of memory in use.
PERFORMANCE: 880000  averaging 23.4907 ns/day, 0.00735611 sec/step with standard deviation 5.33282e-05
ETITLE:      TS           BOND          ANGLE          DIHED          IMPRP               ELECT            VDW       BOUNDARY           MISC        KINETIC               TOTAL           TEMP      POTENTIAL         TOTAL3        TEMPAVG            PRESSURE      GPRESSURE         VOLUME       PRESSAVG      GPRESSAVG

ENERGY:  880000       428.4163      1049.7931      1341.1409        13.2267        -587195.6133     41822.8917        51.0094         0.0000     48220.6080        -494268.5271       291.3296   -542489.1352   -494162.5968       291.8384           -126.5953       -95.0573    831226.1671         2.1067         2.1386

WRITING EXTENDED SYSTEM TO RESTART FILE AT STEP 880000
WRITING VELOCITIES TO RESTART FILE AT STEP 880000
FINISHED WRITING RESTART VELOCITIES
LDB: ============= START OF LOAD BALANCING ============== 6477.07
LDB: ============== END OF LOAD BALANCING =============== 6477.07
Info: useSync: 0 useProxySync: 0
LDB: =============== DONE WITH MIGRATION ================ 6477.07
LDB: ============= START OF LOAD BALANCING ============== 6477.81
LDB: TIME 6477.81 LOAD: AVG 0.589613 MAX 0.649031  PROXIES: TOTAL 344 MAXPE 47 MAXPATCH 5 None MEM: 0 MB
LDB: TIME 6477.81 LOAD: AVG 0.589613 MAX 0.649031  PROXIES: TOTAL 344 MAXPE 47 MAXPATCH 5 RefineTorusLB MEM: 0 MB
LDB: TIME 6477.81 LOAD: AVG 0.589613 MAX 0.649031  PROXIES: TOTAL 344 MAXPE 47 MAXPATCH 5 RefineTorusLB MEM: 0 MB
LDB: ============== END OF LOAD BALANCING =============== 6477.81
Info: useSync: 0 useProxySync: 0
LDB: =============== DONE WITH MIGRATION ================ 6477.81
TIMING: 881000  CPU: 6464.19, 0.00734275/step  Wall: 6480.87, 0.00739524/step, 0.244454 hours remaining, 0.000000 MB of memory in use.
PERFORMANCE: 881000  averaging 23.4905 ns/day, 0.00735615 sec/step with standard deviation 5.33142e-05
ENERGY:  881000       397.5596      1081.4909      1339.0390        19.7416        -587363.3177     41783.1810        46.3687         0.0000     48247.2403        -494448.6966       291.4905   -542695.9369   -494348.7715       292.3669           -143.7834      -109.5725    831192.6611         1.2594         1.2641

TIMING: 882000  CPU: 6471.5, 0.00731249/step  Wall: 6488.21, 0.00734206/step, 0.240657 hours remaining, 0.000000 MB of memory in use.
PERFORMANCE: 882000  averaging 23.4906 ns/day, 0.00735614 sec/step with standard deviation 5.32861e-05
ENERGY:  882000       378.7960      1104.9691      1342.2844        12.0964        -587217.0754     41653.1480        43.4302         0.0000     48402.9496        -494279.4016       292.4312   -542682.3511   -494168.3536       292.5923           -134.4739       -95.5002    830787.0320        -1.3442        -1.3588

TIMING: 883000  CPU: 6478.83, 0.00733047/step  Wall: 6495.57, 0.00735772/step, 0.239126 hours remaining, 0.000000 MB of memory in use.
PERFORMANCE: 883000  averaging 23.4906 ns/day, 0.00735614 sec/step with standard deviation 5.32559e-05
ENERGY:  883000       375.7095      1072.0278      1367.0346        18.1311        -587023.8721     41802.7282        57.7398         0.0000     48366.3853        -493964.1159       292.2103   -542330.5011   -493860.6436       292.3746            -76.9752       -45.8276    833104.0338         1.5932         1.5938

TIMING: 884000  CPU: 6486.14, 0.00730885/step  Wall: 6502.91, 0.00734036/step, 0.236523 hours remaining, 0.000000 MB of memory in use.
PERFORMANCE: 884000  averaging 23.4906 ns/day, 0.00735612 sec/step with standard deviation 5.32284e-05
ENERGY:  884000       405.3542      1052.9169      1341.3275        20.9544        -587667.0421     42362.4065        50.5691         0.0000     48107.2344        -494326.2791       290.6446   -542433.5135   -494222.8332       292.1122             67.7877       101.7171    832620.5954        -0.0292        -0.0356

LDB: ============= START OF LOAD BALANCING ============== 6506.47
LDB: ============== END OF LOAD BALANCING =============== 6506.47
Info: useSync: 0 useProxySync: 0
LDB: =============== DONE WITH MIGRATION ================ 6506.47
LDB: ============= START OF LOAD BALANCING ============== 6507.21
LDB: TIME 6507.21 LOAD: AVG 0.589704 MAX 0.647765  PROXIES: TOTAL 344 MAXPE 47 MAXPATCH 5 None MEM: 0 MB
LDB: TIME 6507.21 LOAD: AVG 0.589704 MAX 0.647765  PROXIES: TOTAL 344 MAXPE 47 MAXPATCH 5 RefineTorusLB MEM: 0 MB
LDB: TIME 6507.21 LOAD: AVG 0.589704 MAX 0.647765  PROXIES: TOTAL 344 MAXPE 47 MAXPATCH 5 RefineTorusLB MEM: 0 MB
LDB: Reverting to original mapping
LDB: ============== END OF LOAD BALANCING =============== 6507.21
Info: useSync: 0 useProxySync: 0
LDB: =============== DONE WITH MIGRATION ================ 6507.21
WRITING COORDINATES TO DCD FILE eq1.dcd AT STEP 885000
TIMING: 885000  CPU: 6493.47, 0.00733044/step  Wall: 6510.27, 0.00736286/step, 0.235203 hours remaining, 0.000000 MB of memory in use.
PERFORMANCE: 885000  averaging 23.4906 ns/day, 0.00735613 sec/step with standard deviation 5.31987e-05
ENERGY:  885000       380.2350      1019.7896      1354.5010        16.8511        -587121.8585     41519.3919        59.4055         0.0000     48429.5108        -494342.1735       292.5917   -542771.6843   -494241.3467       292.4381           -164.3465      -132.1085    832496.4608         3.8364         3.7982

TIMING: 886000  CPU: 6500.78, 0.0073112/step  Wall: 6517.61, 0.00734647/step, 0.232638 hours remaining, 0.000000 MB of memory in use.
PERFORMANCE: 886000  averaging 23.4906 ns/day, 0.00735612 sec/step with standard deviation 5.31697e-05
ENERGY:  886000       404.4600      1095.2581      1340.3711        14.9322        -587462.9642     41872.4782        56.0951         0.0000     48248.0558        -494431.3137       291.4954   -542679.3695   -494321.4516       291.7702           -115.7321       -81.8372    830863.8830         0.8927         0.9358

TIMING: 887000  CPU: 6508.09, 0.00730875/step  Wall: 6524.95, 0.00733432/step, 0.230216 hours remaining, 0.000000 MB of memory in use.
PERFORMANCE: 887000  averaging 23.4907 ns/day, 0.00735609 sec/step with standard deviation 5.31447e-05
ENERGY:  887000       398.5194      1107.8335      1327.1140        15.8969        -587387.7696     41875.0130        53.6035         0.0000     48161.4946        -494448.2947       290.9724   -542609.7893   -494336.8860       292.1226            -46.7492       -12.5984    831760.4634        -0.7980        -0.8630

TIMING: 888000  CPU: 6515.41, 0.007318/step  Wall: 6532.3, 0.00735199/step, 0.228729 hours remaining, 0.000000 MB of memory in use.
PERFORMANCE: 888000  averaging 23.4907 ns/day, 0.00735609 sec/step with standard deviation 5.31149e-05
ENERGY:  888000       402.0271      1093.4021      1350.4427        18.5651        -588045.7881     42320.0296        58.9832         0.0000     48288.9885        -494513.3498       291.7427   -542802.3383   -494404.1355       292.0984            125.5148       158.9131    830522.8787         2.2360         2.2237

LDB: ============= START OF LOAD BALANCING ============== 6535.87
LDB: ============== END OF LOAD BALANCING =============== 6535.87
Info: useSync: 0 useProxySync: 0
LDB: =============== DONE WITH MIGRATION ================ 6535.87
LDB: ============= START OF LOAD BALANCING ============== 6536.6
LDB: TIME 6536.6 LOAD: AVG 0.58862 MAX 0.645009  PROXIES: TOTAL 344 MAXPE 47 MAXPATCH 5 None MEM: 0 MB
LDB: TIME 6536.6 LOAD: AVG 0.58862 MAX 0.645009  PROXIES: TOTAL 344 MAXPE 47 MAXPATCH 5 RefineTorusLB MEM: 0 MB
LDB: TIME 6536.6 LOAD: AVG 0.58862 MAX 0.645009  PROXIES: TOTAL 344 MAXPE 47 MAXPATCH 5 RefineTorusLB MEM: 0 MB
LDB: Reverting to original mapping
LDB: ============== END OF LOAD BALANCING =============== 6536.6
Info: useSync: 0 useProxySync: 0
LDB: =============== DONE WITH MIGRATION ================ 6536.6
TIMING: 889000  CPU: 6522.72, 0.00731016/step  Wall: 6539.64, 0.00734189/step, 0.226375 hours remaining, 0.000000 MB of memory in use.
PERFORMANCE: 889000  averaging 23.4908 ns/day, 0.00735607 sec/step with standard deviation 5.30871e-05
ENERGY:  889000       390.8338      1120.0569      1322.1827        19.1283        -587617.3030     42149.3004        54.3367         0.0000     48183.3835        -494378.0806       291.1047   -542561.4641   -494273.3771       291.7397             -5.0001        26.5334    832290.7275         2.4424         2.4331

WRITING COORDINATES TO DCD FILE eq1.dcd AT STEP 890000
WRITING COORDINATES TO RESTART FILE AT STEP 890000
FINISHED WRITING RESTART COORDINATES
TIMING: 890000  CPU: 6530.07, 0.00735335/step  Wall: 6547.05, 0.00740375/step, 0.226226 hours remaining, 0.000000 MB of memory in use.
PERFORMANCE: 890000  averaging 23.4906 ns/day, 0.00735613 sec/step with standard deviation 5.30813e-05
ETITLE:      TS           BOND          ANGLE          DIHED          IMPRP               ELECT            VDW       BOUNDARY           MISC        KINETIC               TOTAL           TEMP      POTENTIAL         TOTAL3        TEMPAVG            PRESSURE      GPRESSURE         VOLUME       PRESSAVG      GPRESSAVG

ENERGY:  890000       367.1029      1075.4741      1344.8008        18.5339        -587515.6832     41956.0023        53.0823         0.0000     48098.3160        -494602.3709       290.5907   -542700.6869   -494499.2557       292.2036             -5.8434        26.5978    829662.0675         6.3662         6.3679

WRITING EXTENDED SYSTEM TO RESTART FILE AT STEP 890000
WRITING VELOCITIES TO RESTART FILE AT STEP 890000
FINISHED WRITING RESTART VELOCITIES
TIMING: 891000  CPU: 6537.4, 0.0073277/step  Wall: 6554.43, 0.00738491/step, 0.223599 hours remaining, 0.000000 MB of memory in use.
PERFORMANCE: 891000  averaging 23.4905 ns/day, 0.00735616 sec/step with standard deviation 5.30603e-05
ENERGY:  891000       397.3570      1046.4637      1326.9820        15.7110        -587367.2886     41777.2409        53.7922         0.0000     48331.9858        -494417.7560       292.0025   -542749.7418   -494311.8739       291.8899           -114.7878       -80.6310    831423.2576        -0.4781        -0.4643

TIMING: 892000  CPU: 6544.72, 0.00732413/step  Wall: 6561.79, 0.0073575/step, 0.220725 hours remaining, 0.000000 MB of memory in use.
PERFORMANCE: 892000  averaging 23.4905 ns/day, 0.00735616 sec/step with standard deviation 5.30305e-05
ENERGY:  892000       400.0475      1082.2251      1340.9453        18.3053        -587011.7714     41512.7513        59.6824         0.0000     48378.8393        -494218.9750       292.2855   -542597.8144   -494107.2172       291.6902           -231.9992      -202.5626    832903.8612         2.1451         2.1285

LDB: ============= START OF LOAD BALANCING ============== 6565.36
LDB: ============== END OF LOAD BALANCING =============== 6565.36
Info: useSync: 0 useProxySync: 0
LDB: =============== DONE WITH MIGRATION ================ 6565.36
LDB: ============= START OF LOAD BALANCING ============== 6566.1
LDB: TIME 6566.1 LOAD: AVG 0.588545 MAX 0.646601  PROXIES: TOTAL 344 MAXPE 47 MAXPATCH 5 None MEM: 0 MB
LDB: TIME 6566.1 LOAD: AVG 0.588545 MAX 0.646601  PROXIES: TOTAL 344 MAXPE 47 MAXPATCH 5 RefineTorusLB MEM: 0 MB
LDB: TIME 6566.1 LOAD: AVG 0.588545 MAX 0.646601  PROXIES: TOTAL 344 MAXPE 47 MAXPATCH 5 RefineTorusLB MEM: 0 MB
LDB: Reverting to original mapping
LDB: ============== END OF LOAD BALANCING =============== 6566.1
Info: useSync: 0 useProxySync: 0
LDB: =============== DONE WITH MIGRATION ================ 6566.1
TIMING: 893000  CPU: 6552.05, 0.0073252/step  Wall: 6569.14, 0.00735341/step, 0.21856 hours remaining, 0.000000 MB of memory in use.
PERFORMANCE: 893000  averaging 23.4905 ns/day, 0.00735616 sec/step with standard deviation 5.30008e-05
ENERGY:  893000       402.3939      1024.8615      1350.9078        15.9329        -587449.3973     42077.6600        53.0911         0.0000     48616.1848        -493908.3653       293.7195   -542524.5501   -493803.5588       292.9141             29.7873        61.0003    831787.2157        -4.2812        -4.2508

TIMING: 894000  CPU: 6559.38, 0.00733013/step  Wall: 6576.5, 0.00735739/step, 0.216634 hours remaining, 0.000000 MB of memory in use.
PERFORMANCE: 894000  averaging 23.4905 ns/day, 0.00735616 sec/step with standard deviation 5.29712e-05
ENERGY:  894000       404.6599      1071.7433      1353.6042        15.2098        -587459.3160     41788.1415        45.7797         0.0000     48530.8264        -494249.3511       293.2038   -542780.1776   -494140.9525       292.8171           -138.4693      -106.5895    832758.1273         1.3639         1.3329

WRITING COORDINATES TO DCD FILE eq1.dcd AT STEP 895000
TIMING: 895000  CPU: 6566.71, 0.00732537/step  Wall: 6583.86, 0.0073605/step, 0.214681 hours remaining, 0.000000 MB of memory in use.
PERFORMANCE: 895000  averaging 23.4905 ns/day, 0.00735616 sec/step with standard deviation 5.29417e-05
ENERGY:  895000       415.0539      1095.4180      1357.7532        21.1282        -587449.0704     42002.8077        53.6655         0.0000     48482.2719        -494020.9720       292.9104   -542503.2439   -493917.8943       292.3152            -67.8168       -35.4585    831982.9104        -1.6618        -1.6152

TIMING: 896000  CPU: 6574.02, 0.00731544/step  Wall: 6591.21, 0.00735105/step, 0.212364 hours remaining, 0.000000 MB of memory in use.
PERFORMANCE: 896000  averaging 23.4905 ns/day, 0.00735616 sec/step with standard deviation 5.29124e-05
ENERGY:  896000       380.1552      1066.1079      1359.1518        20.0998        -588050.1670     42378.8717        53.8285         0.0000     48462.7769        -494329.1752       292.7927   -542791.9520   -494217.6485       292.0257              1.3522        33.2282    833024.6592         0.9136         0.9125

LDB: ============= START OF LOAD BALANCING ============== 6594.78
LDB: ============== END OF LOAD BALANCING =============== 6594.78
Info: useSync: 0 useProxySync: 0
LDB: =============== DONE WITH MIGRATION ================ 6594.78
LDB: ============= START OF LOAD BALANCING ============== 6595.52
LDB: TIME 6595.52 LOAD: AVG 0.58892 MAX 0.648678  PROXIES: TOTAL 344 MAXPE 47 MAXPATCH 5 None MEM: 0 MB
LDB: TIME 6595.52 LOAD: AVG 0.58892 MAX 0.648678  PROXIES: TOTAL 344 MAXPE 47 MAXPATCH 5 RefineTorusLB MEM: 0 MB
LDB: TIME 6595.52 LOAD: AVG 0.58892 MAX 0.648678  PROXIES: TOTAL 344 MAXPE 47 MAXPATCH 5 RefineTorusLB MEM: 0 MB
LDB: ============== END OF LOAD BALANCING =============== 6595.52
Info: useSync: 0 useProxySync: 0
LDB: =============== DONE WITH MIGRATION ================ 6595.52
TIMING: 897000  CPU: 6581.36, 0.00733444/step  Wall: 6598.57, 0.00735541/step, 0.210446 hours remaining, 0.000000 MB of memory in use.
PERFORMANCE: 897000  averaging 23.4905 ns/day, 0.00735616 sec/step with standard deviation 5.28829e-05
ENERGY:  897000       408.8018      1069.1958      1344.0784        19.1382        -587519.5631     42066.9887        46.8816         0.0000     48507.6334        -494056.8452       293.0637   -542564.4787   -493946.4489       292.4576             13.2290        41.3771    831123.6146         1.2169         1.2077

TIMING: 898000  CPU: 6588.68, 0.00732142/step  Wall: 6605.92, 0.00734965/step, 0.20824 hours remaining, 0.000000 MB of memory in use.
PERFORMANCE: 898000  averaging 23.4905 ns/day, 0.00735615 sec/step with standard deviation 5.28539e-05
ENERGY:  898000       414.0244      1087.1104      1359.9558        21.0699        -587524.4564     41903.4381        52.3336         0.0000     48607.5871        -494078.9370       293.6675   -542686.5241   -493971.6094       292.8640            -44.3409       -13.2341    830319.7798        -1.6318        -1.6531

TIMING: 899000  CPU: 6596, 0.00731968/step  Wall: 6613.27, 0.00735227/step, 0.206272 hours remaining, 0.000000 MB of memory in use.
PERFORMANCE: 899000  averaging 23.4906 ns/day, 0.00735615 sec/step with standard deviation 5.28246e-05
ENERGY:  899000       413.2746      1083.7371      1361.5611        21.5277        -587514.4213     42074.4812        49.2668         0.0000     48547.7629        -493962.8099       293.3061   -542510.5728   -493872.4608       293.1579             23.7759        57.2887    830632.0233         3.4117         3.3510

WRITING COORDINATES TO DCD FILE eq1.dcd AT STEP 900000
WRITING COORDINATES TO RESTART FILE AT STEP 900000
FINISHED WRITING RESTART COORDINATES
TIMING: 900000  CPU: 6603.35, 0.00735368/step  Wall: 6620.67, 0.00740281/step, 0.205634 hours remaining, 0.000000 MB of memory in use.
PERFORMANCE: 900000  averaging 23.4904 ns/day, 0.0073562 sec/step with standard deviation 5.28181e-05
ETITLE:      TS           BOND          ANGLE          DIHED          IMPRP               ELECT            VDW       BOUNDARY           MISC        KINETIC               TOTAL           TEMP      POTENTIAL         TOTAL3        TEMPAVG            PRESSURE      GPRESSURE         VOLUME       PRESSAVG      GPRESSAVG

ENERGY:  900000       413.0981      1118.1154      1358.6954        20.1396        -587398.1250     41942.0825        47.7492         0.0000     48273.8427        -494224.4022       291.6512   -542498.2448   -494119.0174       292.8458            -31.3948         0.3806    831896.4597         0.8657         0.8501

WRITING EXTENDED SYSTEM TO RESTART FILE AT STEP 900000
WRITING VELOCITIES TO RESTART FILE AT STEP 900000
FINISHED WRITING RESTART VELOCITIES
LDB: ============= START OF LOAD BALANCING ============== 6624.26
LDB: ============== END OF LOAD BALANCING =============== 6624.26
Info: useSync: 0 useProxySync: 0
LDB: =============== DONE WITH MIGRATION ================ 6624.26
LDB: ============= START OF LOAD BALANCING ============== 6624.99
LDB: TIME 6625 LOAD: AVG 0.588422 MAX 0.641597  PROXIES: TOTAL 344 MAXPE 47 MAXPATCH 5 None MEM: 0 MB
LDB: TIME 6625 LOAD: AVG 0.588422 MAX 0.641597  PROXIES: TOTAL 344 MAXPE 47 MAXPATCH 5 RefineTorusLB MEM: 0 MB
LDB: TIME 6625 LOAD: AVG 0.588422 MAX 0.641597  PROXIES: TOTAL 344 MAXPE 47 MAXPATCH 5 RefineTorusLB MEM: 0 MB
LDB: ============== END OF LOAD BALANCING =============== 6625
Info: useSync: 0 useProxySync: 0
LDB: =============== DONE WITH MIGRATION ================ 6625
TIMING: 901000  CPU: 6610.66, 0.00731464/step  Wall: 6628.04, 0.00736795/step, 0.202619 hours remaining, 0.000000 MB of memory in use.
PERFORMANCE: 901000  averaging 23.4904 ns/day, 0.00735621 sec/step with standard deviation 5.27902e-05
ENERGY:  901000       381.2733      1045.6444      1359.0382        21.5113        -587796.4936     42119.7656        57.6496         0.0000     48496.5202        -494315.0911       292.9965   -542811.6113   -494207.1620       292.2064            -37.8779        -3.4324    832133.0710        -1.4424        -1.4421

TIMING: 902000  CPU: 6617.97, 0.00730689/step  Wall: 6635.38, 0.00733773/step, 0.199749 hours remaining, 0.000000 MB of memory in use.
PERFORMANCE: 902000  averaging 23.4904 ns/day, 0.00735619 sec/step with standard deviation 5.27645e-05
ENERGY:  902000       408.3053      1068.1600      1347.2844        24.1962        -587141.2496     41995.6079        51.7272         0.0000     48371.4036        -493874.5651       292.2406   -542245.9687   -493766.3119       292.6745             83.8180       117.7097    830443.5304         8.2801         8.2866

TIMING: 903000  CPU: 6625.28, 0.00730965/step  Wall: 6642.72, 0.00734579/step, 0.197928 hours remaining, 0.000000 MB of memory in use.
PERFORMANCE: 903000  averaging 23.4905 ns/day, 0.00735618 sec/step with standard deviation 5.27364e-05
ENERGY:  903000       378.8358      1048.9206      1339.0224        19.2613        -587238.5182     42060.0249        50.8125         0.0000     48506.0772        -493835.5635       293.0543   -542341.6407   -493728.8240       292.9913             15.6074        51.1438    832494.2411        -0.5338        -0.5328

TIMING: 904000  CPU: 6632.6, 0.00731602/step  Wall: 6650.06, 0.0073417/step, 0.195779 hours remaining, 0.000000 MB of memory in use.
PERFORMANCE: 904000  averaging 23.4905 ns/day, 0.00735616 sec/step with standard deviation 5.27094e-05
ENERGY:  904000       417.1777      1102.4954      1354.0095        20.0128        -587445.9526     42206.2017        54.6585         0.0000     48511.5297        -493779.8674       293.0872   -542291.3971   -493681.8036       293.1061              9.3390        43.6145    831193.6285         1.7811         1.7255

LDB: ============= START OF LOAD BALANCING ============== 6653.63
LDB: ============== END OF LOAD BALANCING =============== 6653.63
Info: useSync: 0 useProxySync: 0
LDB: =============== DONE WITH MIGRATION ================ 6653.63
LDB: ============= START OF LOAD BALANCING ============== 6654.36
LDB: TIME 6654.36 LOAD: AVG 0.587912 MAX 0.642712  PROXIES: TOTAL 344 MAXPE 47 MAXPATCH 5 None MEM: 0 MB
LDB: TIME 6654.36 LOAD: AVG 0.587912 MAX 0.642712  PROXIES: TOTAL 344 MAXPE 47 MAXPATCH 5 RefineTorusLB MEM: 0 MB
LDB: TIME 6654.36 LOAD: AVG 0.587912 MAX 0.642712  PROXIES: TOTAL 344 MAXPE 47 MAXPATCH 5 RefineTorusLB MEM: 0 MB
LDB: Reverting to original mapping
LDB: ============== END OF LOAD BALANCING =============== 6654.36
Info: useSync: 0 useProxySync: 0
LDB: =============== DONE WITH MIGRATION ================ 6654.36
WRITING COORDINATES TO DCD FILE eq1.dcd AT STEP 905000
TIMING: 905000  CPU: 6639.92, 0.00731826/step  Wall: 6657.41, 0.0073483/step, 0.193913 hours remaining, 0.000000 MB of memory in use.
PERFORMANCE: 905000  averaging 23.4905 ns/day, 0.00735615 sec/step with standard deviation 5.26809e-05
ENERGY:  905000       372.2496      1108.4840      1337.9612        13.7688        -587364.2038     41881.0118        54.9985         0.0000     48531.2560        -494064.4739       293.2064   -542595.7299   -493957.6737       292.8154            -99.9878       -62.9765    831383.0124         1.2625         1.2173

TIMING: 906000  CPU: 6647.23, 0.00730997/step  Wall: 6664.75, 0.00733976/step, 0.191649 hours remaining, 0.000000 MB of memory in use.
PERFORMANCE: 906000  averaging 23.4906 ns/day, 0.00735614 sec/step with standard deviation 5.26546e-05
ENERGY:  906000       369.8165      1124.1681      1349.7619        15.5843        -587611.5071     42315.6103        54.3556         0.0000     48378.1825        -494004.0279       292.2816   -542382.2104   -493905.3325       292.7965             -9.2950        23.5002    834463.2682         1.6929         1.7193

TIMING: 907000  CPU: 6654.55, 0.00732088/step  Wall: 6672.1, 0.00734945/step, 0.189861 hours remaining, 0.000000 MB of memory in use.
PERFORMANCE: 907000  averaging 23.4906 ns/day, 0.00735613 sec/step with standard deviation 5.2626e-05
ENERGY:  907000       390.8152      1071.4905      1361.5808        19.7100        -587653.9552     42207.2667        56.3825         0.0000     48264.3366        -494282.3729       291.5938   -542546.7095   -494176.8616       292.6135             25.7629        56.8224    831032.5195        -1.7657        -1.7730

TIMING: 908000  CPU: 6661.87, 0.00732194/step  Wall: 6679.46, 0.00735327/step, 0.187917 hours remaining, 0.000000 MB of memory in use.
PERFORMANCE: 908000  averaging 23.4906 ns/day, 0.00735613 sec/step with standard deviation 5.2597e-05
ENERGY:  908000       389.4452      1055.6616      1339.6343        12.9066        -587715.0961     42019.8164        53.3705         0.0000     48372.1445        -494472.1170       292.2451   -542844.2615   -494359.8823       292.2671             17.2067        54.6365    829028.6620         6.0854         6.1139

LDB: ============= START OF LOAD BALANCING ============== 6683.02
LDB: ============== END OF LOAD BALANCING =============== 6683.02
Info: useSync: 0 useProxySync: 0
LDB: =============== DONE WITH MIGRATION ================ 6683.02
LDB: ============= START OF LOAD BALANCING ============== 6683.76
LDB: TIME 6683.76 LOAD: AVG 0.588026 MAX 0.643946  PROXIES: TOTAL 344 MAXPE 47 MAXPATCH 5 None MEM: 0 MB
LDB: TIME 6683.76 LOAD: AVG 0.588026 MAX 0.643946  PROXIES: TOTAL 344 MAXPE 47 MAXPATCH 5 RefineTorusLB MEM: 0 MB
LDB: TIME 6683.76 LOAD: AVG 0.588026 MAX 0.643946  PROXIES: TOTAL 344 MAXPE 47 MAXPATCH 5 RefineTorusLB MEM: 0 MB
LDB: ============== END OF LOAD BALANCING =============== 6683.76
Info: useSync: 0 useProxySync: 0
LDB: =============== DONE WITH MIGRATION ================ 6683.76
TIMING: 909000  CPU: 6669.17, 0.00729822/step  Wall: 6686.79, 0.00733188/step, 0.185334 hours remaining, 0.000000 MB of memory in use.
PERFORMANCE: 909000  averaging 23.4907 ns/day, 0.0073561 sec/step with standard deviation 5.25742e-05
ENERGY:  909000       395.8501      1057.5972      1352.6839        19.6939        -587756.9243     42171.7450        51.6374         0.0000     48640.2071        -494067.5097       293.8646   -542707.7168   -493974.5733       292.5739             -2.6524        31.4766    832029.5971         4.0515         4.0632

WRITING COORDINATES TO DCD FILE eq1.dcd AT STEP 910000
WRITING COORDINATES TO RESTART FILE AT STEP 910000
FINISHED WRITING RESTART COORDINATES
TIMING: 910000  CPU: 6676.51, 0.00734747/step  Wall: 6694.18, 0.00739586/step, 0.184897 hours remaining, 0.000000 MB of memory in use.
PERFORMANCE: 910000  averaging 23.4906 ns/day, 0.00735614 sec/step with standard deviation 5.25618e-05
ETITLE:      TS           BOND          ANGLE          DIHED          IMPRP               ELECT            VDW       BOUNDARY           MISC        KINETIC               TOTAL           TEMP      POTENTIAL         TOTAL3        TEMPAVG            PRESSURE      GPRESSURE         VOLUME       PRESSAVG      GPRESSAVG

ENERGY:  910000       360.8014      1154.3853      1353.6608        14.3742        -588019.4550     42466.7126        55.9576         0.0000     48537.7064        -494075.8568       293.2453   -542613.5631   -493971.6877       293.1690            198.7134       233.6608    830129.1170        -0.0170         0.0367

WRITING EXTENDED SYSTEM TO RESTART FILE AT STEP 910000
WRITING VELOCITIES TO RESTART FILE AT STEP 910000
FINISHED WRITING RESTART VELOCITIES
TIMING: 911000  CPU: 6683.81, 0.00729943/step  Wall: 6701.54, 0.00735395/step, 0.181806 hours remaining, 0.000000 MB of memory in use.
PERFORMANCE: 911000  averaging 23.4906 ns/day, 0.00735614 sec/step with standard deviation 5.2533e-05
ENERGY:  911000       383.7019      1028.1806      1352.4471        14.1979        -587396.1355     42187.8680        44.9008         0.0000     48268.7879        -494116.0513       291.6207   -542384.8392   -494014.8453       293.1257             70.8177       105.2040    831053.5371        -2.7135        -2.7676

TIMING: 912000  CPU: 6691.1, 0.0072889/step  Wall: 6708.85, 0.00731456/step, 0.1788 hours remaining, 0.000000 MB of memory in use.
PERFORMANCE: 912000  averaging 23.4907 ns/day, 0.00735609 sec/step with standard deviation 5.25222e-05
ENERGY:  912000       409.4647      1088.6716      1348.3354        18.7612        -587330.6726     41747.5858        50.5038         0.0000     48475.9755        -494191.3746       292.8724   -542667.3501   -494088.9807       292.3526           -146.0276      -115.6768    831109.6525        -1.4821        -1.4242

LDB: ============= START OF LOAD BALANCING ============== 6712.41
LDB: ============== END OF LOAD BALANCING =============== 6712.41
Info: useSync: 0 useProxySync: 0
LDB: =============== DONE WITH MIGRATION ================ 6712.41
LDB: ============= START OF LOAD BALANCING ============== 6713.15
LDB: TIME 6713.15 LOAD: AVG 0.587679 MAX 0.64574  PROXIES: TOTAL 344 MAXPE 47 MAXPATCH 5 None MEM: 0 MB
LDB: TIME 6713.15 LOAD: AVG 0.587679 MAX 0.64574  PROXIES: TOTAL 344 MAXPE 47 MAXPATCH 5 RefineTorusLB MEM: 0 MB
LDB: TIME 6713.15 LOAD: AVG 0.587679 MAX 0.64574  PROXIES: TOTAL 344 MAXPE 47 MAXPATCH 5 RefineTorusLB MEM: 0 MB
LDB: ============== END OF LOAD BALANCING =============== 6713.15
Info: useSync: 0 useProxySync: 0
LDB: =============== DONE WITH MIGRATION ================ 6713.15
TIMING: 913000  CPU: 6698.41, 0.00730349/step  Wall: 6716.19, 0.00733541/step, 0.177273 hours remaining, 0.000000 MB of memory in use.
PERFORMANCE: 913000  averaging 23.4908 ns/day, 0.00735607 sec/step with standard deviation 5.24978e-05
ENERGY:  913000       404.9778      1087.0533      1348.4102        17.7196        -587569.8098     41994.5611        53.7419         0.0000     48514.9849        -494148.3611       293.1081   -542663.3460   -494037.0243       292.5682             -5.8049        25.3674    831367.4183        -4.3353        -4.3327

TIMING: 914000  CPU: 6705.72, 0.00730953/step  Wall: 6723.53, 0.00734098/step, 0.175368 hours remaining, 0.000000 MB of memory in use.
PERFORMANCE: 914000  averaging 23.4909 ns/day, 0.00735606 sec/step with standard deviation 5.24715e-05
ENERGY:  914000       367.0592      1100.5363      1332.4215        17.7855        -587211.1146     41425.6587        49.8664         0.0000     48353.4691        -494564.3178       292.1323   -542917.7869   -494466.4547       292.5144           -197.9490      -167.0515    831263.7772         7.3225         7.3355

TIMING: 915000  CPU: 6713.03, 0.0073197/step  Wall: 6730.88, 0.00735151/step, 0.173577 hours remaining, 0.000000 MB of memory in use.
PERFORMANCE: 915000  averaging 23.4909 ns/day, 0.00735605 sec/step with standard deviation 5.2443e-05
ENERGY:  915000       412.9174      1104.9208      1336.5583        14.6700        -587479.6390     42039.1153        51.8014         0.0000     48462.7807        -494056.8751       292.7927   -542519.6558   -493949.8915       292.3476            -69.4856       -39.4894    833701.6359        -0.8951        -0.8143

WRITING COORDINATES TO DCD FILE eq1.dcd AT STEP 915000
TIMING: 916000  CPU: 6720.34, 0.00730862/step  Wall: 6738.22, 0.0073449/step, 0.171381 hours remaining, 0.000000 MB of memory in use.
PERFORMANCE: 916000  averaging 23.4909 ns/day, 0.00735604 sec/step with standard deviation 5.24156e-05
ENERGY:  916000       389.9606      1058.0297      1334.1410        16.2151        -587262.3123     41903.3326        53.8867         0.0000     48436.7027        -494070.0440       292.6351   -542506.7467   -493966.8501       292.9977             -0.8024        33.0070    831658.1594         5.3790         5.4637

LDB: ============= START OF LOAD BALANCING ============== 6741.79
LDB: ============== END OF LOAD BALANCING =============== 6741.79
Info: useSync: 0 useProxySync: 0
LDB: =============== DONE WITH MIGRATION ================ 6741.79
LDB: ============= START OF LOAD BALANCING ============== 6742.52
LDB: TIME 6742.52 LOAD: AVG 0.5886 MAX 0.642884  PROXIES: TOTAL 344 MAXPE 47 MAXPATCH 5 None MEM: 0 MB
LDB: TIME 6742.52 LOAD: AVG 0.5886 MAX 0.642884  PROXIES: TOTAL 344 MAXPE 47 MAXPATCH 5 RefineTorusLB MEM: 0 MB
LDB: TIME 6742.52 LOAD: AVG 0.5886 MAX 0.642884  PROXIES: TOTAL 344 MAXPE 47 MAXPATCH 5 RefineTorusLB MEM: 0 MB
LDB: ============== END OF LOAD BALANCING =============== 6742.52
Info: useSync: 0 useProxySync: 0
LDB: =============== DONE WITH MIGRATION ================ 6742.53
TIMING: 917000  CPU: 6727.76, 0.00742001/step  Wall: 6745.67, 0.00744124/step, 0.171562 hours remaining, 0.000000 MB of memory in use.
PERFORMANCE: 917000  averaging 23.4906 ns/day, 0.00735613 sec/step with standard deviation 5.24625e-05
ENERGY:  917000       392.8870      1068.8770      1353.3949        17.2267        -587494.9757     42005.4922        56.3092         0.0000     48404.1543        -494196.6344       292.4385   -542600.7887   -494096.0802       292.7595            -19.3865        13.0372    830923.6458         2.7058         2.6800

TIMING: 918000  CPU: 6735.22, 0.0074525/step  Wall: 6753.13, 0.00746082/step, 0.169941 hours remaining, 0.000000 MB of memory in use.
PERFORMANCE: 918000  averaging 23.4902 ns/day, 0.00735624 sec/step with standard deviation 5.25476e-05
ENERGY:  918000       399.6691      1034.4978      1341.7513        15.5659        -587671.8486     42030.6274        55.2469         0.0000     48519.7461        -494274.7441       293.1368   -542794.4902   -494168.5766       292.5531            -25.5968         7.3832    832150.7940         7.3527         7.3621

TIMING: 919000  CPU: 6742.67, 0.00745269/step  Wall: 6760.59, 0.00746057/step, 0.167863 hours remaining, 0.000000 MB of memory in use.
PERFORMANCE: 919000  averaging 23.4899 ns/day, 0.00735636 sec/step with standard deviation 5.26316e-05
ENERGY:  919000       377.6211      1067.0597      1351.4476        18.4322        -587289.3858     41942.1254        51.4187         0.0000     48467.8404        -494013.4408       292.8232   -542481.2812   -493902.1304       292.6579             -9.9104        24.3100    829925.7849         2.9082         2.8990

WRITING COORDINATES TO DCD FILE eq1.dcd AT STEP 920000
WRITING COORDINATES TO RESTART FILE AT STEP 920000
FINISHED WRITING RESTART COORDINATES
WRITING VELOCITIES TO RESTART FILE AT STEP 920000
FINISHED WRITING RESTART VELOCITIES
TIMING: 920000  CPU: 6750.17, 0.00750008/step  Wall: 6768.13, 0.00754469/step, 0.16766 hours remaining, 0.000000 MB of memory in use.
PERFORMANCE: 920000  averaging 23.4892 ns/day, 0.00735656 sec/step with standard deviation 5.29681e-05
ETITLE:      TS           BOND          ANGLE          DIHED          IMPRP               ELECT            VDW       BOUNDARY           MISC        KINETIC               TOTAL           TEMP      POTENTIAL         TOTAL3        TEMPAVG            PRESSURE      GPRESSURE         VOLUME       PRESSAVG      GPRESSAVG

ENERGY:  920000       382.8832      1101.5004      1337.1119        15.9497        -587720.0844     42262.3846        57.8305         0.0000     48478.6850        -494083.7391       292.8888   -542562.4240   -493980.7534       292.9386            -50.6481       -17.4041    833447.4328        -0.4165        -0.4952

WRITING EXTENDED SYSTEM TO RESTART FILE AT STEP 920000
LDB: ============= START OF LOAD BALANCING ============== 6771.73
LDB: ============== END OF LOAD BALANCING =============== 6771.73
Info: useSync: 0 useProxySync: 0
LDB: =============== DONE WITH MIGRATION ================ 6771.73
LDB: ============= START OF LOAD BALANCING ============== 6772.48
LDB: TIME 6772.48 LOAD: AVG 0.586626 MAX 0.659909  PROXIES: TOTAL 344 MAXPE 47 MAXPATCH 5 None MEM: 0 MB
LDB: TIME 6772.48 LOAD: AVG 0.586626 MAX 0.659909  PROXIES: TOTAL 344 MAXPE 47 MAXPATCH 5 RefineTorusLB MEM: 0 MB
LDB: TIME 6772.48 LOAD: AVG 0.586626 MAX 0.659909  PROXIES: TOTAL 344 MAXPE 47 MAXPATCH 5 RefineTorusLB MEM: 0 MB
LDB: ============== END OF LOAD BALANCING =============== 6772.48
Info: useSync: 0 useProxySync: 0
LDB: =============== DONE WITH MIGRATION ================ 6772.48
TIMING: 921000  CPU: 6757.62, 0.00745349/step  Wall: 6775.6, 0.0074704/step, 0.163934 hours remaining, 0.000000 MB of memory in use.
PERFORMANCE: 921000  averaging 23.4888 ns/day, 0.00735669 sec/step with standard deviation 5.3072e-05
ENERGY:  921000       386.9632      1062.4877      1336.6370        20.3614        -588052.2446     42294.9619        42.7756         0.0000     48365.1761        -494542.8819       292.2030   -542908.0580   -494435.8008       292.4525             24.7543        56.6667    830867.9641        -3.8110        -3.8425

TIMING: 922000  CPU: 6765.07, 0.0074517/step  Wall: 6783.06, 0.00746199/step, 0.161676 hours remaining, 0.000000 MB of memory in use.
PERFORMANCE: 922000  averaging 23.4885 ns/day, 0.0073568 sec/step with standard deviation 5.31565e-05
ENERGY:  922000       399.5712      1038.8230      1345.2187        18.7779        -588140.4224     42419.8662        53.3622         0.0000     48404.3552        -494460.4479       292.4397   -542864.8031   -494360.4171       292.2171            101.9864       134.2804    830827.1613        -0.1745        -0.1661

TIMING: 923000  CPU: 6772.53, 0.00745162/step  Wall: 6790.53, 0.00746589/step, 0.159687 hours remaining, 0.000000 MB of memory in use.
PERFORMANCE: 923000  averaging 23.4881 ns/day, 0.00735692 sec/step with standard deviation 5.32489e-05
ENERGY:  923000       395.3555      1045.1417      1362.4760        19.3816        -588267.4115     42482.2213        52.4113         0.0000     48321.2103        -494589.2138       291.9374   -542910.4241   -494479.2379       291.7638            140.5647       175.8679    829786.9059         2.0548         2.0386

TIMING: 924000  CPU: 6779.99, 0.00745982/step  Wall: 6798, 0.00747119/step, 0.157725 hours remaining, 0.000000 MB of memory in use.
PERFORMANCE: 924000  averaging 23.4877 ns/day, 0.00735704 sec/step with standard deviation 5.33526e-05
ENERGY:  924000       396.8327      1082.5170      1361.4947        20.7733        -587913.0163     42259.7287        47.4840         0.0000     48534.2464        -494209.9395       293.2244   -542744.1859   -494104.5611       292.2791             26.9201        58.1512    830799.3317         0.5024         0.4944

LDB: ============= START OF LOAD BALANCING ============== 6801.61
LDB: ============== END OF LOAD BALANCING =============== 6801.61
Info: useSync: 0 useProxySync: 0
LDB: =============== DONE WITH MIGRATION ================ 6801.61
LDB: ============= START OF LOAD BALANCING ============== 6802.36
LDB: TIME 6802.36 LOAD: AVG 0.585821 MAX 0.65688  PROXIES: TOTAL 344 MAXPE 47 MAXPATCH 5 None MEM: 0 MB
LDB: TIME 6802.36 LOAD: AVG 0.585821 MAX 0.65688  PROXIES: TOTAL 344 MAXPE 47 MAXPATCH 5 RefineTorusLB MEM: 0 MB
LDB: TIME 6802.36 LOAD: AVG 0.585821 MAX 0.65688  PROXIES: TOTAL 344 MAXPE 47 MAXPATCH 5 RefineTorusLB MEM: 0 MB
LDB: Reverting to original mapping
LDB: ============== END OF LOAD BALANCING =============== 6802.36
Info: useSync: 0 useProxySync: 0
LDB: =============== DONE WITH MIGRATION ================ 6802.36
TIMING: 925000  CPU: 6787.45, 0.00746258/step  Wall: 6805.48, 0.00747504/step, 0.15573 hours remaining, 0.000000 MB of memory in use.
PERFORMANCE: 925000  averaging 23.4873 ns/day, 0.00735717 sec/step with standard deviation 5.34647e-05
ENERGY:  925000       396.5038      1071.5865      1353.0450        19.9998        -587114.3057     41772.3936        50.0369         0.0000     48087.0357        -494363.7043       290.5226   -542450.7400   -494264.1272       292.1827            -86.7661       -52.2068    832319.5955        -1.8114        -1.8108

WRITING COORDINATES TO DCD FILE eq1.dcd AT STEP 925000
TIMING: 926000  CPU: 6794.93, 0.00748357/step  Wall: 6812.98, 0.00749907/step, 0.154147 hours remaining, 0.000000 MB of memory in use.
PERFORMANCE: 926000  averaging 23.4868 ns/day, 0.00735732 sec/step with standard deviation 5.36388e-05
ENERGY:  926000       383.3721      1083.3767      1350.4324        14.8949        -587354.9522     41963.8213        61.0906         0.0000     48136.3195        -494361.6448       290.8203   -542497.9642   -494262.5471       291.6677            -93.8621       -68.3493    834332.2360         0.9637         0.9013

TIMING: 927000  CPU: 6802.38, 0.00745296/step  Wall: 6820.44, 0.00746201/step, 0.151313 hours remaining, 0.000000 MB of memory in use.
PERFORMANCE: 927000  averaging 23.4864 ns/day, 0.00735744 sec/step with standard deviation 5.372e-05
ENERGY:  927000       411.4559      1086.2417      1338.8442        17.1597        -587417.0464     42168.3669        48.8887         0.0000     48157.9723        -494188.1169       290.9511   -542346.0893   -494082.6318       292.0547             45.5625        81.9517    831375.4572         7.6583         7.5972

TIMING: 928000  CPU: 6809.83, 0.00744764/step  Wall: 6827.9, 0.00745804/step, 0.149161 hours remaining, 0.000000 MB of memory in use.
PERFORMANCE: 928000  averaging 23.4861 ns/day, 0.00735754 sec/step with standard deviation 5.37925e-05
ENERGY:  928000       404.5311      1068.8547      1351.9155        14.7097        -587689.3789     41991.3415        42.7612         0.0000     48274.8584        -494540.4069       291.6573   -542815.2652   -494437.7283       292.3619            -98.4320       -65.7597    830940.6052         4.4764         4.4466

LDB: ============= START OF LOAD BALANCING ============== 6831.49
LDB: ============== END OF LOAD BALANCING =============== 6831.49
Info: useSync: 0 useProxySync: 0
LDB: =============== DONE WITH MIGRATION ================ 6831.49
LDB: ============= START OF LOAD BALANCING ============== 6832.24
LDB: TIME 6832.24 LOAD: AVG 0.586296 MAX 0.654829  PROXIES: TOTAL 344 MAXPE 47 MAXPATCH 5 None MEM: 0 MB
LDB: TIME 6832.24 LOAD: AVG 0.586296 MAX 0.654829  PROXIES: TOTAL 344 MAXPE 47 MAXPATCH 5 RefineTorusLB MEM: 0 MB
LDB: TIME 6832.24 LOAD: AVG 0.586296 MAX 0.654829  PROXIES: TOTAL 344 MAXPE 47 MAXPATCH 5 RefineTorusLB MEM: 0 MB
LDB: ============== END OF LOAD BALANCING =============== 6832.24
Info: useSync: 0 useProxySync: 0
LDB: =============== DONE WITH MIGRATION ================ 6832.24
TIMING: 929000  CPU: 6817.27, 0.00744004/step  Wall: 6835.34, 0.00744436/step, 0.146819 hours remaining, 0.000000 MB of memory in use.
PERFORMANCE: 929000  averaging 23.4858 ns/day, 0.00735764 sec/step with standard deviation 5.38389e-05
ENERGY:  929000       396.4560      1063.3440      1340.2563        18.5913        -587755.6732     42085.9651        51.3248         0.0000     48240.1789        -494559.5569       291.4478   -542799.7358   -494460.5095       291.7824             23.0131        56.7835    830195.1308        -0.3314        -0.3987

WRITING COORDINATES TO DCD FILE eq1.dcd AT STEP 930000
WRITING COORDINATES TO RESTART FILE AT STEP 930000
FINISHED WRITING RESTART COORDINATES
TIMING: 930000  CPU: 6824.77, 0.00750121/step  Wall: 6842.87, 0.00752863/step, 0.14639 hours remaining, 0.000000 MB of memory in use.
PERFORMANCE: 930000  averaging 23.4852 ns/day, 0.00735782 sec/step with standard deviation 5.41013e-05
ETITLE:      TS           BOND          ANGLE          DIHED          IMPRP               ELECT            VDW       BOUNDARY           MISC        KINETIC               TOTAL           TEMP      POTENTIAL         TOTAL3        TEMPAVG            PRESSURE      GPRESSURE         VOLUME       PRESSAVG      GPRESSAVG

ENERGY:  930000       383.5921      1096.0805      1347.3826        17.8792        -588128.8943     42190.4693        44.0086         0.0000     48350.1146        -494699.3673       292.1120   -543049.4819   -494589.0841       291.8949             44.0898        80.9320    830027.6846         0.0974         0.1602

WRITING EXTENDED SYSTEM TO RESTART FILE AT STEP 930000
WRITING VELOCITIES TO RESTART FILE AT STEP 930000
FINISHED WRITING RESTART VELOCITIES
TIMING: 931000  CPU: 6832.28, 0.00750298/step  Wall: 6850.4, 0.0075321/step, 0.144365 hours remaining, 0.000000 MB of memory in use.
PERFORMANCE: 931000  averaging 23.4846 ns/day, 0.00735801 sec/step with standard deviation 5.4373e-05
ENERGY:  931000       399.5662      1050.4961      1339.0574        16.5513        -587398.8082     42114.2965        45.2728         0.0000     48261.7430        -494171.8249       291.5781   -542433.5680   -494071.2444       292.5162             13.2756        46.0938    830409.8699         2.5624         2.5307

TIMING: 932000  CPU: 6839.78, 0.00750508/step  Wall: 6857.91, 0.00751347/step, 0.141921 hours remaining, 0.000000 MB of memory in use.
PERFORMANCE: 932000  averaging 23.4841 ns/day, 0.00735818 sec/step with standard deviation 5.45819e-05
ENERGY:  932000       378.9980      1057.0362      1346.1214        19.2560        -588214.0191     42365.0115        45.1767         0.0000     48325.4449        -494676.9743       291.9630   -543002.4192   -494566.2728       292.0911             96.3906       129.8835    830320.7690         3.1283         3.1436

LDB: ============= START OF LOAD BALANCING ============== 6861.54
LDB: ============== END OF LOAD BALANCING =============== 6861.54
Info: useSync: 0 useProxySync: 0
LDB: =============== DONE WITH MIGRATION ================ 6861.54
LDB: ============= START OF LOAD BALANCING ============== 6862.29
LDB: TIME 6862.29 LOAD: AVG 0.585672 MAX 0.662331  PROXIES: TOTAL 344 MAXPE 47 MAXPATCH 5 None MEM: 0 MB
LDB: TIME 6862.29 LOAD: AVG 0.585672 MAX 0.662331  PROXIES: TOTAL 344 MAXPE 47 MAXPATCH 5 RefineTorusLB MEM: 0 MB
LDB: TIME 6862.29 LOAD: AVG 0.585672 MAX 0.662331  PROXIES: TOTAL 344 MAXPE 47 MAXPATCH 5 RefineTorusLB MEM: 0 MB
LDB: Reverting to original mapping
LDB: ============== END OF LOAD BALANCING =============== 6862.29
Info: useSync: 0 useProxySync: 0
LDB: =============== DONE WITH MIGRATION ================ 6862.29
TIMING: 933000  CPU: 6847.29, 0.00751246/step  Wall: 6865.44, 0.00752126/step, 0.139979 hours remaining, 0.000000 MB of memory in use.
PERFORMANCE: 933000  averaging 23.4835 ns/day, 0.00735835 sec/step with standard deviation 5.48132e-05
ENERGY:  933000       368.7203      1056.9801      1356.2828        15.7418        -587709.4780     42079.7899        48.0073         0.0000     48147.8839        -494636.0720       290.8902   -542783.9559   -494535.6779       291.7812            -26.2341        -1.1982    830286.3314        -3.6463        -3.5399

TIMING: 934000  CPU: 6854.8, 0.00750109/step  Wall: 6872.94, 0.00750651/step, 0.137619 hours remaining, 0.000000 MB of memory in use.
PERFORMANCE: 934000  averaging 23.483 ns/day, 0.00735851 sec/step with standard deviation 5.49979e-05
ENERGY:  934000       398.1010      1064.2155      1362.7478        17.8059        -587611.6058     41783.4208        50.1531         0.0000     48192.7638        -494742.3979       291.1613   -542935.1618   -494640.5977       292.0598           -130.5129       -98.5519    832095.8982         0.7319         0.7580

WRITING COORDINATES TO DCD FILE eq1.dcd AT STEP 935000
TIMING: 935000  CPU: 6862.28, 0.00748809/step  Wall: 6880.44, 0.00749508/step, 0.135328 hours remaining, 0.000000 MB of memory in use.
PERFORMANCE: 935000  averaging 23.4825 ns/day, 0.00735866 sec/step with standard deviation 5.51496e-05
ENERGY:  935000       427.2489      1007.6443      1347.5698        18.4332        -587947.6863     42228.1792        48.8266         0.0000     48129.0744        -494740.7099       290.7766   -542869.7843   -494633.2101       291.3406             51.7752        83.1171    830963.1637         1.6245         1.6751

TIMING: 936000  CPU: 6869.74, 0.00745581/step  Wall: 6887.9, 0.00746528/step, 0.132716 hours remaining, 0.000000 MB of memory in use.
PERFORMANCE: 936000  averaging 23.4822 ns/day, 0.00735877 sec/step with standard deviation 5.52302e-05
ENERGY:  936000       390.9808      1068.8148      1348.6253        15.1658        -587831.2169     42365.2119        47.5767         0.0000     48338.3265        -494256.5151       292.0408   -542594.8416   -494151.2100       291.9563             61.8527        92.4805    830852.7644         5.5977         5.5847

LDB: ============= START OF LOAD BALANCING ============== 6891.52
LDB: ============== END OF LOAD BALANCING =============== 6891.52
Info: useSync: 0 useProxySync: 0
LDB: =============== DONE WITH MIGRATION ================ 6891.52
LDB: ============= START OF LOAD BALANCING ============== 6892.27
LDB: TIME 6892.27 LOAD: AVG 0.587676 MAX 0.660949  PROXIES: TOTAL 344 MAXPE 47 MAXPATCH 5 None MEM: 0 MB
LDB: TIME 6892.27 LOAD: AVG 0.587676 MAX 0.660949  PROXIES: TOTAL 344 MAXPE 47 MAXPATCH 5 RefineTorusLB MEM: 0 MB
LDB: TIME 6892.27 LOAD: AVG 0.587676 MAX 0.660949  PROXIES: TOTAL 344 MAXPE 47 MAXPATCH 5 RefineTorusLB MEM: 0 MB
LDB: Reverting to original mapping
LDB: ============== END OF LOAD BALANCING =============== 6892.27
Info: useSync: 0 useProxySync: 0
LDB: =============== DONE WITH MIGRATION ================ 6892.27
TIMING: 937000  CPU: 6877.22, 0.00748401/step  Wall: 6895.4, 0.00749294/step, 0.131126 hours remaining, 0.000000 MB of memory in use.
PERFORMANCE: 937000  averaging 23.4817 ns/day, 0.00735891 sec/step with standard deviation 5.53744e-05
ENERGY:  937000       384.4543      1091.5934      1349.9172        17.5650        -587751.7364     41974.7477        53.1568         0.0000     48482.1716        -494398.1304       292.9098   -542880.3019   -494290.1167       292.6705            -23.1628         9.7296    831274.9730        -1.3119        -1.2900

TIMING: 938000  CPU: 6884.72, 0.00749213/step  Wall: 6902.89, 0.00749724/step, 0.129119 hours remaining, 0.000000 MB of memory in use.
PERFORMANCE: 938000  averaging 23.4813 ns/day, 0.00735906 sec/step with standard deviation 5.55288e-05
ENERGY:  938000       405.2606      1103.0107      1368.5719        22.2729        -587576.5534     41878.3607        46.6808         0.0000     48464.8102        -494287.5857       292.8049   -542752.3958   -494177.0834       292.5539            -49.1063       -16.8466    830128.6276        -1.6266        -1.6334

TIMING: 939000  CPU: 6892.19, 0.0074721/step  Wall: 6910.37, 0.00747995/step, 0.126744 hours remaining, 0.000000 MB of memory in use.
PERFORMANCE: 939000  averaging 23.4808 ns/day, 0.00735919 sec/step with standard deviation 5.56393e-05
ENERGY:  939000       398.1536      1078.7817      1352.7653        17.6832        -587495.2359     41986.1730        46.0542         0.0000     48147.0598        -494468.5651       290.8852   -542615.6249   -494370.1391       292.4911             12.7455        48.0059    831705.1794         2.9613         2.9489

TIMING: 940000  CPU: 6899.66, 0.00747607/step  Wall: 6917.86, 0.00748516/step, 0.124753 hours remaining, 0.000000 MB of memory in use.
PERFORMANCE: 940000  averaging 23.4804 ns/day, 0.00735932 sec/step with standard deviation 5.57612e-05
ETITLE:      TS           BOND          ANGLE          DIHED          IMPRP               ELECT            VDW       BOUNDARY           MISC        KINETIC               TOTAL           TEMP      POTENTIAL         TOTAL3        TEMPAVG            PRESSURE      GPRESSURE         VOLUME       PRESSAVG      GPRESSAVG

ENERGY:  940000       391.6141      1036.8343      1354.6344        16.0521        -587071.2574     41634.6860        40.6333         0.0000     48228.0288        -494368.7744       291.3744   -542596.8033   -494258.1188       291.8034           -195.9272      -161.8842    832248.4625         2.7778         2.8285

WRITING EXTENDED SYSTEM TO RESTART FILE AT STEP 940000
WRITING COORDINATES TO DCD FILE eq1.dcd AT STEP 940000
WRITING COORDINATES TO RESTART FILE AT STEP 940000
FINISHED WRITING RESTART COORDINATES
WRITING VELOCITIES TO RESTART FILE AT STEP 940000
FINISHED WRITING RESTART VELOCITIES
LDB: ============= START OF LOAD BALANCING ============== 6921.53
LDB: ============== END OF LOAD BALANCING =============== 6921.53
Info: useSync: 0 useProxySync: 0
LDB: =============== DONE WITH MIGRATION ================ 6921.53
LDB: ============= START OF LOAD BALANCING ============== 6922.28
LDB: TIME 6922.28 LOAD: AVG 0.586335 MAX 0.659898  PROXIES: TOTAL 344 MAXPE 47 MAXPATCH 5 None MEM: 0 MB
LDB: TIME 6922.28 LOAD: AVG 0.586335 MAX 0.659898  PROXIES: TOTAL 344 MAXPE 47 MAXPATCH 5 RefineTorusLB MEM: 0 MB
LDB: TIME 6922.28 LOAD: AVG 0.586335 MAX 0.659898  PROXIES: TOTAL 344 MAXPE 47 MAXPATCH 5 RefineTorusLB MEM: 0 MB
LDB: Reverting to original mapping
LDB: ============== END OF LOAD BALANCING =============== 6922.28
Info: useSync: 0 useProxySync: 0
LDB: =============== DONE WITH MIGRATION ================ 6922.28
TIMING: 941000  CPU: 6907.18, 0.00751782/step  Wall: 6925.42, 0.00756718/step, 0.124018 hours remaining, 0.000000 MB of memory in use.
PERFORMANCE: 941000  averaging 23.4797 ns/day, 0.00735954 sec/step with standard deviation 5.61419e-05
ENERGY:  941000       416.1932      1121.4435      1366.2827        14.9130        -587373.4299     41979.8618        47.8659         0.0000     48369.0910        -494057.7789       292.2266   -542426.8699   -493950.7464       292.4150            -16.5955        18.0202    831382.9767        -0.9090        -0.8648

TIMING: 942000  CPU: 6914.68, 0.00750075/step  Wall: 6932.94, 0.00751038/step, 0.121001 hours remaining, 0.000000 MB of memory in use.
PERFORMANCE: 942000  averaging 23.4792 ns/day, 0.0073597 sec/step with standard deviation 5.63269e-05
ENERGY:  942000       375.6936      1054.0849      1360.1429        20.3910        -587331.7461     42082.4608        53.0172         0.0000     48319.1765        -494066.7791       291.9251   -542385.9556   -493954.8020       292.6959            -18.0748        16.9010    832181.1301        -0.7287        -0.7730

TIMING: 943000  CPU: 6922.17, 0.00748367/step  Wall: 6940.43, 0.00749247/step, 0.118631 hours remaining, 0.000000 MB of memory in use.
PERFORMANCE: 943000  averaging 23.4788 ns/day, 0.00735984 sec/step with standard deviation 5.64628e-05
ENERGY:  943000       407.2583      1002.8532      1360.0685        17.9214        -587465.6324     41659.6787        49.2484         0.0000     48316.9868        -494651.6171       291.9119   -542968.6039   -494544.0620       292.0175           -139.3814      -107.4025    831425.5368         1.1979         1.1968

TIMING: 944000  CPU: 6929.64, 0.00747296/step  Wall: 6947.9, 0.00747706/step, 0.11631 hours remaining, 0.000000 MB of memory in use.
PERFORMANCE: 944000  averaging 23.4784 ns/day, 0.00735997 sec/step with standard deviation 5.65616e-05
ENERGY:  944000       403.6818      1038.6341      1341.7891        20.4642        -587983.2226     42374.3649        56.1445         0.0000     48325.1232        -494423.0209       291.9610   -542748.1441   -494313.7923       291.7297             25.2650        55.9529    833729.8366         0.8487         0.8167

LDB: ============= START OF LOAD BALANCING ============== 6951.51
LDB: ============== END OF LOAD BALANCING =============== 6951.51
Info: useSync: 0 useProxySync: 0
LDB: =============== DONE WITH MIGRATION ================ 6951.51
LDB: ============= START OF LOAD BALANCING ============== 6952.25
LDB: TIME 6952.25 LOAD: AVG 0.586948 MAX 0.654702  PROXIES: TOTAL 344 MAXPE 47 MAXPATCH 5 None MEM: 0 MB
LDB: TIME 6952.25 LOAD: AVG 0.586948 MAX 0.654702  PROXIES: TOTAL 344 MAXPE 47 MAXPATCH 5 RefineTorusLB MEM: 0 MB
LDB: TIME 6952.25 LOAD: AVG 0.586948 MAX 0.654702  PROXIES: TOTAL 344 MAXPE 47 MAXPATCH 5 RefineTorusLB MEM: 0 MB
LDB: ============== END OF LOAD BALANCING =============== 6952.25
Info: useSync: 0 useProxySync: 0
LDB: =============== DONE WITH MIGRATION ================ 6952.26
WRITING COORDINATES TO DCD FILE eq1.dcd AT STEP 945000
TIMING: 945000  CPU: 6937.11, 0.00747632/step  Wall: 6955.39, 0.00748341/step, 0.11433 hours remaining, 0.000000 MB of memory in use.
PERFORMANCE: 945000  averaging 23.4779 ns/day, 0.0073601 sec/step with standard deviation 5.66741e-05
ENERGY:  945000       423.1112      1054.2904      1350.7750        20.6168        -587567.0076     41909.6280        45.7598         0.0000     48314.0437        -494448.7828       291.8941   -542762.8265   -494337.4830       292.0459            -95.2083       -62.3291    831249.0294         0.4216         0.3333

TIMING: 946000  CPU: 6944.59, 0.00747972/step  Wall: 6962.88, 0.00749133/step, 0.11237 hours remaining, 0.000000 MB of memory in use.
PERFORMANCE: 946000  averaging 23.4775 ns/day, 0.00736024 sec/step with standard deviation 5.68046e-05
ENERGY:  946000       384.5442      1033.2625      1345.0830        16.3470        -588081.5609     42152.3398        48.4517         0.0000     48377.9129        -494723.6198       292.2799   -543101.5327   -494622.3207       291.7374             40.5315        78.1305    831700.1444        -4.5882        -4.5501

TIMING: 947000  CPU: 6952.07, 0.00747241/step  Wall: 6970.36, 0.0074785/step, 0.1101 hours remaining, 0.000000 MB of memory in use.
PERFORMANCE: 947000  averaging 23.4771 ns/day, 0.00736036 sec/step with standard deviation 5.69045e-05
ENERGY:  947000       398.0693      1023.8917      1363.4777        22.4856        -587424.8155     41933.1112        49.3985         0.0000     48183.6688        -494450.7127       291.1064   -542634.3815   -494343.8144       291.8902            -15.3768        17.6787    830065.4890         5.4429         5.5173

TIMING: 948000  CPU: 6959.54, 0.0074753/step  Wall: 6977.84, 0.00748428/step, 0.108106 hours remaining, 0.000000 MB of memory in use.
PERFORMANCE: 948000  averaging 23.4767 ns/day, 0.00736049 sec/step with standard deviation 5.70166e-05
ENERGY:  948000       421.4840      1077.4842      1359.5493        14.6486        -587918.9553     42393.0587        48.3642         0.0000     48316.9490        -494287.4172       291.9116   -542604.3662   -494189.6123       291.9166             13.1806        46.1835    831723.7081         3.4536         3.4395

LDB: ============= START OF LOAD BALANCING ============== 6981.45
LDB: ============== END OF LOAD BALANCING =============== 6981.45
Info: useSync: 0 useProxySync: 0
LDB: =============== DONE WITH MIGRATION ================ 6981.45
LDB: ============= START OF LOAD BALANCING ============== 6982.2
LDB: TIME 6982.2 LOAD: AVG 0.587758 MAX 0.657155  PROXIES: TOTAL 344 MAXPE 47 MAXPATCH 5 None MEM: 0 MB
LDB: TIME 6982.2 LOAD: AVG 0.587758 MAX 0.657155  PROXIES: TOTAL 344 MAXPE 47 MAXPATCH 5 RefineTorusLB MEM: 0 MB
LDB: TIME 6982.2 LOAD: AVG 0.587758 MAX 0.657155  PROXIES: TOTAL 344 MAXPE 47 MAXPATCH 5 RefineTorusLB MEM: 0 MB
LDB: ============== END OF LOAD BALANCING =============== 6982.2
Info: useSync: 0 useProxySync: 0
LDB: =============== DONE WITH MIGRATION ================ 6982.21
TIMING: 949000  CPU: 6967.02, 0.00747622/step  Wall: 6985.32, 0.00748202/step, 0.105995 hours remaining, 0.000000 MB of memory in use.
PERFORMANCE: 949000  averaging 23.4763 ns/day, 0.00736062 sec/step with standard deviation 5.71229e-05
ENERGY:  949000       387.1493      1053.3453      1371.7948        16.2088        -587802.2372     42235.6962        54.3171         0.0000     48627.9752        -494055.7504       293.7907   -542683.7256   -493948.1431       292.2639             -3.8691        31.1965    831388.8090         0.2488         0.2610

TIMING: 950000  CPU: 6974.49, 0.00746795/step  Wall: 6992.8, 0.00747628/step, 0.103837 hours remaining, 0.000000 MB of memory in use.
PERFORMANCE: 950000  averaging 23.4759 ns/day, 0.00736074 sec/step with standard deviation 5.7216e-05
ETITLE:      TS           BOND          ANGLE          DIHED          IMPRP               ELECT            VDW       BOUNDARY           MISC        KINETIC               TOTAL           TEMP      POTENTIAL         TOTAL3        TEMPAVG            PRESSURE      GPRESSURE         VOLUME       PRESSAVG      GPRESSAVG

ENERGY:  950000       402.5121      1077.5465      1354.0302        18.5318        -586727.5868     41434.7944        44.9945         0.0000     48245.5754        -494149.6018       291.4804   -542395.1772   -494047.5698       292.9595           -223.0309      -194.1939    832199.2331         2.1913         2.1707

WRITING EXTENDED SYSTEM TO RESTART FILE AT STEP 950000
WRITING COORDINATES TO DCD FILE eq1.dcd AT STEP 950000
WRITING COORDINATES TO RESTART FILE AT STEP 950000
FINISHED WRITING RESTART COORDINATES
WRITING VELOCITIES TO RESTART FILE AT STEP 950000
FINISHED WRITING RESTART VELOCITIES
TIMING: 951000  CPU: 6982, 0.00751357/step  Wall: 7000.37, 0.00756705/step, 0.102996 hours remaining, 0.000000 MB of memory in use.
PERFORMANCE: 951000  averaging 23.4752 ns/day, 0.00736096 sec/step with standard deviation 5.75758e-05
ENERGY:  951000       403.5446      1065.8187      1351.0692        19.3495        -587559.7089     41760.2515        47.3896         0.0000     48287.2268        -494625.0589       291.7321   -542912.2858   -494514.9617       292.0427           -119.3921       -86.8363    831289.4500        -2.4695        -2.5642

TIMING: 952000  CPU: 6989.46, 0.00746006/step  Wall: 7007.84, 0.0074679/step, 0.099572 hours remaining, 0.000000 MB of memory in use.
PERFORMANCE: 952000  averaging 23.4748 ns/day, 0.00736107 sec/step with standard deviation 5.76498e-05
ENERGY:  952000       387.2496      1033.7713      1355.2719        18.6321        -587781.5765     42070.8369        44.1124         0.0000     48443.5743        -494428.1281       292.6766   -542871.7023   -494327.4282       291.8256            -92.4076       -60.8837    833011.6011        -1.1408        -1.1217

LDB: ============= START OF LOAD BALANCING ============== 7011.44
LDB: ============== END OF LOAD BALANCING =============== 7011.44
Info: useSync: 0 useProxySync: 0
LDB: =============== DONE WITH MIGRATION ================ 7011.44
LDB: ============= START OF LOAD BALANCING ============== 7012.19
LDB: TIME 7012.19 LOAD: AVG 0.587001 MAX 0.661157  PROXIES: TOTAL 344 MAXPE 47 MAXPATCH 5 None MEM: 0 MB
LDB: TIME 7012.19 LOAD: AVG 0.587001 MAX 0.661157  PROXIES: TOTAL 344 MAXPE 47 MAXPATCH 5 RefineTorusLB MEM: 0 MB
LDB: TIME 7012.19 LOAD: AVG 0.587001 MAX 0.661157  PROXIES: TOTAL 344 MAXPE 47 MAXPATCH 5 RefineTorusLB MEM: 0 MB
LDB: Reverting to original mapping
LDB: ============== END OF LOAD BALANCING =============== 7012.19
Info: useSync: 0 useProxySync: 0
LDB: =============== DONE WITH MIGRATION ================ 7012.2
TIMING: 953000  CPU: 6996.94, 0.00748416/step  Wall: 7015.32, 0.00748853/step, 0.0977669 hours remaining, 0.000000 MB of memory in use.
PERFORMANCE: 953000  averaging 23.4744 ns/day, 0.00736121 sec/step with standard deviation 5.77673e-05
ENERGY:  953000       374.2461      1034.3467      1351.3781        15.0951        -587910.7907     42253.3008        48.6252         0.0000     48446.9806        -494386.8180       292.6972   -542833.7986   -494300.4339       291.6198             -5.6448        26.3338    832762.6742         0.9907         0.9340

TIMING: 954000  CPU: 7004.45, 0.00750884/step  Wall: 7022.84, 0.00751857/step, 0.0960706 hours remaining, 0.000000 MB of memory in use.
PERFORMANCE: 954000  averaging 23.4739 ns/day, 0.00736137 sec/step with standard deviation 5.79613e-05
ENERGY:  954000       400.9626      1054.9446      1355.7354        19.8941        -588150.7338     42358.8502        44.9854         0.0000     48341.5076        -494573.8538       292.0600   -542915.3614   -494466.2478       291.7593             50.3566        80.7271    831223.5755         0.2665         0.2496

WRITING COORDINATES TO DCD FILE eq1.dcd AT STEP 955000
TIMING: 955000  CPU: 7011.93, 0.00748071/step  Wall: 7030.33, 0.00748762/step, 0.0935952 hours remaining, 0.000000 MB of memory in use.
PERFORMANCE: 955000  averaging 23.4735 ns/day, 0.0073615 sec/step with standard deviation 5.80748e-05
ENERGY:  955000       407.8810      1094.3422      1341.2224        16.9438        -587442.0466     41700.4444        46.4651         0.0000     47995.1643        -494839.5835       289.9675   -542834.7478   -494734.4674       291.1511           -145.4116      -112.4856    831123.6657         4.9173         4.9522

TIMING: 956000  CPU: 7019.43, 0.00750027/step  Wall: 7037.84, 0.00750733/step, 0.0917563 hours remaining, 0.000000 MB of memory in use.
PERFORMANCE: 956000  averaging 23.473 ns/day, 0.00736166 sec/step with standard deviation 5.82357e-05
ENERGY:  956000       405.5722      1031.6735      1338.4895        15.7106        -587872.7549     42142.2340        41.5415         0.0000     48430.6165        -494466.9171       292.5984   -542897.5336   -494356.0968       292.0106             20.3069        52.8012    830518.3508         3.0044         2.9490

LDB: ============= START OF LOAD BALANCING ============== 7041.45
LDB: ============== END OF LOAD BALANCING =============== 7041.45
Info: useSync: 0 useProxySync: 0
LDB: =============== DONE WITH MIGRATION ================ 7041.45
LDB: ============= START OF LOAD BALANCING ============== 7042.2
LDB: TIME 7042.2 LOAD: AVG 0.588373 MAX 0.657501  PROXIES: TOTAL 344 MAXPE 47 MAXPATCH 5 None MEM: 0 MB
LDB: TIME 7042.2 LOAD: AVG 0.588373 MAX 0.657501  PROXIES: TOTAL 344 MAXPE 47 MAXPATCH 5 RefineTorusLB MEM: 0 MB
LDB: TIME 7042.2 LOAD: AVG 0.588373 MAX 0.657501  PROXIES: TOTAL 344 MAXPE 47 MAXPATCH 5 RefineTorusLB MEM: 0 MB
LDB: ============== END OF LOAD BALANCING =============== 7042.2
Info: useSync: 0 useProxySync: 0
LDB: =============== DONE WITH MIGRATION ================ 7042.2
TIMING: 957000  CPU: 7026.92, 0.00748446/step  Wall: 7045.33, 0.00749108/step, 0.0894767 hours remaining, 0.000000 MB of memory in use.
PERFORMANCE: 957000  averaging 23.4725 ns/day, 0.00736179 sec/step with standard deviation 5.83554e-05
ENERGY:  957000       389.4606      1093.7463      1357.8494        21.0516        -587036.6483     41526.3033        47.0030         0.0000     48312.1524        -494289.0819       291.8826   -542601.2343   -494186.2460       292.1720           -227.9107      -194.7197    832834.8421        -1.8274        -1.8737

TIMING: 958000  CPU: 7034.42, 0.0075037/step  Wall: 7052.84, 0.0075143/step, 0.0876668 hours remaining, 0.000000 MB of memory in use.
PERFORMANCE: 958000  averaging 23.472 ns/day, 0.00736195 sec/step with standard deviation 5.85326e-05
ENERGY:  958000       357.8888      1071.4612      1356.7187        15.2967        -587347.3619     41749.7998        44.0707         0.0000     48544.1980        -494207.9280       293.2846   -542752.1260   -494105.3461       292.1363           -127.3336       -98.2985    833351.1233         2.2832         2.2547

TIMING: 959000  CPU: 7041.89, 0.00746341/step  Wall: 7060.32, 0.00747224/step, 0.0851005 hours remaining, 0.000000 MB of memory in use.
PERFORMANCE: 959000  averaging 23.4717 ns/day, 0.00736207 sec/step with standard deviation 5.86104e-05
ENERGY:  959000       403.0706      1031.7755      1351.5604        16.6591        -587692.1555     41950.9050        47.4776         0.0000     48457.5086        -494433.1987       292.7608   -542890.7073   -494328.8727       292.0213             -4.7792        27.4473    830337.7206         2.6136         2.6928

WRITING COORDINATES TO DCD FILE eq1.dcd AT STEP 960000
WRITING COORDINATES TO RESTART FILE AT STEP 960000
FINISHED WRITING RESTART COORDINATES
TIMING: 960000  CPU: 7049.38, 0.00749775/step  Wall: 7067.84, 0.0075232/step, 0.0835911 hours remaining, 0.000000 MB of memory in use.
PERFORMANCE: 960000  averaging 23.4711 ns/day, 0.00736223 sec/step with standard deviation 5.88102e-05
ETITLE:      TS           BOND          ANGLE          DIHED          IMPRP               ELECT            VDW       BOUNDARY           MISC        KINETIC               TOTAL           TEMP      POTENTIAL         TOTAL3        TEMPAVG            PRESSURE      GPRESSURE         VOLUME       PRESSAVG      GPRESSAVG

ENERGY:  960000       385.4515      1065.0843      1336.5960        16.4991        -587696.1951     42025.3941        50.0201         0.0000     48391.2859        -494425.8641       292.3607   -542817.1501   -494316.7815       292.0651            -52.5677       -18.5327    831813.9988         5.7387         5.7273

WRITING EXTENDED SYSTEM TO RESTART FILE AT STEP 960000
WRITING VELOCITIES TO RESTART FILE AT STEP 960000
FINISHED WRITING RESTART VELOCITIES
LDB: ============= START OF LOAD BALANCING ============== 7071.47
LDB: ============== END OF LOAD BALANCING =============== 7071.47
Info: useSync: 0 useProxySync: 0
LDB: =============== DONE WITH MIGRATION ================ 7071.47
LDB: ============= START OF LOAD BALANCING ============== 7072.22
LDB: TIME 7072.22 LOAD: AVG 0.58775 MAX 0.657054  PROXIES: TOTAL 344 MAXPE 47 MAXPATCH 5 None MEM: 0 MB
LDB: TIME 7072.22 LOAD: AVG 0.58775 MAX 0.657054  PROXIES: TOTAL 344 MAXPE 47 MAXPATCH 5 RefineTorusLB MEM: 0 MB
LDB: TIME 7072.22 LOAD: AVG 0.58775 MAX 0.657054  PROXIES: TOTAL 344 MAXPE 47 MAXPATCH 5 RefineTorusLB MEM: 0 MB
LDB: ============== END OF LOAD BALANCING =============== 7072.22
Info: useSync: 0 useProxySync: 0
LDB: =============== DONE WITH MIGRATION ================ 7072.22
TIMING: 961000  CPU: 7056.84, 0.00745493/step  Wall: 7075.33, 0.00748754/step, 0.081115 hours remaining, 0.000000 MB of memory in use.
PERFORMANCE: 961000  averaging 23.4707 ns/day, 0.00736236 sec/step with standard deviation 5.89184e-05
ENERGY:  961000       382.1596      1084.1174      1369.1539        16.4713        -587727.1105     42001.2943        45.9657         0.0000     48512.9245        -494315.0239       293.0956   -542827.9484   -494206.7272       292.5396            -50.7953       -17.9837    831145.0245         2.0528         1.9946

TIMING: 962000  CPU: 7064.29, 0.00745184/step  Wall: 7082.78, 0.00745911/step, 0.0787351 hours remaining, 0.000000 MB of memory in use.
PERFORMANCE: 962000  averaging 23.4704 ns/day, 0.00736246 sec/step with standard deviation 5.89703e-05
ENERGY:  962000       395.1951      1092.9707      1349.6810        20.3923        -587371.5083     41892.4493        57.9164         0.0000     48504.5602        -494058.3434       293.0451   -542562.9035   -493953.3637       292.6348            -56.9735       -26.3744    831981.3141         0.7136         0.8147

TIMING: 963000  CPU: 7071.75, 0.00745965/step  Wall: 7090.25, 0.00746894/step, 0.0767641 hours remaining, 0.000000 MB of memory in use.
PERFORMANCE: 963000  averaging 23.47 ns/day, 0.00736258 sec/step with standard deviation 5.90394e-05
ENERGY:  963000       397.5609      1062.6697      1352.9502        15.3327        -587121.6700     41621.1552        46.0179         0.0000     48476.4714        -494149.5120       292.8754   -542625.9834   -494045.3549       293.1383           -153.8056      -120.8482    830927.9901         4.3058         4.2832

TIMING: 964000  CPU: 7079.21, 0.00746344/step  Wall: 7097.72, 0.00747051/step, 0.0747051 hours remaining, 0.000000 MB of memory in use.
PERFORMANCE: 964000  averaging 23.4697 ns/day, 0.00736269 sec/step with standard deviation 5.91111e-05
ENERGY:  964000       383.3873      1089.1660      1356.1023        15.9701        -587747.3466     42309.9496        40.5997         0.0000     48489.0855        -494063.0863       292.9516   -542552.1717   -493957.9967       292.5319             75.9855       106.9868    831880.3883        -0.3948        -0.4711

LDB: ============= START OF LOAD BALANCING ============== 7101.33
LDB: ============== END OF LOAD BALANCING =============== 7101.33
Info: useSync: 0 useProxySync: 0
LDB: =============== DONE WITH MIGRATION ================ 7101.34
LDB: ============= START OF LOAD BALANCING ============== 7102.09
LDB: TIME 7102.09 LOAD: AVG 0.588755 MAX 0.660983  PROXIES: TOTAL 344 MAXPE 47 MAXPATCH 5 None MEM: 0 MB
LDB: TIME 7102.09 LOAD: AVG 0.588755 MAX 0.660983  PROXIES: TOTAL 344 MAXPE 47 MAXPATCH 5 RefineTorusLB MEM: 0 MB
LDB: TIME 7102.09 LOAD: AVG 0.588755 MAX 0.660983  PROXIES: TOTAL 344 MAXPE 47 MAXPATCH 5 RefineTorusLB MEM: 0 MB
LDB: Reverting to original mapping
LDB: ============== END OF LOAD BALANCING =============== 7102.09
Info: useSync: 0 useProxySync: 0
LDB: =============== DONE WITH MIGRATION ================ 7102.09
WRITING COORDINATES TO DCD FILE eq1.dcd AT STEP 965000
TIMING: 965000  CPU: 7086.7, 0.00748851/step  Wall: 7105.22, 0.00749898/step, 0.0729067 hours remaining, 0.000000 MB of memory in use.
PERFORMANCE: 965000  averaging 23.4692 ns/day, 0.00736283 sec/step with standard deviation 5.92431e-05
ENERGY:  965000       358.8328      1094.7073      1349.5066        19.4215        -587817.6387     42033.2017        51.5627         0.0000     48237.8802        -494672.5259       291.4339   -542910.4061   -494570.7663       292.2376            -32.3914         0.2286    831268.4127         4.1788         4.1884

TIMING: 966000  CPU: 7094.19, 0.00748383/step  Wall: 7112.71, 0.00749058/step, 0.0707444 hours remaining, 0.000000 MB of memory in use.
PERFORMANCE: 966000  averaging 23.4688 ns/day, 0.00736296 sec/step with standard deviation 5.93549e-05
ENERGY:  966000       400.7985      1042.8097      1356.1419        19.1021        -587742.0705     42292.3777        46.2239         0.0000     48395.4979        -494189.1187       292.3862   -542584.6166   -494085.6929       291.9794             73.2736       107.4543    832096.8988         5.5170         5.5388

TIMING: 967000  CPU: 7101.65, 0.00746748/step  Wall: 7120.19, 0.00747483/step, 0.0685192 hours remaining, 0.000000 MB of memory in use.
PERFORMANCE: 967000  averaging 23.4685 ns/day, 0.00736308 sec/step with standard deviation 5.94331e-05
ENERGY:  967000       386.9927      1045.9985      1339.9185        14.9875        -587731.4005     42170.1714        46.2470         0.0000     48452.2326        -494274.8523       292.7290   -542727.0849   -494164.1968       292.4042             -0.5010        29.5628    833159.7779        -3.5847        -3.6118

TIMING: 968000  CPU: 7109.1, 0.00744852/step  Wall: 7127.64, 0.00745624/step, 0.0662777 hours remaining, 0.000000 MB of memory in use.
PERFORMANCE: 968000  averaging 23.4681 ns/day, 0.00736317 sec/step with standard deviation 5.94778e-05
ENERGY:  968000       386.4527      1084.1966      1353.0368        18.5344        -587794.2355     42216.0993        51.3683         0.0000     48298.8267        -494385.7206       291.8021   -542684.5473   -494280.3361       291.9355              5.4524        39.2251    830739.3231        -4.6761        -4.7278

LDB: ============= START OF LOAD BALANCING ============== 7131.24
LDB: ============== END OF LOAD BALANCING =============== 7131.24
Info: useSync: 0 useProxySync: 0
LDB: =============== DONE WITH MIGRATION ================ 7131.24
LDB: ============= START OF LOAD BALANCING ============== 7131.98
LDB: TIME 7131.98 LOAD: AVG 0.586957 MAX 0.653935  PROXIES: TOTAL 344 MAXPE 47 MAXPATCH 5 None MEM: 0 MB
LDB: TIME 7131.98 LOAD: AVG 0.586957 MAX 0.653935  PROXIES: TOTAL 344 MAXPE 47 MAXPATCH 5 RefineTorusLB MEM: 0 MB
LDB: TIME 7131.98 LOAD: AVG 0.586957 MAX 0.653935  PROXIES: TOTAL 344 MAXPE 47 MAXPATCH 5 RefineTorusLB MEM: 0 MB
LDB: ============== END OF LOAD BALANCING =============== 7131.98
Info: useSync: 0 useProxySync: 0
LDB: =============== DONE WITH MIGRATION ================ 7131.98
TIMING: 969000  CPU: 7116.54, 0.00743936/step  Wall: 7135.09, 0.00744797/step, 0.0641353 hours remaining, 0.000000 MB of memory in use.
PERFORMANCE: 969000  averaging 23.4679 ns/day, 0.00736326 sec/step with standard deviation 5.95095e-05
ENERGY:  969000       362.0160      1056.2545      1385.5770        21.5942        -587398.5452     42178.9131        46.8013         0.0000     48138.4203        -494208.9688       290.8330   -542347.3891   -494100.0426       292.3180             50.9800        83.0500    832067.1895        -3.6892        -3.7025

TIMING: 970000  CPU: 7124.02, 0.00748396/step  Wall: 7142.59, 0.0074936/step, 0.0624467 hours remaining, 0.000000 MB of memory in use.
PERFORMANCE: 970000  averaging 23.4674 ns/day, 0.00736339 sec/step with standard deviation 5.96258e-05
ETITLE:      TS           BOND          ANGLE          DIHED          IMPRP               ELECT            VDW       BOUNDARY           MISC        KINETIC               TOTAL           TEMP      POTENTIAL         TOTAL3        TEMPAVG            PRESSURE      GPRESSURE         VOLUME       PRESSAVG      GPRESSAVG

ENERGY:  970000       390.8157      1044.2385      1351.2826        16.2349        -587055.4119     41777.8974        41.3151         0.0000     48118.0500        -494315.5776       290.7100   -542433.6276   -494223.3194       292.6119           -130.3595       -94.8302    832009.8810        -0.5518        -0.5671

WRITING EXTENDED SYSTEM TO RESTART FILE AT STEP 970000
WRITING COORDINATES TO DCD FILE eq1.dcd AT STEP 970000
WRITING COORDINATES TO RESTART FILE AT STEP 970000
FINISHED WRITING RESTART COORDINATES
WRITING VELOCITIES TO RESTART FILE AT STEP 970000
FINISHED WRITING RESTART VELOCITIES
TIMING: 971000  CPU: 7131.52, 0.00749256/step  Wall: 7150.14, 0.00754856/step, 0.0608079 hours remaining, 0.000000 MB of memory in use.
PERFORMANCE: 971000  averaging 23.4668 ns/day, 0.00736359 sec/step with standard deviation 5.98906e-05
ENERGY:  971000       364.5466      1072.5121      1343.4361        13.4478        -587913.6216     42386.8987        42.9638         0.0000     48257.0607        -494432.7559       291.5498   -542689.8167   -494337.0184       292.1433             55.3568        88.5273    831884.7486        -0.7349        -0.6866

TIMING: 972000  CPU: 7139.01, 0.00748987/step  Wall: 7157.64, 0.00750077/step, 0.0583393 hours remaining, 0.000000 MB of memory in use.
PERFORMANCE: 972000  averaging 23.4664 ns/day, 0.00736373 sec/step with standard deviation 6.00212e-05
ENERGY:  972000       403.9820      1035.3257      1358.9658        17.8584        -587157.6415     41657.3779        51.4594         0.0000     48383.3093        -494249.3629       292.3125   -542632.6723   -494143.7501       292.1526           -129.8502       -95.8568    831113.4342         0.6489         0.6260

LDB: ============= START OF LOAD BALANCING ============== 7161.24
LDB: ============== END OF LOAD BALANCING =============== 7161.25
Info: useSync: 0 useProxySync: 0
LDB: =============== DONE WITH MIGRATION ================ 7161.25
LDB: ============= START OF LOAD BALANCING ============== 7161.99
LDB: TIME 7161.99 LOAD: AVG 0.588175 MAX 0.65978  PROXIES: TOTAL 344 MAXPE 47 MAXPATCH 5 None MEM: 0 MB
LDB: TIME 7161.99 LOAD: AVG 0.588175 MAX 0.65978  PROXIES: TOTAL 344 MAXPE 47 MAXPATCH 5 RefineTorusLB MEM: 0 MB
LDB: TIME 7162 LOAD: AVG 0.588175 MAX 0.65978  PROXIES: TOTAL 344 MAXPE 47 MAXPATCH 5 RefineTorusLB MEM: 0 MB
LDB: Reverting to original mapping
LDB: ============== END OF LOAD BALANCING =============== 7162
Info: useSync: 0 useProxySync: 0
LDB: =============== DONE WITH MIGRATION ================ 7162
TIMING: 973000  CPU: 7146.47, 0.00746692/step  Wall: 7165.12, 0.00748323/step, 0.0561242 hours remaining, 0.000000 MB of memory in use.
PERFORMANCE: 973000  averaging 23.466 ns/day, 0.00736385 sec/step with standard deviation 6.01125e-05
ENERGY:  973000       383.0589      1048.2497      1359.0470        16.3640        -588015.0403     42236.4497        51.5363         0.0000     48407.5708        -494512.7640       292.4591   -542920.3347   -494396.5673       292.6837            104.1091       135.0925    829567.7187        -1.8284        -1.7900

TIMING: 974000  CPU: 7153.94, 0.00746639/step  Wall: 7172.6, 0.00747733/step, 0.0540029 hours remaining, 0.000000 MB of memory in use.
PERFORMANCE: 974000  averaging 23.4656 ns/day, 0.00736397 sec/step with standard deviation 6.01916e-05
ENERGY:  974000       374.4361      1038.0610      1356.1989        15.4863        -587853.2667     42076.7795        50.4660         0.0000     48150.6253        -494791.2136       290.9068   -542941.8389   -494682.9606       292.4776              1.2301        34.1358    830503.0236        -1.4092        -1.4481

WRITING COORDINATES TO DCD FILE eq1.dcd AT STEP 975000
TIMING: 975000  CPU: 7161.41, 0.00747221/step  Wall: 7180.08, 0.00748698/step, 0.0519929 hours remaining, 0.000000 MB of memory in use.
PERFORMANCE: 975000  averaging 23.4652 ns/day, 0.00736409 sec/step with standard deviation 6.02895e-05
ENERGY:  975000       372.9387      1065.0710      1334.3989        12.8757        -587305.1565     41816.4979        57.1270         0.0000     47993.3869        -494652.8604       289.9568   -542646.2473   -494544.3129       291.9476           -107.2384       -73.5475    832657.9714        -2.0566        -2.0471

TIMING: 976000  CPU: 7168.88, 0.00746957/step  Wall: 7187.57, 0.00748173/step, 0.0498782 hours remaining, 0.000000 MB of memory in use.
PERFORMANCE: 976000  averaging 23.4648 ns/day, 0.00736421 sec/step with standard deviation 6.03761e-05
ENERGY:  976000       387.1711      1049.9938      1333.6061        19.4299        -587392.9223     41898.5566        49.2399         0.0000     48231.6763        -494423.2486       291.3964   -542654.9249   -494320.0322       291.8823           -110.7467       -81.1824    833117.0429         1.4388         1.4557

LDB: ============= START OF LOAD BALANCING ============== 7191.18
LDB: ============== END OF LOAD BALANCING =============== 7191.18
Info: useSync: 0 useProxySync: 0
LDB: =============== DONE WITH MIGRATION ================ 7191.18
LDB: ============= START OF LOAD BALANCING ============== 7191.93
LDB: TIME 7191.93 LOAD: AVG 0.586983 MAX 0.663381  PROXIES: TOTAL 344 MAXPE 47 MAXPATCH 5 None MEM: 0 MB
LDB: TIME 7191.93 LOAD: AVG 0.586983 MAX 0.663381  PROXIES: TOTAL 344 MAXPE 47 MAXPATCH 5 RefineTorusLB MEM: 0 MB
LDB: TIME 7191.93 LOAD: AVG 0.586983 MAX 0.663381  PROXIES: TOTAL 344 MAXPE 47 MAXPATCH 5 RefineTorusLB MEM: 0 MB
LDB: Reverting to original mapping
LDB: ============== END OF LOAD BALANCING =============== 7191.93
Info: useSync: 0 useProxySync: 0
LDB: =============== DONE WITH MIGRATION ================ 7191.93
TIMING: 977000  CPU: 7176.37, 0.00748739/step  Wall: 7195.07, 0.00750234/step, 0.0479316 hours remaining, 0.000000 MB of memory in use.
PERFORMANCE: 977000  averaging 23.4644 ns/day, 0.00736435 sec/step with standard deviation 6.05068e-05
ENERGY:  977000       386.6414      1049.2821      1346.1547        17.1797        -587768.5967     42121.6513        51.6765         0.0000     48371.7223        -494424.2888       292.2425   -542796.0110   -494319.4725       292.4804            -13.6631        16.7178    830768.4636         7.7695         7.8009

TIMING: 978000  CPU: 7183.82, 0.00745166/step  Wall: 7202.53, 0.00746257/step, 0.0456046 hours remaining, 0.000000 MB of memory in use.
PERFORMANCE: 978000  averaging 23.4641 ns/day, 0.00736445 sec/step with standard deviation 6.05573e-05
ENERGY:  978000       384.4764      1054.5008      1350.7325        19.2585        -586918.2946     41491.3385        50.4240         0.0000     48640.3080        -493927.2558       293.8652   -542567.5639   -493820.1721       292.8337           -225.7205      -193.8182    831418.4206         2.9361         2.9441

TIMING: 979000  CPU: 7191.29, 0.00746796/step  Wall: 7210.01, 0.00747863/step, 0.0436253 hours remaining, 0.000000 MB of memory in use.
PERFORMANCE: 979000  averaging 23.4637 ns/day, 0.00736457 sec/step with standard deviation 6.06362e-05
ENERGY:  979000       398.0456      1077.1767      1343.7185        19.3875        -588065.2218     42090.5540        54.4745         0.0000     48403.1849        -494678.6800       292.4326   -543081.8649   -494569.7652       292.8412            -90.7249       -60.0574    831884.3602        -0.1975        -0.2711

TIMING: 980000  CPU: 7198.75, 0.00746298/step  Wall: 7217.48, 0.00747604/step, 0.0415335 hours remaining, 0.000000 MB of memory in use.
PERFORMANCE: 980000  averaging 23.4633 ns/day, 0.00736468 sec/step with standard deviation 6.07098e-05
ETITLE:      TS           BOND          ANGLE          DIHED          IMPRP               ELECT            VDW       BOUNDARY           MISC        KINETIC               TOTAL           TEMP      POTENTIAL         TOTAL3        TEMPAVG            PRESSURE      GPRESSURE         VOLUME       PRESSAVG      GPRESSAVG

ENERGY:  980000       384.2751      1047.5123      1341.9175        21.7285        -587910.8221     42175.6612        57.9633         0.0000     48302.7261        -494579.0383       291.8257   -542881.7643   -494466.5012       292.1000             11.5884        47.1353    831323.0188         3.2906         3.2568

WRITING EXTENDED SYSTEM TO RESTART FILE AT STEP 980000
WRITING COORDINATES TO DCD FILE eq1.dcd AT STEP 980000
WRITING COORDINATES TO RESTART FILE AT STEP 980000
FINISHED WRITING RESTART COORDINATES
WRITING VELOCITIES TO RESTART FILE AT STEP 980000
FINISHED WRITING RESTART VELOCITIES
LDB: ============= START OF LOAD BALANCING ============== 7221.15
LDB: ============== END OF LOAD BALANCING =============== 7221.15
Info: useSync: 0 useProxySync: 0
LDB: =============== DONE WITH MIGRATION ================ 7221.15
LDB: ============= START OF LOAD BALANCING ============== 7221.9
LDB: TIME 7221.9 LOAD: AVG 0.590469 MAX 0.66217  PROXIES: TOTAL 344 MAXPE 47 MAXPATCH 5 None MEM: 0 MB
LDB: TIME 7221.9 LOAD: AVG 0.590469 MAX 0.66217  PROXIES: TOTAL 344 MAXPE 47 MAXPATCH 5 RefineTorusLB MEM: 0 MB
LDB: TIME 7221.9 LOAD: AVG 0.590469 MAX 0.66217  PROXIES: TOTAL 344 MAXPE 47 MAXPATCH 5 RefineTorusLB MEM: 0 MB
LDB: ============== END OF LOAD BALANCING =============== 7221.9
Info: useSync: 0 useProxySync: 0
LDB: =============== DONE WITH MIGRATION ================ 7221.9
TIMING: 981000  CPU: 7206.23, 0.00747603/step  Wall: 7225.02, 0.00753425/step, 0.0397641 hours remaining, 0.000000 MB of memory in use.
PERFORMANCE: 981000  averaging 23.4628 ns/day, 0.00736486 sec/step with standard deviation 6.09198e-05
ENERGY:  981000       377.2129      1060.1392      1348.9223        19.6647        -588000.3070     41980.6213        52.3953         0.0000     48259.2409        -494902.1104       291.5630   -543161.3513   -494799.3244       291.9933           -121.9532       -89.4952    831414.7746         1.4636         1.4399

TIMING: 982000  CPU: 7213.7, 0.00746803/step  Wall: 7232.5, 0.00747924/step, 0.0373962 hours remaining, 0.000000 MB of memory in use.
PERFORMANCE: 982000  averaging 23.4624 ns/day, 0.00736497 sec/step with standard deviation 6.0998e-05
ENERGY:  982000       376.1787      1056.4987      1344.8472        21.9751        -588653.3987     42521.6747        55.6670         0.0000     48476.0445        -494800.5129       292.8728   -543276.5574   -494684.4849       291.5739             74.6556       106.7789    832162.8802         0.6495         0.5971

TIMING: 983000  CPU: 7221.15, 0.00745617/step  Wall: 7239.96, 0.00746442/step, 0.0352486 hours remaining, 0.000000 MB of memory in use.
PERFORMANCE: 983000  averaging 23.4621 ns/day, 0.00736508 sec/step with standard deviation 6.10494e-05
ENERGY:  983000       396.4348      1071.5087      1352.6453        19.1881        -587739.0629     41992.2353        49.1548         0.0000     48403.4065        -494454.4894       292.4340   -542857.8960   -494341.0765       291.8830            -47.4907       -13.9578    832284.1459         4.8961         4.7755

TIMING: 984000  CPU: 7228.6, 0.00744341/step  Wall: 7247.41, 0.00745115/step, 0.0331162 hours remaining, 0.000000 MB of memory in use.
PERFORMANCE: 984000  averaging 23.4618 ns/day, 0.00736516 sec/step with standard deviation 6.108e-05
ENERGY:  984000       407.9079      1068.6485      1353.8626        16.1041        -588158.5475     42160.6706        45.6307         0.0000     48289.0035        -494816.7196       291.7428   -543105.7231   -494719.8647       291.9305            -20.0115        11.6621    832028.1480         2.2510         2.2735

LDB: ============= START OF LOAD BALANCING ============== 7251.01
LDB: ============== END OF LOAD BALANCING =============== 7251.01
Info: useSync: 0 useProxySync: 0
LDB: =============== DONE WITH MIGRATION ================ 7251.01
LDB: ============= START OF LOAD BALANCING ============== 7251.76
LDB: TIME 7251.76 LOAD: AVG 0.587615 MAX 0.658032  PROXIES: TOTAL 344 MAXPE 47 MAXPATCH 5 None MEM: 0 MB
LDB: TIME 7251.76 LOAD: AVG 0.587615 MAX 0.658032  PROXIES: TOTAL 344 MAXPE 47 MAXPATCH 5 RefineTorusLB MEM: 0 MB
LDB: TIME 7251.76 LOAD: AVG 0.587615 MAX 0.658032  PROXIES: TOTAL 344 MAXPE 47 MAXPATCH 5 RefineTorusLB MEM: 0 MB
LDB: ============== END OF LOAD BALANCING =============== 7251.76
Info: useSync: 0 useProxySync: 0
LDB: =============== DONE WITH MIGRATION ================ 7251.76
WRITING COORDINATES TO DCD FILE eq1.dcd AT STEP 985000
TIMING: 985000  CPU: 7236.05, 0.00745886/step  Wall: 7254.88, 0.0074686/step, 0.0311192 hours remaining, 0.000000 MB of memory in use.
PERFORMANCE: 985000  averaging 23.4615 ns/day, 0.00736527 sec/step with standard deviation 6.11379e-05
ENERGY:  985000       383.1377      1079.7267      1348.9143        19.4766        -588346.2235     42370.2438        47.2402         0.0000     48260.8752        -494836.6090       291.5728   -543097.4842   -494726.0037       291.5422             74.3080       104.6862    831014.1243         2.6693         2.7063

TIMING: 986000  CPU: 7243.51, 0.00746/step  Wall: 7262.35, 0.00746811/step, 0.0290427 hours remaining, 0.000000 MB of memory in use.
PERFORMANCE: 986000  averaging 23.4611 ns/day, 0.00736537 sec/step with standard deviation 6.11946e-05
ENERGY:  986000       393.8603      1069.8346      1354.4838        19.3382        -587625.3377     41935.1650        47.5916         0.0000     48289.5363        -494515.5279       291.7460   -542805.0642   -494407.1139       291.7368            -27.3014         5.5046    831494.9212         3.5175         3.4668

TIMING: 987000  CPU: 7250.99, 0.00747606/step  Wall: 7269.83, 0.0074845/step, 0.0270274 hours remaining, 0.000000 MB of memory in use.
PERFORMANCE: 987000  averaging 23.4608 ns/day, 0.00736549 sec/step with standard deviation 6.12809e-05
ENERGY:  987000       423.3081      1052.1584      1341.2273        18.3759        -588142.0024     42159.5390        42.1015         0.0000     48432.2846        -494673.0076       292.6084   -543105.2922   -494567.4607       292.3655            -27.8513         8.0722    830812.8339        -4.4390        -4.5247

TIMING: 988000  CPU: 7258.48, 0.00749173/step  Wall: 7277.33, 0.00749834/step, 0.0249945 hours remaining, 0.000000 MB of memory in use.
PERFORMANCE: 988000  averaging 23.4603 ns/day, 0.00736563 sec/step with standard deviation 6.13955e-05
ENERGY:  988000       420.0565      1054.5891      1337.8110        14.8629        -587671.0646     41864.8467        44.2226         0.0000     48479.5701        -494455.1056       292.8941   -542934.6758   -494342.3692       291.9625           -149.2918      -115.5687    832883.2782        -2.7198        -2.7737

LDB: ============= START OF LOAD BALANCING ============== 7280.95
LDB: ============== END OF LOAD BALANCING =============== 7280.95
Info: useSync: 0 useProxySync: 0
LDB: =============== DONE WITH MIGRATION ================ 7280.95
LDB: ============= START OF LOAD BALANCING ============== 7281.71
LDB: TIME 7281.71 LOAD: AVG 0.592981 MAX 0.668565  PROXIES: TOTAL 344 MAXPE 47 MAXPATCH 5 None MEM: 0 MB
LDB: TIME 7281.71 LOAD: AVG 0.592981 MAX 0.668565  PROXIES: TOTAL 344 MAXPE 47 MAXPATCH 5 RefineTorusLB MEM: 0 MB
LDB: TIME 7281.71 LOAD: AVG 0.592981 MAX 0.668565  PROXIES: TOTAL 344 MAXPE 47 MAXPATCH 5 RefineTorusLB MEM: 0 MB
LDB: ============== END OF LOAD BALANCING =============== 7281.71
Info: useSync: 0 useProxySync: 0
LDB: =============== DONE WITH MIGRATION ================ 7281.71
TIMING: 989000  CPU: 7265.97, 0.00749177/step  Wall: 7284.83, 0.00750118/step, 0.0229203 hours remaining, 0.000000 MB of memory in use.
PERFORMANCE: 989000  averaging 23.4599 ns/day, 0.00736576 sec/step with standard deviation 6.15156e-05
ENERGY:  989000       388.6053      1063.3616      1335.5760        21.8667        -586898.3484     41619.7834        46.6121         0.0000     48290.5219        -494132.0214       291.7520   -542422.5433   -494033.3831       292.8951           -118.6684       -87.7870    832467.7899        -1.1945        -1.2108

TIMING: 990000  CPU: 7273.44, 0.00746851/step  Wall: 7292.31, 0.0074748/step, 0.0207633 hours remaining, 0.000000 MB of memory in use.
PERFORMANCE: 990000  averaging 23.4595 ns/day, 0.00736587 sec/step with standard deviation 6.15821e-05
ETITLE:      TS           BOND          ANGLE          DIHED          IMPRP               ELECT            VDW       BOUNDARY           MISC        KINETIC               TOTAL           TEMP      POTENTIAL         TOTAL3        TEMPAVG            PRESSURE      GPRESSURE         VOLUME       PRESSAVG      GPRESSAVG

ENERGY:  990000       384.1906      1092.6207      1337.6184        12.2523        -586843.2641     41553.8437        50.2460         0.0000     48464.9512        -493947.5412       292.8058   -542412.4924   -493841.4573       292.7457           -145.8836      -118.1654    831265.5367        -0.1189        -0.1378

WRITING EXTENDED SYSTEM TO RESTART FILE AT STEP 990000
WRITING COORDINATES TO DCD FILE eq1.dcd AT STEP 990000
WRITING COORDINATES TO RESTART FILE AT STEP 990000
FINISHED WRITING RESTART COORDINATES
WRITING VELOCITIES TO RESTART FILE AT STEP 990000
FINISHED WRITING RESTART VELOCITIES
TIMING: 991000  CPU: 7280.95, 0.00751102/step  Wall: 7299.88, 0.00756744/step, 0.0189186 hours remaining, 0.000000 MB of memory in use.
PERFORMANCE: 991000  averaging 23.4589 ns/day, 0.00736608 sec/step with standard deviation 6.18832e-05
ENERGY:  991000       386.4813      1066.7181      1352.1228        19.8453        -587438.6724     42103.2510        47.4233         0.0000     48350.8692        -494111.9613       292.1166   -542462.8304   -493996.7519       292.9420             -5.6643        29.1226    832693.6456        -0.3052        -0.2616

TIMING: 992000  CPU: 7288.43, 0.00747492/step  Wall: 7307.37, 0.00748996/step, 0.0166444 hours remaining, 0.000000 MB of memory in use.
PERFORMANCE: 992000  averaging 23.4585 ns/day, 0.0073662 sec/step with standard deviation 6.19769e-05
ENERGY:  992000       382.9863      1076.4672      1337.6691        22.0037        -587574.6006     41858.1734        58.9697         0.0000     48510.0613        -494328.2699       293.0783   -542838.3312   -494232.2910       292.5048            -60.6574       -32.9528    831529.6006         1.4155         1.3828

LDB: ============= START OF LOAD BALANCING ============== 7310.99
LDB: ============== END OF LOAD BALANCING =============== 7310.99
Info: useSync: 0 useProxySync: 0
LDB: =============== DONE WITH MIGRATION ================ 7310.99
LDB: ============= START OF LOAD BALANCING ============== 7311.74
LDB: TIME 7311.74 LOAD: AVG 0.585989 MAX 0.666032  PROXIES: TOTAL 344 MAXPE 47 MAXPATCH 5 None MEM: 0 MB
LDB: TIME 7311.74 LOAD: AVG 0.585989 MAX 0.666032  PROXIES: TOTAL 344 MAXPE 47 MAXPATCH 5 RefineTorusLB MEM: 0 MB
LDB: TIME 7311.74 LOAD: AVG 0.585989 MAX 0.666032  PROXIES: TOTAL 344 MAXPE 47 MAXPATCH 5 RefineTorusLB MEM: 0 MB
LDB: Reverting to original mapping
LDB: ============== END OF LOAD BALANCING =============== 7311.74
Info: useSync: 0 useProxySync: 0
LDB: =============== DONE WITH MIGRATION ================ 7311.75
TIMING: 993000  CPU: 7295.94, 0.00751539/step  Wall: 7314.9, 0.00752888/step, 0.0146395 hours remaining, 0.000000 MB of memory in use.
PERFORMANCE: 993000  averaging 23.458 ns/day, 0.00736637 sec/step with standard deviation 6.21604e-05
ENERGY:  993000       410.0505      1068.0965      1351.7884        22.4258        -587245.9679     41837.0870        48.9851         0.0000     48567.2451        -493940.2894       293.4238   -542507.5345   -493831.6843       292.7691            -42.7329        -8.6651    831591.1903         2.6789         2.6583

TIMING: 994000  CPU: 7303.42, 0.00747118/step  Wall: 7322.38, 0.00748249/step, 0.0124708 hours remaining, 0.000000 MB of memory in use.
PERFORMANCE: 994000  averaging 23.4576 ns/day, 0.00736648 sec/step with standard deviation 6.22381e-05
ENERGY:  994000       397.5816      1055.2378      1347.1913        16.5931        -587395.0775     42155.1208        47.9676         0.0000     48590.8299        -493784.5555       293.5663   -542375.3854   -493676.8027       292.7683             14.7317        44.4039    832304.5163        -1.2403        -1.2600

TIMING: 995000  CPU: 7310.91, 0.00749546/step  Wall: 7329.88, 0.00750674/step, 0.010426 hours remaining, 0.000000 MB of memory in use.
PERFORMANCE: 995000  averaging 23.4571 ns/day, 0.00736662 sec/step with standard deviation 6.23655e-05
ENERGY:  995000       385.4854      1103.7645      1350.4863        11.6617        -587187.3213     41968.6682        54.5967         0.0000     48247.2473        -494065.4114       291.4905   -542312.6587   -493954.5518       292.9733            -54.0137       -21.8269    832538.4821         6.3984         6.4108

WRITING COORDINATES TO DCD FILE eq1.dcd AT STEP 995000
TIMING: 996000  CPU: 7318.42, 0.007507/step  Wall: 7337.41, 0.00752232/step, 0.00835814 hours remaining, 0.000000 MB of memory in use.
PERFORMANCE: 996000  averaging 23.4567 ns/day, 0.00736678 sec/step with standard deviation 6.25291e-05
ENERGY:  996000       392.5466      1071.9768      1360.4440        19.5535        -587740.4707     42584.6507        55.4445         0.0000     48297.2583        -493958.5961       291.7927   -542255.8545   -493856.4511       293.2284            116.2976       146.9979    832339.7869        -2.9968        -2.9745

LDB: ============= START OF LOAD BALANCING ============== 7341.01
LDB: ============== END OF LOAD BALANCING =============== 7341.01
Info: useSync: 0 useProxySync: 0
LDB: =============== DONE WITH MIGRATION ================ 7341.01
LDB: ============= START OF LOAD BALANCING ============== 7341.77
LDB: TIME 7341.77 LOAD: AVG 0.592186 MAX 0.665941  PROXIES: TOTAL 344 MAXPE 47 MAXPATCH 5 None MEM: 0 MB
LDB: TIME 7341.77 LOAD: AVG 0.592186 MAX 0.665941  PROXIES: TOTAL 344 MAXPE 47 MAXPATCH 5 RefineTorusLB MEM: 0 MB
LDB: TIME 7341.77 LOAD: AVG 0.592186 MAX 0.665941  PROXIES: TOTAL 344 MAXPE 47 MAXPATCH 5 RefineTorusLB MEM: 0 MB
LDB: ============== END OF LOAD BALANCING =============== 7341.77
Info: useSync: 0 useProxySync: 0
LDB: =============== DONE WITH MIGRATION ================ 7341.77
TIMING: 997000  CPU: 7325.9, 0.00748381/step  Wall: 7344.9, 0.00749386/step, 0.00624488 hours remaining, 0.000000 MB of memory in use.
PERFORMANCE: 997000  averaging 23.4562 ns/day, 0.00736691 sec/step with standard deviation 6.26271e-05
ENERGY:  997000       402.9504      1073.2791      1356.5291        20.8165        -587119.9829     41820.8672        45.9004         0.0000     48803.8711        -493595.7691       294.8534   -542399.6402   -493489.4286       293.4724            -86.9542       -54.5391    832628.5654         0.5621         0.6053

TIMING: 998000  CPU: 7333.39, 0.00748784/step  Wall: 7352.4, 0.00749989/step, 0.00416661 hours remaining, 0.000000 MB of memory in use.
PERFORMANCE: 998000  averaging 23.4558 ns/day, 0.00736704 sec/step with standard deviation 6.27371e-05
ENERGY:  998000       433.3265      1086.2996      1341.6838        20.0289        -587548.8949     42318.7741        47.9299         0.0000     48578.0319        -493722.8202       293.4890   -542300.8522   -493624.1224       293.4851            138.4465       172.5049    831673.7486         2.8268         2.7468

TIMING: 999000  CPU: 7340.87, 0.00747556/step  Wall: 7359.89, 0.00749016/step, 0.0020806 hours remaining, 0.000000 MB of memory in use.
PERFORMANCE: 999000  averaging 23.4554 ns/day, 0.00736716 sec/step with standard deviation 6.28265e-05
ENERGY:  999000       417.5901      1074.3315      1355.2042        17.7356        -586795.1052     41498.5343        49.3091         0.0000     48549.6744        -493832.7260       293.3177   -542382.4005   -493723.6251       293.3965           -237.6023      -202.1652    833307.1306         4.5176         4.5192

WRITING COORDINATES TO DCD FILE eq1.dcd AT STEP 1000000
WRITING COORDINATES TO RESTART FILE AT STEP 1000000
FINISHED WRITING RESTART COORDINATES
TIMING: 1000000  CPU: 7348.38, 0.00751221/step  Wall: 7367.43, 0.00754239/step, 0 hours remaining, 0.000000 MB of memory in use.
PERFORMANCE: 1000000  averaging 23.4549 ns/day, 0.00736734 sec/step with standard deviation 6.30391e-05
ETITLE:      TS           BOND          ANGLE          DIHED          IMPRP               ELECT            VDW       BOUNDARY           MISC        KINETIC               TOTAL           TEMP      POTENTIAL         TOTAL3        TEMPAVG            PRESSURE      GPRESSURE         VOLUME       PRESSAVG      GPRESSAVG

ENERGY: 1000000       370.6036      1073.2470      1354.6292        23.9752        -587597.7611     42046.2785        47.0642         0.0000     48522.9907        -494158.9725       293.1564   -542681.9633   -494052.7900       293.0450            -82.9561       -48.6230    832470.1083        -1.6620        -1.6765

WRITING EXTENDED SYSTEM TO RESTART FILE AT STEP 1000000
WRITING VELOCITIES TO RESTART FILE AT STEP 1000000
FINISHED WRITING RESTART VELOCITIES
WRITING EXTENDED SYSTEM TO OUTPUT FILE AT STEP 1000000
CLOSING EXTENDED SYSTEM TRAJECTORY FILE
WRITING COORDINATES TO OUTPUT FILE AT STEP 1000000
CLOSING COORDINATE DCD FILE eq1.dcd
WRITING VELOCITIES TO OUTPUT FILE AT STEP 1000000
====================================================

WallClock: 7368.907715  CPUTime: 7349.707520  Memory: 0.000000 MB
[Partition 0][Node 0] End of program
