Charm++: standalone mode (not using charmrun)
Charm++> Running in Multicore mode: 8 threads (PEs)
Charm++> Using recursive bisection (scheme 3) for topology aware partitions
Converse/Charm++ Commit ID: 
CharmLB> Load balancer assumes all CPUs are same.
Charm++> Running on 1 hosts (2 sockets x 2 cores x 2 PUs = 8-way SMP)
Charm++> cpu topology info is gathered in 0.002 seconds.
Info: Built with CUDA version 11080
Pe 7 physical rank 7 will use CUDA device of pe 4
Pe 3 physical rank 3 will use CUDA device of pe 4
Pe 5 physical rank 5 will use CUDA device of pe 4
Pe 1 physical rank 1 will use CUDA device of pe 4
Pe 0 physical rank 0 will use CUDA device of pe 4
Pe 2 physical rank 2 will use CUDA device of pe 4
Pe 6 physical rank 6 will use CUDA device of pe 4
Pe 4 physical rank 4 binding to CUDA device 0 on g014: 'NVIDIA TITAN X (Pascal)'  Mem: 12183MB  Rev: 6.1  PCI: 0:81:0
CharmLB> Load balancing instrumentation for communication is off.
Info: NAMD 3.0.2 for Linux-x86_64-multicore-CUDA
Info: 
Info: Please visit http://www.ks.uiuc.edu/Research/namd/
Info: for updates, documentation, and support information.
Info: 
Info: Please cite Phillips et al., J. Chem. Phys. 153:044130 (2020) doi:10.1063/5.0014475
Info: in all publications reporting results obtained with NAMD.
Info: 
Info: Based on Charm++/Converse 80000 for multicore-linux-x86_64-gcc
Info: Built Wed Aug 27 15:48:11 CDT 2025 by dhardy on athine.ks.uiuc.edu
Info: 1 NAMD  3.0.2  Linux-x86_64-multicore-CUDA  8    g014  zhangwen
Info: Running on 8 processors, 1 nodes, 1 physical nodes.
Info: CPU topology information available.
Info: Charm++/Converse parallel runtime startup completed at 0.274503 s
CkLoopLib is used in SMP with simple dynamic scheduling (converse-level notification)
Info: 0 MB of memory in use based on /proc/self/stat
Info: Configuration file is heat.namd
Info: Working in the current directory [archive path: ssdna/polyda40-3m-kcl/50ns]
TCL: Suspending until startup complete.
Warning: Option "1-4scaling" has been deprecated. Instead use "oneFourScaling".
Info: EXTENDED SYSTEM FILE   min.xsc
Info: SIMULATION PARAMETERS:
Info: TIMESTEP               2
Info: NUMBER OF STEPS        0
Info: STEPS PER CYCLE        20
Info: PERIODIC CELL BASIS 1  72 0 0
Info: PERIODIC CELL BASIS 2  0 72 0
Info: PERIODIC CELL BASIS 3  0 0 178
Info: PERIODIC CELL CENTER   0 0 27
Info: WRAPPING ALL CLUSTERS AROUND PERIODIC BOUNDARIES ON OUTPUT.
Info: WRAPPING TO IMAGE NEAREST TO PERIODIC CELL CENTER.
Info: LOAD BALANCER  Centralized
Info: LOAD BALANCING STRATEGY  New Load Balancers -- DEFAULT
Info: LDB PERIOD             4000 steps
Info: FIRST LDB TIMESTEP     100
Info: LAST LDB TIMESTEP     -1
Info: LDB BACKGROUND SCALING 1
Info: HOM BACKGROUND SCALING 1
Info: PME BACKGROUND SCALING 1
Info: MIN ATOMS PER PATCH    40
Info: EMPTY PATCH LOAD       40 ATOMS
Info: INITIAL TEMPERATURE    50
Info: CENTER OF MASS MOVING INITIALLY? NO
Info: DIELECTRIC             1
Info: EXCLUDE                SCALED ONE-FOUR
Info: 1-4 ELECTROSTATICS SCALED BY 1
Info: MODIFIED 1-4 VDW PARAMETERS WILL BE USED
Info: DCD FILENAME           heat.dcd
Info: DCD FREQUENCY          5000
Info: DCD FIRST STEP         5000
Info: DCD FILE WILL CONTAIN UNIT CELL DATA
Info: XST FILENAME           heat.xst
Info: XST FREQUENCY          10000
Info: NO VELOCITY DCD OUTPUT
Info: NO FORCE DCD OUTPUT
Info: OUTPUT FILENAME        heat
Info: BINARY OUTPUT FILES WILL BE USED
Info: RESTART FILENAME       heat.restart
Info: RESTART FREQUENCY      10000
Info: BINARY RESTART FILES WILL BE USED
Info: SWITCHING ACTIVE
Info: SWITCHING ON           10
Info: SWITCHING OFF          12
Info: PAIRLIST DISTANCE      14
Info: PAIRLIST SHRINK RATE   0.01
Info: PAIRLIST GROW RATE     0.01
Info: PAIRLIST TRIGGER       0.3
Info: PAIRLISTS PER CYCLE    2
Info: PAIRLISTS ENABLED
Info: MARGIN                 0
Info: HYDROGEN GROUP CUTOFF  2.5
Info: PATCH DIMENSION        16.5
Info: ENERGY OUTPUT STEPS    1000
Info: ENERGY EVALUATION STEPS    1000
Info: OUTPUT ENERGY PRECISION 4
Info: CROSSTERM ENERGY INCLUDED IN DIHEDRAL
Info: TIMING OUTPUT STEPS    1000
Info: HARMONIC CONSTRAINTS ACTIVE
Info: HARMONIC CONS EXP      2
Info: VELOCITY REASSIGNMENT FREQ  1000
Info: VELOCITY REASSIGNMENT TEMP  50
Info: VELOCITY REASSIGNMENT INCR  1
Info: VELOCITY REASSIGNMENT HOLD  293
Info: PARTICLE MESH EWALD (PME) ACTIVE
Info: PME TOLERANCE               1e-06
Info: PME EWALD COEFFICIENT       0.257952
Info: PME INTERPOLATION ORDER     4
Info: PME GRID DIMENSIONS         72 72 180
Info: PME MAXIMUM GRID SPACING    1.5
Info: PME CALCULATION WILL BE PERFORMED ON GPU
Info: FULL ELECTROSTATIC EVALUATION FREQUENCY      2
Info: USING VERLET I (r-RESPA) MTS SCHEME.
Info: C1 SPLITTING OF LONG RANGE ELECTROSTATICS
Info: PLACING ATOMS IN PATCHES BY HYDROGEN GROUPS
Info: RIGID BONDS TO HYDROGEN : ALL
Info:         ERROR TOLERANCE : 1e-08
Info:          MAX ITERATIONS : 100
Info: RIGID WATER USING SETTLE ALGORITHM
Info: RANDOM NUMBER SEED     1788285021
Info: USE HYDROGEN BONDS?    NO
Info: COORDINATE PDB         system.pdb
Info: STRUCTURE FILE         system.psf
Info: PARAMETER file: CHARMM format! 
Info: PARAMETERS             /opt/charmm/toppar/par_all36_na.prm
Info: PARAMETERS             water_ions_namd.prm
Info: USING ARITHMETIC MEAN TO COMBINE L-J SIGMA PARAMETERS
Info: BINARY COORDINATES     min.coor
Info: SUMMARY OF PARAMETERS:
Info: 99 BONDS
Info: 241 ANGLES
Info: 530 DIHEDRAL
Info: 15 IMPROPER
Info: 0 CROSSTERM
Info: 61 VDW
Info: 2 VDW_PAIRS
Info: 0 NBTHOLE_PAIRS
Info: TIME FOR READING PSF FILE: 0.560548
Info: Reading pdb file system.pdb
Info: TIME FOR READING PDB FILE: 0.180994
Info: 
Info: ****************************
Info: STRUCTURE SUMMARY:
Info: 81237 ATOMS
Info: 52520 BONDS
Info: 28075 ANGLES
Info: 3674 DIHEDRALS
Info: 80 IMPROPERS
Info: 0 CROSSTERMS
Info: 0 EXCLUSIONS
Info: 317 CONSTRAINTS
Info: 77125 RIGID BONDS
Info: 166586 DEGREES OF FREEDOM
Info: 29673 HYDROGEN GROUPS
Info: 3 ATOMS IN LARGEST HYDROGEN GROUP
Info: 29673 MIGRATION GROUPS
Info: 3 ATOMS IN LARGEST MIGRATION GROUP
Info: TOTAL MASS = 595069 amu
Info: TOTAL CHARGE = 4.58397e-06 e
Info: MASS DENSITY = 1.07088 g/cm^3
Info: ATOM DENSITY = 0.0880377 atoms/A^3
Info: *****************************
Info: Reading from binary file min.coor
Info: 
Info: Entering startup at 1.23122 s, 0 MB of memory in use
Info: Startup phase 0 took 0.000288105 s, 0 MB of memory in use
Info: ADDED 83749 IMPLICIT EXCLUSIONS
Info: Startup phase 1 took 0.0329416 s, 0 MB of memory in use
Info: NONBONDED TABLE R-SQUARED SPACING: 0.0625
Info: NONBONDED TABLE SIZE: 769 POINTS
Info: INCONSISTENCY IN FAST TABLE ENERGY VS FORCE: 0.000325096 AT 11.9556
Info: INCONSISTENCY IN SCOR TABLE ENERGY VS FORCE: 0.000324844 AT 11.9556
Info: INCONSISTENCY IN VDWA TABLE ENERGY VS FORCE: 0.0040507 AT 0.251946
Info: INCONSISTENCY IN VDWB TABLE ENERGY VS FORCE: 0.00150189 AT 0.251946
Info: Startup phase 2 took 0.000482292 s, 0 MB of memory in use
Info: Startup phase 3 took 6.1903e-05 s, 0 MB of memory in use
Info: Startup phase 4 took 0.000659875 s, 0 MB of memory in use
Info: Startup phase 5 took 6.5843e-05 s, 0 MB of memory in use
Info: PATCH GRID IS 4 (PERIODIC) BY 4 (PERIODIC) BY 10 (PERIODIC)
Info: PATCH GRID IS 1-AWAY BY 1-AWAY BY 1-AWAY
Info: REMOVING COM VELOCITY 0.00543037 -0.000662683 -0.00908196
Info: LARGEST PATCH (39) HAS 562 ATOMS
Info: TORUS A SIZE 1 USING 0
Info: TORUS B SIZE 1 USING 0
Info: TORUS C SIZE 1 USING 0
Info: TORUS MINIMAL MESH SIZE IS 1 BY 1 BY 1
Info: Placed 100% of base nodes on same physical node as patch
Info: Startup phase 6 took 0.0292398 s, 0 MB of memory in use
Info: Use 3D box decompostion in PME FFT.
Info: PME using 1 x 1 x 1 pencil grid for FFT and reciprocal sum.
Info: Startup phase 7 took 0.000260987 s, 0 MB of memory in use
Info: Updated CUDA force table with 4096 elements.
Info: Updated CUDA LJ table with 61 x 61 elements.
Info: Startup phase 8 took 0.00314171 s, 0 MB of memory in use
Info: Startup phase 9 took 7.8005e-05 s, 0 MB of memory in use
Info: Startup phase 10 took 5.7791e-05 s, 0 MB of memory in use
Info: Startup phase 11 took 0.00214521 s, 0 MB of memory in use
LDB: Central LB being created...
Info: Startup phase 12 took 0.00371057 s, 0 MB of memory in use
Info: CREATING 3584 COMPUTE OBJECTS
Info: Found 36 unique exclusion lists needing 112 bytes
Info: useSync: 0 useProxySync: 0
Info: Startup phase 13 took 0.0204922 s, 0 MB of memory in use
Info: Startup phase 14 took 8.7792e-05 s, 0 MB of memory in use
Info: Startup phase 15 took 7.6105e-05 s, 0 MB of memory in use
Info: Finished startup at 1.32501 s, 0 MB of memory in use

REINITIALIZING VELOCITIES AT STEP 0 TO 50 KELVIN.
TCL: Running for 250000 steps
REASSIGNING VELOCITIES AT STEP 0 TO 50 KELVIN.
ETITLE:      TS           BOND          ANGLE          DIHED          IMPRP               ELECT            VDW       BOUNDARY           MISC        KINETIC               TOTAL           TEMP      POTENTIAL         TOTAL3        TEMPAVG            PRESSURE      GPRESSURE         VOLUME       PRESSAVG      GPRESSAVG

ENERGY:       0       128.0401       621.4680      1262.5693        14.7397        -650259.1068     53801.5311        58.2463         0.0000      8294.5061        -586078.0063        50.1121   -594372.5124   -586077.4703        50.1121          -4583.1703     -4517.1226    922752.0000     -4583.1703     -4517.1226

OPENING EXTENDED SYSTEM TRAJECTORY FILE
LDB: ============= START OF LOAD BALANCING ============== 1.50594
LDB: ============== END OF LOAD BALANCING =============== 1.50605
Info: useSync: 0 useProxySync: 0
LDB: =============== DONE WITH MIGRATION ================ 1.50618
LDB: ============= START OF LOAD BALANCING ============== 1.9559
LDB: Partitioning computes with target load 0.000000
LDB: Increased migratable compute count from 0 to 0
LDB: Largest unpartitionable compute is 0.000000
LDB: ============== END OF LOAD BALANCING =============== 1.9563
Info: useSync: 0 useProxySync: 0
LDB: =============== DONE WITH MIGRATION ================ 1.95681
Info: Initial time: 8 CPUs 0.00575477 s/step 0.0333031 days/ns 0 MB memory
LDB: ============= START OF LOAD BALANCING ============== 2.07476
LDB: ============== END OF LOAD BALANCING =============== 2.07487
Info: useSync: 0 useProxySync: 0
LDB: =============== DONE WITH MIGRATION ================ 2.07513
LDB: ============= START OF LOAD BALANCING ============== 2.52905
LDB: TIME 2.52943 LOAD: AVG 0.376108 MAX 0.406545  PROXIES: TOTAL 320 MAXPE 40 MAXPATCH 3 None MEM: 0 MB
LDB: TIME 2.52955 LOAD: AVG 0.376108 MAX 0.406545  PROXIES: TOTAL 320 MAXPE 40 MAXPATCH 3 TorusLB MEM: 0 MB
LDB: ============== END OF LOAD BALANCING =============== 2.52969
Info: useSync: 0 useProxySync: 0
LDB: =============== DONE WITH MIGRATION ================ 2.5302
Info: Initial time: 8 CPUs 0.00571854 s/step 0.0330934 days/ns 0 MB memory
LDB: ============= START OF LOAD BALANCING ============== 3.09391
LDB: TIME 3.09428 LOAD: AVG 0.468276 MAX 0.50775  PROXIES: TOTAL 320 MAXPE 40 MAXPATCH 3 None MEM: 0 MB
LDB: TIME 3.09438 LOAD: AVG 0.468276 MAX 0.50775  PROXIES: TOTAL 320 MAXPE 40 MAXPATCH 3 RefineTorusLB MEM: 0 MB
LDB: TIME 3.09442 LOAD: AVG 0.468276 MAX 0.50775  PROXIES: TOTAL 320 MAXPE 40 MAXPATCH 3 RefineTorusLB MEM: 0 MB
LDB: ============== END OF LOAD BALANCING =============== 3.09456
Info: useSync: 0 useProxySync: 0
LDB: =============== DONE WITH MIGRATION ================ 3.09502
Info: Initial time: 8 CPUs 0.00563467 s/step 0.0326081 days/ns 0 MB memory
LDB: ============= START OF LOAD BALANCING ============== 3.66064
LDB: TIME 3.66104 LOAD: AVG 0.468814 MAX 0.508746  PROXIES: TOTAL 320 MAXPE 40 MAXPATCH 3 None MEM: 0 MB
LDB: TIME 3.66115 LOAD: AVG 0.468814 MAX 0.508746  PROXIES: TOTAL 320 MAXPE 40 MAXPATCH 3 RefineTorusLB MEM: 0 MB
LDB: TIME 3.66118 LOAD: AVG 0.468814 MAX 0.508746  PROXIES: TOTAL 320 MAXPE 40 MAXPATCH 3 RefineTorusLB MEM: 0 MB
LDB: Reverting to original mapping
LDB: ============== END OF LOAD BALANCING =============== 3.66134
Info: useSync: 0 useProxySync: 0
LDB: =============== DONE WITH MIGRATION ================ 3.66183
Info: Benchmark time: 8 CPUs 0.00565602 s/step 0.0327316 days/ns 0 MB memory
Info: Benchmark time: 8 CPUs 0.00562972 s/step 0.0325794 days/ns 0 MB memory
Info: Benchmark time: 8 CPUs 0.00561764 s/step 0.0325095 days/ns 0 MB memory
Info: Benchmark time: 8 CPUs 0.00561814 s/step 0.0325124 days/ns 0 MB memory
Info: Benchmark time: 8 CPUs 0.00564622 s/step 0.0326749 days/ns 0 MB memory
Info: Benchmark time: 8 CPUs 0.00567415 s/step 0.0328365 days/ns 0 MB memory
REASSIGNING VELOCITIES AT STEP 1000 TO 51 KELVIN.
TIMING: 1000  CPU: 5.72551, 0.00563629/step  Wall: 5.76173, 0.00566695/step, 0.391964 hours remaining, 0.000000 MB of memory in use.
PERFORMANCE: 1000  averaging 30.4926 ns/day, 0.00566695 sec/step with standard deviation 0
ENERGY:    1000       148.2593       659.8027      1273.4369        14.6654        -646566.1670     53591.1987        66.8432         0.0000      8443.5296        -582368.4312        51.0124   -590811.9608   -580672.0008        26.6120          -4388.7299     -4276.0117    922752.0000     -4338.8635     -4338.8168

REASSIGNING VELOCITIES AT STEP 2000 TO 52 KELVIN.
TIMING: 2000  CPU: 11.3555, 0.00563003/step  Wall: 11.4126, 0.00565085/step, 0.389281 hours remaining, 0.000000 MB of memory in use.
PERFORMANCE: 2000  averaging 30.536 ns/day, 0.0056589 sec/step with standard deviation 1.1388e-05
ENERGY:    2000       158.5501       657.0421      1281.2376        14.9035        -645157.5607     53441.7142        61.5111         0.0000      8624.7047        -580917.8975        52.1070   -589542.6022   -580245.9483        41.3939          -4214.5349     -4129.6334    922752.0000     -4160.6412     -4160.6202

REASSIGNING VELOCITIES AT STEP 3000 TO 53 KELVIN.
TIMING: 3000  CPU: 17.0111, 0.00565556/step  Wall: 17.0816, 0.00566906/step, 0.388961 hours remaining, 0.000000 MB of memory in use.
PERFORMANCE: 3000  averaging 30.5177 ns/day, 0.00566229 sec/step with standard deviation 9.96393e-06
ENERGY:    3000       182.4825       684.5916      1275.7863        15.5571        -645192.7016     53696.7348        69.6836         0.0000      8774.9724        -580492.8934        53.0149   -589267.8657   -580279.4013        49.1186          -4107.7813     -4035.9408    922752.0000     -4057.7725     -4057.7596

REASSIGNING VELOCITIES AT STEP 4000 TO 54 KELVIN.
TIMING: 4000  CPU: 22.6636, 0.00565251/step  Wall: 22.7549, 0.00567325/step, 0.387672 hours remaining, 0.000000 MB of memory in use.
PERFORMANCE: 4000  averaging 30.5029 ns/day, 0.00566503 sec/step with standard deviation 9.80909e-06
ENERGY:    4000       169.3610       695.7914      1286.9150        16.6871        -645453.2991     53806.0073        67.7503         0.0000      8914.1853        -580496.6017        53.8559   -589410.7870   -580477.2955        52.8001          -4033.6664     -3970.1596    922752.0000     -4001.9383     -4001.9340

LDB: ============= START OF LOAD BALANCING ============== 25.7406
LDB: ============== END OF LOAD BALANCING =============== 25.7407
Info: useSync: 0 useProxySync: 0
LDB: =============== DONE WITH MIGRATION ================ 25.7409
LDB: ============= START OF LOAD BALANCING ============== 26.3095
LDB: TIME 26.3099 LOAD: AVG 0.47236 MAX 0.509463  PROXIES: TOTAL 320 MAXPE 40 MAXPATCH 3 None MEM: 0 MB
LDB: TIME 26.31 LOAD: AVG 0.47236 MAX 0.509463  PROXIES: TOTAL 320 MAXPE 40 MAXPATCH 3 RefineTorusLB MEM: 0 MB
LDB: TIME 26.31 LOAD: AVG 0.47236 MAX 0.509463  PROXIES: TOTAL 320 MAXPE 40 MAXPATCH 3 RefineTorusLB MEM: 0 MB
LDB: ============== END OF LOAD BALANCING =============== 26.3102
Info: useSync: 0 useProxySync: 0
LDB: =============== DONE WITH MIGRATION ================ 26.3107
REASSIGNING VELOCITIES AT STEP 5000 TO 55 KELVIN.
TIMING: 5000  CPU: 28.323, 0.00565943/step  Wall: 28.4403, 0.00568539/step, 0.386923 hours remaining, 0.000000 MB of memory in use.
PERFORMANCE: 5000  averaging 30.481 ns/day, 0.0056691 sec/step with standard deviation 1.24546e-05
ENERGY:    5000       174.1453       701.5487      1281.7152        14.2130        -645889.9049     53986.3622        71.1113         0.0000      9051.3245        -580609.4847        54.6845   -589660.8092   -580640.1723        54.6016          -3978.3153     -3917.2423    922752.0000     -3956.2802     -3956.2761

OPENING COORDINATE DCD FILE
WRITING COORDINATES TO DCD FILE heat.dcd AT STEP 5000
The last position output (seq=5000) takes 0.012 seconds, 0.000 MB of memory in use
REASSIGNING VELOCITIES AT STEP 6000 TO 56 KELVIN.
TIMING: 6000  CPU: 33.9905, 0.00566747/step  Wall: 34.1398, 0.00569948/step, 0.386298 hours remaining, 0.000000 MB of memory in use.
PERFORMANCE: 6000  averaging 30.4538 ns/day, 0.00567416 sec/step with standard deviation 1.66688e-05
ENERGY:    6000       173.1146       695.1974      1282.2158        12.9905        -646243.7871     54126.3304        64.4891         0.0000      9265.4509        -580623.9984        55.9781   -589889.4493   -580605.8027        55.5634          -3964.8622     -3904.2998    922752.0000     -3942.2432     -3942.2401

REASSIGNING VELOCITIES AT STEP 7000 TO 57 KELVIN.
TIMING: 7000  CPU: 39.646, 0.00565551/step  Wall: 39.8249, 0.00568517/step, 0.383749 hours remaining, 0.000000 MB of memory in use.
PERFORMANCE: 7000  averaging 30.4454 ns/day, 0.00567574 sec/step with standard deviation 1.57753e-05
ENERGY:    7000       173.4918       706.6105      1279.5524        15.3681        -646408.9211     54120.3219        70.0359         0.0000      9469.0582        -580574.4822        57.2083   -590043.5404   -580527.4873        56.5549          -3941.5291     -3884.8160    922752.0000     -3914.0276     -3914.0267

REASSIGNING VELOCITIES AT STEP 8000 TO 58 KELVIN.
TIMING: 8000  CPU: 45.3077, 0.00566172/step  Wall: 45.5084, 0.0056835/step, 0.382057 hours remaining, 0.000000 MB of memory in use.
PERFORMANCE: 8000  averaging 30.4402 ns/day, 0.00567671 sec/step with standard deviation 1.48606e-05
ENERGY:    8000       178.0555       704.7768      1273.6856        15.6001        -646490.6268     54081.1329        64.1876         0.0000      9592.6746        -580580.5138        57.9551   -590173.1884   -580566.3102        57.5179          -3970.4192     -3916.9719    922752.0000     -3902.0450     -3902.0454

LDB: ============= START OF LOAD BALANCING ============== 48.4978
LDB: ============== END OF LOAD BALANCING =============== 48.4979
Info: useSync: 0 useProxySync: 0
LDB: =============== DONE WITH MIGRATION ================ 48.4982
LDB: ============= START OF LOAD BALANCING ============== 49.0682
LDB: TIME 49.0685 LOAD: AVG 0.470792 MAX 0.516461  PROXIES: TOTAL 320 MAXPE 40 MAXPATCH 3 None MEM: 0 MB
LDB: TIME 49.0686 LOAD: AVG 0.470792 MAX 0.516461  PROXIES: TOTAL 320 MAXPE 40 MAXPATCH 3 RefineTorusLB MEM: 0 MB
LDB: TIME 49.0687 LOAD: AVG 0.470792 MAX 0.516461  PROXIES: TOTAL 320 MAXPE 40 MAXPATCH 3 RefineTorusLB MEM: 0 MB
LDB: ============== END OF LOAD BALANCING =============== 49.0688
Info: useSync: 0 useProxySync: 0
LDB: =============== DONE WITH MIGRATION ================ 49.0693
REASSIGNING VELOCITIES AT STEP 9000 TO 59 KELVIN.
TIMING: 9000  CPU: 50.9854, 0.00567768/step  Wall: 51.2123, 0.00570391/step, 0.381845 hours remaining, 0.000000 MB of memory in use.
PERFORMANCE: 9000  averaging 30.424 ns/day, 0.00567973 sec/step with standard deviation 1.6596e-05
ENERGY:    9000       181.1793       704.3796      1283.5986        15.7677        -646739.8354     54204.0904        66.2863         0.0000      9703.3885        -580581.1451        58.6240   -590284.5336   -580558.2625        58.2096          -3938.2093     -3882.8565    922752.0000     -3891.5640     -3891.5611

WRITING COORDINATES TO DCD FILE heat.dcd AT STEP 10000
WRITING COORDINATES TO RESTART FILE AT STEP 10000
FINISHED WRITING RESTART COORDINATES
The last position output (seq=10000) takes 0.040 seconds, 0.000 MB of memory in use
WRITING VELOCITIES TO RESTART FILE AT STEP 10000
FINISHED WRITING RESTART VELOCITIES
The last velocity output (seq=10000) takes 0.022 seconds, 0.000 MB of memory in use
REASSIGNING VELOCITIES AT STEP 10000 TO 60 KELVIN.
TIMING: 10000  CPU: 56.691, 0.00570562/step  Wall: 56.9763, 0.00576396/step, 0.384264 hours remaining, 0.000000 MB of memory in use.
PERFORMANCE: 10000  averaging 30.3789 ns/day, 0.00568815 sec/step with standard deviation 3.08905e-05
ETITLE:      TS           BOND          ANGLE          DIHED          IMPRP               ELECT            VDW       BOUNDARY           MISC        KINETIC               TOTAL           TEMP      POTENTIAL         TOTAL3        TEMPAVG            PRESSURE      GPRESSURE         VOLUME       PRESSAVG      GPRESSAVG

ENERGY:   10000       180.2124       709.0471      1276.8656        15.1604        -646755.8641     54137.9791        69.8879         0.0000      9951.9229        -580414.7887        60.1255   -590366.7116   -580317.7733        58.8493          -3956.3784     -3899.9647    922752.0000     -3876.3165     -3876.3146

WRITING EXTENDED SYSTEM TO RESTART FILE AT STEP 10000
REASSIGNING VELOCITIES AT STEP 11000 TO 61 KELVIN.
TIMING: 11000  CPU: 62.3599, 0.00566889/step  Wall: 62.673, 0.0056967/step, 0.378197 hours remaining, 0.000000 MB of memory in use.
PERFORMANCE: 11000  averaging 30.3748 ns/day, 0.00568893 sec/step with standard deviation 2.94184e-05
ENERGY:   11000       179.8586       709.5863      1281.3811        15.7096        -647014.6988     54407.1553        65.7694         0.0000     10113.3653        -580241.8732        61.1009   -590355.2385   -580139.0877        59.8193          -3863.7858     -3809.4285    922752.0000     -3839.4621     -3839.4613

REASSIGNING VELOCITIES AT STEP 12000 TO 62 KELVIN.
TIMING: 12000  CPU: 68.0314, 0.00567145/step  Wall: 68.3607, 0.00568772/step, 0.376022 hours remaining, 0.000000 MB of memory in use.
PERFORMANCE: 12000  averaging 30.3753 ns/day, 0.00568883 sec/step with standard deviation 2.80515e-05
ENERGY:   12000       177.5182       723.5933      1279.8520        13.8308        -646740.1874     54172.7701        67.5166         0.0000     10302.2933        -580002.8130        62.2423   -590305.1064   -579870.1346        60.8429          -3920.6589     -3862.6437    922752.0000     -3813.1662     -3813.1591

LDB: ============= START OF LOAD BALANCING ============== 71.3493
LDB: ============== END OF LOAD BALANCING =============== 71.3495
Info: useSync: 0 useProxySync: 0
LDB: =============== DONE WITH MIGRATION ================ 71.3497
LDB: ============= START OF LOAD BALANCING ============== 71.9191
LDB: TIME 71.9195 LOAD: AVG 0.470503 MAX 0.516174  PROXIES: TOTAL 320 MAXPE 40 MAXPATCH 3 None MEM: 0 MB
LDB: TIME 71.9196 LOAD: AVG 0.470503 MAX 0.516174  PROXIES: TOTAL 320 MAXPE 40 MAXPATCH 3 RefineTorusLB MEM: 0 MB
LDB: TIME 71.9196 LOAD: AVG 0.470503 MAX 0.516174  PROXIES: TOTAL 320 MAXPE 40 MAXPATCH 3 RefineTorusLB MEM: 0 MB
LDB: Reverting to original mapping
LDB: ============== END OF LOAD BALANCING =============== 71.9198
Info: useSync: 0 useProxySync: 0
LDB: =============== DONE WITH MIGRATION ================ 71.9203
REASSIGNING VELOCITIES AT STEP 13000 TO 63 KELVIN.
TIMING: 13000  CPU: 73.6988, 0.00566739/step  Wall: 74.0484, 0.00568765/step, 0.374437 hours remaining, 0.000000 MB of memory in use.
PERFORMANCE: 13000  averaging 30.3758 ns/day, 0.00568874 sec/step with standard deviation 2.68593e-05
ENERGY:   13000       172.9386       730.7507      1282.9099        15.6684        -646887.8595     54333.5649        63.1972         0.0000     10439.6695        -579849.1603        63.0723   -590288.8298   -579756.6837        61.9638          -3847.9540     -3794.3806    922752.0000     -3816.9843     -3816.9837

REASSIGNING VELOCITIES AT STEP 14000 TO 64 KELVIN.
TIMING: 14000  CPU: 79.3854, 0.00568657/step  Wall: 79.7475, 0.00569917/step, 0.373612 hours remaining, 0.000000 MB of memory in use.
PERFORMANCE: 14000  averaging 30.3718 ns/day, 0.00568948 sec/step with standard deviation 2.59557e-05
ENERGY:   14000       179.0066       724.8232      1280.2628        15.7682        -646756.1281     54187.2816        68.9136         0.0000     10593.4060        -579706.6661        64.0011   -590300.0721   -579613.1863        62.8420          -3905.0052     -3850.0861    922752.0000     -3802.6804     -3802.6764

REASSIGNING VELOCITIES AT STEP 15000 TO 65 KELVIN.
TIMING: 15000  CPU: 85.0588, 0.00567347/step  Wall: 85.4403, 0.00569275/step, 0.37161 hours remaining, 0.000000 MB of memory in use.
PERFORMANCE: 15000  averaging 30.3707 ns/day, 0.0056897 sec/step with standard deviation 2.50258e-05
ENERGY:   15000       178.6972       714.2806      1280.5907        13.3979        -646970.1411     54428.5921        64.7242         0.0000     10729.0541        -579560.8042        64.8206   -590289.8583   -579467.9025        63.7458          -3809.7678     -3755.4644    922752.0000     -3794.0049     -3794.0026

WRITING COORDINATES TO DCD FILE heat.dcd AT STEP 15000
The last position output (seq=15000) takes 0.010 seconds, 0.000 MB of memory in use
REASSIGNING VELOCITIES AT STEP 16000 TO 66 KELVIN.
TIMING: 16000  CPU: 90.7518, 0.005693/step  Wall: 91.1466, 0.00570631/step, 0.37091 hours remaining, 0.000000 MB of memory in use.
PERFORMANCE: 16000  averaging 30.3651 ns/day, 0.00569074 sec/step with standard deviation 2.45314e-05
ENERGY:   16000       185.7692       721.6803      1283.5042        15.7834        -647234.1089     54687.9107        66.2935         0.0000     10933.7005        -579339.4672        66.0570   -590273.1677   -579210.5765        64.5705          -3738.4290     -3685.7154    922752.0000     -3771.3936     -3771.3917

LDB: ============= START OF LOAD BALANCING ============== 94.1403
LDB: ============== END OF LOAD BALANCING =============== 94.1404
Info: useSync: 0 useProxySync: 0
LDB: =============== DONE WITH MIGRATION ================ 94.1406
LDB: ============= START OF LOAD BALANCING ============== 94.7104
LDB: TIME 94.7107 LOAD: AVG 0.472166 MAX 0.515546  PROXIES: TOTAL 320 MAXPE 40 MAXPATCH 3 None MEM: 0 MB
LDB: TIME 94.7108 LOAD: AVG 0.472166 MAX 0.515546  PROXIES: TOTAL 320 MAXPE 40 MAXPATCH 3 RefineTorusLB MEM: 0 MB
LDB: TIME 94.7109 LOAD: AVG 0.472166 MAX 0.515546  PROXIES: TOTAL 320 MAXPE 40 MAXPATCH 3 RefineTorusLB MEM: 0 MB
LDB: Reverting to original mapping
LDB: ============== END OF LOAD BALANCING =============== 94.711
Info: useSync: 0 useProxySync: 0
LDB: =============== DONE WITH MIGRATION ================ 94.7115
REASSIGNING VELOCITIES AT STEP 17000 TO 67 KELVIN.
TIMING: 17000  CPU: 96.4333, 0.00568144/step  Wall: 96.842, 0.00569543/step, 0.368621 hours remaining, 0.000000 MB of memory in use.
PERFORMANCE: 17000  averaging 30.3637 ns/day, 0.00569101 sec/step with standard deviation 2.37796e-05
ENERGY:   17000       189.9741       713.1951      1283.5280        14.9822        -646738.0810     54282.3787        65.0607         0.0000     11108.8542        -579080.1080        67.1152   -590188.9622   -578930.6307        65.5303          -3845.4160     -3791.8050    922752.0000     -3764.6033     -3764.5997

REASSIGNING VELOCITIES AT STEP 18000 TO 68 KELVIN.
TIMING: 18000  CPU: 102.115, 0.00568196/step  Wall: 102.538, 0.00569567/step, 0.367054 hours remaining, 0.000000 MB of memory in use.
PERFORMANCE: 18000  averaging 30.3623 ns/day, 0.00569127 sec/step with standard deviation 2.30956e-05
ENERGY:   18000       191.9455       719.1941      1280.3442        15.3261        -646766.9387     54293.9878        70.0083         0.0000     11274.1256        -578922.0069        68.1137   -590196.1326   -578821.3293        66.5964          -3831.8169     -3781.0941    922752.0000     -3763.9078     -3763.9066

REASSIGNING VELOCITIES AT STEP 19000 TO 69 KELVIN.
TIMING: 19000  CPU: 107.793, 0.0056774/step  Wall: 108.231, 0.00569315/step, 0.365311 hours remaining, 0.000000 MB of memory in use.
PERFORMANCE: 19000  averaging 30.3617 ns/day, 0.00569137 sec/step with standard deviation 2.2449e-05
ENERGY:   19000       176.4643       731.2572      1285.7764        14.8316        -646597.3442     54222.9656        66.5179         0.0000     11406.6260        -578692.9051        68.9143   -590099.5311   -578556.1917        67.4793          -3856.1416     -3802.9227    922752.0000     -3765.4743     -3765.4697

WRITING COORDINATES TO DCD FILE heat.dcd AT STEP 20000
WRITING COORDINATES TO RESTART FILE AT STEP 20000
FINISHED WRITING RESTART COORDINATES
The last position output (seq=20000) takes 0.039 seconds, 0.000 MB of memory in use
REASSIGNING VELOCITIES AT STEP 20000 TO 70 KELVIN.
TIMING: 20000  CPU: 113.509, 0.00571646/step  Wall: 113.98, 0.00574958/step, 0.367334 hours remaining, 0.000000 MB of memory in use.
PERFORMANCE: 20000  averaging 30.3462 ns/day, 0.00569428 sec/step with standard deviation 2.54329e-05
ETITLE:      TS           BOND          ANGLE          DIHED          IMPRP               ELECT            VDW       BOUNDARY           MISC        KINETIC               TOTAL           TEMP      POTENTIAL         TOTAL3        TEMPAVG            PRESSURE      GPRESSURE         VOLUME       PRESSAVG      GPRESSAVG

ENERGY:   20000       201.2539       724.1321      1280.9797        15.5424        -646543.4084     54161.6531        63.4428         0.0000     11611.8925        -578484.5118        70.1544   -590096.4043   -578360.2394        68.5038          -3852.8044     -3799.5215    922752.0000     -3781.5473     -3781.5433

WRITING EXTENDED SYSTEM TO RESTART FILE AT STEP 20000
WRITING VELOCITIES TO RESTART FILE AT STEP 20000
FINISHED WRITING RESTART VELOCITIES
The last velocity output (seq=20000) takes 0.022 seconds, 0.000 MB of memory in use
LDB: ============= START OF LOAD BALANCING ============== 116.999
LDB: ============== END OF LOAD BALANCING =============== 116.999
Info: useSync: 0 useProxySync: 0
LDB: =============== DONE WITH MIGRATION ================ 116.999
LDB: ============= START OF LOAD BALANCING ============== 117.569
LDB: TIME 117.569 LOAD: AVG 0.473127 MAX 0.51701  PROXIES: TOTAL 320 MAXPE 40 MAXPATCH 3 None MEM: 0 MB
LDB: TIME 117.569 LOAD: AVG 0.473127 MAX 0.51701  PROXIES: TOTAL 320 MAXPE 40 MAXPATCH 3 RefineTorusLB MEM: 0 MB
LDB: TIME 117.569 LOAD: AVG 0.473127 MAX 0.51701  PROXIES: TOTAL 320 MAXPE 40 MAXPATCH 3 RefineTorusLB MEM: 0 MB
LDB: ============== END OF LOAD BALANCING =============== 117.569
Info: useSync: 0 useProxySync: 0
LDB: =============== DONE WITH MIGRATION ================ 117.57
REASSIGNING VELOCITIES AT STEP 21000 TO 71 KELVIN.
TIMING: 21000  CPU: 119.188, 0.00567917/step  Wall: 119.699, 0.0057186/step, 0.363767 hours remaining, 0.000000 MB of memory in use.
PERFORMANCE: 21000  averaging 30.3401 ns/day, 0.00569544 sec/step with standard deviation 2.53507e-05
ENERGY:   21000       184.7190       726.2708      1288.4590        17.6569        -646393.1893     54140.8499        65.4596         0.0000     11835.4838        -578134.2903        71.5052   -589969.7741   -577946.0035        69.4020          -3858.8278     -3803.5104    922752.0000     -3753.5056     -3753.4999

REASSIGNING VELOCITIES AT STEP 22000 TO 72 KELVIN.
TIMING: 22000  CPU: 124.858, 0.00567016/step  Wall: 125.385, 0.00568613/step, 0.360122 hours remaining, 0.000000 MB of memory in use.
PERFORMANCE: 22000  averaging 30.3423 ns/day, 0.00569502 sec/step with standard deviation 2.48192e-05
ENERGY:   22000       197.6811       747.4322      1278.7210        13.5742        -646391.0925     54256.3889        64.3346         0.0000     11983.3978        -577849.5627        72.3989   -589832.9604   -577691.5168        70.7059          -3806.7846     -3754.0435    922752.0000     -3736.1215     -3736.1182

REASSIGNING VELOCITIES AT STEP 23000 TO 73 KELVIN.
TIMING: 23000  CPU: 130.537, 0.00567825/step  Wall: 131.081, 0.00569597/step, 0.359163 hours remaining, 0.000000 MB of memory in use.
PERFORMANCE: 23000  averaging 30.3421 ns/day, 0.00569506 sec/step with standard deviation 2.42494e-05
ENERGY:   23000       186.8210       721.4114      1292.6502        14.6557        -646323.7977     54223.7907        64.5655         0.0000     12027.5263        -577792.3770        72.6655   -589819.9032   -577737.0481        71.8871          -3790.3419     -3736.0931    922752.0000     -3737.0798     -3737.0757

REASSIGNING VELOCITIES AT STEP 24000 TO 74 KELVIN.
TIMING: 24000  CPU: 136.209, 0.00567194/step  Wall: 136.768, 0.00568647/step, 0.356984 hours remaining, 0.000000 MB of memory in use.
PERFORMANCE: 24000  averaging 30.344 ns/day, 0.0056947 sec/step with standard deviation 2.3781e-05
ENERGY:   24000       190.9406       744.5155      1279.2676        16.0996        -646358.8755     54249.7291        62.5405         0.0000     12237.9410        -577577.8416        73.9367   -589815.7826   -577458.2858        72.3693          -3777.0249     -3724.6018    922752.0000     -3739.0581     -3739.0575

LDB: ============= START OF LOAD BALANCING ============== 139.759
LDB: ============== END OF LOAD BALANCING =============== 139.759
Info: useSync: 0 useProxySync: 0
LDB: =============== DONE WITH MIGRATION ================ 139.759
LDB: ============= START OF LOAD BALANCING ============== 140.329
LDB: TIME 140.33 LOAD: AVG 0.472554 MAX 0.51663  PROXIES: TOTAL 320 MAXPE 40 MAXPATCH 3 None MEM: 0 MB
LDB: TIME 140.33 LOAD: AVG 0.472554 MAX 0.51663  PROXIES: TOTAL 320 MAXPE 40 MAXPATCH 3 RefineTorusLB MEM: 0 MB
LDB: TIME 140.33 LOAD: AVG 0.472554 MAX 0.51663  PROXIES: TOTAL 320 MAXPE 40 MAXPATCH 3 RefineTorusLB MEM: 0 MB
LDB: ============== END OF LOAD BALANCING =============== 140.33
Info: useSync: 0 useProxySync: 0
LDB: =============== DONE WITH MIGRATION ================ 140.331
REASSIGNING VELOCITIES AT STEP 25000 TO 75 KELVIN.
TIMING: 25000  CPU: 141.884, 0.00567562/step  Wall: 142.46, 0.00569224/step, 0.355765 hours remaining, 0.000000 MB of memory in use.
PERFORMANCE: 25000  averaging 30.3445 ns/day, 0.0056946 sec/step with standard deviation 2.32855e-05
ENERGY:   25000       194.0750       729.8858      1286.2584        15.5510        -646272.0698     54168.9421        64.3848         0.0000     12365.2965        -577447.6763        74.7062   -589812.9728   -577356.2282        73.3765          -3794.5145     -3742.7840    922752.0000     -3735.6588     -3735.6562

WRITING COORDINATES TO DCD FILE heat.dcd AT STEP 25000
The last position output (seq=25000) takes 0.008 seconds, 0.000 MB of memory in use
REASSIGNING VELOCITIES AT STEP 26000 TO 76 KELVIN.
TIMING: 26000  CPU: 147.568, 0.00568336/step  Wall: 148.163, 0.00570316/step, 0.354863 hours remaining, 0.000000 MB of memory in use.
PERFORMANCE: 26000  averaging 30.3428 ns/day, 0.00569493 sec/step with standard deviation 2.28767e-05
ENERGY:   26000       195.1924       724.7177      1282.7383        13.1844        -646213.6720     54192.7802        61.1285         0.0000     12563.0700        -577180.8604        75.9010   -589743.9305   -577026.3619        74.0358          -3772.3782     -3716.0572    922752.0000     -3731.5432     -3731.5352

REASSIGNING VELOCITIES AT STEP 27000 TO 77 KELVIN.
TIMING: 27000  CPU: 153.25, 0.00568193/step  Wall: 153.865, 0.00570177/step, 0.353193 hours remaining, 0.000000 MB of memory in use.
PERFORMANCE: 27000  averaging 30.3414 ns/day, 0.00569519 sec/step with standard deviation 2.2471e-05
ENERGY:   27000       205.3338       736.2321      1283.5722        14.7173        -646211.6298     54234.2618        66.1521         0.0000     12791.9863        -576879.3742        77.2840   -589671.3606   -576712.4210        75.1027          -3726.4149     -3675.8285    922752.0000     -3710.1948     -3710.1966

REASSIGNING VELOCITIES AT STEP 28000 TO 78 KELVIN.
TIMING: 28000  CPU: 158.935, 0.00568526/step  Wall: 159.564, 0.00569931/step, 0.351458 hours remaining, 0.000000 MB of memory in use.
PERFORMANCE: 28000  averaging 30.3406 ns/day, 0.00569533 sec/step with standard deviation 2.20648e-05
ENERGY:   28000       202.8943       732.7567      1285.3072        12.9768        -645960.8491     54114.9703        62.1259         0.0000     12976.8773        -576572.9406        78.4011   -589549.8178   -576404.0969        76.2765          -3748.1287     -3697.5040    922752.0000     -3708.5557     -3708.5517

LDB: ============= START OF LOAD BALANCING ============== 162.557
LDB: ============== END OF LOAD BALANCING =============== 162.557
Info: useSync: 0 useProxySync: 0
LDB: =============== DONE WITH MIGRATION ================ 162.557
LDB: ============= START OF LOAD BALANCING ============== 163.128
LDB: TIME 163.128 LOAD: AVG 0.473074 MAX 0.518702  PROXIES: TOTAL 320 MAXPE 40 MAXPATCH 3 None MEM: 0 MB
LDB: TIME 163.128 LOAD: AVG 0.473074 MAX 0.518702  PROXIES: TOTAL 320 MAXPE 40 MAXPATCH 3 RefineTorusLB MEM: 0 MB
LDB: TIME 163.128 LOAD: AVG 0.473074 MAX 0.518702  PROXIES: TOTAL 320 MAXPE 40 MAXPATCH 3 RefineTorusLB MEM: 0 MB
LDB: Reverting to original mapping
LDB: ============== END OF LOAD BALANCING =============== 163.129
Info: useSync: 0 useProxySync: 0
LDB: =============== DONE WITH MIGRATION ================ 163.129
REASSIGNING VELOCITIES AT STEP 29000 TO 79 KELVIN.
TIMING: 29000  CPU: 164.617, 0.0056818/step  Wall: 165.264, 0.00570021/step, 0.349929 hours remaining, 0.000000 MB of memory in use.
PERFORMANCE: 29000  averaging 30.3397 ns/day, 0.0056955 sec/step with standard deviation 2.16861e-05
ENERGY:   29000       204.4164       719.7946      1291.1904        13.9006        -645967.8204     54292.2889        60.1663         0.0000     13084.1857        -576301.8775        79.0494   -589386.0631   -576145.7969        77.3676          -3707.6294     -3655.3798    922752.0000     -3707.5646     -3707.5600

WRITING COORDINATES TO DCD FILE heat.dcd AT STEP 30000
WRITING COORDINATES TO RESTART FILE AT STEP 30000
FINISHED WRITING RESTART COORDINATES
The last position output (seq=30000) takes 0.039 seconds, 0.000 MB of memory in use
REASSIGNING VELOCITIES AT STEP 30000 TO 80 KELVIN.
TIMING: 30000  CPU: 170.338, 0.00572113/step  Wall: 171.019, 0.00575471/step, 0.351677 hours remaining, 0.000000 MB of memory in use.
PERFORMANCE: 30000  averaging 30.3292 ns/day, 0.00569747 sec/step with standard deviation 2.38938e-05
ETITLE:      TS           BOND          ANGLE          DIHED          IMPRP               ELECT            VDW       BOUNDARY           MISC        KINETIC               TOTAL           TEMP      POTENTIAL         TOTAL3        TEMPAVG            PRESSURE      GPRESSURE         VOLUME       PRESSAVG      GPRESSAVG

ENERGY:   30000       208.5135       727.3787      1293.7768        14.3721        -645750.0933     54116.9855        64.0763         0.0000     13216.8214        -576108.1690        79.8507   -589324.9904   -575989.3146        78.4492          -3718.8000     -3669.9044    922752.0000     -3679.5945     -3679.5943

WRITING EXTENDED SYSTEM TO RESTART FILE AT STEP 30000
WRITING VELOCITIES TO RESTART FILE AT STEP 30000
FINISHED WRITING RESTART VELOCITIES
The last velocity output (seq=30000) takes 0.023 seconds, 0.000 MB of memory in use
REASSIGNING VELOCITIES AT STEP 31000 TO 81 KELVIN.
TIMING: 31000  CPU: 176.021, 0.00568283/step  Wall: 176.745, 0.00572613/step, 0.34834 hours remaining, 0.000000 MB of memory in use.
PERFORMANCE: 31000  averaging 30.3243 ns/day, 0.0056984 sec/step with standard deviation 2.40494e-05
ENERGY:   31000       205.1260       738.2411      1285.7004        14.1847        -645440.8136     53915.6134        55.8148         0.0000     13404.1283        -575822.0049        80.9824   -589226.1332   -575662.6534        79.2774          -3754.7989     -3705.8184    922752.0000     -3664.3337     -3664.3317

REASSIGNING VELOCITIES AT STEP 32000 TO 82 KELVIN.
TIMING: 32000  CPU: 181.709, 0.00568822/step  Wall: 182.448, 0.0057025/step, 0.345318 hours remaining, 0.000000 MB of memory in use.
PERFORMANCE: 32000  averaging 30.3236 ns/day, 0.00569853 sec/step with standard deviation 2.36694e-05
ENERGY:   32000       203.8881       745.0439      1286.1747        14.7370        -645702.9182     54183.9162        54.6239         0.0000     13639.2756        -575575.2588        82.4030   -589214.5344   -575429.5291        80.3805          -3671.0294     -3621.4900    922752.0000     -3657.0218     -3657.0169

LDB: ============= START OF LOAD BALANCING ============== 185.446
LDB: ============== END OF LOAD BALANCING =============== 185.446
Info: useSync: 0 useProxySync: 0
LDB: =============== DONE WITH MIGRATION ================ 185.446
LDB: ============= START OF LOAD BALANCING ============== 186.016
LDB: TIME 186.017 LOAD: AVG 0.472027 MAX 0.516938  PROXIES: TOTAL 320 MAXPE 40 MAXPATCH 3 None MEM: 0 MB
LDB: TIME 186.017 LOAD: AVG 0.472027 MAX 0.516938  PROXIES: TOTAL 320 MAXPE 40 MAXPATCH 3 RefineTorusLB MEM: 0 MB
LDB: TIME 186.017 LOAD: AVG 0.472027 MAX 0.516938  PROXIES: TOTAL 320 MAXPE 40 MAXPATCH 3 RefineTorusLB MEM: 0 MB
LDB: Reverting to original mapping
LDB: ============== END OF LOAD BALANCING =============== 186.017
Info: useSync: 0 useProxySync: 0
LDB: =============== DONE WITH MIGRATION ================ 186.017
REASSIGNING VELOCITIES AT STEP 33000 TO 83 KELVIN.
TIMING: 33000  CPU: 187.403, 0.00569398/step  Wall: 188.154, 0.00570591/step, 0.34394 hours remaining, 0.000000 MB of memory in use.
PERFORMANCE: 33000  averaging 30.3224 ns/day, 0.00569875 sec/step with standard deviation 2.3332e-05
ENERGY:   33000       204.5453       750.7095      1284.5531        15.2196        -645506.1377     54123.3234        56.5153         0.0000     13708.3273        -575362.9443        82.8202   -589071.2716   -575237.4598        81.3925          -3727.3837     -3679.2174    922752.0000     -3645.0371     -3645.0345

REASSIGNING VELOCITIES AT STEP 34000 TO 84 KELVIN.
TIMING: 34000  CPU: 193.088, 0.00568547/step  Wall: 193.856, 0.005702/step, 0.34212 hours remaining, 0.000000 MB of memory in use.
PERFORMANCE: 34000  averaging 30.3219 ns/day, 0.00569885 sec/step with standard deviation 2.29826e-05
ENERGY:   34000       192.8733       720.0365      1288.8119        12.8667        -645361.3535     54058.4051        59.7785         0.0000     13895.7036        -575132.8778        83.9523   -589028.5814   -574996.2806        82.2829          -3667.1923     -3619.4019    922752.0000     -3633.6714     -3633.6689

REASSIGNING VELOCITIES AT STEP 35000 TO 85 KELVIN.
TIMING: 35000  CPU: 198.775, 0.00568694/step  Wall: 199.56, 0.00570455/step, 0.340688 hours remaining, 0.000000 MB of memory in use.
PERFORMANCE: 35000  averaging 30.3211 ns/day, 0.00569901 sec/step with standard deviation 2.26625e-05
ENERGY:   35000       208.6757       743.0406      1279.7996        12.5986        -645382.6431     54190.6053        57.4001         0.0000     13999.9324        -574890.5907        84.5820   -588890.5231   -574748.6933        83.1834          -3650.1854     -3602.3068    922752.0000     -3616.9989     -3616.9965

WRITING COORDINATES TO DCD FILE heat.dcd AT STEP 35000
The last position output (seq=35000) takes 0.009 seconds, 0.000 MB of memory in use
REASSIGNING VELOCITIES AT STEP 36000 TO 86 KELVIN.
TIMING: 36000  CPU: 204.467, 0.00569189/step  Wall: 205.273, 0.00571297/step, 0.339604 hours remaining, 0.000000 MB of memory in use.
PERFORMANCE: 36000  averaging 30.319 ns/day, 0.0056994 sec/step with standard deviation 2.24574e-05
ENERGY:   36000       201.2845       736.0117      1294.3329        14.1795        -645180.5623     54035.4067        61.1002         0.0000     14162.1500        -574676.0967        85.5620   -588838.2467   -574540.7148        84.1035          -3665.4195     -3617.0026    922752.0000     -3598.5924     -3598.5880

LDB: ============= START OF LOAD BALANCING ============== 208.267
LDB: ============== END OF LOAD BALANCING =============== 208.267
Info: useSync: 0 useProxySync: 0
LDB: =============== DONE WITH MIGRATION ================ 208.267
LDB: ============= START OF LOAD BALANCING ============== 208.84
LDB: TIME 208.841 LOAD: AVG 0.473198 MAX 0.519181  PROXIES: TOTAL 320 MAXPE 40 MAXPATCH 3 None MEM: 0 MB
LDB: TIME 208.841 LOAD: AVG 0.473198 MAX 0.519181  PROXIES: TOTAL 320 MAXPE 40 MAXPATCH 3 RefineTorusLB MEM: 0 MB
LDB: TIME 208.841 LOAD: AVG 0.473198 MAX 0.519181  PROXIES: TOTAL 320 MAXPE 40 MAXPATCH 3 RefineTorusLB MEM: 0 MB
LDB: ============== END OF LOAD BALANCING =============== 208.841
Info: useSync: 0 useProxySync: 0
LDB: =============== DONE WITH MIGRATION ================ 208.841
REASSIGNING VELOCITIES AT STEP 37000 TO 87 KELVIN.
TIMING: 37000  CPU: 210.158, 0.00569123/step  Wall: 210.984, 0.00571095/step, 0.337898 hours remaining, 0.000000 MB of memory in use.
PERFORMANCE: 37000  averaging 30.3173 ns/day, 0.00569971 sec/step with standard deviation 2.22246e-05
ENERGY:   37000       203.1922       738.1931      1282.8647        14.7092        -645117.6244     54020.2938        58.7763         0.0000     14363.1017        -574436.4933        86.7761   -588799.5951   -574292.1547        84.9319          -3664.0695     -3613.4970    922752.0000     -3603.3097     -3603.3053

REASSIGNING VELOCITIES AT STEP 38000 TO 88 KELVIN.
TIMING: 38000  CPU: 215.834, 0.00567605/step  Wall: 216.675, 0.00569083/step, 0.335127 hours remaining, 0.000000 MB of memory in use.
PERFORMANCE: 38000  averaging 30.3186 ns/day, 0.00569948 sec/step with standard deviation 2.19695e-05
ENERGY:   38000       219.0457       725.0455      1295.1522        12.6109        -645222.0106     54242.5350        59.4508         0.0000     14523.5181        -574144.6524        87.7453   -588668.1705   -573976.7302        85.8570          -3609.6126     -3560.2203    922752.0000     -3593.5287     -3593.5250

REASSIGNING VELOCITIES AT STEP 39000 TO 89 KELVIN.
TIMING: 39000  CPU: 221.513, 0.00567843/step  Wall: 222.372, 0.00569717/step, 0.333918 hours remaining, 0.000000 MB of memory in use.
PERFORMANCE: 39000  averaging 30.3189 ns/day, 0.00569942 sec/step with standard deviation 2.16816e-05
ENERGY:   39000       197.1660       751.8929      1293.7565        14.5784        -644867.4924     54003.7169        59.6149         0.0000     14768.5746        -573778.1922        89.2258   -588546.7668   -573568.8324        86.9060          -3639.7887     -3587.8046    922752.0000     -3555.6965     -3555.6907

WRITING COORDINATES TO DCD FILE heat.dcd AT STEP 40000
WRITING COORDINATES TO RESTART FILE AT STEP 40000
FINISHED WRITING RESTART COORDINATES
The last position output (seq=40000) takes 0.039 seconds, 0.000 MB of memory in use
WRITING VELOCITIES TO RESTART FILE AT STEP 40000
FINISHED WRITING RESTART VELOCITIES
The last velocity output (seq=40000) takes 0.022 seconds, 0.000 MB of memory in use
REASSIGNING VELOCITIES AT STEP 40000 TO 90 KELVIN.
TIMING: 40000  CPU: 227.22, 0.00570711/step  Wall: 228.133, 0.00576142/step, 0.336083 hours remaining, 0.000000 MB of memory in use.
PERFORMANCE: 40000  averaging 30.3107 ns/day, 0.00570097 sec/step with standard deviation 2.35404e-05
ETITLE:      TS           BOND          ANGLE          DIHED          IMPRP               ELECT            VDW       BOUNDARY           MISC        KINETIC               TOTAL           TEMP      POTENTIAL         TOTAL3        TEMPAVG            PRESSURE      GPRESSURE         VOLUME       PRESSAVG      GPRESSAVG

ENERGY:   40000       217.0544       747.4890      1289.5124        14.0136        -644805.5433     54076.1301        59.2632         0.0000     14843.1138        -573558.9668        89.6761   -588402.0806   -573423.8354        88.1485          -3598.8940     -3549.4093    922752.0000     -3548.0547     -3548.0513

WRITING EXTENDED SYSTEM TO RESTART FILE AT STEP 40000
LDB: ============= START OF LOAD BALANCING ============== 231.143
LDB: ============== END OF LOAD BALANCING =============== 231.143
Info: useSync: 0 useProxySync: 0
LDB: =============== DONE WITH MIGRATION ================ 231.144
LDB: ============= START OF LOAD BALANCING ============== 231.715
LDB: TIME 231.715 LOAD: AVG 0.473252 MAX 0.517339  PROXIES: TOTAL 320 MAXPE 40 MAXPATCH 3 None MEM: 0 MB
LDB: TIME 231.715 LOAD: AVG 0.473252 MAX 0.517339  PROXIES: TOTAL 320 MAXPE 40 MAXPATCH 3 RefineTorusLB MEM: 0 MB
LDB: TIME 231.715 LOAD: AVG 0.473252 MAX 0.517339  PROXIES: TOTAL 320 MAXPE 40 MAXPATCH 3 RefineTorusLB MEM: 0 MB
LDB: ============== END OF LOAD BALANCING =============== 231.715
Info: useSync: 0 useProxySync: 0
LDB: =============== DONE WITH MIGRATION ================ 231.716
REASSIGNING VELOCITIES AT STEP 41000 TO 91 KELVIN.
TIMING: 41000  CPU: 232.912, 0.00569189/step  Wall: 233.852, 0.00571902/step, 0.332021 hours remaining, 0.000000 MB of memory in use.
PERFORMANCE: 41000  averaging 30.3083 ns/day, 0.00570141 sec/step with standard deviation 2.34147e-05
ENERGY:   41000       203.6305       758.4242      1290.1100        14.5065        -644850.5067     54212.7660        57.7671         0.0000     15022.1837        -573291.1188        90.7580   -588313.3025   -573137.0417        88.9935          -3535.5371     -3484.4908    922752.0000     -3528.6548     -3528.6496

REASSIGNING VELOCITIES AT STEP 42000 TO 92 KELVIN.
TIMING: 42000  CPU: 238.601, 0.00568932/step  Wall: 239.561, 0.00570843/step, 0.329821 hours remaining, 0.000000 MB of memory in use.
PERFORMANCE: 42000  averaging 30.3074 ns/day, 0.00570157 sec/step with standard deviation 2.31528e-05
ENERGY:   42000       213.1216       758.0467      1293.7888        11.6556        -644544.0708     53969.1921        59.5520         0.0000     15198.8899        -573039.8243        91.8256   -588238.7142   -572883.2086        90.0258          -3583.5338     -3537.5667    922752.0000     -3527.3321     -3527.3326

REASSIGNING VELOCITIES AT STEP 43000 TO 93 KELVIN.
TIMING: 43000  CPU: 244.288, 0.00568722/step  Wall: 245.263, 0.00570224/step, 0.327879 hours remaining, 0.000000 MB of memory in use.
PERFORMANCE: 43000  averaging 30.3073 ns/day, 0.00570159 sec/step with standard deviation 2.28757e-05
ENERGY:   43000       223.4980       759.5772      1300.3478        15.1131        -644690.1785     54159.4529        61.5774         0.0000     15378.3315        -572792.2805        92.9097   -588170.6120   -572640.5673        91.0089          -3538.1241     -3490.8021    922752.0000     -3511.0219     -3511.0166

REASSIGNING VELOCITIES AT STEP 44000 TO 94 KELVIN.
TIMING: 44000  CPU: 249.985, 0.00569671/step  Wall: 250.977, 0.00571422/step, 0.32698 hours remaining, 0.000000 MB of memory in use.
PERFORMANCE: 44000  averaging 30.3058 ns/day, 0.00570188 sec/step with standard deviation 2.26882e-05
ENERGY:   44000       213.0401       755.1164      1288.3481        13.3053        -644204.2718     53921.5457        59.3609         0.0000     15588.5603        -572364.9951        94.1798   -587953.5554   -572118.2607        91.9660          -3575.8999     -3524.5513    922752.0000     -3511.3617     -3511.3537

LDB: ============= START OF LOAD BALANCING ============== 253.972
LDB: ============== END OF LOAD BALANCING =============== 253.972
Info: useSync: 0 useProxySync: 0
LDB: =============== DONE WITH MIGRATION ================ 253.972
LDB: ============= START OF LOAD BALANCING ============== 254.543
LDB: TIME 254.543 LOAD: AVG 0.473676 MAX 0.51928  PROXIES: TOTAL 320 MAXPE 40 MAXPATCH 3 None MEM: 0 MB
LDB: TIME 254.543 LOAD: AVG 0.473676 MAX 0.51928  PROXIES: TOTAL 320 MAXPE 40 MAXPATCH 3 RefineTorusLB MEM: 0 MB
LDB: TIME 254.543 LOAD: AVG 0.473676 MAX 0.51928  PROXIES: TOTAL 320 MAXPE 40 MAXPATCH 3 RefineTorusLB MEM: 0 MB
LDB: Reverting to original mapping
LDB: ============== END OF LOAD BALANCING =============== 254.543
Info: useSync: 0 useProxySync: 0
LDB: =============== DONE WITH MIGRATION ================ 254.544
REASSIGNING VELOCITIES AT STEP 45000 TO 95 KELVIN.
TIMING: 45000  CPU: 255.67, 0.00568528/step  Wall: 256.678, 0.00570051/step, 0.324613 hours remaining, 0.000000 MB of memory in use.
PERFORMANCE: 45000  averaging 30.306 ns/day, 0.00570185 sec/step with standard deviation 2.24299e-05
ENERGY:   45000       219.7554       763.9458      1291.3492        12.8654        -643880.1059     53690.0053        60.5237         0.0000     15760.4652        -572081.1959        95.2184   -587841.6612   -571922.1759        93.3726          -3626.8206     -3577.1526    922752.0000     -3499.7620     -3499.7574

WRITING COORDINATES TO DCD FILE heat.dcd AT STEP 45000
The last position output (seq=45000) takes 0.008 seconds, 0.000 MB of memory in use
REASSIGNING VELOCITIES AT STEP 46000 TO 96 KELVIN.
TIMING: 46000  CPU: 261.367, 0.00569645/step  Wall: 262.396, 0.00571798/step, 0.324019 hours remaining, 0.000000 MB of memory in use.
PERFORMANCE: 46000  averaging 30.3041 ns/day, 0.0057022 sec/step with standard deviation 2.23064e-05
ENERGY:   46000       206.5758       766.1947      1285.3923        14.3433        -643749.3286     53775.3645        57.3902         0.0000     16004.3484        -571639.7195        96.6919   -587644.0679   -571402.2598        94.4221          -3570.8246     -3520.3116    922752.0000     -3494.9257     -3494.9203

REASSIGNING VELOCITIES AT STEP 47000 TO 97 KELVIN.
TIMING: 47000  CPU: 267.061, 0.00569421/step  Wall: 268.103, 0.00570746/step, 0.321837 hours remaining, 0.000000 MB of memory in use.
PERFORMANCE: 47000  averaging 30.3035 ns/day, 0.00570231 sec/step with standard deviation 2.20759e-05
ENERGY:   47000       221.6805       750.2475      1297.2074        13.2694        -643701.5501     53856.2470        62.7673         0.0000     16027.7229        -571472.4081        96.8331   -587500.1311   -571364.3994        95.9077          -3511.0579     -3463.6948    922752.0000     -3477.8048     -3477.8021

REASSIGNING VELOCITIES AT STEP 48000 TO 98 KELVIN.
TIMING: 48000  CPU: 272.763, 0.00570183/step  Wall: 273.82, 0.005717/step, 0.320787 hours remaining, 0.000000 MB of memory in use.
PERFORMANCE: 48000  averaging 30.3019 ns/day, 0.00570261 sec/step with standard deviation 2.19425e-05
ENERGY:   48000       224.6388       782.2248      1294.4216        12.5451        -643903.1987     53939.1477        59.7882         0.0000     16161.3125        -571429.1200        97.6402   -587590.4325   -571367.7393        96.6487          -3514.9181     -3467.4309    922752.0000     -3469.9062     -3469.9037

LDB: ============= START OF LOAD BALANCING ============== 276.817
LDB: ============== END OF LOAD BALANCING =============== 276.817
Info: useSync: 0 useProxySync: 0
LDB: =============== DONE WITH MIGRATION ================ 276.817
LDB: ============= START OF LOAD BALANCING ============== 277.389
LDB: TIME 277.389 LOAD: AVG 0.473751 MAX 0.520739  PROXIES: TOTAL 320 MAXPE 40 MAXPATCH 3 None MEM: 0 MB
LDB: TIME 277.389 LOAD: AVG 0.473751 MAX 0.520739  PROXIES: TOTAL 320 MAXPE 40 MAXPATCH 3 RefineTorusLB MEM: 0 MB
LDB: TIME 277.389 LOAD: AVG 0.473751 MAX 0.520739  PROXIES: TOTAL 320 MAXPE 40 MAXPATCH 3 RefineTorusLB MEM: 0 MB
LDB: ============== END OF LOAD BALANCING =============== 277.389
Info: useSync: 0 useProxySync: 0
LDB: =============== DONE WITH MIGRATION ================ 277.39
REASSIGNING VELOCITIES AT STEP 49000 TO 99 KELVIN.
TIMING: 49000  CPU: 278.469, 0.00570616/step  Wall: 279.536, 0.00571608/step, 0.319148 hours remaining, 0.000000 MB of memory in use.
PERFORMANCE: 49000  averaging 30.3004 ns/day, 0.00570289 sec/step with standard deviation 2.17977e-05
ENERGY:   49000       222.6266       762.8438      1298.0063        12.8804        -643627.5343     53791.1650        59.4455         0.0000     16405.7553        -571074.8115        99.1170   -587480.5668   -570874.9598        97.0292          -3542.0379     -3490.5259    922752.0000     -3483.5264     -3483.5196

WRITING COORDINATES TO DCD FILE heat.dcd AT STEP 50000
WRITING COORDINATES TO RESTART FILE AT STEP 50000
FINISHED WRITING RESTART COORDINATES
The last position output (seq=50000) takes 0.040 seconds, 0.000 MB of memory in use
REASSIGNING VELOCITIES AT STEP 50000 TO 100 KELVIN.
TIMING: 50000  CPU: 284.196, 0.00572716/step  Wall: 285.301, 0.00576508/step, 0.320282 hours remaining, 0.000000 MB of memory in use.
PERFORMANCE: 50000  averaging 30.2938 ns/day, 0.00570413 sec/step with standard deviation 2.3298e-05
ETITLE:      TS           BOND          ANGLE          DIHED          IMPRP               ELECT            VDW       BOUNDARY           MISC        KINETIC               TOTAL           TEMP      POTENTIAL         TOTAL3        TEMPAVG            PRESSURE      GPRESSURE         VOLUME       PRESSAVG      GPRESSAVG

ENERGY:   50000       225.4256       776.2718      1302.4615        16.7924        -643829.0066     54078.7788        55.2867         0.0000     16567.9246        -570806.0651       100.0968   -587373.9897   -570645.3223        98.2380          -3435.1335     -3384.3030    922752.0000     -3457.4639     -3457.4588

WRITING EXTENDED SYSTEM TO RESTART FILE AT STEP 50000
WRITING VELOCITIES TO RESTART FILE AT STEP 50000
FINISHED WRITING RESTART VELOCITIES
The last velocity output (seq=50000) takes 0.023 seconds, 0.000 MB of memory in use
REASSIGNING VELOCITIES AT STEP 51000 TO 101 KELVIN.
TIMING: 51000  CPU: 289.899, 0.00570254/step  Wall: 291.045, 0.00574331/step, 0.317477 hours remaining, 0.000000 MB of memory in use.
PERFORMANCE: 51000  averaging 30.2897 ns/day, 0.0057049 sec/step with standard deviation 2.37072e-05
ENERGY:   51000       230.5119       760.6809      1298.7948        12.3755        -643276.6423     53592.9260        62.9715         0.0000     16719.8810        -570598.5007       101.0148   -587318.3817   -570469.5318        99.1997          -3545.4954     -3501.0811    922752.0000     -3442.1226     -3442.1224

REASSIGNING VELOCITIES AT STEP 52000 TO 102 KELVIN.
TIMING: 52000  CPU: 295.604, 0.00570496/step  Wall: 296.761, 0.00571661/step, 0.314414 hours remaining, 0.000000 MB of memory in use.
PERFORMANCE: 52000  averaging 30.2885 ns/day, 0.00570513 sec/step with standard deviation 2.35297e-05
ENERGY:   52000       217.0618       766.3203      1296.6491        12.2478        -643145.8523     53596.7864        60.4533         0.0000     16838.7409        -570357.5927       101.7329   -587196.3336   -570205.9594       100.0179          -3536.9026     -3490.6320    922752.0000     -3429.3057     -3429.2998

LDB: ============= START OF LOAD BALANCING ============== 299.759
LDB: ============== END OF LOAD BALANCING =============== 299.76
Info: useSync: 0 useProxySync: 0
LDB: =============== DONE WITH MIGRATION ================ 299.76
LDB: ============= START OF LOAD BALANCING ============== 300.332
LDB: TIME 300.333 LOAD: AVG 0.473605 MAX 0.521407  PROXIES: TOTAL 320 MAXPE 40 MAXPATCH 3 None MEM: 0 MB
LDB: TIME 300.333 LOAD: AVG 0.473605 MAX 0.521407  PROXIES: TOTAL 320 MAXPE 40 MAXPATCH 3 RefineTorusLB MEM: 0 MB
LDB: TIME 300.333 LOAD: AVG 0.473605 MAX 0.521407  PROXIES: TOTAL 320 MAXPE 40 MAXPATCH 3 RefineTorusLB MEM: 0 MB
LDB: ============== END OF LOAD BALANCING =============== 300.333
Info: useSync: 0 useProxySync: 0
LDB: =============== DONE WITH MIGRATION ================ 300.334
REASSIGNING VELOCITIES AT STEP 53000 TO 103 KELVIN.
TIMING: 53000  CPU: 301.303, 0.00569905/step  Wall: 302.478, 0.00571677/step, 0.312834 hours remaining, 0.000000 MB of memory in use.
PERFORMANCE: 53000  averaging 30.2874 ns/day, 0.00570535 sec/step with standard deviation 2.33572e-05
ENERGY:   53000       224.7057       780.4270      1294.2790        13.5760        -643027.7123     53638.9004        59.0985         0.0000     17040.3333        -569976.3923       102.9509   -587016.7256   -569760.6921       100.8588          -3486.8640     -3438.9710    922752.0000     -3413.7311     -3413.7259

REASSIGNING VELOCITIES AT STEP 54000 TO 104 KELVIN.
TIMING: 54000  CPU: 306.993, 0.00569066/step  Wall: 308.185, 0.00570697/step, 0.310713 hours remaining, 0.000000 MB of memory in use.
PERFORMANCE: 54000  averaging 30.2872 ns/day, 0.00570538 sec/step with standard deviation 2.31368e-05
ENERGY:   54000       224.4106       765.0071      1294.3386        14.8207        -642883.1144     53680.1483        58.7735         0.0000     17151.0907        -569694.5250       103.6200   -586845.6157   -569529.1136       102.1267          -3451.9657     -3404.9989    922752.0000     -3425.0436     -3425.0409

WRITING COORDINATES TO DCD FILE heat.dcd AT STEP 55000
REASSIGNING VELOCITIES AT STEP 55000 TO 105 KELVIN.
TIMING: 55000  CPU: 312.694, 0.00570101/step  Wall: 313.899, 0.00571428/step, 0.309524 hours remaining, 0.000000 MB of memory in use.
PERFORMANCE: 55000  averaging 30.2864 ns/day, 0.00570554 sec/step with standard deviation 2.2953e-05
ENERGY:   55000       223.9975       758.6703      1302.9304        15.0416        -642621.1270     53498.5390        56.7649         0.0000     17389.4849        -569375.6985       105.0603   -586765.1834   -569193.0757       103.1271          -3466.2008     -3419.2668    922752.0000     -3435.7489     -3435.7434

REASSIGNING VELOCITIES AT STEP 56000 TO 106 KELVIN.
TIMING: 56000  CPU: 318.389, 0.00569485/step  Wall: 319.606, 0.00570627/step, 0.307505 hours remaining, 0.000000 MB of memory in use.
PERFORMANCE: 56000  averaging 30.2863 ns/day, 0.00570555 sec/step with standard deviation 2.27436e-05
ENERGY:   56000       210.8732       785.5289      1293.3845        12.8190        -642894.2842     53876.6188        57.5548         0.0000     17471.2654        -569186.2397       105.5544   -586657.5051   -569060.3807       104.2841          -3387.0213     -3340.0673    922752.0000     -3423.3916     -3423.3881

LDB: ============= START OF LOAD BALANCING ============== 322.603
LDB: ============== END OF LOAD BALANCING =============== 322.603
Info: useSync: 0 useProxySync: 0
LDB: =============== DONE WITH MIGRATION ================ 322.603
LDB: ============= START OF LOAD BALANCING ============== 323.177
LDB: TIME 323.177 LOAD: AVG 0.473853 MAX 0.52004  PROXIES: TOTAL 320 MAXPE 40 MAXPATCH 3 None MEM: 0 MB
LDB: TIME 323.177 LOAD: AVG 0.473853 MAX 0.52004  PROXIES: TOTAL 320 MAXPE 40 MAXPATCH 3 RefineTorusLB MEM: 0 MB
LDB: TIME 323.177 LOAD: AVG 0.473853 MAX 0.52004  PROXIES: TOTAL 320 MAXPE 40 MAXPATCH 3 RefineTorusLB MEM: 0 MB
LDB: ============== END OF LOAD BALANCING =============== 323.177
Info: useSync: 0 useProxySync: 0
LDB: =============== DONE WITH MIGRATION ================ 323.178
REASSIGNING VELOCITIES AT STEP 57000 TO 107 KELVIN.
TIMING: 57000  CPU: 324.091, 0.00570177/step  Wall: 325.323, 0.00571736/step, 0.306514 hours remaining, 0.000000 MB of memory in use.
PERFORMANCE: 57000  averaging 30.2852 ns/day, 0.00570576 sec/step with standard deviation 2.25939e-05
ENERGY:   57000       235.4562       781.3475      1301.1595        13.8058        -642677.3395     53649.5281        55.8826         0.0000     17792.1006        -568848.0592       107.4927   -586640.1598   -568648.9982       105.0812          -3468.7812     -3419.6170    922752.0000     -3397.7674     -3397.7628

REASSIGNING VELOCITIES AT STEP 58000 TO 108 KELVIN.
TIMING: 58000  CPU: 329.802, 0.00571092/step  Wall: 331.046, 0.00572256/step, 0.305203 hours remaining, 0.000000 MB of memory in use.
PERFORMANCE: 58000  averaging 30.2837 ns/day, 0.00570605 sec/step with standard deviation 2.25032e-05
ENERGY:   58000       224.2269       786.1847      1298.2805        12.3555        -642510.8141     53695.2463        57.4298         0.0000     17993.2604        -568443.8299       108.7081   -586437.0903   -568210.7797       106.2240          -3400.7849     -3355.9656    922752.0000     -3378.8992     -3378.8973

REASSIGNING VELOCITIES AT STEP 59000 TO 109 KELVIN.
TIMING: 59000  CPU: 335.499, 0.00569665/step  Wall: 336.76, 0.00571401/step, 0.30316 hours remaining, 0.000000 MB of memory in use.
PERFORMANCE: 59000  averaging 30.2829 ns/day, 0.00570618 sec/step with standard deviation 2.23324e-05
ENERGY:   59000       221.1546       776.4596      1298.1254        13.3492        -642353.6541     53691.1305        60.6030         0.0000     18069.5484        -568223.2835       109.1690   -586292.8318   -568079.7192       107.5301          -3370.2962     -3325.5323    922752.0000     -3372.9226     -3372.9176

WRITING COORDINATES TO DCD FILE heat.dcd AT STEP 60000
WRITING COORDINATES TO RESTART FILE AT STEP 60000
FINISHED WRITING RESTART COORDINATES
REASSIGNING VELOCITIES AT STEP 60000 TO 110 KELVIN.
TIMING: 60000  CPU: 341.23, 0.00573185/step  Wall: 342.522, 0.00576262/step, 0.304138 hours remaining, 0.000000 MB of memory in use.
PERFORMANCE: 60000  averaging 30.2779 ns/day, 0.00570712 sec/step with standard deviation 2.33102e-05
ETITLE:      TS           BOND          ANGLE          DIHED          IMPRP               ELECT            VDW       BOUNDARY           MISC        KINETIC               TOTAL           TEMP      POTENTIAL         TOTAL3        TEMPAVG            PRESSURE      GPRESSURE         VOLUME       PRESSAVG      GPRESSAVG

ENERGY:   60000       242.4393       780.4158      1304.8271        13.8744        -642212.4460     53639.1440        56.4486         0.0000     18159.9820        -568015.3147       109.7153   -586175.2967   -567889.4749       108.2964          -3409.1336     -3366.0162    922752.0000     -3381.4930     -3381.4911

WRITING EXTENDED SYSTEM TO RESTART FILE AT STEP 60000
WRITING VELOCITIES TO RESTART FILE AT STEP 60000
FINISHED WRITING RESTART VELOCITIES
LDB: ============= START OF LOAD BALANCING ============== 345.545
LDB: ============== END OF LOAD BALANCING =============== 345.545
Info: useSync: 0 useProxySync: 0
LDB: =============== DONE WITH MIGRATION ================ 345.546
LDB: ============= START OF LOAD BALANCING ============== 346.117
LDB: TIME 346.118 LOAD: AVG 0.473559 MAX 0.520641  PROXIES: TOTAL 320 MAXPE 40 MAXPATCH 3 None MEM: 0 MB
LDB: TIME 346.118 LOAD: AVG 0.473559 MAX 0.520641  PROXIES: TOTAL 320 MAXPE 40 MAXPATCH 3 RefineTorusLB MEM: 0 MB
LDB: TIME 346.118 LOAD: AVG 0.473559 MAX 0.520641  PROXIES: TOTAL 320 MAXPE 40 MAXPATCH 3 RefineTorusLB MEM: 0 MB
LDB: ============== END OF LOAD BALANCING =============== 346.118
Info: useSync: 0 useProxySync: 0
LDB: =============== DONE WITH MIGRATION ================ 346.119
REASSIGNING VELOCITIES AT STEP 61000 TO 111 KELVIN.
TIMING: 61000  CPU: 346.931, 0.00570099/step  Wall: 348.267, 0.00574458/step, 0.301591 hours remaining, 0.000000 MB of memory in use.
PERFORMANCE: 61000  averaging 30.2747 ns/day, 0.00570774 sec/step with standard deviation 2.36075e-05
ENERGY:   61000       232.5264       783.0776      1304.7424        15.3972        -641781.9898     53264.1508        58.7005         0.0000     18349.6375        -567773.7575       110.8611   -586123.3950   -567620.2180       109.0821          -3506.2171     -3462.0340    922752.0000     -3384.1817     -3384.1772

REASSIGNING VELOCITIES AT STEP 62000 TO 112 KELVIN.
TIMING: 62000  CPU: 352.634, 0.0057022/step  Wall: 353.99, 0.00572371/step, 0.298905 hours remaining, 0.000000 MB of memory in use.
PERFORMANCE: 62000  averaging 30.2733 ns/day, 0.005708 sec/step with standard deviation 2.35009e-05
ENERGY:   62000       229.7744       771.6996      1295.2269        14.1909        -641987.4875     53683.3643        56.5333         0.0000     18547.6736        -567389.0245       112.0576   -585936.6982   -567172.9349       109.8800          -3343.7091     -3297.0279    922752.0000     -3371.0427     -3371.0373

REASSIGNING VELOCITIES AT STEP 63000 TO 113 KELVIN.
TIMING: 63000  CPU: 358.33, 0.00569692/step  Wall: 359.703, 0.00571208/step, 0.296711 hours remaining, 0.000000 MB of memory in use.
PERFORMANCE: 63000  averaging 30.273 ns/day, 0.00570806 sec/step with standard deviation 2.33163e-05
ENERGY:   63000       230.1771       773.5305      1302.8148        15.3758        -641656.3428     53432.0607        53.7551         0.0000     18751.3149        -567097.3139       113.2879   -585848.6288   -566922.2159       111.1355          -3423.2263     -3377.4454    922752.0000     -3352.3080     -3352.3023

REASSIGNING VELOCITIES AT STEP 64000 TO 114 KELVIN.
TIMING: 64000  CPU: 364.036, 0.00570532/step  Wall: 365.422, 0.00571965/step, 0.295515 hours remaining, 0.000000 MB of memory in use.
PERFORMANCE: 64000  averaging 30.272 ns/day, 0.00570824 sec/step with standard deviation 2.31758e-05
ENERGY:   64000       238.0194       804.4603      1295.2046        14.4602        -641607.4340     53503.9682        56.6401         0.0000     18973.6677        -566721.0133       114.6313   -585694.6811   -566500.9673       112.1056          -3366.3479     -3318.3001    922752.0000     -3346.3366     -3346.3299

LDB: ============= START OF LOAD BALANCING ============== 368.419
LDB: ============== END OF LOAD BALANCING =============== 368.419
Info: useSync: 0 useProxySync: 0
LDB: =============== DONE WITH MIGRATION ================ 368.419
LDB: ============= START OF LOAD BALANCING ============== 368.993
LDB: TIME 368.993 LOAD: AVG 0.473908 MAX 0.519661  PROXIES: TOTAL 320 MAXPE 40 MAXPATCH 3 None MEM: 0 MB
LDB: TIME 368.993 LOAD: AVG 0.473908 MAX 0.519661  PROXIES: TOTAL 320 MAXPE 40 MAXPATCH 3 RefineTorusLB MEM: 0 MB
LDB: TIME 368.993 LOAD: AVG 0.473908 MAX 0.519661  PROXIES: TOTAL 320 MAXPE 40 MAXPATCH 3 RefineTorusLB MEM: 0 MB
LDB: Reverting to original mapping
LDB: ============== END OF LOAD BALANCING =============== 368.994
Info: useSync: 0 useProxySync: 0
LDB: =============== DONE WITH MIGRATION ================ 368.994
REASSIGNING VELOCITIES AT STEP 65000 TO 115 KELVIN.
TIMING: 65000  CPU: 369.732, 0.00569612/step  Wall: 371.136, 0.0057136/step, 0.293616 hours remaining, 0.000000 MB of memory in use.
PERFORMANCE: 65000  averaging 30.2716 ns/day, 0.00570832 sec/step with standard deviation 2.30036e-05
ENERGY:   65000       237.5146       789.7189      1293.8347        14.3159        -641360.2333     53455.4535        56.9461         0.0000     19114.2650        -566398.1845       115.4807   -585512.4496   -566212.3439       113.2945          -3326.6119     -3279.3799    922752.0000     -3327.7720     -3327.7679

WRITING COORDINATES TO DCD FILE heat.dcd AT STEP 65000
REASSIGNING VELOCITIES AT STEP 66000 TO 116 KELVIN.
TIMING: 66000  CPU: 375.44, 0.00570797/step  Wall: 376.859, 0.00572326/step, 0.292522 hours remaining, 0.000000 MB of memory in use.
PERFORMANCE: 66000  averaging 30.2704 ns/day, 0.00570855 sec/step with standard deviation 2.28999e-05
ENERGY:   66000       238.1076       816.3444      1292.7649        13.3859        -640882.8939     53112.2012        54.0388         0.0000     19216.0693        -566139.9817       116.0958   -585356.0509   -565983.8599       114.4058          -3447.2842     -3400.8440    922752.0000     -3344.7828     -3344.7810

REASSIGNING VELOCITIES AT STEP 67000 TO 117 KELVIN.
TIMING: 67000  CPU: 381.15, 0.00570993/step  Wall: 382.586, 0.00572707/step, 0.291126 hours remaining, 0.000000 MB of memory in use.
PERFORMANCE: 67000  averaging 30.2689 ns/day, 0.00570883 sec/step with standard deviation 2.2838e-05
ENERGY:   67000       232.3419       793.8251      1293.9941        13.8353        -641152.8185     53419.2836        60.9766         0.0000     19363.8041        -565974.7579       116.9883   -585338.5620   -565851.4752       115.3728          -3343.6427     -3300.6126    922752.0000     -3335.9382     -3335.9368

REASSIGNING VELOCITIES AT STEP 68000 TO 118 KELVIN.
TIMING: 68000  CPU: 386.846, 0.00569615/step  Wall: 388.3, 0.00571424/step, 0.288886 hours remaining, 0.000000 MB of memory in use.
PERFORMANCE: 68000  averaging 30.2685 ns/day, 0.00570891 sec/step with standard deviation 2.26765e-05
ENERGY:   68000       239.9404       798.6782      1303.5023        15.1229        -640762.7525     53211.3163        58.0063         0.0000     19450.4855        -565685.7007       117.5120   -585136.1862   -565514.3602       116.0145          -3366.2349     -3319.1381    922752.0000     -3322.3056     -3322.3004

LDB: ============= START OF LOAD BALANCING ============== 391.305
LDB: ============== END OF LOAD BALANCING =============== 391.305
Info: useSync: 0 useProxySync: 0
LDB: =============== DONE WITH MIGRATION ================ 391.305
LDB: ============= START OF LOAD BALANCING ============== 391.88
LDB: TIME 391.88 LOAD: AVG 0.474159 MAX 0.521412  PROXIES: TOTAL 320 MAXPE 40 MAXPATCH 3 None MEM: 0 MB
LDB: TIME 391.88 LOAD: AVG 0.474159 MAX 0.521412  PROXIES: TOTAL 320 MAXPE 40 MAXPATCH 3 RefineTorusLB MEM: 0 MB
LDB: TIME 391.88 LOAD: AVG 0.474159 MAX 0.521412  PROXIES: TOTAL 320 MAXPE 40 MAXPATCH 3 RefineTorusLB MEM: 0 MB
LDB: ============== END OF LOAD BALANCING =============== 391.88
Info: useSync: 0 useProxySync: 0
LDB: =============== DONE WITH MIGRATION ================ 391.881
REASSIGNING VELOCITIES AT STEP 69000 TO 119 KELVIN.
TIMING: 69000  CPU: 392.561, 0.00571513/step  Wall: 394.026, 0.00572589/step, 0.287885 hours remaining, 0.000000 MB of memory in use.
PERFORMANCE: 69000  averaging 30.2672 ns/day, 0.00570915 sec/step with standard deviation 2.26018e-05
ENERGY:   69000       232.7372       787.9685      1306.0333        13.0363        -640632.6570     53154.7375        55.6270         0.0000     19720.9758        -565361.5414       119.1462   -585082.5172   -565163.6136       117.0967          -3418.3445     -3367.6968    922752.0000     -3317.5328     -3317.5260

WRITING COORDINATES TO DCD FILE heat.dcd AT STEP 70000
WRITING COORDINATES TO RESTART FILE AT STEP 70000
FINISHED WRITING RESTART COORDINATES
REASSIGNING VELOCITIES AT STEP 70000 TO 120 KELVIN.
TIMING: 70000  CPU: 398.286, 0.00572532/step  Wall: 399.789, 0.0057625/step, 0.288125 hours remaining, 0.000000 MB of memory in use.
PERFORMANCE: 70000  averaging 30.2632 ns/day, 0.00570991 sec/step with standard deviation 2.33258e-05
ETITLE:      TS           BOND          ANGLE          DIHED          IMPRP               ELECT            VDW       BOUNDARY           MISC        KINETIC               TOTAL           TEMP      POTENTIAL         TOTAL3        TEMPAVG            PRESSURE      GPRESSURE         VOLUME       PRESSAVG      GPRESSAVG

ENERGY:   70000       234.9594       831.0517      1308.1989        14.4063        -640552.0646     53209.9489        56.6113         0.0000     19842.3403        -565054.5477       119.8795   -584896.8881   -564874.1003       118.1807          -3340.0973     -3295.2775    922752.0000     -3318.5164     -3318.5165

WRITING EXTENDED SYSTEM TO RESTART FILE AT STEP 70000
WRITING VELOCITIES TO RESTART FILE AT STEP 70000
FINISHED WRITING RESTART VELOCITIES
REASSIGNING VELOCITIES AT STEP 71000 TO 121 KELVIN.
TIMING: 71000  CPU: 403.988, 0.00570134/step  Wall: 405.525, 0.00573649/step, 0.285231 hours remaining, 0.000000 MB of memory in use.
PERFORMANCE: 71000  averaging 30.2612 ns/day, 0.00571029 sec/step with standard deviation 2.33723e-05
ENERGY:   71000       232.1382       799.8724      1287.3940        13.8835        -640208.5690     53019.3192        55.7061         0.0000     20025.4796        -564774.7759       120.9859   -584800.2555   -564601.2044       119.2404          -3394.8676     -3349.6165    922752.0000     -3300.0602     -3300.0555

REASSIGNING VELOCITIES AT STEP 72000 TO 122 KELVIN.
TIMING: 72000  CPU: 409.685, 0.00569701/step  Wall: 411.243, 0.00571778/step, 0.282712 hours remaining, 0.000000 MB of memory in use.
PERFORMANCE: 72000  averaging 30.2606 ns/day, 0.00571039 sec/step with standard deviation 2.32239e-05
ENERGY:   72000       238.9057       801.3264      1300.0698        12.9094        -640022.7104     52916.6398        55.5250         0.0000     20222.3765        -564474.9580       122.1755   -584697.3345   -564284.5142       120.1511          -3403.0265     -3354.7744    922752.0000     -3288.6897     -3288.6823

LDB: ============= START OF LOAD BALANCING ============== 414.24
LDB: ============== END OF LOAD BALANCING =============== 414.24
Info: useSync: 0 useProxySync: 0
LDB: =============== DONE WITH MIGRATION ================ 414.24
LDB: ============= START OF LOAD BALANCING ============== 414.813
LDB: TIME 414.813 LOAD: AVG 0.473232 MAX 0.519848  PROXIES: TOTAL 320 MAXPE 40 MAXPATCH 3 None MEM: 0 MB
LDB: TIME 414.813 LOAD: AVG 0.473232 MAX 0.519848  PROXIES: TOTAL 320 MAXPE 40 MAXPATCH 3 RefineTorusLB MEM: 0 MB
LDB: TIME 414.813 LOAD: AVG 0.473232 MAX 0.519848  PROXIES: TOTAL 320 MAXPE 40 MAXPATCH 3 RefineTorusLB MEM: 0 MB
LDB: ============== END OF LOAD BALANCING =============== 414.813
Info: useSync: 0 useProxySync: 0
LDB: =============== DONE WITH MIGRATION ================ 414.814
REASSIGNING VELOCITIES AT STEP 73000 TO 123 KELVIN.
TIMING: 73000  CPU: 415.382, 0.0056969/step  Wall: 416.957, 0.00571378/step, 0.280928 hours remaining, 0.000000 MB of memory in use.
PERFORMANCE: 73000  averaging 30.2604 ns/day, 0.00571044 sec/step with standard deviation 2.30655e-05
ENERGY:   73000       233.8445       808.1861      1299.9958        12.8540        -639993.3764     53054.6300        56.7142         0.0000     20340.6686        -564186.4832       122.8902   -584527.1518   -564006.3668       121.1153          -3336.8761     -3290.2263    922752.0000     -3311.0862     -3311.0823

REASSIGNING VELOCITIES AT STEP 74000 TO 124 KELVIN.
TIMING: 74000  CPU: 421.09, 0.00570812/step  Wall: 422.674, 0.00571677/step, 0.279486 hours remaining, 0.000000 MB of memory in use.
PERFORMANCE: 74000  averaging 30.2599 ns/day, 0.00571052 sec/step with standard deviation 2.29187e-05
ENERGY:   74000       250.4915       808.5689      1302.8192        14.8212        -640000.5997     53142.5441        59.9986         0.0000     20510.3419        -563911.0142       123.9153   -584421.3562   -563737.9363       122.0872          -3318.0863     -3270.1986    922752.0000     -3308.5064     -3308.5012

REASSIGNING VELOCITIES AT STEP 75000 TO 125 KELVIN.
TIMING: 75000  CPU: 426.794, 0.00570429/step  Wall: 428.395, 0.0057219/step, 0.278148 hours remaining, 0.000000 MB of memory in use.
PERFORMANCE: 75000  averaging 30.2591 ns/day, 0.00571068 sec/step with standard deviation 2.28012e-05
ENERGY:   75000       262.7347       816.3607      1299.7595        14.7362        -639987.5327     53182.4888        57.6676         0.0000     20635.4485        -563718.3366       124.6711   -584353.7851   -563587.6641       123.0568          -3271.0496     -3224.2153    922752.0000     -3290.3884     -3290.3849

WRITING COORDINATES TO DCD FILE heat.dcd AT STEP 75000
REASSIGNING VELOCITIES AT STEP 76000 TO 126 KELVIN.
TIMING: 76000  CPU: 432.504, 0.0057098/step  Wall: 434.118, 0.00572296/step, 0.27661 hours remaining, 0.000000 MB of memory in use.
PERFORMANCE: 76000  averaging 30.2583 ns/day, 0.00571084 sec/step with standard deviation 2.26925e-05
ENERGY:   76000       251.4419       817.3342      1313.8826        15.4627        -639715.3903     53078.1539        58.8179         0.0000     20716.4325        -563463.8647       125.1604   -584180.2972   -563293.1630       123.7839          -3307.8172     -3261.4328    922752.0000     -3267.4022     -3267.3999

LDB: ============= START OF LOAD BALANCING ============== 437.118
LDB: ============== END OF LOAD BALANCING =============== 437.118
Info: useSync: 0 useProxySync: 0
LDB: =============== DONE WITH MIGRATION ================ 437.118
LDB: ============= START OF LOAD BALANCING ============== 437.69
LDB: TIME 437.69 LOAD: AVG 0.473433 MAX 0.520138  PROXIES: TOTAL 320 MAXPE 40 MAXPATCH 3 None MEM: 0 MB
LDB: TIME 437.69 LOAD: AVG 0.473433 MAX 0.520138  PROXIES: TOTAL 320 MAXPE 40 MAXPATCH 3 RefineTorusLB MEM: 0 MB
LDB: TIME 437.69 LOAD: AVG 0.473433 MAX 0.520138  PROXIES: TOTAL 320 MAXPE 40 MAXPATCH 3 RefineTorusLB MEM: 0 MB
LDB: ============== END OF LOAD BALANCING =============== 437.69
Info: useSync: 0 useProxySync: 0
LDB: =============== DONE WITH MIGRATION ================ 437.691
REASSIGNING VELOCITIES AT STEP 77000 TO 127 KELVIN.
TIMING: 77000  CPU: 438.212, 0.00570788/step  Wall: 439.839, 0.00572028/step, 0.274891 hours remaining, 0.000000 MB of memory in use.
PERFORMANCE: 77000  averaging 30.2576 ns/day, 0.00571096 sec/step with standard deviation 2.25683e-05
ENERGY:   77000       254.3059       810.7480      1312.5422        13.3109        -639720.0511     53061.6973        61.0290         0.0000     20910.6712        -563295.7467       126.3339   -584206.4179   -563163.3980       124.6980          -3307.2863     -3261.8483    922752.0000     -3268.4232     -3268.4201

REASSIGNING VELOCITIES AT STEP 78000 TO 128 KELVIN.
TIMING: 78000  CPU: 443.913, 0.0057009/step  Wall: 445.56, 0.00572171/step, 0.273371 hours remaining, 0.000000 MB of memory in use.
PERFORMANCE: 78000  averaging 30.2569 ns/day, 0.0057111 sec/step with standard deviation 2.24543e-05
ENERGY:   78000       238.4948       834.6434      1306.4442        13.6418        -639317.7824     52795.2511        57.4190         0.0000     21193.1541        -562878.7338       128.0405   -584071.8880   -562629.8445       125.2921          -3367.4070     -3318.2819    922752.0000     -3271.2856     -3271.2777

REASSIGNING VELOCITIES AT STEP 79000 TO 129 KELVIN.
TIMING: 79000  CPU: 449.627, 0.00571438/step  Wall: 451.289, 0.00572863/step, 0.27211 hours remaining, 0.000000 MB of memory in use.
PERFORMANCE: 79000  averaging 30.2557 ns/day, 0.00571132 sec/step with standard deviation 2.23969e-05
ENERGY:   79000       247.1358       813.0970      1311.6320        12.9410        -639080.8434     52743.8157        59.6972         0.0000     21375.0153        -562517.5094       129.1393   -583892.5247   -562294.7648       126.5085          -3317.6065     -3272.2704    922752.0000     -3281.9864     -3281.9826

WRITING COORDINATES TO DCD FILE heat.dcd AT STEP 80000
WRITING COORDINATES TO RESTART FILE AT STEP 80000
FINISHED WRITING RESTART COORDINATES
WRITING VELOCITIES TO RESTART FILE AT STEP 80000
FINISHED WRITING RESTART VELOCITIES
REASSIGNING VELOCITIES AT STEP 80000 TO 130 KELVIN.
TIMING: 80000  CPU: 455.367, 0.0057401/step  Wall: 457.082, 0.00579271/step, 0.273545 hours remaining, 0.000000 MB of memory in use.
PERFORMANCE: 80000  averaging 30.2503 ns/day, 0.00571234 sec/step with standard deviation 2.40431e-05
ETITLE:      TS           BOND          ANGLE          DIHED          IMPRP               ELECT            VDW       BOUNDARY           MISC        KINETIC               TOTAL           TEMP      POTENTIAL         TOTAL3        TEMPAVG            PRESSURE      GPRESSURE         VOLUME       PRESSAVG      GPRESSAVG

ENERGY:   80000       249.0478       820.6832      1315.8274        13.2734        -638853.8744     52713.9204        55.4636         0.0000     21530.8787        -562154.7798       130.0809   -583685.6585   -561940.9962       127.5997          -3306.1928     -3260.3891    922752.0000     -3273.8829     -3273.8779

WRITING EXTENDED SYSTEM TO RESTART FILE AT STEP 80000
LDB: ============= START OF LOAD BALANCING ============== 460.087
LDB: ============== END OF LOAD BALANCING =============== 460.088
Info: useSync: 0 useProxySync: 0
LDB: =============== DONE WITH MIGRATION ================ 460.088
LDB: ============= START OF LOAD BALANCING ============== 460.663
LDB: TIME 460.663 LOAD: AVG 0.473781 MAX 0.519663  PROXIES: TOTAL 320 MAXPE 40 MAXPATCH 3 None MEM: 0 MB
LDB: TIME 460.663 LOAD: AVG 0.473781 MAX 0.519663  PROXIES: TOTAL 320 MAXPE 40 MAXPATCH 3 RefineTorusLB MEM: 0 MB
LDB: TIME 460.663 LOAD: AVG 0.473781 MAX 0.519663  PROXIES: TOTAL 320 MAXPE 40 MAXPATCH 3 RefineTorusLB MEM: 0 MB
LDB: Reverting to original mapping
LDB: ============== END OF LOAD BALANCING =============== 460.663
Info: useSync: 0 useProxySync: 0
LDB: =============== DONE WITH MIGRATION ================ 460.664
REASSIGNING VELOCITIES AT STEP 81000 TO 131 KELVIN.
TIMING: 81000  CPU: 461.077, 0.00570987/step  Wall: 462.813, 0.00573119/step, 0.269048 hours remaining, 0.000000 MB of memory in use.
PERFORMANCE: 81000  averaging 30.2491 ns/day, 0.00571257 sec/step with standard deviation 2.39841e-05
ENERGY:   81000       256.5610       819.5431      1307.3063        13.2540        -638680.3667     52651.3347        57.5202         0.0000     21705.3775        -561869.4700       131.1352   -583574.8475   -561683.6912       128.7885          -3307.1906     -3264.2596    922752.0000     -3277.1064     -3277.1053

REASSIGNING VELOCITIES AT STEP 82000 TO 132 KELVIN.
TIMING: 82000  CPU: 466.8, 0.00572267/step  Wall: 468.549, 0.00573604/step, 0.267682 hours remaining, 0.000000 MB of memory in use.
PERFORMANCE: 82000  averaging 30.2476 ns/day, 0.00571286 sec/step with standard deviation 2.39761e-05
ENERGY:   82000       242.6254       810.7869      1306.2512        12.6458        -638237.0067     52566.6577        58.6789         0.0000     21970.7618        -561268.5990       132.7385   -583239.3608   -560950.4575       129.7611          -3336.8705     -3287.7543    922752.0000     -3269.2064     -3269.1954

REASSIGNING VELOCITIES AT STEP 83000 TO 133 KELVIN.
TIMING: 83000  CPU: 472.523, 0.00572318/step  Wall: 474.284, 0.00573531/step, 0.266055 hours remaining, 0.000000 MB of memory in use.
PERFORMANCE: 83000  averaging 30.2461 ns/day, 0.00571313 sec/step with standard deviation 2.39566e-05
ENERGY:   83000       247.1725       823.3954      1310.2071        16.8394        -637954.8755     52508.1240        55.9853         0.0000     21935.8584        -561057.2935       132.5277   -582993.1519   -560913.7168       131.5096          -3296.9725     -3252.4808    922752.0000     -3222.3188     -3222.3154

REASSIGNING VELOCITIES AT STEP 84000 TO 134 KELVIN.
TIMING: 84000  CPU: 478.236, 0.00571355/step  Wall: 480.01, 0.0057256/step, 0.264014 hours remaining, 0.000000 MB of memory in use.
PERFORMANCE: 84000  averaging 30.2453 ns/day, 0.00571328 sec/step with standard deviation 2.38507e-05
ENERGY:   84000       250.4898       815.3761      1305.7043        13.6660        -637886.0560     52500.3940        54.3902         0.0000     22249.2772        -560696.7586       134.4212   -582946.0357   -560477.0235       132.1966          -3278.6221     -3230.1106    922752.0000     -3205.6908     -3205.6844

LDB: ============= START OF LOAD BALANCING ============== 483.013
LDB: ============== END OF LOAD BALANCING =============== 483.013
Info: useSync: 0 useProxySync: 0
LDB: =============== DONE WITH MIGRATION ================ 483.013
LDB: ============= START OF LOAD BALANCING ============== 483.587
LDB: TIME 483.588 LOAD: AVG 0.474519 MAX 0.522328  PROXIES: TOTAL 320 MAXPE 40 MAXPATCH 3 None MEM: 0 MB
LDB: TIME 483.588 LOAD: AVG 0.474519 MAX 0.522328  PROXIES: TOTAL 320 MAXPE 40 MAXPATCH 3 RefineTorusLB MEM: 0 MB
LDB: TIME 483.588 LOAD: AVG 0.474519 MAX 0.522328  PROXIES: TOTAL 320 MAXPE 40 MAXPATCH 3 RefineTorusLB MEM: 0 MB
LDB: Reverting to original mapping
LDB: ============== END OF LOAD BALANCING =============== 483.588
Info: useSync: 0 useProxySync: 0
LDB: =============== DONE WITH MIGRATION ================ 483.588
WRITING COORDINATES TO DCD FILE heat.dcd AT STEP 85000
REASSIGNING VELOCITIES AT STEP 85000 TO 135 KELVIN.
TIMING: 85000  CPU: 483.966, 0.00572932/step  Wall: 485.756, 0.00574657/step, 0.263385 hours remaining, 0.000000 MB of memory in use.
PERFORMANCE: 85000  averaging 30.2433 ns/day, 0.00571367 sec/step with standard deviation 2.39818e-05
ENERGY:   85000       253.3455       822.0156      1313.8338        12.5185        -637591.2945     52321.5907        59.8694         0.0000     22293.3769        -560514.7441       134.6876   -582808.1210   -560377.9630       133.4215          -3332.2579     -3289.1881    922752.0000     -3236.5502     -3236.5501

REASSIGNING VELOCITIES AT STEP 86000 TO 136 KELVIN.
TIMING: 86000  CPU: 489.683, 0.00571755/step  Wall: 491.484, 0.00572794/step, 0.260939 hours remaining, 0.000000 MB of memory in use.
PERFORMANCE: 86000  averaging 30.2424 ns/day, 0.00571383 sec/step with standard deviation 2.389e-05
ENERGY:   86000       251.5625       829.2646      1308.5582        14.8759        -637714.5319     52573.5731        58.0149         0.0000     22567.6103        -560111.0723       136.3444   -582678.6826   -559880.2868       133.9853          -3211.2816     -3168.9470    922752.0000     -3217.7154     -3217.7136

REASSIGNING VELOCITIES AT STEP 87000 TO 137 KELVIN.
TIMING: 87000  CPU: 495.388, 0.00570511/step  Wall: 497.203, 0.00571891/step, 0.25894 hours remaining, 0.000000 MB of memory in use.
PERFORMANCE: 87000  averaging 30.2421 ns/day, 0.00571389 sec/step with standard deviation 2.37569e-05
ENERGY:   87000       247.5291       817.3060      1300.4056        14.0269        -637641.7096     52706.7080        64.2046         0.0000     22778.5927        -559712.9367       137.6191   -582491.5293   -559483.0276       135.2599          -3165.6170     -3117.4434    922752.0000     -3180.8128     -3180.8035

REASSIGNING VELOCITIES AT STEP 88000 TO 138 KELVIN.
TIMING: 88000  CPU: 501.1, 0.00571124/step  Wall: 502.927, 0.00572317/step, 0.257543 hours remaining, 0.000000 MB of memory in use.
PERFORMANCE: 88000  averaging 30.2415 ns/day, 0.005714 sec/step with standard deviation 2.36407e-05
ENERGY:   88000       266.6638       819.6230      1308.3439        14.3355        -637133.9974     52345.8144        58.2547         0.0000     22848.1620        -559472.8002       138.0394   -582320.9622   -559314.1033       136.4953          -3235.7436     -3195.0517    922752.0000     -3195.2375     -3195.2397

LDB: ============= START OF LOAD BALANCING ============== 505.929
LDB: ============== END OF LOAD BALANCING =============== 505.93
Info: useSync: 0 useProxySync: 0
LDB: =============== DONE WITH MIGRATION ================ 505.93
LDB: ============= START OF LOAD BALANCING ============== 506.503
LDB: TIME 506.503 LOAD: AVG 0.474144 MAX 0.523801  PROXIES: TOTAL 320 MAXPE 40 MAXPATCH 3 None MEM: 0 MB
LDB: TIME 506.503 LOAD: AVG 0.474144 MAX 0.523801  PROXIES: TOTAL 320 MAXPE 40 MAXPATCH 3 RefineTorusLB MEM: 0 MB
LDB: TIME 506.503 LOAD: AVG 0.474144 MAX 0.523801  PROXIES: TOTAL 320 MAXPE 40 MAXPATCH 3 RefineTorusLB MEM: 0 MB
LDB: Reverting to original mapping
LDB: ============== END OF LOAD BALANCING =============== 506.504
Info: useSync: 0 useProxySync: 0
LDB: =============== DONE WITH MIGRATION ================ 506.504
REASSIGNING VELOCITIES AT STEP 89000 TO 139 KELVIN.
TIMING: 89000  CPU: 506.812, 0.0057119/step  Wall: 508.654, 0.0057279/step, 0.256164 hours remaining, 0.000000 MB of memory in use.
PERFORMANCE: 89000  averaging 30.2407 ns/day, 0.00571415 sec/step with standard deviation 2.35521e-05
ENERGY:   89000       248.2648       866.2580      1305.0304        12.5267        -636925.4316     52239.3227        55.5338         0.0000     22832.1758        -559366.3193       137.9428   -582198.4951   -559271.8679       137.2723          -3260.1287     -3215.7151    922752.0000     -3227.9647     -3227.9571

WRITING COORDINATES TO DCD FILE heat.dcd AT STEP 90000
WRITING COORDINATES TO RESTART FILE AT STEP 90000
FINISHED WRITING RESTART COORDINATES
REASSIGNING VELOCITIES AT STEP 90000 TO 140 KELVIN.
TIMING: 90000  CPU: 512.555, 0.00574348/step  Wall: 514.431, 0.00577695/step, 0.256753 hours remaining, 0.000000 MB of memory in use.
PERFORMANCE: 90000  averaging 30.237 ns/day, 0.00571485 sec/step with standard deviation 2.4337e-05
ETITLE:      TS           BOND          ANGLE          DIHED          IMPRP               ELECT            VDW       BOUNDARY           MISC        KINETIC               TOTAL           TEMP      POTENTIAL         TOTAL3        TEMPAVG            PRESSURE      GPRESSURE         VOLUME       PRESSAVG      GPRESSAVG

ENERGY:   90000       265.8800       833.1155      1304.3921        13.4819        -637012.5326     52320.3940        54.0237         0.0000     23147.9778        -559073.2676       139.8508   -582221.2454   -558876.0707       137.8317          -3222.2662     -3177.6938    922752.0000     -3222.8216     -3222.8199

WRITING EXTENDED SYSTEM TO RESTART FILE AT STEP 90000
WRITING VELOCITIES TO RESTART FILE AT STEP 90000
FINISHED WRITING RESTART VELOCITIES
REASSIGNING VELOCITIES AT STEP 91000 TO 141 KELVIN.
TIMING: 91000  CPU: 518.27, 0.00571461/step  Wall: 520.183, 0.00575128/step, 0.254015 hours remaining, 0.000000 MB of memory in use.
PERFORMANCE: 91000  averaging 30.2349 ns/day, 0.00571525 sec/step with standard deviation 2.45009e-05
ENERGY:   91000       257.0861       834.3984      1300.1653        10.1983        -636869.0518     52301.2454        57.5439         0.0000     23309.0088        -558799.4056       140.8237   -582108.4144   -558613.3288       138.7236          -3232.4710     -3189.2918    922752.0000     -3213.2862     -3213.2830

REASSIGNING VELOCITIES AT STEP 92000 TO 142 KELVIN.
TIMING: 92000  CPU: 523.98, 0.00571027/step  Wall: 525.906, 0.00572349/step, 0.251198 hours remaining, 0.000000 MB of memory in use.
PERFORMANCE: 92000  averaging 30.2344 ns/day, 0.00571534 sec/step with standard deviation 2.4381e-05
ENERGY:   92000       272.8373       831.7679      1308.8832        14.5530        -636639.4659     52177.5619        59.3511         0.0000     23536.5078        -558438.0037       142.1981   -581974.5115   -558216.3067       139.6378          -3278.9457     -3232.3336    922752.0000     -3205.7569     -3205.7487

LDB: ============= START OF LOAD BALANCING ============== 528.905
LDB: ============== END OF LOAD BALANCING =============== 528.905
Info: useSync: 0 useProxySync: 0
LDB: =============== DONE WITH MIGRATION ================ 528.905
LDB: ============= START OF LOAD BALANCING ============== 529.479
LDB: TIME 529.479 LOAD: AVG 0.474121 MAX 0.522715  PROXIES: TOTAL 320 MAXPE 40 MAXPATCH 3 None MEM: 0 MB
LDB: TIME 529.479 LOAD: AVG 0.474121 MAX 0.522715  PROXIES: TOTAL 320 MAXPE 40 MAXPATCH 3 RefineTorusLB MEM: 0 MB
LDB: TIME 529.479 LOAD: AVG 0.474121 MAX 0.522715  PROXIES: TOTAL 320 MAXPE 40 MAXPATCH 3 RefineTorusLB MEM: 0 MB
LDB: Reverting to original mapping
LDB: ============== END OF LOAD BALANCING =============== 529.479
Info: useSync: 0 useProxySync: 0
LDB: =============== DONE WITH MIGRATION ================ 529.48
REASSIGNING VELOCITIES AT STEP 93000 TO 143 KELVIN.
TIMING: 93000  CPU: 529.698, 0.00571806/step  Wall: 531.64, 0.00573391/step, 0.250062 hours remaining, 0.000000 MB of memory in use.
PERFORMANCE: 93000  averaging 30.2334 ns/day, 0.00571554 sec/step with standard deviation 2.43245e-05
ENERGY:   93000       264.4191       843.5906      1307.9395        11.2999        -636048.1872     51907.6176        55.5317         0.0000     23534.2216        -558123.5673       142.1843   -581657.7889   -557923.9255       140.7543          -3309.2726     -3263.6576    922752.0000     -3203.4854     -3203.4804

REASSIGNING VELOCITIES AT STEP 94000 TO 144 KELVIN.
TIMING: 94000  CPU: 535.412, 0.00571372/step  Wall: 537.365, 0.00572528/step, 0.248096 hours remaining, 0.000000 MB of memory in use.
PERFORMANCE: 94000  averaging 30.2328 ns/day, 0.00571564 sec/step with standard deviation 2.42142e-05
ENERGY:   94000       250.9833       848.2457      1315.1461        11.2507        -636121.6658     52085.2793        58.8186         0.0000     23740.4396        -557811.5023       143.4302   -581551.9419   -557611.2058       141.8270          -3210.0848     -3165.4750    922752.0000     -3190.9976     -3190.9946

REASSIGNING VELOCITIES AT STEP 95000 TO 145 KELVIN.
TIMING: 95000  CPU: 541.126, 0.00571407/step  Wall: 543.094, 0.00572867/step, 0.246651 hours remaining, 0.000000 MB of memory in use.
PERFORMANCE: 95000  averaging 30.2321 ns/day, 0.00571578 sec/step with standard deviation 2.41221e-05
ENERGY:   95000       267.3022       805.4927      1310.8665        13.4183        -636013.8180     52058.7609        54.7908         0.0000     23876.9925        -557626.1941       144.2552   -581503.1866   -557489.7610       142.7625          -3200.4725     -3157.6965    922752.0000     -3185.1306     -3185.1280

WRITING COORDINATES TO DCD FILE heat.dcd AT STEP 95000
REASSIGNING VELOCITIES AT STEP 96000 TO 146 KELVIN.
TIMING: 96000  CPU: 546.845, 0.00571887/step  Wall: 548.828, 0.00573387/step, 0.245282 hours remaining, 0.000000 MB of memory in use.
PERFORMANCE: 96000  averaging 30.2311 ns/day, 0.00571597 sec/step with standard deviation 2.40658e-05
ENERGY:   96000       263.8318       824.2847      1300.5108        11.1246        -635823.7467     52043.6084        56.1467         0.0000     24114.1946        -557210.0452       145.6883   -581324.2398   -556953.1818       143.4284          -3230.4334     -3181.9110    922752.0000     -3203.4482     -3203.4395

LDB: ============= START OF LOAD BALANCING ============== 551.831
LDB: ============== END OF LOAD BALANCING =============== 551.831
Info: useSync: 0 useProxySync: 0
LDB: =============== DONE WITH MIGRATION ================ 551.831
LDB: ============= START OF LOAD BALANCING ============== 552.402
LDB: TIME 552.403 LOAD: AVG 0.474192 MAX 0.523227  PROXIES: TOTAL 320 MAXPE 40 MAXPATCH 3 None MEM: 0 MB
LDB: TIME 552.403 LOAD: AVG 0.474192 MAX 0.523227  PROXIES: TOTAL 320 MAXPE 40 MAXPATCH 3 RefineTorusLB MEM: 0 MB
LDB: TIME 552.403 LOAD: AVG 0.474192 MAX 0.523227  PROXIES: TOTAL 320 MAXPE 40 MAXPATCH 3 RefineTorusLB MEM: 0 MB
LDB: Reverting to original mapping
LDB: ============== END OF LOAD BALANCING =============== 552.403
Info: useSync: 0 useProxySync: 0
LDB: =============== DONE WITH MIGRATION ================ 552.404
REASSIGNING VELOCITIES AT STEP 97000 TO 147 KELVIN.
TIMING: 97000  CPU: 552.561, 0.00571593/step  Wall: 554.556, 0.00572784/step, 0.243433 hours remaining, 0.000000 MB of memory in use.
PERFORMANCE: 97000  averaging 30.2304 ns/day, 0.00571609 sec/step with standard deviation 2.39704e-05
ENERGY:   97000       269.7940       816.4281      1309.6325        12.1528        -635697.2633     52143.4635        57.8502         0.0000     24525.9407        -556562.0013       148.1759   -581087.9420   -556211.0920       144.7134          -3143.7141     -3096.4116    922752.0000     -3195.7769     -3195.7723

REASSIGNING VELOCITIES AT STEP 98000 TO 148 KELVIN.
TIMING: 98000  CPU: 558.272, 0.00571145/step  Wall: 560.28, 0.00572427/step, 0.241691 hours remaining, 0.000000 MB of memory in use.
PERFORMANCE: 98000  averaging 30.23 ns/day, 0.00571618 sec/step with standard deviation 2.38608e-05
ENERGY:   98000       274.7530       831.1231      1308.3500        11.2353        -635195.2149     51889.9459        54.9918         0.0000     24470.4223        -556354.3934       147.8405   -580824.8157   -556196.4088       146.6601          -3183.2220     -3139.6896    922752.0000     -3141.0268     -3141.0217

REASSIGNING VELOCITIES AT STEP 99000 TO 149 KELVIN.
TIMING: 99000  CPU: 563.991, 0.00571887/step  Wall: 566.006, 0.00572574/step, 0.240163 hours remaining, 0.000000 MB of memory in use.
PERFORMANCE: 99000  averaging 30.2295 ns/day, 0.00571627 sec/step with standard deviation 2.37582e-05
ENERGY:   99000       258.1517       826.9766      1305.3969        12.5248        -635298.9983     51971.4751        55.8393         0.0000     24744.5837        -556124.0502       149.4968   -580868.6339   -555963.9762       147.2834          -3157.2831     -3115.2825    922752.0000     -3174.9635     -3174.9606

WRITING COORDINATES TO DCD FILE heat.dcd AT STEP 100000
WRITING COORDINATES TO RESTART FILE AT STEP 100000
FINISHED WRITING RESTART COORDINATES
REASSIGNING VELOCITIES AT STEP 100000 TO 150 KELVIN.
TIMING: 100000  CPU: 569.74, 0.00574899/step  Wall: 571.787, 0.00578117/step, 0.240882 hours remaining, 0.000000 MB of memory in use.
PERFORMANCE: 100000  averaging 30.2261 ns/day, 0.00571692 sec/step with standard deviation 2.45127e-05
ETITLE:      TS           BOND          ANGLE          DIHED          IMPRP               ELECT            VDW       BOUNDARY           MISC        KINETIC               TOTAL           TEMP      POTENTIAL         TOTAL3        TEMPAVG            PRESSURE      GPRESSURE         VOLUME       PRESSAVG      GPRESSAVG

ENERGY:  100000       253.1834       875.8434      1311.6328        11.6883        -635082.7867     51894.8735        59.1597         0.0000     24892.4824        -555783.9233       150.3904   -580676.4057   -555567.4977       148.0943          -3205.1146     -3159.4669    922752.0000     -3161.9264     -3161.9205

WRITING EXTENDED SYSTEM TO RESTART FILE AT STEP 100000
WRITING VELOCITIES TO RESTART FILE AT STEP 100000
FINISHED WRITING RESTART VELOCITIES
LDB: ============= START OF LOAD BALANCING ============== 574.814
LDB: ============== END OF LOAD BALANCING =============== 574.814
Info: useSync: 0 useProxySync: 0
LDB: =============== DONE WITH MIGRATION ================ 574.814
LDB: ============= START OF LOAD BALANCING ============== 575.39
LDB: TIME 575.39 LOAD: AVG 0.47496 MAX 0.523521  PROXIES: TOTAL 320 MAXPE 40 MAXPATCH 3 None MEM: 0 MB
LDB: TIME 575.39 LOAD: AVG 0.47496 MAX 0.523521  PROXIES: TOTAL 320 MAXPE 40 MAXPATCH 3 RefineTorusLB MEM: 0 MB
LDB: TIME 575.39 LOAD: AVG 0.47496 MAX 0.523521  PROXIES: TOTAL 320 MAXPE 40 MAXPATCH 3 RefineTorusLB MEM: 0 MB
LDB: ============== END OF LOAD BALANCING =============== 575.391
Info: useSync: 0 useProxySync: 0
LDB: =============== DONE WITH MIGRATION ================ 575.391
REASSIGNING VELOCITIES AT STEP 101000 TO 151 KELVIN.
TIMING: 101000  CPU: 575.458, 0.0057178/step  Wall: 577.542, 0.00575558/step, 0.238217 hours remaining, 0.000000 MB of memory in use.
PERFORMANCE: 101000  averaging 30.224 ns/day, 0.0057173 sec/step with standard deviation 2.46914e-05
ENERGY:  101000       274.1693       848.1310      1305.7608        12.7390        -634444.5374     51492.8696        57.9454         0.0000     24992.2953        -555460.6269       150.9934   -580452.9222   -555238.6559       149.1415          -3223.1877     -3180.7745    922752.0000     -3138.5827     -3138.5801

REASSIGNING VELOCITIES AT STEP 102000 TO 152 KELVIN.
TIMING: 102000  CPU: 581.16, 0.00570251/step  Wall: 583.26, 0.00571753/step, 0.235054 hours remaining, 0.000000 MB of memory in use.
PERFORMANCE: 102000  averaging 30.224 ns/day, 0.00571731 sec/step with standard deviation 2.45689e-05
ENERGY:  102000       267.2322       856.5868      1309.4918        13.3748        -634281.9417     51485.8994        55.3480         0.0000     25172.3526        -555121.6561       152.0813   -580294.0087   -554906.3682       150.1294          -3226.3701     -3181.2662    922752.0000     -3138.4321     -3138.4259

REASSIGNING VELOCITIES AT STEP 103000 TO 153 KELVIN.
TIMING: 103000  CPU: 586.878, 0.00571792/step  Wall: 588.994, 0.00573423/step, 0.234148 hours remaining, 0.000000 MB of memory in use.
PERFORMANCE: 103000  averaging 30.2232 ns/day, 0.00571747 sec/step with standard deviation 2.45049e-05
ENERGY:  103000       282.4916       863.7360      1299.3465        13.4335        -634385.3627     51792.5926        53.0514         0.0000     25360.6268        -554720.0842       153.2187   -580080.7110   -554462.8856       151.1057          -3145.1129     -3097.3196    922752.0000     -3150.6887     -3150.6787

REASSIGNING VELOCITIES AT STEP 104000 TO 154 KELVIN.
TIMING: 104000  CPU: 592.587, 0.00570942/step  Wall: 594.719, 0.00572476/step, 0.232171 hours remaining, 0.000000 MB of memory in use.
PERFORMANCE: 104000  averaging 30.2228 ns/day, 0.00571754 sec/step with standard deviation 2.43961e-05
ENERGY:  104000       267.1816       855.4093      1296.4655        15.0093        -633739.6379     51385.4106        54.7623         0.0000     25673.9263        -554191.4729       155.1116   -579865.3992   -553893.8428       152.1782          -3177.9881     -3130.3889    922752.0000     -3147.2184     -3147.2127

LDB: ============= START OF LOAD BALANCING ============== 597.719
LDB: ============== END OF LOAD BALANCING =============== 597.719
Info: useSync: 0 useProxySync: 0
LDB: =============== DONE WITH MIGRATION ================ 597.72
LDB: ============= START OF LOAD BALANCING ============== 598.293
LDB: TIME 598.293 LOAD: AVG 0.475491 MAX 0.523599  PROXIES: TOTAL 320 MAXPE 40 MAXPATCH 3 None MEM: 0 MB
LDB: TIME 598.293 LOAD: AVG 0.475491 MAX 0.523599  PROXIES: TOTAL 320 MAXPE 40 MAXPATCH 3 RefineTorusLB MEM: 0 MB
LDB: TIME 598.293 LOAD: AVG 0.475491 MAX 0.523599  PROXIES: TOTAL 320 MAXPE 40 MAXPATCH 3 RefineTorusLB MEM: 0 MB
LDB: ============== END OF LOAD BALANCING =============== 598.294
Info: useSync: 0 useProxySync: 0
LDB: =============== DONE WITH MIGRATION ================ 598.294
REASSIGNING VELOCITIES AT STEP 105000 TO 155 KELVIN.
TIMING: 105000  CPU: 598.296, 0.00570858/step  Wall: 600.445, 0.0057258/step, 0.230622 hours remaining, 0.000000 MB of memory in use.
PERFORMANCE: 105000  averaging 30.2224 ns/day, 0.00571762 sec/step with standard deviation 2.42919e-05
ENERGY:  105000       260.1838       837.6125      1313.3944        12.7646        -633774.2589     51629.0029        49.8631         0.0000     25705.9128        -553965.5248       155.3048   -579671.4376   -553802.8458       153.6435          -3075.6529     -3032.4745    922752.0000     -3141.4108     -3141.4074

WRITING COORDINATES TO DCD FILE heat.dcd AT STEP 105000
REASSIGNING VELOCITIES AT STEP 106000 TO 156 KELVIN.
TIMING: 106000  CPU: 604.026, 0.0057296/step  Wall: 606.184, 0.00573965/step, 0.229586 hours remaining, 0.000000 MB of memory in use.
PERFORMANCE: 106000  averaging 30.2213 ns/day, 0.00571783 sec/step with standard deviation 2.42705e-05
ENERGY:  106000       277.4013       848.5073      1308.1376        13.5842        -633048.9478     51021.4253        57.7617         0.0000     25873.2105        -553648.9200       156.3156   -579522.1305   -553439.4891       154.3852          -3247.6183     -3201.6731    922752.0000     -3166.9556     -3166.9503

REASSIGNING VELOCITIES AT STEP 107000 TO 157 KELVIN.
TIMING: 107000  CPU: 609.734, 0.00570842/step  Wall: 611.912, 0.005728/step, 0.227529 hours remaining, 0.000000 MB of memory in use.
PERFORMANCE: 107000  averaging 30.2208 ns/day, 0.00571792 sec/step with standard deviation 2.41757e-05
ENERGY:  107000       281.8636       859.4938      1315.3525        11.9381        -633095.0972     51275.5374        57.2499         0.0000     26037.9007        -553255.7612       157.3106   -579293.6619   -553016.1329       155.5410          -3141.1136     -3095.3785    922752.0000     -3144.0405     -3144.0317

REASSIGNING VELOCITIES AT STEP 108000 TO 158 KELVIN.
TIMING: 108000  CPU: 615.456, 0.00572147/step  Wall: 617.647, 0.00573463/step, 0.226199 hours remaining, 0.000000 MB of memory in use.
PERFORMANCE: 108000  averaging 30.22 ns/day, 0.00571808 sec/step with standard deviation 2.41161e-05
ENERGY:  108000       271.3474       825.2053      1309.4099        11.5201        -632899.3365     51222.8110        60.7354         0.0000     26001.1034        -553197.2041       157.0882   -579198.3074   -553106.8370       156.6297          -3181.7754     -3139.9313    922752.0000     -3160.4941     -3160.4910

LDB: ============= START OF LOAD BALANCING ============== 620.651
LDB: ============== END OF LOAD BALANCING =============== 620.651
Info: useSync: 0 useProxySync: 0
LDB: =============== DONE WITH MIGRATION ================ 620.651
LDB: ============= START OF LOAD BALANCING ============== 621.225
LDB: TIME 621.225 LOAD: AVG 0.475169 MAX 0.523163  PROXIES: TOTAL 320 MAXPE 40 MAXPATCH 3 None MEM: 0 MB
LDB: TIME 621.225 LOAD: AVG 0.475169 MAX 0.523163  PROXIES: TOTAL 320 MAXPE 40 MAXPATCH 3 RefineTorusLB MEM: 0 MB
LDB: TIME 621.225 LOAD: AVG 0.475169 MAX 0.523163  PROXIES: TOTAL 320 MAXPE 40 MAXPATCH 3 RefineTorusLB MEM: 0 MB
LDB: ============== END OF LOAD BALANCING =============== 621.226
Info: useSync: 0 useProxySync: 0
LDB: =============== DONE WITH MIGRATION ================ 621.226
REASSIGNING VELOCITIES AT STEP 109000 TO 159 KELVIN.
TIMING: 109000  CPU: 621.175, 0.00571935/step  Wall: 623.381, 0.00573378/step, 0.224573 hours remaining, 0.000000 MB of memory in use.
PERFORMANCE: 109000  averaging 30.2192 ns/day, 0.00571822 sec/step with standard deviation 2.40513e-05
ENERGY:  109000       279.4934       853.0952      1314.8462        12.3983        -632931.3639     51272.8259        55.8689         0.0000     26193.5486        -552949.2875       158.2509   -579142.8361   -552769.9717       156.9819          -3138.7220     -3096.9260    922752.0000     -3159.1896     -3159.1871

WRITING COORDINATES TO DCD FILE heat.dcd AT STEP 110000
WRITING COORDINATES TO RESTART FILE AT STEP 110000
FINISHED WRITING RESTART COORDINATES
REASSIGNING VELOCITIES AT STEP 110000 TO 160 KELVIN.
TIMING: 110000  CPU: 626.912, 0.0057368/step  Wall: 629.15, 0.00576931/step, 0.224362 hours remaining, 0.000000 MB of memory in use.
PERFORMANCE: 110000  averaging 30.2167 ns/day, 0.00571869 sec/step with standard deviation 2.44312e-05
ETITLE:      TS           BOND          ANGLE          DIHED          IMPRP               ELECT            VDW       BOUNDARY           MISC        KINETIC               TOTAL           TEMP      POTENTIAL         TOTAL3        TEMPAVG            PRESSURE      GPRESSURE         VOLUME       PRESSAVG      GPRESSAVG

ENERGY:  110000       278.2335       845.5177      1305.2425        15.7948        -632627.5105     51119.0335        57.3898         0.0000     26417.3275        -552588.9712       159.6029   -579006.2987   -552365.5975       157.6761          -3136.4155     -3093.1674    922752.0000     -3144.9688     -3144.9638

WRITING EXTENDED SYSTEM TO RESTART FILE AT STEP 110000
WRITING VELOCITIES TO RESTART FILE AT STEP 110000
FINISHED WRITING RESTART VELOCITIES
REASSIGNING VELOCITIES AT STEP 111000 TO 161 KELVIN.
TIMING: 111000  CPU: 632.636, 0.0057247/step  Wall: 634.915, 0.00576517/step, 0.2226 hours remaining, 0.000000 MB of memory in use.
PERFORMANCE: 111000  averaging 30.2145 ns/day, 0.0057191 sec/step with standard deviation 2.47169e-05
ENERGY:  111000       269.3210       874.8096      1302.5467        15.5636        -632361.5626     51011.6358        59.8230         0.0000     26747.9812        -552079.8817       161.6006   -578827.8629   -551785.4663       158.7871          -3198.9311     -3151.5355    922752.0000     -3154.2972     -3154.2877

REASSIGNING VELOCITIES AT STEP 112000 TO 162 KELVIN.
TIMING: 112000  CPU: 638.354, 0.00571787/step  Wall: 640.646, 0.00573097/step, 0.219687 hours remaining, 0.000000 MB of memory in use.
PERFORMANCE: 112000  averaging 30.214 ns/day, 0.00571921 sec/step with standard deviation 2.46308e-05
ENERGY:  112000       282.6321       877.2083      1308.8456        14.9795        -632161.9579     50994.0981        58.0973         0.0000     26830.6310        -551795.4660       162.0999   -578626.0970   -551609.5843       160.2042          -3157.5706     -3111.8741    922752.0000     -3139.7489     -3139.7446

LDB: ============= START OF LOAD BALANCING ============== 643.651
LDB: ============== END OF LOAD BALANCING =============== 643.651
Info: useSync: 0 useProxySync: 0
LDB: =============== DONE WITH MIGRATION ================ 643.651
LDB: ============= START OF LOAD BALANCING ============== 644.226
LDB: TIME 644.226 LOAD: AVG 0.47527 MAX 0.522938  PROXIES: TOTAL 320 MAXPE 40 MAXPATCH 3 None MEM: 0 MB
LDB: TIME 644.226 LOAD: AVG 0.47527 MAX 0.522938  PROXIES: TOTAL 320 MAXPE 40 MAXPATCH 3 RefineTorusLB MEM: 0 MB
LDB: TIME 644.227 LOAD: AVG 0.47527 MAX 0.522938  PROXIES: TOTAL 320 MAXPE 40 MAXPATCH 3 RefineTorusLB MEM: 0 MB
LDB: ============== END OF LOAD BALANCING =============== 644.227
Info: useSync: 0 useProxySync: 0
LDB: =============== DONE WITH MIGRATION ================ 644.227
REASSIGNING VELOCITIES AT STEP 113000 TO 163 KELVIN.
TIMING: 113000  CPU: 644.075, 0.00572026/step  Wall: 646.378, 0.00573162/step, 0.21812 hours remaining, 0.000000 MB of memory in use.
PERFORMANCE: 113000  averaging 30.2134 ns/day, 0.00571932 sec/step with standard deviation 2.45484e-05
ENERGY:  113000       262.4145       877.3337      1316.2986        15.6730        -631982.6601     50940.5462        59.4790         0.0000     27039.6296        -551471.2855       163.3626   -578510.9150   -551252.0175       161.0155          -3153.7809     -3110.4571    922752.0000     -3156.5478     -3156.5447

REASSIGNING VELOCITIES AT STEP 114000 TO 164 KELVIN.
TIMING: 114000  CPU: 649.79, 0.00571527/step  Wall: 652.106, 0.0057285/step, 0.21641 hours remaining, 0.000000 MB of memory in use.
PERFORMANCE: 114000  averaging 30.213 ns/day, 0.0057194 sec/step with standard deviation 2.44547e-05
ENERGY:  114000       268.1100       856.1714      1306.5770        17.3149        -631524.8338     50740.3087        60.7917         0.0000     27089.3975        -551186.1625       163.6633   -578275.5600   -550993.4176       161.9106          -3143.5552     -3101.3437    922752.0000     -3132.5201     -3132.5167

REASSIGNING VELOCITIES AT STEP 115000 TO 165 KELVIN.
TIMING: 115000  CPU: 655.504, 0.00571416/step  Wall: 657.834, 0.00572744/step, 0.214779 hours remaining, 0.000000 MB of memory in use.
PERFORMANCE: 115000  averaging 30.2126 ns/day, 0.00571947 sec/step with standard deviation 2.43587e-05
ENERGY:  115000       273.4055       861.8209      1303.4438        13.3761        -631266.0423     50727.2518        51.6398         0.0000     27390.8743        -550644.2300       165.4847   -578035.1042   -550333.4913       162.7357          -3134.0889     -3084.0409    922752.0000     -3134.7115     -3134.6988

WRITING COORDINATES TO DCD FILE heat.dcd AT STEP 115000
REASSIGNING VELOCITIES AT STEP 116000 TO 166 KELVIN.
TIMING: 116000  CPU: 661.226, 0.00572196/step  Wall: 663.573, 0.0057391/step, 0.213622 hours remaining, 0.000000 MB of memory in use.
PERFORMANCE: 116000  averaging 30.2117 ns/day, 0.00571964 sec/step with standard deviation 2.43209e-05
ENERGY:  116000       282.0925       875.1563      1322.6071        16.3099        -631071.2874     50672.6596        58.8038         0.0000     27510.3322        -550333.3260       166.2064   -577843.6582   -550123.1903       164.2867          -3140.5323     -3093.8609    922752.0000     -3108.7460     -3108.7420

LDB: ============= START OF LOAD BALANCING ============== 666.576
LDB: ============== END OF LOAD BALANCING =============== 666.576
Info: useSync: 0 useProxySync: 0
LDB: =============== DONE WITH MIGRATION ================ 666.576
LDB: ============= START OF LOAD BALANCING ============== 667.153
LDB: TIME 667.153 LOAD: AVG 0.475225 MAX 0.522653  PROXIES: TOTAL 320 MAXPE 40 MAXPATCH 3 None MEM: 0 MB
LDB: TIME 667.153 LOAD: AVG 0.475225 MAX 0.522653  PROXIES: TOTAL 320 MAXPE 40 MAXPATCH 3 RefineTorusLB MEM: 0 MB
LDB: TIME 667.153 LOAD: AVG 0.475225 MAX 0.522653  PROXIES: TOTAL 320 MAXPE 40 MAXPATCH 3 RefineTorusLB MEM: 0 MB
LDB: ============== END OF LOAD BALANCING =============== 667.153
Info: useSync: 0 useProxySync: 0
LDB: =============== DONE WITH MIGRATION ================ 667.154
REASSIGNING VELOCITIES AT STEP 117000 TO 167 KELVIN.
TIMING: 117000  CPU: 666.948, 0.00572166/step  Wall: 669.308, 0.00573535/step, 0.211889 hours remaining, 0.000000 MB of memory in use.
PERFORMANCE: 117000  averaging 30.211 ns/day, 0.00571977 sec/step with standard deviation 2.42594e-05
ENERGY:  117000       263.7945       869.2795      1299.5215        14.7308        -631214.6770     50804.6589        53.9057         0.0000     27925.0830        -549983.7030       168.7121   -577908.7860   -549742.9188       165.0819          -3123.6813     -3077.1080    922752.0000     -3111.0731     -3111.0693

REASSIGNING VELOCITIES AT STEP 118000 TO 168 KELVIN.
TIMING: 118000  CPU: 672.66, 0.00571222/step  Wall: 675.04, 0.00573167/step, 0.210161 hours remaining, 0.000000 MB of memory in use.
PERFORMANCE: 118000  averaging 30.2105 ns/day, 0.00571987 sec/step with standard deviation 2.41803e-05
ENERGY:  118000       288.7617       838.0076      1321.9954        16.2587        -630267.0801     50231.6587        61.0501         0.0000     27676.5524        -549832.7956       167.2106   -577509.3480   -549703.9273       166.2507          -3208.7490     -3170.6076    922752.0000     -3112.3374     -3112.3384

REASSIGNING VELOCITIES AT STEP 119000 TO 169 KELVIN.
TIMING: 119000  CPU: 678.382, 0.00572256/step  Wall: 680.771, 0.00573107/step, 0.208547 hours remaining, 0.000000 MB of memory in use.
PERFORMANCE: 119000  averaging 30.21 ns/day, 0.00571997 sec/step with standard deviation 2.40995e-05
ENERGY:  119000       268.8687       852.9684      1320.5951        17.3879        -630873.9203     50766.4007        54.9127         0.0000     28099.5900        -549493.1968       169.7664   -577592.7867   -549274.5061       166.7212          -3080.9624     -3033.8338    922752.0000     -3108.8165     -3108.8070

WRITING COORDINATES TO DCD FILE heat.dcd AT STEP 120000
WRITING COORDINATES TO RESTART FILE AT STEP 120000
FINISHED WRITING RESTART COORDINATES
REASSIGNING VELOCITIES AT STEP 120000 TO 170 KELVIN.
TIMING: 120000  CPU: 684.125, 0.00574254/step  Wall: 686.547, 0.0057755/step, 0.20856 hours remaining, 0.000000 MB of memory in use.
PERFORMANCE: 120000  averaging 30.2075 ns/day, 0.00572043 sec/step with standard deviation 2.45275e-05
ETITLE:      TS           BOND          ANGLE          DIHED          IMPRP               ELECT            VDW       BOUNDARY           MISC        KINETIC               TOTAL           TEMP      POTENTIAL         TOTAL3        TEMPAVG            PRESSURE      GPRESSURE         VOLUME       PRESSAVG      GPRESSAVG

ENERGY:  120000       280.1041       848.0310      1314.1397        10.7575        -630553.0901     50692.9332        48.8145         0.0000     28395.9244        -548962.3857       171.5568   -577358.3101   -548655.7283       167.7001          -3071.4439     -3026.4908    922752.0000     -3053.7697     -3053.7664

WRITING EXTENDED SYSTEM TO RESTART FILE AT STEP 120000
WRITING VELOCITIES TO RESTART FILE AT STEP 120000
FINISHED WRITING RESTART VELOCITIES
LDB: ============= START OF LOAD BALANCING ============== 689.58
LDB: ============== END OF LOAD BALANCING =============== 689.58
Info: useSync: 0 useProxySync: 0
LDB: =============== DONE WITH MIGRATION ================ 689.58
LDB: ============= START OF LOAD BALANCING ============== 690.155
LDB: TIME 690.155 LOAD: AVG 0.475006 MAX 0.523931  PROXIES: TOTAL 320 MAXPE 40 MAXPATCH 3 None MEM: 0 MB
LDB: TIME 690.155 LOAD: AVG 0.475006 MAX 0.523931  PROXIES: TOTAL 320 MAXPE 40 MAXPATCH 3 RefineTorusLB MEM: 0 MB
LDB: TIME 690.155 LOAD: AVG 0.475006 MAX 0.523931  PROXIES: TOTAL 320 MAXPE 40 MAXPATCH 3 RefineTorusLB MEM: 0 MB
LDB: ============== END OF LOAD BALANCING =============== 690.155
Info: useSync: 0 useProxySync: 0
LDB: =============== DONE WITH MIGRATION ================ 690.156
REASSIGNING VELOCITIES AT STEP 121000 TO 171 KELVIN.
TIMING: 121000  CPU: 689.856, 0.00573157/step  Wall: 692.324, 0.00577789/step, 0.207041 hours remaining, 0.000000 MB of memory in use.
PERFORMANCE: 121000  averaging 30.205 ns/day, 0.00572091 sec/step with standard deviation 2.49773e-05
ENERGY:  121000       262.9037       876.3600      1316.0056        12.5741        -630305.0867     50794.0367        54.0270         0.0000     28390.3534        -548598.8262       171.5231   -576989.1796   -548362.5671       169.2704          -2995.8355     -2948.3033    922752.0000     -2982.9814     -2982.9710

REASSIGNING VELOCITIES AT STEP 122000 TO 172 KELVIN.
TIMING: 122000  CPU: 695.579, 0.00572255/step  Wall: 698.063, 0.00573871/step, 0.204043 hours remaining, 0.000000 MB of memory in use.
PERFORMANCE: 122000  averaging 30.2042 ns/day, 0.00572105 sec/step with standard deviation 2.49261e-05
ENERGY:  122000       268.6731       858.5225      1316.6415        11.7942        -629190.7843     50028.5008        52.9137         0.0000     28510.0057        -548143.7329       172.2460   -576653.7387   -547857.7662       170.0410          -3180.0885     -3132.2832    922752.0000     -3041.2854     -3041.2775

REASSIGNING VELOCITIES AT STEP 123000 TO 173 KELVIN.
TIMING: 123000  CPU: 701.291, 0.00571218/step  Wall: 703.795, 0.00573202/step, 0.202213 hours remaining, 0.000000 MB of memory in use.
PERFORMANCE: 123000  averaging 30.2038 ns/day, 0.00572114 sec/step with standard deviation 2.48435e-05
ENERGY:  123000       294.1656       863.2115      1303.2020        11.6360        -629373.5773     50348.9869        58.1469         0.0000     28647.9041        -547846.3243       173.0791   -576494.2284   -547627.1753       171.1335          -3087.5060     -3042.2984    922752.0000     -3038.9112     -3038.9053

REASSIGNING VELOCITIES AT STEP 124000 TO 174 KELVIN.
TIMING: 124000  CPU: 707.016, 0.00572511/step  Wall: 709.538, 0.00574277/step, 0.200997 hours remaining, 0.000000 MB of memory in use.
PERFORMANCE: 124000  averaging 30.2028 ns/day, 0.00572132 sec/step with standard deviation 2.48184e-05
ENERGY:  124000       293.1435       884.9323      1299.9461        11.2565        -629290.7808     50321.5326        53.0896         0.0000     28938.4604        -547488.4197       174.8346   -576426.8802   -547254.2372       172.1013          -3058.6112     -3014.6719    922752.0000     -3004.7801     -3004.7733

LDB: ============= START OF LOAD BALANCING ============== 712.545
LDB: ============== END OF LOAD BALANCING =============== 712.545
Info: useSync: 0 useProxySync: 0
LDB: =============== DONE WITH MIGRATION ================ 712.545
LDB: ============= START OF LOAD BALANCING ============== 713.119
LDB: TIME 713.12 LOAD: AVG 0.4751 MAX 0.523176  PROXIES: TOTAL 320 MAXPE 40 MAXPATCH 3 None MEM: 0 MB
LDB: TIME 713.12 LOAD: AVG 0.4751 MAX 0.523176  PROXIES: TOTAL 320 MAXPE 40 MAXPATCH 3 RefineTorusLB MEM: 0 MB
LDB: TIME 713.12 LOAD: AVG 0.4751 MAX 0.523176  PROXIES: TOTAL 320 MAXPE 40 MAXPATCH 3 RefineTorusLB MEM: 0 MB
LDB: Reverting to original mapping
LDB: ============== END OF LOAD BALANCING =============== 713.12
Info: useSync: 0 useProxySync: 0
LDB: =============== DONE WITH MIGRATION ================ 713.12
REASSIGNING VELOCITIES AT STEP 125000 TO 175 KELVIN.
TIMING: 125000  CPU: 712.735, 0.00571835/step  Wall: 715.273, 0.00573548/step, 0.199149 hours remaining, 0.000000 MB of memory in use.
PERFORMANCE: 125000  averaging 30.2022 ns/day, 0.00572143 sec/step with standard deviation 2.47506e-05
ENERGY:  125000       265.6115       889.3374      1316.2832        15.4904        -628626.9963     50069.8127        52.9280         0.0000     29120.5835        -546896.9496       175.9349   -576017.5332   -546565.8033       172.9924          -3082.0127     -3039.3640    922752.0000     -3049.9208     -3049.9184

WRITING COORDINATES TO DCD FILE heat.dcd AT STEP 125000
REASSIGNING VELOCITIES AT STEP 126000 TO 176 KELVIN.
TIMING: 126000  CPU: 718.463, 0.00572864/step  Wall: 721.019, 0.00574572/step, 0.197908 hours remaining, 0.000000 MB of memory in use.
PERFORMANCE: 126000  averaging 30.2012 ns/day, 0.00572162 sec/step with standard deviation 2.47462e-05
ENERGY:  126000       279.8146       889.3911      1306.1005        12.2989        -628371.2077     50072.9805        53.6470         0.0000     28967.9988        -546788.9763       175.0130   -575756.9751   -546666.3173       174.5881          -3050.8795     -3011.5918    922752.0000     -3038.7066     -3038.7023

REASSIGNING VELOCITIES AT STEP 127000 TO 177 KELVIN.
TIMING: 127000  CPU: 724.185, 0.00572132/step  Wall: 726.76, 0.00574116/step, 0.196156 hours remaining, 0.000000 MB of memory in use.
PERFORMANCE: 127000  averaging 30.2004 ns/day, 0.00572178 sec/step with standard deviation 2.47087e-05
ENERGY:  127000       298.3070       866.0288      1318.0286        14.0800        -628235.7169     49931.2518        56.5532         0.0000     29430.5968        -546320.8708       177.8079   -575751.4676   -546034.4488       174.7775          -3094.1069     -3047.0106    922752.0000     -3049.0828     -3049.0730

REASSIGNING VELOCITIES AT STEP 128000 TO 178 KELVIN.
TIMING: 128000  CPU: 729.896, 0.00571164/step  Wall: 732.49, 0.00572996/step, 0.194182 hours remaining, 0.000000 MB of memory in use.
PERFORMANCE: 128000  averaging 30.2001 ns/day, 0.00572184 sec/step with standard deviation 2.46219e-05
ENERGY:  128000       295.3963       868.3338      1298.3526        16.3954        -628030.9990     49938.0867        52.2470         0.0000     29466.2353        -546095.9519       178.0232   -575562.1872   -545927.6440       176.0481          -3088.4604     -3049.3389    922752.0000     -3066.6846     -3066.6832

LDB: ============= START OF LOAD BALANCING ============== 735.494
LDB: ============== END OF LOAD BALANCING =============== 735.494
Info: useSync: 0 useProxySync: 0
LDB: =============== DONE WITH MIGRATION ================ 735.495
LDB: ============= START OF LOAD BALANCING ============== 736.069
LDB: TIME 736.069 LOAD: AVG 0.474274 MAX 0.524209  PROXIES: TOTAL 320 MAXPE 40 MAXPATCH 3 None MEM: 0 MB
LDB: TIME 736.069 LOAD: AVG 0.474274 MAX 0.524209  PROXIES: TOTAL 320 MAXPE 40 MAXPATCH 3 RefineTorusLB MEM: 0 MB
LDB: TIME 736.07 LOAD: AVG 0.474274 MAX 0.524209  PROXIES: TOTAL 320 MAXPE 40 MAXPATCH 3 RefineTorusLB MEM: 0 MB
LDB: Reverting to original mapping
LDB: ============== END OF LOAD BALANCING =============== 736.07
Info: useSync: 0 useProxySync: 0
LDB: =============== DONE WITH MIGRATION ================ 736.07
REASSIGNING VELOCITIES AT STEP 129000 TO 179 KELVIN.
TIMING: 129000  CPU: 735.624, 0.00572733/step  Wall: 738.234, 0.00574398/step, 0.193062 hours remaining, 0.000000 MB of memory in use.
PERFORMANCE: 129000  averaging 30.1992 ns/day, 0.00572201 sec/step with standard deviation 2.46029e-05
ENERGY:  129000       285.1419       858.1050      1310.6185        14.3960        -627441.7274     49554.5885        53.4767         0.0000     29396.3144        -545969.0863       177.6007   -575365.4007   -545849.2923       176.7405          -3136.3320     -3102.6652    922752.0000     -3027.3229     -3027.3268

WRITING COORDINATES TO DCD FILE heat.dcd AT STEP 130000
WRITING COORDINATES TO RESTART FILE AT STEP 130000
FINISHED WRITING RESTART COORDINATES
WRITING VELOCITIES TO RESTART FILE AT STEP 130000
FINISHED WRITING RESTART VELOCITIES
REASSIGNING VELOCITIES AT STEP 130000 TO 180 KELVIN.
TIMING: 130000  CPU: 741.38, 0.00575622/step  Wall: 744.045, 0.00581087/step, 0.193696 hours remaining, 0.000000 MB of memory in use.
PERFORMANCE: 130000  averaging 30.1956 ns/day, 0.00572269 sec/step with standard deviation 2.57167e-05
ETITLE:      TS           BOND          ANGLE          DIHED          IMPRP               ELECT            VDW       BOUNDARY           MISC        KINETIC               TOTAL           TEMP      POTENTIAL         TOTAL3        TEMPAVG            PRESSURE      GPRESSURE         VOLUME       PRESSAVG      GPRESSAVG

ENERGY:  130000       265.5078       883.8410      1299.9778        15.0404        -627540.0211     49746.9700        55.0823         0.0000     29749.7003        -545523.9015       179.7358   -575273.6018   -545255.4286       177.0112          -3073.0332     -3029.0192    922752.0000     -3060.4369     -3060.4279

WRITING EXTENDED SYSTEM TO RESTART FILE AT STEP 130000
REASSIGNING VELOCITIES AT STEP 131000 TO 181 KELVIN.
TIMING: 131000  CPU: 747.093, 0.00571295/step  Wall: 749.781, 0.00573587/step, 0.189602 hours remaining, 0.000000 MB of memory in use.
PERFORMANCE: 131000  averaging 30.195 ns/day, 0.0057228 sec/step with standard deviation 2.56435e-05
ENERGY:  131000       286.7652       857.3263      1318.8057        14.9617        -627391.8011     49859.8095        59.4352         0.0000     29884.8498        -545109.8476       180.5523   -574994.6975   -544849.5565       178.1656          -3048.9533     -3002.0807    922752.0000     -3069.0840     -3069.0751

REASSIGNING VELOCITIES AT STEP 132000 TO 182 KELVIN.
TIMING: 132000  CPU: 752.814, 0.00572172/step  Wall: 755.516, 0.00573454/step, 0.187965 hours remaining, 0.000000 MB of memory in use.
PERFORMANCE: 132000  averaging 30.1946 ns/day, 0.00572288 sec/step with standard deviation 2.55658e-05
ENERGY:  132000       284.6395       907.8086      1312.1122        14.2096        -626996.5495     49565.4380        56.0898         0.0000     30205.8560        -544650.3957       182.4917   -574856.2517   -544376.3103       179.3748          -3132.0924     -3087.3455    922752.0000     -3101.7003     -3101.6969

LDB: ============= START OF LOAD BALANCING ============== 758.518
LDB: ============== END OF LOAD BALANCING =============== 758.518
Info: useSync: 0 useProxySync: 0
LDB: =============== DONE WITH MIGRATION ================ 758.519
LDB: ============= START OF LOAD BALANCING ============== 759.091
LDB: TIME 759.091 LOAD: AVG 0.473978 MAX 0.524438  PROXIES: TOTAL 320 MAXPE 40 MAXPATCH 3 None MEM: 0 MB
LDB: TIME 759.091 LOAD: AVG 0.473978 MAX 0.524438  PROXIES: TOTAL 320 MAXPE 40 MAXPATCH 3 RefineTorusLB MEM: 0 MB
LDB: TIME 759.091 LOAD: AVG 0.473978 MAX 0.524438  PROXIES: TOTAL 320 MAXPE 40 MAXPATCH 3 RefineTorusLB MEM: 0 MB
LDB: ============== END OF LOAD BALANCING =============== 759.091
Info: useSync: 0 useProxySync: 0
LDB: =============== DONE WITH MIGRATION ================ 759.092
REASSIGNING VELOCITIES AT STEP 133000 TO 183 KELVIN.
TIMING: 133000  CPU: 758.525, 0.00571062/step  Wall: 761.244, 0.00572874/step, 0.186184 hours remaining, 0.000000 MB of memory in use.
PERFORMANCE: 133000  averaging 30.1943 ns/day, 0.00572293 sec/step with standard deviation 2.54739e-05
ENERGY:  133000       279.5575       906.3554      1316.5127        14.7825        -626564.0573     49450.7273        53.9619         0.0000     30044.3308        -544497.8292       181.5158   -574542.1600   -544364.2361       180.5004          -3111.0681     -3073.0411    922752.0000     -3058.7930     -3058.7934

REASSIGNING VELOCITIES AT STEP 134000 TO 184 KELVIN.
TIMING: 134000  CPU: 764.243, 0.00571832/step  Wall: 766.98, 0.00573541/step, 0.184808 hours remaining, 0.000000 MB of memory in use.
PERFORMANCE: 134000  averaging 30.1938 ns/day, 0.00572302 sec/step with standard deviation 2.54008e-05
ENERGY:  134000       285.0227       900.3770      1318.0024        19.8310        -626434.8651     49432.9520        58.6229         0.0000     30281.1792        -544138.8780       182.9467   -574420.0572   -543903.9019       180.7709          -3036.6940     -2990.6808    922752.0000     -3029.6291     -3029.6199

REASSIGNING VELOCITIES AT STEP 135000 TO 185 KELVIN.
TIMING: 135000  CPU: 769.974, 0.00573072/step  Wall: 772.727, 0.00574771/step, 0.183607 hours remaining, 0.000000 MB of memory in use.
PERFORMANCE: 135000  averaging 30.1929 ns/day, 0.0057232 sec/step with standard deviation 2.53949e-05
ENERGY:  135000       281.5830       895.0917      1311.6602        19.0089        -626238.5637     49559.7664        53.7078         0.0000     30730.2839        -543387.4618       185.6600   -574117.7457   -542975.6412       181.5264          -3010.9978     -2964.0012    922752.0000     -3048.8918     -3048.8855

WRITING COORDINATES TO DCD FILE heat.dcd AT STEP 135000
REASSIGNING VELOCITIES AT STEP 136000 TO 186 KELVIN.
TIMING: 136000  CPU: 775.69, 0.00571583/step  Wall: 778.459, 0.00573197/step, 0.181512 hours remaining, 0.000000 MB of memory in use.
PERFORMANCE: 136000  averaging 30.1925 ns/day, 0.00572327 sec/step with standard deviation 2.53118e-05
ENERGY:  136000       290.2894       884.4509      1313.1206        14.9920        -625516.6281     49273.8767        57.3455         0.0000     30757.2847        -542925.2684       185.8232   -573682.5530   -542643.8401       183.4673          -2967.3075     -2932.6438    922752.0000     -3000.6819     -3000.6807

LDB: ============= START OF LOAD BALANCING ============== 781.46
LDB: ============== END OF LOAD BALANCING =============== 781.46
Info: useSync: 0 useProxySync: 0
LDB: =============== DONE WITH MIGRATION ================ 781.46
LDB: ============= START OF LOAD BALANCING ============== 782.033
LDB: TIME 782.034 LOAD: AVG 0.474468 MAX 0.523431  PROXIES: TOTAL 320 MAXPE 40 MAXPATCH 3 None MEM: 0 MB
LDB: TIME 782.034 LOAD: AVG 0.474468 MAX 0.523431  PROXIES: TOTAL 320 MAXPE 40 MAXPATCH 3 RefineTorusLB MEM: 0 MB
LDB: TIME 782.034 LOAD: AVG 0.474468 MAX 0.523431  PROXIES: TOTAL 320 MAXPE 40 MAXPATCH 3 RefineTorusLB MEM: 0 MB
LDB: ============== END OF LOAD BALANCING =============== 782.034
Info: useSync: 0 useProxySync: 0
LDB: =============== DONE WITH MIGRATION ================ 782.034
REASSIGNING VELOCITIES AT STEP 137000 TO 187 KELVIN.
TIMING: 137000  CPU: 781.411, 0.00572091/step  Wall: 784.193, 0.00573397/step, 0.179983 hours remaining, 0.000000 MB of memory in use.
PERFORMANCE: 137000  averaging 30.1921 ns/day, 0.00572335 sec/step with standard deviation 2.52352e-05
ENERGY:  137000       307.5022       928.7875      1307.2640        13.5571        -625005.7989     48851.3599        58.2723         0.0000     30911.5096        -542627.5463       186.7549   -573539.0559   -542403.9428       184.6486          -3168.3270     -3123.8092    922752.0000     -3001.1119     -3001.1017

REASSIGNING VELOCITIES AT STEP 138000 TO 188 KELVIN.
TIMING: 138000  CPU: 787.129, 0.00571829/step  Wall: 789.926, 0.00573274/step, 0.178352 hours remaining, 0.000000 MB of memory in use.
PERFORMANCE: 138000  averaging 30.1918 ns/day, 0.00572342 sec/step with standard deviation 2.51556e-05
ENERGY:  138000       303.4057       894.7465      1323.9944        16.9494        -625061.4383     49271.5646        54.2150         0.0000     31009.3874        -542187.1754       187.3463   -573196.5628   -541922.3041       185.2673          -3035.3021     -2993.5366    922752.0000     -3019.8781     -3019.8746

REASSIGNING VELOCITIES AT STEP 139000 TO 189 KELVIN.
TIMING: 139000  CPU: 792.849, 0.00571961/step  Wall: 795.661, 0.00573525/step, 0.176837 hours remaining, 0.000000 MB of memory in use.
PERFORMANCE: 139000  averaging 30.1913 ns/day, 0.0057235 sec/step with standard deviation 2.50844e-05
ENERGY:  139000       311.7652       858.5681      1310.6464        17.3277        -624374.1515     48897.2189        48.0098         0.0000     31323.3096        -541607.3058       189.2429   -572930.6154   -541261.1817       186.3621          -3074.3485     -3027.7740    922752.0000     -3010.9493     -3010.9381

WRITING COORDINATES TO DCD FILE heat.dcd AT STEP 140000
WRITING COORDINATES TO RESTART FILE AT STEP 140000
FINISHED WRITING RESTART COORDINATES
REASSIGNING VELOCITIES AT STEP 140000 TO 190 KELVIN.
TIMING: 140000  CPU: 798.6, 0.00575163/step  Wall: 801.448, 0.0057864/step, 0.176807 hours remaining, 0.000000 MB of memory in use.
PERFORMANCE: 140000  averaging 30.1889 ns/day, 0.00572395 sec/step with standard deviation 2.55531e-05
ETITLE:      TS           BOND          ANGLE          DIHED          IMPRP               ELECT            VDW       BOUNDARY           MISC        KINETIC               TOTAL           TEMP      POTENTIAL         TOTAL3        TEMPAVG            PRESSURE      GPRESSURE         VOLUME       PRESSAVG      GPRESSAVG

ENERGY:  140000       305.8561       879.8713      1315.8897        16.7317        -623593.6990     48430.0911        54.6472         0.0000     31449.1727        -541141.4392       190.0033   -572590.6119   -540859.8567       187.5955          -3147.4105     -3108.7645    922752.0000     -3023.5964     -3023.5947

WRITING EXTENDED SYSTEM TO RESTART FILE AT STEP 140000
WRITING VELOCITIES TO RESTART FILE AT STEP 140000
FINISHED WRITING RESTART VELOCITIES
LDB: ============= START OF LOAD BALANCING ============== 804.48
LDB: ============== END OF LOAD BALANCING =============== 804.481
Info: useSync: 0 useProxySync: 0
LDB: =============== DONE WITH MIGRATION ================ 804.481
LDB: ============= START OF LOAD BALANCING ============== 805.055
LDB: TIME 805.056 LOAD: AVG 0.47492 MAX 0.523803  PROXIES: TOTAL 320 MAXPE 40 MAXPATCH 3 None MEM: 0 MB
LDB: TIME 805.056 LOAD: AVG 0.47492 MAX 0.523803  PROXIES: TOTAL 320 MAXPE 40 MAXPATCH 3 RefineTorusLB MEM: 0 MB
LDB: TIME 805.056 LOAD: AVG 0.47492 MAX 0.523803  PROXIES: TOTAL 320 MAXPE 40 MAXPATCH 3 RefineTorusLB MEM: 0 MB
LDB: Reverting to original mapping
LDB: ============== END OF LOAD BALANCING =============== 805.056
Info: useSync: 0 useProxySync: 0
LDB: =============== DONE WITH MIGRATION ================ 805.057
REASSIGNING VELOCITIES AT STEP 141000 TO 191 KELVIN.
TIMING: 141000  CPU: 804.333, 0.00573225/step  Wall: 807.214, 0.00576671/step, 0.174603 hours remaining, 0.000000 MB of memory in use.
PERFORMANCE: 141000  averaging 30.1873 ns/day, 0.00572425 sec/step with standard deviation 2.57151e-05
ENERGY:  141000       296.9228       877.2258      1314.6836        11.4395        -623724.1095     48796.2715        51.6047         0.0000     31488.0599        -540887.9017       190.2382   -572375.9616   -540695.2070       188.7291          -3001.7254     -2962.7858    922752.0000     -3002.4043     -3002.3987

REASSIGNING VELOCITIES AT STEP 142000 TO 192 KELVIN.
TIMING: 142000  CPU: 810.064, 0.00573154/step  Wall: 812.957, 0.0057428/step, 0.172284 hours remaining, 0.000000 MB of memory in use.
PERFORMANCE: 142000  averaging 30.1867 ns/day, 0.00572438 sec/step with standard deviation 2.56709e-05
ENERGY:  142000       311.6650       917.5914      1326.9208        12.7612        -622785.8314     48106.7559        53.2773         0.0000     31713.0468        -540343.8131       191.5975   -572056.8599   -540011.4050       189.2221          -3178.9204     -3135.6911    922752.0000     -2992.1087     -2992.1005

REASSIGNING VELOCITIES AT STEP 143000 TO 193 KELVIN.
TIMING: 143000  CPU: 815.775, 0.00571102/step  Wall: 818.683, 0.00572591/step, 0.170187 hours remaining, 0.000000 MB of memory in use.
PERFORMANCE: 143000  averaging 30.1866 ns/day, 0.00572439 sec/step with standard deviation 2.55807e-05
ENERGY:  143000       311.9622       920.8504      1313.5939        14.0266        -622666.7964     48261.8562        53.3693         0.0000     31955.3751        -539835.7627       193.0616   -571791.1378   -539540.2033       190.6221          -3117.6933     -3072.2909    922752.0000     -2981.7848     -2981.7771

REASSIGNING VELOCITIES AT STEP 144000 TO 194 KELVIN.
TIMING: 144000  CPU: 821.497, 0.00572208/step  Wall: 824.425, 0.00574149/step, 0.169055 hours remaining, 0.000000 MB of memory in use.
PERFORMANCE: 144000  averaging 30.186 ns/day, 0.00572451 sec/step with standard deviation 2.55309e-05
ENERGY:  144000       318.7176       918.7332      1309.2969        18.0219        -622391.4283     48324.8364        55.2655         0.0000     32070.0239        -539376.5330       193.7542   -571446.5569   -539098.7946       191.5546          -3043.6880     -2999.5981    922752.0000     -2998.4881     -2998.4821

LDB: ============= START OF LOAD BALANCING ============== 827.43
LDB: ============== END OF LOAD BALANCING =============== 827.43
Info: useSync: 0 useProxySync: 0
LDB: =============== DONE WITH MIGRATION ================ 827.431
LDB: ============= START OF LOAD BALANCING ============== 828.005
LDB: TIME 828.005 LOAD: AVG 0.474537 MAX 0.523029  PROXIES: TOTAL 320 MAXPE 40 MAXPATCH 3 None MEM: 0 MB
LDB: TIME 828.006 LOAD: AVG 0.474537 MAX 0.52303  PROXIES: TOTAL 320 MAXPE 40 MAXPATCH 3 RefineTorusLB MEM: 0 MB
LDB: TIME 828.006 LOAD: AVG 0.474537 MAX 0.52303  PROXIES: TOTAL 320 MAXPE 40 MAXPATCH 3 RefineTorusLB MEM: 0 MB
LDB: Reverting to original mapping
LDB: ============== END OF LOAD BALANCING =============== 828.006
Info: useSync: 0 useProxySync: 0
LDB: =============== DONE WITH MIGRATION ================ 828.006
REASSIGNING VELOCITIES AT STEP 145000 TO 195 KELVIN.
TIMING: 145000  CPU: 827.229, 0.00573172/step  Wall: 830.17, 0.00574544/step, 0.167575 hours remaining, 0.000000 MB of memory in use.
PERFORMANCE: 145000  averaging 30.1852 ns/day, 0.00572466 sec/step with standard deviation 2.55014e-05
ENERGY:  145000       301.1091       909.5059      1318.7252        14.7508        -622253.4294     48438.3351        57.6989         0.0000     32189.1351        -539024.1693       194.4738   -571213.3044   -538772.9868       192.7368          -2975.1423     -2930.9439    922752.0000     -2969.6678     -2969.6594

WRITING COORDINATES TO DCD FILE heat.dcd AT STEP 145000
REASSIGNING VELOCITIES AT STEP 146000 TO 196 KELVIN.
TIMING: 146000  CPU: 832.954, 0.00572485/step  Wall: 835.906, 0.00573617/step, 0.165712 hours remaining, 0.000000 MB of memory in use.
PERFORMANCE: 146000  averaging 30.1848 ns/day, 0.00572474 sec/step with standard deviation 2.54312e-05
ENERGY:  146000       272.3779       916.3328      1319.3254        15.1508        -621506.6989     47830.2465        52.6416         0.0000     32507.5944        -538593.0295       196.3978   -571100.6238   -538318.0479       193.6355          -3134.1418     -3094.2047    922752.0000     -2962.4401     -2962.4367

REASSIGNING VELOCITIES AT STEP 147000 TO 197 KELVIN.
TIMING: 147000  CPU: 838.683, 0.00572883/step  Wall: 841.639, 0.00573292/step, 0.164025 hours remaining, 0.000000 MB of memory in use.
PERFORMANCE: 147000  averaging 30.1845 ns/day, 0.00572479 sec/step with standard deviation 2.53529e-05
ENERGY:  147000       295.2650       923.7884      1317.2974        14.7064        -621840.7632     48490.1996        49.7102         0.0000     32739.7401        -538010.0561       197.8004   -570749.7962   -537660.3032       194.4330          -2858.7748     -2818.4262    922752.0000     -2963.0806     -2963.0732

REASSIGNING VELOCITIES AT STEP 148000 TO 198 KELVIN.
TIMING: 148000  CPU: 844.412, 0.00572881/step  Wall: 847.372, 0.00573304/step, 0.162436 hours remaining, 0.000000 MB of memory in use.
PERFORMANCE: 148000  averaging 30.1842 ns/day, 0.00572485 sec/step with standard deviation 2.52756e-05
ENERGY:  148000       295.3567       925.9344      1327.1553        17.5895        -620750.9146     47709.1948        58.6268         0.0000     32755.7890        -537661.2680       197.8973   -570417.0570   -537441.5395       195.6755          -3035.7949     -2994.0441    922752.0000     -2929.9459     -2929.9360

LDB: ============= START OF LOAD BALANCING ============== 850.379
LDB: ============== END OF LOAD BALANCING =============== 850.38
Info: useSync: 0 useProxySync: 0
LDB: =============== DONE WITH MIGRATION ================ 850.38
LDB: ============= START OF LOAD BALANCING ============== 850.952
LDB: TIME 850.953 LOAD: AVG 0.470997 MAX 0.525694  PROXIES: TOTAL 320 MAXPE 40 MAXPATCH 3 None MEM: 0 MB
LDB: TIME 850.953 LOAD: AVG 0.470997 MAX 0.525694  PROXIES: TOTAL 320 MAXPE 40 MAXPATCH 3 RefineTorusLB MEM: 0 MB
LDB: TIME 850.953 LOAD: AVG 0.470997 MAX 0.525694  PROXIES: TOTAL 320 MAXPE 40 MAXPATCH 3 RefineTorusLB MEM: 0 MB
LDB: Reverting to original mapping
LDB: ============== END OF LOAD BALANCING =============== 850.953
Info: useSync: 0 useProxySync: 0
LDB: =============== DONE WITH MIGRATION ================ 850.953
REASSIGNING VELOCITIES AT STEP 149000 TO 199 KELVIN.
TIMING: 149000  CPU: 850.152, 0.00574085/step  Wall: 853.113, 0.00574105/step, 0.161068 hours remaining, 0.000000 MB of memory in use.
PERFORMANCE: 149000  averaging 30.1836 ns/day, 0.00572496 sec/step with standard deviation 2.5225e-05
ENERGY:  149000       304.0672       925.0604      1332.1847        20.2417        -620913.6853     48153.2034        60.8447         0.0000     32833.8014        -537284.2817       198.3687   -570118.0831   -537046.9624       196.3662          -2911.2155     -2868.1591    922752.0000     -2945.7196     -2945.7112

WRITING COORDINATES TO DCD FILE heat.dcd AT STEP 150000
WRITING COORDINATES TO RESTART FILE AT STEP 150000
FINISHED WRITING RESTART COORDINATES
REASSIGNING VELOCITIES AT STEP 150000 TO 200 KELVIN.
TIMING: 150000  CPU: 855.896, 0.00574399/step  Wall: 858.882, 0.0057686/step, 0.160239 hours remaining, 0.000000 MB of memory in use.
PERFORMANCE: 150000  averaging 30.1821 ns/day, 0.00572525 sec/step with standard deviation 2.53915e-05
ETITLE:      TS           BOND          ANGLE          DIHED          IMPRP               ELECT            VDW       BOUNDARY           MISC        KINETIC               TOTAL           TEMP      POTENTIAL         TOTAL3        TEMPAVG            PRESSURE      GPRESSURE         VOLUME       PRESSAVG      GPRESSAVG

ENERGY:  150000       315.6935       879.7437      1324.2530        12.5724        -620640.7485     48045.1721        53.7898         0.0000     32993.1120        -537016.4120       199.3311   -570009.5240   -536806.7086       197.2492          -2947.4612     -2908.0646    922752.0000     -2907.7215     -2907.7158

WRITING EXTENDED SYSTEM TO RESTART FILE AT STEP 150000
WRITING VELOCITIES TO RESTART FILE AT STEP 150000
FINISHED WRITING RESTART VELOCITIES
REASSIGNING VELOCITIES AT STEP 151000 TO 201 KELVIN.
TIMING: 151000  CPU: 861.611, 0.00571466/step  Wall: 864.625, 0.00574306/step, 0.157934 hours remaining, 0.000000 MB of memory in use.
PERFORMANCE: 151000  averaging 30.1815 ns/day, 0.00572537 sec/step with standard deviation 2.53482e-05
ENERGY:  151000       299.8604       921.8450      1313.7254        14.8772        -620398.9886     48019.3895        48.2249         0.0000     33226.5705        -536554.4956       200.7416   -569781.0662   -536265.5600       197.6609          -2914.6469     -2873.6677    922752.0000     -2905.5327     -2905.5286

REASSIGNING VELOCITIES AT STEP 152000 TO 202 KELVIN.
TIMING: 152000  CPU: 867.348, 0.005737/step  Wall: 870.364, 0.00573936/step, 0.156238 hours remaining, 0.000000 MB of memory in use.
PERFORMANCE: 152000  averaging 30.181 ns/day, 0.00572546 sec/step with standard deviation 2.52897e-05
ENERGY:  152000       338.6820       949.0505      1337.5320        18.0818        -619748.8928     47687.3197        55.8850         0.0000     33470.2008        -535892.1409       202.2135   -569362.3417   -535523.3407       198.8113          -2930.6640     -2891.3135    922752.0000     -2933.6369     -2933.6296

LDB: ============= START OF LOAD BALANCING ============== 873.368
LDB: ============== END OF LOAD BALANCING =============== 873.368
Info: useSync: 0 useProxySync: 0
LDB: =============== DONE WITH MIGRATION ================ 873.368
LDB: ============= START OF LOAD BALANCING ============== 873.942
LDB: TIME 873.943 LOAD: AVG 0.470246 MAX 0.525096  PROXIES: TOTAL 320 MAXPE 40 MAXPATCH 3 None MEM: 0 MB
LDB: TIME 873.943 LOAD: AVG 0.470246 MAX 0.525096  PROXIES: TOTAL 320 MAXPE 40 MAXPATCH 3 RefineTorusLB MEM: 0 MB
LDB: TIME 873.943 LOAD: AVG 0.470246 MAX 0.525096  PROXIES: TOTAL 320 MAXPE 40 MAXPATCH 3 RefineTorusLB MEM: 0 MB
LDB: Reverting to original mapping
LDB: ============== END OF LOAD BALANCING =============== 873.943
Info: useSync: 0 useProxySync: 0
LDB: =============== DONE WITH MIGRATION ================ 873.943
REASSIGNING VELOCITIES AT STEP 153000 TO 203 KELVIN.
TIMING: 153000  CPU: 873.085, 0.00573685/step  Wall: 876.102, 0.00573794/step, 0.154606 hours remaining, 0.000000 MB of memory in use.
PERFORMANCE: 153000  averaging 30.1806 ns/day, 0.00572554 sec/step with standard deviation 2.52265e-05
ENERGY:  153000       317.2861       946.1019      1328.2344        13.5365        -619363.1661     47628.4136        58.5610         0.0000     33762.6229        -535308.4098       203.9802   -569071.0327   -534964.4760       200.1194          -2936.0015     -2892.6655    922752.0000     -2911.0613     -2911.0508

REASSIGNING VELOCITIES AT STEP 154000 TO 204 KELVIN.
TIMING: 154000  CPU: 878.81, 0.00572471/step  Wall: 881.831, 0.00572862/step, 0.152763 hours remaining, 0.000000 MB of memory in use.
PERFORMANCE: 154000  averaging 30.1805 ns/day, 0.00572556 sec/step with standard deviation 2.51452e-05
ENERGY:  154000       324.8063       935.1533      1318.7670        17.6281        -618933.6345     47529.7961        53.9156         0.0000     33663.6074        -535089.9606       203.3820   -568753.5680   -534900.4283       201.5574          -2907.6892     -2870.9861    922752.0000     -2892.3160     -2892.3121

WRITING COORDINATES TO DCD FILE heat.dcd AT STEP 155000
REASSIGNING VELOCITIES AT STEP 155000 TO 205 KELVIN.
TIMING: 155000  CPU: 884.547, 0.00573724/step  Wall: 887.573, 0.00574199/step, 0.151525 hours remaining, 0.000000 MB of memory in use.
PERFORMANCE: 155000  averaging 30.1799 ns/day, 0.00572566 sec/step with standard deviation 2.50981e-05
ENERGY:  155000       305.1227       953.3946      1320.7213        18.9141        -618812.3131     47630.6052        49.9202         0.0000     33970.8027        -534562.8324       205.2380   -568533.6350   -534232.9351       202.1235          -2809.0194     -2772.8793    922752.0000     -2848.9765     -2848.9741

REASSIGNING VELOCITIES AT STEP 156000 TO 206 KELVIN.
TIMING: 156000  CPU: 890.288, 0.00574094/step  Wall: 893.315, 0.00574171/step, 0.149922 hours remaining, 0.000000 MB of memory in use.
PERFORMANCE: 156000  averaging 30.1794 ns/day, 0.00572577 sec/step with standard deviation 2.505e-05
ENERGY:  156000       312.7607       901.9987      1322.9627        18.5276        -618444.9985     47587.7894        56.4515         0.0000     33992.7573        -534251.7505       205.3706   -568244.5078   -534031.6602       203.1524          -2833.6196     -2794.3610    922752.0000     -2774.1140     -2774.1074

LDB: ============= START OF LOAD BALANCING ============== 896.32
LDB: ============== END OF LOAD BALANCING =============== 896.321
Info: useSync: 0 useProxySync: 0
LDB: =============== DONE WITH MIGRATION ================ 896.321
LDB: ============= START OF LOAD BALANCING ============== 896.895
LDB: TIME 896.895 LOAD: AVG 0.471107 MAX 0.525877  PROXIES: TOTAL 320 MAXPE 40 MAXPATCH 3 None MEM: 0 MB
LDB: TIME 896.895 LOAD: AVG 0.471107 MAX 0.525877  PROXIES: TOTAL 320 MAXPE 40 MAXPATCH 3 RefineTorusLB MEM: 0 MB
LDB: TIME 896.895 LOAD: AVG 0.471107 MAX 0.525877  PROXIES: TOTAL 320 MAXPE 40 MAXPATCH 3 RefineTorusLB MEM: 0 MB
LDB: Reverting to original mapping
LDB: ============== END OF LOAD BALANCING =============== 896.895
Info: useSync: 0 useProxySync: 0
LDB: =============== DONE WITH MIGRATION ================ 896.896
REASSIGNING VELOCITIES AT STEP 157000 TO 207 KELVIN.
TIMING: 157000  CPU: 896.028, 0.00574037/step  Wall: 899.059, 0.00574448/step, 0.148399 hours remaining, 0.000000 MB of memory in use.
PERFORMANCE: 157000  averaging 30.1787 ns/day, 0.00572589 sec/step with standard deviation 2.50142e-05
ENERGY:  157000       310.3853       939.8170      1316.8331        13.7960        -618128.3820     47395.0758        51.5351         0.0000     34357.7368        -533743.2028       207.5757   -568100.9396   -533429.8444       203.7170          -2819.0083     -2775.3361    922752.0000     -2799.1688     -2799.1583

REASSIGNING VELOCITIES AT STEP 158000 TO 208 KELVIN.
TIMING: 158000  CPU: 901.761, 0.00573235/step  Wall: 904.801, 0.00574236/step, 0.146749 hours remaining, 0.000000 MB of memory in use.
PERFORMANCE: 158000  averaging 30.1782 ns/day, 0.00572599 sec/step with standard deviation 2.49688e-05
ENERGY:  158000       325.0130       951.0563      1322.6019        17.6647        -617524.6932     47294.8565        55.6760         0.0000     34513.8947        -533043.9302       208.5191   -567557.8249   -532643.9926       204.9772          -2819.3270     -2774.2469    922752.0000     -2777.7483     -2777.7395

REASSIGNING VELOCITIES AT STEP 159000 TO 209 KELVIN.
TIMING: 159000  CPU: 907.493, 0.00573238/step  Wall: 910.55, 0.00574896/step, 0.145321 hours remaining, 0.000000 MB of memory in use.
PERFORMANCE: 159000  averaging 30.1774 ns/day, 0.00572614 sec/step with standard deviation 2.49562e-05
ENERGY:  159000       328.6445       909.0401      1325.0950        16.0254        -616820.7868     47039.7235        53.7357         0.0000     34783.0448        -532365.4777       210.1452   -567148.5226   -531989.7507       205.9601          -2858.6119     -2818.1299    922752.0000     -2821.9723     -2821.9682

REASSIGNING VELOCITIES AT STEP 160000 TO 210 KELVIN.
TIMING: 160000  CPU: 913.221, 0.00572842/step  Wall: 916.301, 0.00575083/step, 0.143771 hours remaining, 0.000000 MB of memory in use.
PERFORMANCE: 160000  averaging 30.1766 ns/day, 0.00572629 sec/step with standard deviation 2.49541e-05
ETITLE:      TS           BOND          ANGLE          DIHED          IMPRP               ELECT            VDW       BOUNDARY           MISC        KINETIC               TOTAL           TEMP      POTENTIAL         TOTAL3        TEMPAVG            PRESSURE      GPRESSURE         VOLUME       PRESSAVG      GPRESSAVG

ENERGY:  160000       309.0079       928.4534      1340.1538        17.1758        -615695.8313     46520.8189        60.1342         0.0000     34612.3438        -531907.7433       209.1139   -566520.0871   -531620.8294       207.2198          -2878.7514     -2840.3238    922752.0000     -2792.9724     -2792.9686

WRITING EXTENDED SYSTEM TO RESTART FILE AT STEP 160000
WRITING COORDINATES TO DCD FILE heat.dcd AT STEP 160000
WRITING COORDINATES TO RESTART FILE AT STEP 160000
FINISHED WRITING RESTART COORDINATES
WRITING VELOCITIES TO RESTART FILE AT STEP 160000
FINISHED WRITING RESTART VELOCITIES
LDB: ============= START OF LOAD BALANCING ============== 919.378
LDB: ============== END OF LOAD BALANCING =============== 919.378
Info: useSync: 0 useProxySync: 0
LDB: =============== DONE WITH MIGRATION ================ 919.378
LDB: ============= START OF LOAD BALANCING ============== 919.957
LDB: TIME 919.957 LOAD: AVG 0.474694 MAX 0.527175  PROXIES: TOTAL 320 MAXPE 40 MAXPATCH 3 None MEM: 0 MB
LDB: TIME 919.957 LOAD: AVG 0.474694 MAX 0.527175  PROXIES: TOTAL 320 MAXPE 40 MAXPATCH 3 RefineTorusLB MEM: 0 MB
LDB: TIME 919.957 LOAD: AVG 0.474694 MAX 0.527175  PROXIES: TOTAL 320 MAXPE 40 MAXPATCH 3 RefineTorusLB MEM: 0 MB
LDB: ============== END OF LOAD BALANCING =============== 919.957
Info: useSync: 0 useProxySync: 0
LDB: =============== DONE WITH MIGRATION ================ 919.958
REASSIGNING VELOCITIES AT STEP 161000 TO 211 KELVIN.
TIMING: 161000  CPU: 918.991, 0.00576987/step  Wall: 922.132, 0.00583063/step, 0.144146 hours remaining, 0.000000 MB of memory in use.
PERFORMANCE: 161000  averaging 30.1732 ns/day, 0.00572694 sec/step with standard deviation 2.61998e-05
ENERGY:  161000       331.4665       931.3767      1320.8144        14.7953        -615149.4800     46459.7759        53.1630         0.0000     34881.6066        -531156.4817       210.7407   -566038.0882   -530740.5725       207.6773          -2889.4303     -2852.5103    922752.0000     -2777.6365     -2777.6343

REASSIGNING VELOCITIES AT STEP 162000 TO 212 KELVIN.
TIMING: 162000  CPU: 924.73, 0.00573879/step  Wall: 927.891, 0.00575945/step, 0.140786 hours remaining, 0.000000 MB of memory in use.
PERFORMANCE: 162000  averaging 30.1721 ns/day, 0.00572714 sec/step with standard deviation 2.62429e-05
ENERGY:  162000       295.0018       963.2898      1327.7484        16.4895        -614598.4881     46233.8455        52.4395         0.0000     34975.3151        -530734.3586       211.3068   -565709.6737   -530472.3248       208.8349          -2880.6034     -2836.8544    922752.0000     -2756.3525     -2756.3412

REASSIGNING VELOCITIES AT STEP 163000 TO 213 KELVIN.
TIMING: 163000  CPU: 930.478, 0.00574767/step  Wall: 933.656, 0.00576467/step, 0.139313 hours remaining, 0.000000 MB of memory in use.
PERFORMANCE: 163000  averaging 30.1709 ns/day, 0.00572737 sec/step with standard deviation 2.63265e-05
ENERGY:  163000       318.6799       918.1778      1325.2496        16.5926        -614328.1070     46366.3496        60.3862         0.0000     35353.7524        -529968.9187       213.5932   -565322.6711   -529519.4082       209.3240          -2816.0367     -2772.5095    922752.0000     -2715.6732     -2715.6638

REASSIGNING VELOCITIES AT STEP 164000 TO 214 KELVIN.
TIMING: 164000  CPU: 936.211, 0.00573359/step  Wall: 939.413, 0.00575723/step, 0.137534 hours remaining, 0.000000 MB of memory in use.
PERFORMANCE: 164000  averaging 30.17 ns/day, 0.00572755 sec/step with standard deviation 2.6349e-05
ENERGY:  164000       325.9348       980.8351      1324.8983        12.5250        -613756.0658     46324.1196        56.5031         0.0000     35246.6295        -529484.6205       212.9460   -564731.2499   -529186.3879       211.0198          -2754.9245     -2709.1704    922752.0000     -2726.6655     -2726.6529

LDB: ============= START OF LOAD BALANCING ============== 942.428
LDB: ============== END OF LOAD BALANCING =============== 942.428
Info: useSync: 0 useProxySync: 0
LDB: =============== DONE WITH MIGRATION ================ 942.428
LDB: ============= START OF LOAD BALANCING ============== 943.007
LDB: TIME 943.007 LOAD: AVG 0.473413 MAX 0.529377  PROXIES: TOTAL 320 MAXPE 40 MAXPATCH 3 None MEM: 0 MB
LDB: TIME 943.007 LOAD: AVG 0.473413 MAX 0.529377  PROXIES: TOTAL 320 MAXPE 40 MAXPATCH 3 RefineTorusLB MEM: 0 MB
LDB: TIME 943.007 LOAD: AVG 0.473413 MAX 0.529377  PROXIES: TOTAL 320 MAXPE 40 MAXPATCH 3 RefineTorusLB MEM: 0 MB
LDB: Reverting to original mapping
LDB: ============== END OF LOAD BALANCING =============== 943.007
Info: useSync: 0 useProxySync: 0
LDB: =============== DONE WITH MIGRATION ================ 943.008
REASSIGNING VELOCITIES AT STEP 165000 TO 215 KELVIN.
TIMING: 165000  CPU: 941.961, 0.00575003/step  Wall: 945.179, 0.00576552/step, 0.13613 hours remaining, 0.000000 MB of memory in use.
PERFORMANCE: 165000  averaging 30.1688 ns/day, 0.00572778 sec/step with standard deviation 2.64343e-05
ENERGY:  165000       312.9194       937.5423      1318.6479        12.8203        -613059.8334     45998.3367        57.3330         0.0000     35760.5740        -528661.6597       216.0510   -564422.2337   -528203.4765       211.8551          -2772.3353     -2729.3780    922752.0000     -2744.4257     -2744.4209

WRITING COORDINATES TO DCD FILE heat.dcd AT STEP 165000
REASSIGNING VELOCITIES AT STEP 166000 TO 216 KELVIN.
TIMING: 166000  CPU: 947.715, 0.00575351/step  Wall: 950.95, 0.00577161/step, 0.134671 hours remaining, 0.000000 MB of memory in use.
PERFORMANCE: 166000  averaging 30.1674 ns/day, 0.00572805 sec/step with standard deviation 2.65728e-05
ENERGY:  166000       337.9098       951.8804      1334.8714        14.9324        -612932.9493     46366.2072        52.8818         0.0000     35928.9711        -527945.2953       217.0684   -563874.2664   -527535.7100       213.5334          -2625.6730     -2585.5384    922752.0000     -2683.0794     -2683.0711

REASSIGNING VELOCITIES AT STEP 167000 TO 217 KELVIN.
TIMING: 167000  CPU: 953.455, 0.00573979/step  Wall: 956.708, 0.00575734/step, 0.132739 hours remaining, 0.000000 MB of memory in use.
PERFORMANCE: 167000  averaging 30.1664 ns/day, 0.00572822 sec/step with standard deviation 2.65894e-05
ENERGY:  167000       322.1861       975.4954      1319.0068        16.1659        -612170.0991     46042.6499        52.5389         0.0000     35849.3072        -527592.7489       216.5871   -563442.0561   -527353.7710       214.8214          -2658.9644     -2622.4520    922752.0000     -2598.9255     -2598.9214

REASSIGNING VELOCITIES AT STEP 168000 TO 218 KELVIN.
TIMING: 168000  CPU: 959.192, 0.00573758/step  Wall: 962.464, 0.00575662/step, 0.131123 hours remaining, 0.000000 MB of memory in use.
PERFORMANCE: 168000  averaging 30.1655 ns/day, 0.00572839 sec/step with standard deviation 2.66001e-05
ENERGY:  168000       318.6464       965.7019      1319.5123        14.5415        -611801.5192     46178.2984        50.1443         0.0000     35998.6896        -526955.9849       217.4896   -562954.6745   -526587.7134       215.2997          -2561.2491     -2512.2819    922752.0000     -2610.4963     -2610.4809

LDB: ============= START OF LOAD BALANCING ============== 965.479
LDB: ============== END OF LOAD BALANCING =============== 965.479
Info: useSync: 0 useProxySync: 0
LDB: =============== DONE WITH MIGRATION ================ 965.479
LDB: ============= START OF LOAD BALANCING ============== 966.056
LDB: TIME 966.057 LOAD: AVG 0.473086 MAX 0.527868  PROXIES: TOTAL 320 MAXPE 40 MAXPATCH 3 None MEM: 0 MB
LDB: TIME 966.057 LOAD: AVG 0.473086 MAX 0.527868  PROXIES: TOTAL 320 MAXPE 40 MAXPATCH 3 RefineTorusLB MEM: 0 MB
LDB: TIME 966.057 LOAD: AVG 0.473086 MAX 0.527868  PROXIES: TOTAL 320 MAXPE 40 MAXPATCH 3 RefineTorusLB MEM: 0 MB
LDB: ============== END OF LOAD BALANCING =============== 966.057
Info: useSync: 0 useProxySync: 0
LDB: =============== DONE WITH MIGRATION ================ 966.058
REASSIGNING VELOCITIES AT STEP 169000 TO 219 KELVIN.
TIMING: 169000  CPU: 964.948, 0.00575558/step  Wall: 968.236, 0.00577193/step, 0.129868 hours remaining, 0.000000 MB of memory in use.
PERFORMANCE: 169000  averaging 30.1642 ns/day, 0.00572865 sec/step with standard deviation 2.67314e-05
ENERGY:  169000       327.6245       940.2285      1329.5039        13.1597        -611304.9699     45765.2968        55.4014         0.0000     36233.2044        -526640.5506       218.9065   -562873.7550   -526410.3775       216.1899          -2637.1059     -2599.3967    922752.0000     -2592.4162     -2592.4136

REASSIGNING VELOCITIES AT STEP 170000 TO 220 KELVIN.
TIMING: 170000  CPU: 970.721, 0.00577327/step  Wall: 974.026, 0.00579017/step, 0.12867 hours remaining, 0.000000 MB of memory in use.
PERFORMANCE: 170000  averaging 30.1623 ns/day, 0.00572901 sec/step with standard deviation 2.70667e-05
ETITLE:      TS           BOND          ANGLE          DIHED          IMPRP               ELECT            VDW       BOUNDARY           MISC        KINETIC               TOTAL           TEMP      POTENTIAL         TOTAL3        TEMPAVG            PRESSURE      GPRESSURE         VOLUME       PRESSAVG      GPRESSAVG

ENERGY:  170000       330.5394       977.1644      1331.8758        16.3090        -611094.5774     45998.7661        45.9592         0.0000     36527.0376        -525866.9259       220.6817   -562393.9634   -525430.6240       216.7690          -2529.3832     -2481.3299    922752.0000     -2530.3553     -2530.3407

WRITING EXTENDED SYSTEM TO RESTART FILE AT STEP 170000
WRITING COORDINATES TO DCD FILE heat.dcd AT STEP 170000
WRITING COORDINATES TO RESTART FILE AT STEP 170000
FINISHED WRITING RESTART COORDINATES
WRITING VELOCITIES TO RESTART FILE AT STEP 170000
FINISHED WRITING RESTART VELOCITIES
REASSIGNING VELOCITIES AT STEP 171000 TO 221 KELVIN.
TIMING: 171000  CPU: 976.499, 0.00577805/step  Wall: 979.875, 0.00584846/step, 0.128341 hours remaining, 0.000000 MB of memory in use.
PERFORMANCE: 171000  averaging 30.1586 ns/day, 0.00572971 sec/step with standard deviation 2.84911e-05
ENERGY:  171000       346.7387       936.3217      1352.0168        14.2834        -610117.6364     45440.4587        52.0495         0.0000     36487.2137        -525488.5539       220.4411   -561975.7676   -525244.9727       218.5597          -2601.4078     -2560.9766    922752.0000     -2482.3758     -2482.3699

REASSIGNING VELOCITIES AT STEP 172000 TO 222 KELVIN.
TIMING: 172000  CPU: 982.253, 0.00575358/step  Wall: 985.65, 0.00577561/step, 0.125138 hours remaining, 0.000000 MB of memory in use.
PERFORMANCE: 172000  averaging 30.1572 ns/day, 0.00572997 sec/step with standard deviation 2.86225e-05
ENERGY:  172000       325.5066       941.9675      1330.3243        16.2517        -610259.3377     45711.7810        51.6484         0.0000     36849.4926        -525032.3655       222.6299   -561881.8581   -524756.1113       219.0018          -2403.4985     -2360.3689    922752.0000     -2494.8060     -2494.8004

LDB: ============= START OF LOAD BALANCING ============== 988.664
LDB: ============== END OF LOAD BALANCING =============== 988.664
Info: useSync: 0 useProxySync: 0
LDB: =============== DONE WITH MIGRATION ================ 988.664
LDB: ============= START OF LOAD BALANCING ============== 989.243
LDB: TIME 989.244 LOAD: AVG 0.470787 MAX 0.531349  PROXIES: TOTAL 320 MAXPE 40 MAXPATCH 3 None MEM: 0 MB
LDB: TIME 989.244 LOAD: AVG 0.470787 MAX 0.531349  PROXIES: TOTAL 320 MAXPE 40 MAXPATCH 3 RefineTorusLB MEM: 0 MB
LDB: TIME 989.244 LOAD: AVG 0.470787 MAX 0.531349  PROXIES: TOTAL 320 MAXPE 40 MAXPATCH 3 RefineTorusLB MEM: 0 MB
LDB: Reverting to original mapping
LDB: ============== END OF LOAD BALANCING =============== 989.244
Info: useSync: 0 useProxySync: 0
LDB: =============== DONE WITH MIGRATION ================ 989.244
REASSIGNING VELOCITIES AT STEP 173000 TO 223 KELVIN.
TIMING: 173000  CPU: 988.019, 0.00576666/step  Wall: 991.438, 0.00578732/step, 0.123784 hours remaining, 0.000000 MB of memory in use.
PERFORMANCE: 173000  averaging 30.1555 ns/day, 0.00573031 sec/step with standard deviation 2.88703e-05
ENERGY:  173000       320.3076       949.1524      1338.9486        12.0941        -609774.6821     45581.4232        49.1822         0.0000     36824.6746        -524698.8993       222.4799   -561523.5739   -524462.7859       220.0258          -2469.4017     -2427.0881    922752.0000     -2452.3387     -2452.3331

REASSIGNING VELOCITIES AT STEP 174000 TO 224 KELVIN.
TIMING: 174000  CPU: 993.763, 0.00574389/step  Wall: 997.205, 0.00576693/step, 0.121746 hours remaining, 0.000000 MB of memory in use.
PERFORMANCE: 174000  averaging 30.1543 ns/day, 0.00573052 sec/step with standard deviation 2.89203e-05
ENERGY:  174000       326.1449       937.2392      1340.9074        15.1711        -609011.9172     45238.1328        46.5488         0.0000     36850.4232        -524257.3498       222.6355   -561107.7731   -523958.5098       220.1930          -2536.0695     -2490.1303    922752.0000     -2417.4754     -2417.4648

REASSIGNING VELOCITIES AT STEP 175000 TO 225 KELVIN.
TIMING: 175000  CPU: 999.519, 0.00575543/step  Wall: 1002.98, 0.00577651/step, 0.120344 hours remaining, 0.000000 MB of memory in use.
PERFORMANCE: 175000  averaging 30.153 ns/day, 0.00573078 sec/step with standard deviation 2.9046e-05
ENERGY:  175000       317.5223       965.5061      1332.7077        13.7531        -608890.6517     45336.1871        49.2661         0.0000     37185.2706        -523690.4387       224.6585   -560875.7093   -523365.6749       221.3332          -2378.5100     -2335.3537    922752.0000     -2405.0444     -2405.0377

WRITING COORDINATES TO DCD FILE heat.dcd AT STEP 175000
REASSIGNING VELOCITIES AT STEP 176000 TO 226 KELVIN.
TIMING: 176000  CPU: 1005.31, 0.00579054/step  Wall: 1008.78, 0.00580253/step, 0.119274 hours remaining, 0.000000 MB of memory in use.
PERFORMANCE: 176000  averaging 30.1508 ns/day, 0.00573119 sec/step with standard deviation 2.94635e-05
ENERGY:  176000       328.9513       961.7300      1333.9991        11.6990        -608165.5845     44924.9897        56.0815         0.0000     37197.2140        -523350.9200       224.7306   -560548.1340   -523119.2894       222.6279          -2482.4129     -2447.9000    922752.0000     -2352.5334     -2352.5329

LDB: ============= START OF LOAD BALANCING ============== 1011.8
LDB: ============== END OF LOAD BALANCING =============== 1011.8
Info: useSync: 0 useProxySync: 0
LDB: =============== DONE WITH MIGRATION ================ 1011.8
LDB: ============= START OF LOAD BALANCING ============== 1012.38
LDB: TIME 1012.38 LOAD: AVG 0.469972 MAX 0.530151  PROXIES: TOTAL 320 MAXPE 40 MAXPATCH 3 None MEM: 0 MB
LDB: TIME 1012.38 LOAD: AVG 0.469972 MAX 0.530151  PROXIES: TOTAL 320 MAXPE 40 MAXPATCH 3 RefineTorusLB MEM: 0 MB
LDB: TIME 1012.38 LOAD: AVG 0.469972 MAX 0.530151  PROXIES: TOTAL 320 MAXPE 40 MAXPATCH 3 RefineTorusLB MEM: 0 MB
LDB: Reverting to original mapping
LDB: ============== END OF LOAD BALANCING =============== 1012.38
Info: useSync: 0 useProxySync: 0
LDB: =============== DONE WITH MIGRATION ================ 1012.38
REASSIGNING VELOCITIES AT STEP 177000 TO 227 KELVIN.
TIMING: 177000  CPU: 1011.08, 0.00576793/step  Wall: 1014.57, 0.00579117/step, 0.117432 hours remaining, 0.000000 MB of memory in use.
PERFORMANCE: 177000  averaging 30.149 ns/day, 0.00573153 sec/step with standard deviation 2.97235e-05
ENERGY:  177000       320.7795       949.8151      1340.9953        13.5162        -608065.1549     44993.4637        55.5297         0.0000     37513.0363        -522878.0191       226.6387   -560391.0554   -522587.9399       223.3160          -2393.2913     -2356.6177    922752.0000     -2318.4734     -2318.4679

REASSIGNING VELOCITIES AT STEP 178000 TO 228 KELVIN.
TIMING: 178000  CPU: 1016.84, 0.00576181/step  Wall: 1020.36, 0.00578056/step, 0.115611 hours remaining, 0.000000 MB of memory in use.
PERFORMANCE: 178000  averaging 30.1476 ns/day, 0.0057318 sec/step with standard deviation 2.98664e-05
ENERGY:  178000       326.0827       954.7912      1329.0245        12.2518        -608036.2713     45253.7941        48.0151         0.0000     37729.2183        -522383.0936       227.9448   -560112.3118   -522093.5841       224.4449          -2193.6382     -2160.9196    922752.0000     -2218.7731     -2218.7696

REASSIGNING VELOCITIES AT STEP 179000 TO 229 KELVIN.
TIMING: 179000  CPU: 1022.62, 0.00577904/step  Wall: 1026.15, 0.00579395/step, 0.11427 hours remaining, 0.000000 MB of memory in use.
PERFORMANCE: 179000  averaging 30.1458 ns/day, 0.00573215 sec/step with standard deviation 3.01424e-05
ENERGY:  179000       339.2435       975.7230      1335.0245        16.2004        -607586.0398     45082.3753        46.9905         0.0000     37789.9464        -522000.5362       228.3117   -559790.4826   -521747.5456       225.4604          -2218.7357     -2176.8245    922752.0000     -2174.7995     -2174.7876

REASSIGNING VELOCITIES AT STEP 180000 TO 230 KELVIN.
TIMING: 180000  CPU: 1028.4, 0.0057818/step  Wall: 1031.95, 0.00580449/step, 0.112865 hours remaining, 0.000000 MB of memory in use.
PERFORMANCE: 180000  averaging 30.1437 ns/day, 0.00573255 sec/step with standard deviation 3.05379e-05
ETITLE:      TS           BOND          ANGLE          DIHED          IMPRP               ELECT            VDW       BOUNDARY           MISC        KINETIC               TOTAL           TEMP      POTENTIAL         TOTAL3        TEMPAVG            PRESSURE      GPRESSURE         VOLUME       PRESSAVG      GPRESSAVG

ENERGY:  180000       336.2623      1011.9224      1327.3022        15.4951        -607733.3327     45343.9334        49.3489         0.0000     38012.7820        -521636.2864       229.6580   -559649.0684   -521366.7725       226.8684          -2121.3067     -2085.7764    922752.0000     -2131.0246     -2131.0199

WRITING EXTENDED SYSTEM TO RESTART FILE AT STEP 180000
WRITING COORDINATES TO DCD FILE heat.dcd AT STEP 180000
WRITING COORDINATES TO RESTART FILE AT STEP 180000
FINISHED WRITING RESTART COORDINATES
WRITING VELOCITIES TO RESTART FILE AT STEP 180000
FINISHED WRITING RESTART VELOCITIES
LDB: ============= START OF LOAD BALANCING ============== 1035.04
LDB: ============== END OF LOAD BALANCING =============== 1035.04
Info: useSync: 0 useProxySync: 0
LDB: =============== DONE WITH MIGRATION ================ 1035.04
LDB: ============= START OF LOAD BALANCING ============== 1035.62
LDB: TIME 1035.62 LOAD: AVG 0.468387 MAX 0.527758  PROXIES: TOTAL 320 MAXPE 40 MAXPATCH 3 None MEM: 0 MB
LDB: TIME 1035.62 LOAD: AVG 0.468387 MAX 0.527758  PROXIES: TOTAL 320 MAXPE 40 MAXPATCH 3 RefineTorusLB MEM: 0 MB
LDB: TIME 1035.62 LOAD: AVG 0.468387 MAX 0.527758  PROXIES: TOTAL 320 MAXPE 40 MAXPATCH 3 RefineTorusLB MEM: 0 MB
LDB: ============== END OF LOAD BALANCING =============== 1035.62
Info: useSync: 0 useProxySync: 0
LDB: =============== DONE WITH MIGRATION ================ 1035.62
REASSIGNING VELOCITIES AT STEP 181000 TO 231 KELVIN.
TIMING: 181000  CPU: 1034.19, 0.00579307/step  Wall: 1037.82, 0.00586251/step, 0.112365 hours remaining, 0.000000 MB of memory in use.
PERFORMANCE: 181000  averaging 30.1399 ns/day, 0.00573327 sec/step with standard deviation 3.19484e-05
ENERGY:  181000       327.5594       962.8314      1336.4693        18.9825        -607485.2607     45519.6342        45.6020         0.0000     38189.9117        -521084.2702       230.7281   -559274.1820   -520732.7877       227.5790          -1925.8009     -1884.0445    922752.0000     -2067.3052     -2067.2958

REASSIGNING VELOCITIES AT STEP 182000 TO 232 KELVIN.
TIMING: 182000  CPU: 1039.97, 0.00577774/step  Wall: 1043.62, 0.00580045/step, 0.109564 hours remaining, 0.000000 MB of memory in use.
PERFORMANCE: 182000  averaging 30.1379 ns/day, 0.00573364 sec/step with standard deviation 3.22468e-05
ENERGY:  182000       337.3296      1008.7679      1343.4722        15.3832        -607000.8078     45232.7011        48.5513         0.0000     38495.3156        -520519.2869       232.5733   -559014.6025   -520164.9550       228.5251          -2020.9558     -1980.2831    922752.0000     -2015.8211     -2015.8131

REASSIGNING VELOCITIES AT STEP 183000 TO 233 KELVIN.
TIMING: 183000  CPU: 1045.77, 0.00579952/step  Wall: 1049.43, 0.00581254/step, 0.108178 hours remaining, 0.000000 MB of memory in use.
PERFORMANCE: 183000  averaging 30.1357 ns/day, 0.00573407 sec/step with standard deviation 3.26827e-05
ENERGY:  183000       343.3723       935.5579      1334.3620        16.5127        -606537.0224     45112.7513        57.8823         0.0000     38438.8230        -520297.7607       232.2319   -558736.5838   -520095.0277       230.0386          -1927.2173     -1888.9694    922752.0000     -1978.1389     -1978.1355

REASSIGNING VELOCITIES AT STEP 184000 TO 234 KELVIN.
TIMING: 184000  CPU: 1051.59, 0.00582247/step  Wall: 1055.27, 0.00583781/step, 0.107026 hours remaining, 0.000000 MB of memory in use.
PERFORMANCE: 184000  averaging 30.1327 ns/day, 0.00573463 sec/step with standard deviation 3.34785e-05
ENERGY:  184000       343.5085       941.4676      1343.6595        17.2997        -605505.6464     44560.9947        53.5287         0.0000     38751.5331        -519493.6546       234.1212   -558245.1877   -519026.0555       230.2261          -2023.3763     -1979.6070    922752.0000     -1930.3572     -1930.3485

LDB: ============= START OF LOAD BALANCING ============== 1058.31
LDB: ============== END OF LOAD BALANCING =============== 1058.31
Info: useSync: 0 useProxySync: 0
LDB: =============== DONE WITH MIGRATION ================ 1058.31
LDB: ============= START OF LOAD BALANCING ============== 1058.89
LDB: TIME 1058.89 LOAD: AVG 0.468593 MAX 0.533347  PROXIES: TOTAL 320 MAXPE 40 MAXPATCH 3 None MEM: 0 MB
LDB: TIME 1058.89 LOAD: AVG 0.468593 MAX 0.533347  PROXIES: TOTAL 320 MAXPE 40 MAXPATCH 3 RefineTorusLB MEM: 0 MB
LDB: TIME 1058.89 LOAD: AVG 0.468593 MAX 0.533347  PROXIES: TOTAL 320 MAXPE 40 MAXPATCH 3 RefineTorusLB MEM: 0 MB
LDB: ============== END OF LOAD BALANCING =============== 1058.89
Info: useSync: 0 useProxySync: 0
LDB: =============== DONE WITH MIGRATION ================ 1058.89
REASSIGNING VELOCITIES AT STEP 185000 TO 235 KELVIN.
TIMING: 185000  CPU: 1057.41, 0.00582209/step  Wall: 1061.11, 0.00583922/step, 0.10543 hours remaining, 0.000000 MB of memory in use.
PERFORMANCE: 185000  averaging 30.1297 ns/day, 0.0057352 sec/step with standard deviation 3.42615e-05
ENERGY:  185000       334.4498       990.5167      1332.7191        17.8254        -605990.0066     45506.4371        54.5054         0.0000     39060.7461        -518692.8069       235.9894   -557753.5530   -518257.1199       232.1630          -1686.4215     -1643.9310    922752.0000     -1840.3637     -1840.3551

WRITING COORDINATES TO DCD FILE heat.dcd AT STEP 185000
REASSIGNING VELOCITIES AT STEP 186000 TO 236 KELVIN.
TIMING: 186000  CPU: 1063.25, 0.00583217/step  Wall: 1066.96, 0.0058505/step, 0.104009 hours remaining, 0.000000 MB of memory in use.
PERFORMANCE: 186000  averaging 30.1265 ns/day, 0.00573582 sec/step with standard deviation 3.51992e-05
ENERGY:  186000       333.5815       969.1051      1342.8868        14.4128        -605425.0354     45058.1133        49.9429         0.0000     39012.5674        -518644.4257       235.6983   -557656.9931   -518543.7769       234.1903          -1682.1193     -1648.9606    922752.0000     -1746.1380     -1746.1391

REASSIGNING VELOCITIES AT STEP 187000 TO 237 KELVIN.
TIMING: 187000  CPU: 1069.09, 0.00584029/step  Wall: 1072.81, 0.00585479/step, 0.102459 hours remaining, 0.000000 MB of memory in use.
PERFORMANCE: 187000  averaging 30.1231 ns/day, 0.00573645 sec/step with standard deviation 3.61666e-05
ENERGY:  187000       339.0275      1005.0984      1359.7627        17.3240        -604846.6971     44683.6481        64.5417         0.0000     39539.5722        -517837.7225       238.8822   -557377.2946   -517378.3365       234.7568          -1750.2491     -1707.9046    922752.0000     -1675.2639     -1675.2525

REASSIGNING VELOCITIES AT STEP 188000 TO 238 KELVIN.
TIMING: 188000  CPU: 1074.92, 0.00582871/step  Wall: 1078.66, 0.00584401/step, 0.100647 hours remaining, 0.000000 MB of memory in use.
PERFORMANCE: 188000  averaging 30.1201 ns/day, 0.00573703 sec/step with standard deviation 3.69129e-05
ENERGY:  188000       344.9565       944.9861      1354.7177        14.4525        -604325.1114     44728.5584        55.0096         0.0000     39544.9209        -517337.5097       238.9145   -556882.4306   -517017.1756       236.4015          -1601.4758     -1560.0436    922752.0000     -1626.8597     -1626.8535

LDB: ============= START OF LOAD BALANCING ============== 1081.69
LDB: ============== END OF LOAD BALANCING =============== 1081.69
Info: useSync: 0 useProxySync: 0
LDB: =============== DONE WITH MIGRATION ================ 1081.69
LDB: ============= START OF LOAD BALANCING ============== 1082.28
LDB: TIME 1082.28 LOAD: AVG 0.465909 MAX 0.534477  PROXIES: TOTAL 320 MAXPE 40 MAXPATCH 3 None MEM: 0 MB
LDB: TIME 1082.28 LOAD: AVG 0.465909 MAX 0.534477  PROXIES: TOTAL 320 MAXPE 40 MAXPATCH 3 RefineTorusLB MEM: 0 MB
LDB: TIME 1082.28 LOAD: AVG 0.465909 MAX 0.534477  PROXIES: TOTAL 320 MAXPE 40 MAXPATCH 3 RefineTorusLB MEM: 0 MB
LDB: ============== END OF LOAD BALANCING =============== 1082.28
Info: useSync: 0 useProxySync: 0
LDB: =============== DONE WITH MIGRATION ================ 1082.28
REASSIGNING VELOCITIES AT STEP 189000 TO 239 KELVIN.
TIMING: 189000  CPU: 1080.76, 0.00584608/step  Wall: 1084.52, 0.00586116/step, 0.0993141 hours remaining, 0.000000 MB of memory in use.
PERFORMANCE: 189000  averaging 30.1167 ns/day, 0.00573768 sec/step with standard deviation 3.79058e-05
ENERGY:  189000       349.8631      1010.3286      1351.0651        20.9554        -604265.6718     44878.6802        56.7277         0.0000     39735.9424        -516862.1092       240.0686   -556598.0516   -516565.1955       237.7574          -1517.5735     -1479.4790    922752.0000     -1508.5558     -1508.5485

REASSIGNING VELOCITIES AT STEP 190000 TO 240 KELVIN.
TIMING: 190000  CPU: 1086.62, 0.00585463/step  Wall: 1090.38, 0.00586735/step, 0.0977892 hours remaining, 0.000000 MB of memory in use.
PERFORMANCE: 190000  averaging 30.1131 ns/day, 0.00573837 sec/step with standard deviation 3.89582e-05
ETITLE:      TS           BOND          ANGLE          DIHED          IMPRP               ELECT            VDW       BOUNDARY           MISC        KINETIC               TOTAL           TEMP      POTENTIAL         TOTAL3        TEMPAVG            PRESSURE      GPRESSURE         VOLUME       PRESSAVG      GPRESSAVG

ENERGY:  190000       341.3988      1041.0230      1361.2570        16.4151        -603624.5138     44566.5337        49.2641         0.0000     39693.7921        -516554.8300       239.8140   -556248.6221   -516323.8796       238.5230          -1488.3870     -1449.7253    922752.0000     -1488.6586     -1488.6523

WRITING EXTENDED SYSTEM TO RESTART FILE AT STEP 190000
WRITING COORDINATES TO DCD FILE heat.dcd AT STEP 190000
WRITING COORDINATES TO RESTART FILE AT STEP 190000
FINISHED WRITING RESTART COORDINATES
WRITING VELOCITIES TO RESTART FILE AT STEP 190000
FINISHED WRITING RESTART VELOCITIES
REASSIGNING VELOCITIES AT STEP 191000 TO 241 KELVIN.
TIMING: 191000  CPU: 1092.49, 0.0058737/step  Wall: 1096.32, 0.00593418/step, 0.0972547 hours remaining, 0.000000 MB of memory in use.
PERFORMANCE: 191000  averaging 30.1077 ns/day, 0.00573939 sec/step with standard deviation 4.13583e-05
ENERGY:  191000       371.5057       994.4268      1343.9871        18.6599        -603730.9856     44832.6483        48.5841         0.0000     40143.5423        -515977.6315       242.5312   -556121.1738   -515613.0016       238.9061          -1390.7359     -1349.6501    922752.0000     -1436.9112     -1436.8999

REASSIGNING VELOCITIES AT STEP 192000 TO 242 KELVIN.
TIMING: 192000  CPU: 1098.36, 0.0058662/step  Wall: 1102.2, 0.00588597/step, 0.0948294 hours remaining, 0.000000 MB of memory in use.
PERFORMANCE: 192000  averaging 30.1037 ns/day, 0.00574015 sec/step with standard deviation 4.25846e-05
ENERGY:  192000       345.0173       960.7997      1338.2749        12.8858        -603522.7823     44972.7141        52.6385         0.0000     40328.6154        -515511.8367       243.6493   -555840.4521   -515192.6739       240.4046          -1280.8827     -1240.5065    922752.0000     -1351.1820     -1351.1741

LDB: ============= START OF LOAD BALANCING ============== 1105.25
LDB: ============== END OF LOAD BALANCING =============== 1105.25
Info: useSync: 0 useProxySync: 0
LDB: =============== DONE WITH MIGRATION ================ 1105.25
LDB: ============= START OF LOAD BALANCING ============== 1105.84
LDB: TIME 1105.84 LOAD: AVG 0.464574 MAX 0.536386  PROXIES: TOTAL 320 MAXPE 40 MAXPATCH 3 None MEM: 0 MB
LDB: TIME 1105.84 LOAD: AVG 0.464574 MAX 0.536386  PROXIES: TOTAL 320 MAXPE 40 MAXPATCH 3 RefineTorusLB MEM: 0 MB
LDB: TIME 1105.84 LOAD: AVG 0.464574 MAX 0.536386  PROXIES: TOTAL 320 MAXPE 40 MAXPATCH 3 RefineTorusLB MEM: 0 MB
LDB: ============== END OF LOAD BALANCING =============== 1105.84
Info: useSync: 0 useProxySync: 0
LDB: =============== DONE WITH MIGRATION ================ 1105.84
REASSIGNING VELOCITIES AT STEP 193000 TO 243 KELVIN.
TIMING: 193000  CPU: 1104.21, 0.00585244/step  Wall: 1108.08, 0.00587266/step, 0.0929838 hours remaining, 0.000000 MB of memory in use.
PERFORMANCE: 193000  averaging 30.1001 ns/day, 0.00574084 sec/step with standard deviation 4.35314e-05
ENERGY:  193000       346.0578       995.5089      1337.6013        18.2600        -602416.7705     44097.4175        47.1650         0.0000     40129.1245        -515445.6354       242.4441   -555574.7600   -515322.5006       242.0493          -1371.0241     -1341.2498    922752.0000     -1303.5232     -1303.5256

REASSIGNING VELOCITIES AT STEP 194000 TO 244 KELVIN.
TIMING: 194000  CPU: 1110.07, 0.00586289/step  Wall: 1113.96, 0.00588256/step, 0.0915064 hours remaining, 0.000000 MB of memory in use.
PERFORMANCE: 194000  averaging 30.0963 ns/day, 0.00574157 sec/step with standard deviation 4.45947e-05
ENERGY:  194000       348.2243       997.9940      1335.4320        13.4432        -603120.5494     44758.3336        51.2216         0.0000     40333.4718        -515282.4289       243.6787   -555615.9007   -515141.2956       242.2440          -1261.8575     -1224.8420    922752.0000     -1257.1533     -1257.1454

REASSIGNING VELOCITIES AT STEP 195000 TO 245 KELVIN.
TIMING: 195000  CPU: 1115.92, 0.00584976/step  Wall: 1119.83, 0.00587406/step, 0.0897426 hours remaining, 0.000000 MB of memory in use.
PERFORMANCE: 195000  averaging 30.0927 ns/day, 0.00574225 sec/step with standard deviation 4.54802e-05
ENERGY:  195000       342.5493       976.6101      1332.1317        15.7152        -602524.0246     44538.7947        51.8552         0.0000     40379.1142        -514887.2541       243.9544   -555266.3684   -514615.9297       242.6155          -1261.2706     -1223.8194    922752.0000     -1264.6447     -1264.6364

WRITING COORDINATES TO DCD FILE heat.dcd AT STEP 195000
REASSIGNING VELOCITIES AT STEP 196000 TO 246 KELVIN.
TIMING: 196000  CPU: 1121.81, 0.005887/step  Wall: 1125.74, 0.00590485/step, 0.0885728 hours remaining, 0.000000 MB of memory in use.
PERFORMANCE: 196000  averaging 30.0884 ns/day, 0.00574308 sec/step with standard deviation 4.68267e-05
ENERGY:  196000       341.8960       952.2590      1336.6545        15.7917        -601927.6800     44248.5401        48.1954         0.0000     40457.0729        -514527.2704       244.4254   -554984.3433   -514277.2266       243.3557          -1266.9170     -1233.7463    922752.0000     -1229.2424     -1229.2393

LDB: ============= START OF LOAD BALANCING ============== 1128.79
LDB: ============== END OF LOAD BALANCING =============== 1128.79
Info: useSync: 0 useProxySync: 0
LDB: =============== DONE WITH MIGRATION ================ 1128.79
LDB: ============= START OF LOAD BALANCING ============== 1129.38
LDB: TIME 1129.38 LOAD: AVG 0.463904 MAX 0.539206  PROXIES: TOTAL 320 MAXPE 40 MAXPATCH 3 None MEM: 0 MB
LDB: TIME 1129.38 LOAD: AVG 0.463904 MAX 0.539206  PROXIES: TOTAL 320 MAXPE 40 MAXPATCH 3 RefineTorusLB MEM: 0 MB
LDB: TIME 1129.38 LOAD: AVG 0.463904 MAX 0.539206  PROXIES: TOTAL 320 MAXPE 40 MAXPATCH 3 RefineTorusLB MEM: 0 MB
LDB: ============== END OF LOAD BALANCING =============== 1129.38
Info: useSync: 0 useProxySync: 0
LDB: =============== DONE WITH MIGRATION ================ 1129.38
REASSIGNING VELOCITIES AT STEP 197000 TO 247 KELVIN.
TIMING: 197000  CPU: 1127.69, 0.00588285/step  Wall: 1131.64, 0.00590144/step, 0.0868823 hours remaining, 0.000000 MB of memory in use.
PERFORMANCE: 197000  averaging 30.0842 ns/day, 0.00574388 sec/step with standard deviation 4.80505e-05
ENERGY:  197000       341.9089       984.2533      1344.1504        14.1663        -602005.9705     44284.8818        49.4431         0.0000     40797.5495        -514189.6171       246.4824   -554987.1666   -513952.3969       244.2399          -1246.6694     -1210.6252    922752.0000     -1211.1028     -1211.0954

REASSIGNING VELOCITIES AT STEP 198000 TO 248 KELVIN.
TIMING: 198000  CPU: 1133.55, 0.00586215/step  Wall: 1137.52, 0.00588178/step, 0.0849591 hours remaining, 0.000000 MB of memory in use.
PERFORMANCE: 198000  averaging 30.0805 ns/day, 0.00574458 sec/step with standard deviation 4.89201e-05
ENERGY:  198000       365.4468       987.5644      1359.4181        13.7134        -602314.2511     44714.0378        46.6197         0.0000     41069.6997        -513757.7513       248.1266   -554827.4510   -513464.0198       245.3146          -1024.1449      -988.8812    922752.0000     -1150.2080     -1150.2023

REASSIGNING VELOCITIES AT STEP 199000 TO 249 KELVIN.
TIMING: 199000  CPU: 1139.43, 0.00587592/step  Wall: 1143.42, 0.00589579/step, 0.0835236 hours remaining, 0.000000 MB of memory in use.
PERFORMANCE: 199000  averaging 30.0765 ns/day, 0.00574534 sec/step with standard deviation 4.99597e-05
ENERGY:  199000       367.1096      1028.4064      1354.9601        20.1916        -601725.6991     44290.6290        49.2568         0.0000     41008.5784        -513606.5673       247.7574   -554615.1457   -513453.3463       246.3021          -1124.9643     -1092.6248    922752.0000     -1115.0860     -1115.0815

REASSIGNING VELOCITIES AT STEP 200000 TO 250 KELVIN.
TIMING: 200000  CPU: 1145.32, 0.00589301/step  Wall: 1149.33, 0.00591568/step, 0.0821622 hours remaining, 0.000000 MB of memory in use.
PERFORMANCE: 200000  averaging 30.0721 ns/day, 0.00574619 sec/step with standard deviation 5.12689e-05
ETITLE:      TS           BOND          ANGLE          DIHED          IMPRP               ELECT            VDW       BOUNDARY           MISC        KINETIC               TOTAL           TEMP      POTENTIAL         TOTAL3        TEMPAVG            PRESSURE      GPRESSURE         VOLUME       PRESSAVG      GPRESSAVG

ENERGY:  200000       353.5351      1018.8251      1342.7551        13.8222        -601755.7002     44520.1000        50.4220         0.0000     41412.9728        -513043.2679       250.2006   -554456.2407   -512691.4544       246.8807           -991.5138      -952.8418    922752.0000     -1082.8119     -1082.8037

WRITING EXTENDED SYSTEM TO RESTART FILE AT STEP 200000
WRITING COORDINATES TO DCD FILE heat.dcd AT STEP 200000
WRITING COORDINATES TO RESTART FILE AT STEP 200000
FINISHED WRITING RESTART COORDINATES
WRITING VELOCITIES TO RESTART FILE AT STEP 200000
FINISHED WRITING RESTART VELOCITIES
LDB: ============= START OF LOAD BALANCING ============== 1152.45
LDB: ============== END OF LOAD BALANCING =============== 1152.45
Info: useSync: 0 useProxySync: 0
LDB: =============== DONE WITH MIGRATION ================ 1152.45
LDB: ============= START OF LOAD BALANCING ============== 1153.04
LDB: TIME 1153.04 LOAD: AVG 0.46169 MAX 0.531213  PROXIES: TOTAL 320 MAXPE 40 MAXPATCH 3 None MEM: 0 MB
LDB: TIME 1153.04 LOAD: AVG 0.46169 MAX 0.531213  PROXIES: TOTAL 320 MAXPE 40 MAXPATCH 3 RefineTorusLB MEM: 0 MB
LDB: TIME 1153.04 LOAD: AVG 0.46169 MAX 0.531213  PROXIES: TOTAL 320 MAXPE 40 MAXPATCH 3 RefineTorusLB MEM: 0 MB
LDB: ============== END OF LOAD BALANCING =============== 1153.04
Info: useSync: 0 useProxySync: 0
LDB: =============== DONE WITH MIGRATION ================ 1153.04
REASSIGNING VELOCITIES AT STEP 201000 TO 251 KELVIN.
TIMING: 201000  CPU: 1151.22, 0.00590254/step  Wall: 1155.3, 0.0059646/step, 0.0811848 hours remaining, 0.000000 MB of memory in use.
PERFORMANCE: 201000  averaging 30.0664 ns/day, 0.00574728 sec/step with standard deviation 5.34106e-05
ENERGY:  201000       333.6019      1009.4277      1354.0007        16.2939        -600930.1571     44136.5319        58.1372         0.0000     41365.5238        -512656.6400       249.9139   -554022.1639   -512385.1884       247.9798          -1047.8622     -1014.8015    922752.0000     -1055.9730     -1055.9704

REASSIGNING VELOCITIES AT STEP 202000 TO 252 KELVIN.
TIMING: 202000  CPU: 1157.11, 0.0058861/step  Wall: 1161.2, 0.00590546/step, 0.0787395 hours remaining, 0.000000 MB of memory in use.
PERFORMANCE: 202000  averaging 30.0623 ns/day, 0.00574806 sec/step with standard deviation 5.44277e-05
ENERGY:  202000       360.4979      1037.2992      1337.4445        19.1239        -600694.5642     44096.1256        54.6464         0.0000     41966.5925        -511822.8343       253.5453   -553789.4268   -511331.4613       248.8817          -1050.9619     -1015.7960    922752.0000     -1036.9377     -1036.9292

REASSIGNING VELOCITIES AT STEP 203000 TO 253 KELVIN.
TIMING: 203000  CPU: 1163.17, 0.00605797/step  Wall: 1167.28, 0.00608161/step, 0.0793988 hours remaining, 0.000000 MB of memory in use.
PERFORMANCE: 203000  averaging 30.0537 ns/day, 0.0057497 sec/step with standard deviation 5.9125e-05
ENERGY:  203000       362.5983       960.6705      1360.0888        19.7964        -600416.8904     44254.5072        49.3272         0.0000     41856.7432        -511553.1588       252.8817   -553409.9019   -511362.2090       250.7383           -917.0346      -881.8920    922752.0000      -983.7065      -983.6987

REASSIGNING VELOCITIES AT STEP 204000 TO 254 KELVIN.
TIMING: 204000  CPU: 1169.41, 0.00623929/step  Wall: 1173.54, 0.00625786/step, 0.0799616 hours remaining, 0.000000 MB of memory in use.
PERFORMANCE: 204000  averaging 30.0407 ns/day, 0.0057522 sec/step with standard deviation 6.88792e-05
ENERGY:  204000       353.8480      1002.2353      1336.3524        17.9720        -599765.3636     44057.2178        51.3089         0.0000     41988.2855        -510958.1437       253.6764   -552946.4292   -510579.6539       251.0631           -995.1097      -955.7324    922752.0000     -1026.1126     -1026.1049

LDB: ============= START OF LOAD BALANCING ============== 1176.71
LDB: ============== END OF LOAD BALANCING =============== 1176.71
Info: useSync: 0 useProxySync: 0
LDB: =============== DONE WITH MIGRATION ================ 1176.71
LDB: ============= START OF LOAD BALANCING ============== 1177.31
LDB: TIME 1177.31 LOAD: AVG 0.466318 MAX 0.561856  PROXIES: TOTAL 320 MAXPE 40 MAXPATCH 3 None MEM: 0 MB
LDB: TIME 1177.31 LOAD: AVG 0.466318 MAX 0.561856  PROXIES: TOTAL 320 MAXPE 40 MAXPATCH 3 RefineTorusLB MEM: 0 MB
LDB: TIME 1177.31 LOAD: AVG 0.466318 MAX 0.561856  PROXIES: TOTAL 320 MAXPE 40 MAXPATCH 3 RefineTorusLB MEM: 0 MB
LDB: ============== END OF LOAD BALANCING =============== 1177.31
Info: useSync: 0 useProxySync: 0
LDB: =============== DONE WITH MIGRATION ================ 1177.32
REASSIGNING VELOCITIES AT STEP 205000 TO 255 KELVIN.
TIMING: 205000  CPU: 1175.64, 0.00622773/step  Wall: 1179.79, 0.00624999/step, 0.0781248 hours remaining, 0.000000 MB of memory in use.
PERFORMANCE: 205000  averaging 30.028 ns/day, 0.00575462 sec/step with standard deviation 7.70055e-05
ENERGY:  205000       366.7954       974.7861      1354.4804        20.2242        -599262.8295     43736.3098        50.9452         0.0000     42081.7350        -510677.5536       254.2410   -552759.2885   -510483.5518       252.6484           -935.8571      -904.9741    922752.0000      -954.3502      -954.3478

WRITING COORDINATES TO DCD FILE heat.dcd AT STEP 205000
REASSIGNING VELOCITIES AT STEP 206000 TO 256 KELVIN.
TIMING: 206000  CPU: 1181.91, 0.00627616/step  Wall: 1186.08, 0.00628904/step, 0.0768661 hours remaining, 0.000000 MB of memory in use.
PERFORMANCE: 206000  averaging 30.0145 ns/day, 0.00575722 sec/step with standard deviation 8.53659e-05
ENERGY:  206000       332.4896      1032.8783      1353.8795        17.3823        -599205.9740     43605.2701        50.7840         0.0000     42257.6055        -510555.6847       255.3035   -552813.2903   -510416.7679       253.1899           -997.9295      -965.5364    922752.0000      -935.4870      -935.4856

REASSIGNING VELOCITIES AT STEP 207000 TO 257 KELVIN.
TIMING: 207000  CPU: 1188.09, 0.00617895/step  Wall: 1192.28, 0.00619891/step, 0.0740425 hours remaining, 0.000000 MB of memory in use.
PERFORMANCE: 207000  averaging 30.0034 ns/day, 0.00575935 sec/step with standard deviation 9.05231e-05
ENERGY:  207000       361.1351      1001.2492      1365.8524        18.2422        -599822.0822     44354.6286        66.1163         0.0000     42135.0863        -510519.7721       254.5633   -552654.8584   -510388.7501       253.4843           -812.9306      -776.8776    922752.0000      -952.6180      -952.6106

REASSIGNING VELOCITIES AT STEP 208000 TO 258 KELVIN.
TIMING: 208000  CPU: 1194.36, 0.00626872/step  Wall: 1198.56, 0.00627695/step, 0.0732311 hours remaining, 0.000000 MB of memory in use.
PERFORMANCE: 208000  averaging 29.9904 ns/day, 0.00576184 sec/step with standard deviation 9.71746e-05
ENERGY:  208000       361.1354      1007.8460      1347.6074        17.9204        -599092.6561     43675.6821        54.6760         0.0000     42761.4189        -509866.3698       258.3473   -552627.7887   -509489.0890       253.7258           -966.6605      -930.3869    922752.0000      -887.8984      -887.8922

LDB: ============= START OF LOAD BALANCING ============== 1201.7
LDB: ============== END OF LOAD BALANCING =============== 1201.7
Info: useSync: 0 useProxySync: 0
LDB: =============== DONE WITH MIGRATION ================ 1201.7
LDB: ============= START OF LOAD BALANCING ============== 1202.29
LDB: TIME 1202.29 LOAD: AVG 0.462208 MAX 0.533861  PROXIES: TOTAL 320 MAXPE 40 MAXPATCH 3 None MEM: 0 MB
LDB: TIME 1202.29 LOAD: AVG 0.462208 MAX 0.533861  PROXIES: TOTAL 320 MAXPE 40 MAXPATCH 3 RefineTorusLB MEM: 0 MB
LDB: TIME 1202.29 LOAD: AVG 0.462208 MAX 0.533861  PROXIES: TOTAL 320 MAXPE 40 MAXPATCH 3 RefineTorusLB MEM: 0 MB
LDB: Reverting to original mapping
LDB: ============== END OF LOAD BALANCING =============== 1202.29
Info: useSync: 0 useProxySync: 0
LDB: =============== DONE WITH MIGRATION ================ 1202.29
REASSIGNING VELOCITIES AT STEP 209000 TO 259 KELVIN.
TIMING: 209000  CPU: 1200.52, 0.00616305/step  Wall: 1204.73, 0.00617392/step, 0.0703141 hours remaining, 0.000000 MB of memory in use.
PERFORMANCE: 209000  averaging 29.9802 ns/day, 0.00576381 sec/step with standard deviation 0.000101044
ENERGY:  209000       380.8000       985.1937      1355.7710        19.7244        -598597.6832     43617.4304        48.4140         0.0000     42898.9907        -509291.3590       259.1785   -552190.3497   -508943.4686       255.2895           -985.4792      -941.3847    922752.0000      -858.0968      -858.0838

REASSIGNING VELOCITIES AT STEP 210000 TO 260 KELVIN.
TIMING: 210000  CPU: 1206.84, 0.00631466/step  Wall: 1211.06, 0.00632724/step, 0.0703027 hours remaining, 0.000000 MB of memory in use.
PERFORMANCE: 210000  averaging 29.9662 ns/day, 0.0057665 sec/step with standard deviation 0.000108041
ETITLE:      TS           BOND          ANGLE          DIHED          IMPRP               ELECT            VDW       BOUNDARY           MISC        KINETIC               TOTAL           TEMP      POTENTIAL         TOTAL3        TEMPAVG            PRESSURE      GPRESSURE         VOLUME       PRESSAVG      GPRESSAVG

ENERGY:  210000       352.5535      1014.8457      1360.6498        21.0587        -598112.9609     43611.3423        55.1630         0.0000     43196.9273        -508500.4206       260.9785   -551697.3479   -508059.0839       256.2608           -860.0612      -818.1496    922752.0000      -825.2791      -825.2662

WRITING EXTENDED SYSTEM TO RESTART FILE AT STEP 210000
WRITING COORDINATES TO DCD FILE heat.dcd AT STEP 210000
WRITING COORDINATES TO RESTART FILE AT STEP 210000
FINISHED WRITING RESTART COORDINATES
WRITING VELOCITIES TO RESTART FILE AT STEP 210000
FINISHED WRITING RESTART VELOCITIES
REASSIGNING VELOCITIES AT STEP 211000 TO 261 KELVIN.
TIMING: 211000  CPU: 1213.17, 0.00633079/step  Wall: 1217.45, 0.0063888/step, 0.069212 hours remaining, 0.000000 MB of memory in use.
PERFORMANCE: 211000  averaging 29.9509 ns/day, 0.00576944 sec/step with standard deviation 0.000115985
ENERGY:  211000       348.9463      1015.6125      1354.4473        16.2518        -597616.0228     43699.1001        51.9001         0.0000     43129.1488        -508000.6159       260.5690   -551129.7647   -507676.9911       258.1096           -744.4821      -707.1919    922752.0000      -748.6965      -748.6877

REASSIGNING VELOCITIES AT STEP 212000 TO 262 KELVIN.
TIMING: 212000  CPU: 1219.38, 0.00620863/step  Wall: 1223.67, 0.00622233/step, 0.0656801 hours remaining, 0.000000 MB of memory in use.
PERFORMANCE: 212000  averaging 29.9398 ns/day, 0.00577158 sec/step with standard deviation 0.000119818
ENERGY:  212000       379.7541      1023.9569      1351.1370        20.4776        -597436.2096     43648.6184        57.4160         0.0000     43247.1133        -507707.7362       261.2817   -550954.8495   -507464.5479       259.2829           -764.5388      -728.5887    922752.0000      -729.4931      -729.4870

LDB: ============= START OF LOAD BALANCING ============== 1226.82
LDB: ============== END OF LOAD BALANCING =============== 1226.82
Info: useSync: 0 useProxySync: 0
LDB: =============== DONE WITH MIGRATION ================ 1226.82
LDB: ============= START OF LOAD BALANCING ============== 1227.44
LDB: TIME 1227.44 LOAD: AVG 0.469041 MAX 0.581985  PROXIES: TOTAL 320 MAXPE 40 MAXPATCH 3 None MEM: 0 MB
LDB: TIME 1227.44 LOAD: AVG 0.469041 MAX 0.581985  PROXIES: TOTAL 320 MAXPE 40 MAXPATCH 3 RefineTorusLB MEM: 0 MB
LDB: TIME 1227.44 LOAD: AVG 0.469041 MAX 0.581985  PROXIES: TOTAL 320 MAXPE 40 MAXPATCH 3 RefineTorusLB MEM: 0 MB
LDB: ============== END OF LOAD BALANCING =============== 1227.44
Info: useSync: 0 useProxySync: 0
LDB: =============== DONE WITH MIGRATION ================ 1227.44
REASSIGNING VELOCITIES AT STEP 213000 TO 263 KELVIN.
TIMING: 213000  CPU: 1225.44, 0.00605864/step  Wall: 1229.75, 0.00607762/step, 0.0624644 hours remaining, 0.000000 MB of memory in use.
PERFORMANCE: 213000  averaging 29.9324 ns/day, 0.00577302 sec/step with standard deviation 0.00012136
ENERGY:  213000       369.4841      1012.7741      1346.1485        16.5657        -596961.0318     43533.1898        52.7053         0.0000     43349.4402        -507280.7241       261.8999   -550630.1643   -506995.6066       259.5107           -770.2859      -734.2501    922752.0000      -768.8525      -768.8476

REASSIGNING VELOCITIES AT STEP 214000 TO 264 KELVIN.
TIMING: 214000  CPU: 1231.73, 0.00629703/step  Wall: 1236.06, 0.00631712/step, 0.0631712 hours remaining, 0.000000 MB of memory in use.
PERFORMANCE: 214000  averaging 29.9192 ns/day, 0.00577556 sec/step with standard deviation 0.000126659
ENERGY:  214000       388.2864      1042.0529      1352.9419        19.1982        -596698.0300     43475.0974        54.0654         0.0000     43532.3806        -506834.0074       263.0052   -550366.3879   -506522.8992       260.0357           -761.4816      -732.1131    922752.0000      -813.2891      -813.2908

REASSIGNING VELOCITIES AT STEP 215000 TO 265 KELVIN.
TIMING: 215000  CPU: 1238.03, 0.00629772/step  Wall: 1242.38, 0.00631416/step, 0.0613877 hours remaining, 0.000000 MB of memory in use.
PERFORMANCE: 215000  averaging 29.9062 ns/day, 0.00577807 sec/step with standard deviation 0.000131594
ENERGY:  215000       354.8137      1010.5571      1352.3268        15.8058        -596568.7119     43568.2914        48.3892         0.0000     44002.0523        -506216.4756       265.8427   -550218.5279   -505829.0842       261.0203           -757.7487      -718.2729    922752.0000      -720.3863      -720.3761

WRITING COORDINATES TO DCD FILE heat.dcd AT STEP 215000
REASSIGNING VELOCITIES AT STEP 216000 TO 266 KELVIN.
TIMING: 216000  CPU: 1244.35, 0.00632003/step  Wall: 1248.71, 0.00633521/step, 0.0598325 hours remaining, 0.000000 MB of memory in use.
PERFORMANCE: 216000  averaging 29.8929 ns/day, 0.00578064 sec/step with standard deviation 0.000136651
ENERGY:  216000       382.9384       985.6180      1382.8616        16.7415        -595809.8660     43268.7777        56.3352         0.0000     44089.1362        -505627.4574       266.3689   -549716.5936   -505284.6164       262.7844           -721.8958      -689.2973    922752.0000      -687.2565      -687.2519

LDB: ============= START OF LOAD BALANCING ============== 1251.91
LDB: ============== END OF LOAD BALANCING =============== 1251.91
Info: useSync: 0 useProxySync: 0
LDB: =============== DONE WITH MIGRATION ================ 1251.91
LDB: ============= START OF LOAD BALANCING ============== 1252.54
LDB: TIME 1252.54 LOAD: AVG 0.472784 MAX 0.612988  PROXIES: TOTAL 320 MAXPE 40 MAXPATCH 3 None MEM: 0 MB
LDB: TIME 1252.54 LOAD: AVG 0.472784 MAX 0.612988  PROXIES: TOTAL 320 MAXPE 40 MAXPATCH 3 RefineTorusLB MEM: 0 MB
LDB: TIME 1252.54 LOAD: AVG 0.472784 MAX 0.612988  PROXIES: TOTAL 320 MAXPE 40 MAXPATCH 3 RefineTorusLB MEM: 0 MB
LDB: ============== END OF LOAD BALANCING =============== 1252.54
Info: useSync: 0 useProxySync: 0
LDB: =============== DONE WITH MIGRATION ================ 1252.54
REASSIGNING VELOCITIES AT STEP 217000 TO 267 KELVIN.
TIMING: 217000  CPU: 1250.7, 0.00634596/step  Wall: 1255.08, 0.00636291/step, 0.0583267 hours remaining, 0.000000 MB of memory in use.
PERFORMANCE: 217000  averaging 29.879 ns/day, 0.00578333 sec/step with standard deviation 0.000141948
ENERGY:  217000       393.6402      1007.4547      1355.6464        20.0377        -595384.2016     43175.8419        53.4542         0.0000     44121.6632        -505256.4633       266.5654   -549378.1265   -504998.5339       264.0182           -798.9192      -763.0816    922752.0000      -697.3116      -697.3026

REASSIGNING VELOCITIES AT STEP 218000 TO 268 KELVIN.
TIMING: 218000  CPU: 1257.02, 0.00632228/step  Wall: 1261.41, 0.00633758/step, 0.056334 hours remaining, 0.000000 MB of memory in use.
PERFORMANCE: 218000  averaging 29.8659 ns/day, 0.00578587 sec/step with standard deviation 0.000146512
ENERGY:  218000       373.5782      1019.8870      1351.2807        16.6632        -595432.5239     43484.6414        56.3116         0.0000     44360.0318        -504770.1300       268.0055   -549130.1618   -504469.6755       264.8538           -636.9791      -603.1689    922752.0000      -725.9855      -725.9801

REASSIGNING VELOCITIES AT STEP 219000 TO 269 KELVIN.
TIMING: 219000  CPU: 1263.35, 0.00632972/step  Wall: 1267.76, 0.00634462/step, 0.0546343 hours remaining, 0.000000 MB of memory in use.
PERFORMANCE: 219000  averaging 29.8527 ns/day, 0.00578842 sec/step with standard deviation 0.000150973
ENERGY:  219000       393.1071      1054.7635      1358.4969        15.3637        -594832.6656     43409.4716        54.2623         0.0000     45013.1857        -503534.0149       271.9516   -548547.2006   -502877.1378       265.6198           -637.9582      -595.2366    922752.0000      -679.3109      -679.2969

REASSIGNING VELOCITIES AT STEP 220000 TO 270 KELVIN.
TIMING: 220000  CPU: 1269.69, 0.00634075/step  Wall: 1274.11, 0.00635569/step, 0.0529641 hours remaining, 0.000000 MB of memory in use.
PERFORMANCE: 220000  averaging 29.8394 ns/day, 0.005791 sec/step with standard deviation 0.000155407
ETITLE:      TS           BOND          ANGLE          DIHED          IMPRP               ELECT            VDW       BOUNDARY           MISC        KINETIC               TOTAL           TEMP      POTENTIAL         TOTAL3        TEMPAVG            PRESSURE      GPRESSURE         VOLUME       PRESSAVG      GPRESSAVG

ENERGY:  220000       392.4071      1040.5215      1342.2180        17.4825        -594018.4860     43390.7705        51.6164         0.0000     44664.0358        -503119.4343       269.8422   -547783.4700   -502846.6513       267.6666           -608.9898      -574.6040    922752.0000      -699.7868      -699.7814

WRITING EXTENDED SYSTEM TO RESTART FILE AT STEP 220000
WRITING COORDINATES TO DCD FILE heat.dcd AT STEP 220000
WRITING COORDINATES TO RESTART FILE AT STEP 220000
FINISHED WRITING RESTART COORDINATES
WRITING VELOCITIES TO RESTART FILE AT STEP 220000
FINISHED WRITING RESTART VELOCITIES
LDB: ============= START OF LOAD BALANCING ============== 1277.37
LDB: ============== END OF LOAD BALANCING =============== 1277.37
Info: useSync: 0 useProxySync: 0
LDB: =============== DONE WITH MIGRATION ================ 1277.37
LDB: ============= START OF LOAD BALANCING ============== 1278.01
LDB: TIME 1278.01 LOAD: AVG 0.473577 MAX 0.615908  PROXIES: TOTAL 320 MAXPE 40 MAXPATCH 3 None MEM: 0 MB
LDB: TIME 1278.01 LOAD: AVG 0.473577 MAX 0.615908  PROXIES: TOTAL 320 MAXPE 40 MAXPATCH 3 RefineTorusLB MEM: 0 MB
LDB: TIME 1278.01 LOAD: AVG 0.473577 MAX 0.615908  PROXIES: TOTAL 320 MAXPE 40 MAXPATCH 3 RefineTorusLB MEM: 0 MB
LDB: Reverting to original mapping
LDB: ============== END OF LOAD BALANCING =============== 1278.01
Info: useSync: 0 useProxySync: 0
LDB: =============== DONE WITH MIGRATION ================ 1278.01
REASSIGNING VELOCITIES AT STEP 221000 TO 271 KELVIN.
TIMING: 221000  CPU: 1276.04, 0.00634617/step  Wall: 1280.52, 0.00640784/step, 0.0516187 hours remaining, 0.000000 MB of memory in use.
PERFORMANCE: 221000  averaging 29.825 ns/day, 0.00579379 sec/step with standard deviation 0.00016051
ENERGY:  221000       386.0191      1035.8257      1350.5720        16.9461        -593016.3796     42564.7705        47.4340         0.0000     44828.4817        -502786.3305       270.8357   -547614.8121   -502554.8824       268.5116           -786.2418      -753.4798    922752.0000      -694.0163      -694.0111

REASSIGNING VELOCITIES AT STEP 222000 TO 272 KELVIN.
TIMING: 222000  CPU: 1282.36, 0.00632907/step  Wall: 1286.87, 0.00634836/step, 0.0493761 hours remaining, 0.000000 MB of memory in use.
PERFORMANCE: 222000  averaging 29.8122 ns/day, 0.00579629 sec/step with standard deviation 0.000164414
ENERGY:  222000       374.7254      1064.2759      1355.1132        13.4636        -593085.5850     42906.6789        46.8864         0.0000     45205.6510        -502118.7906       273.1144   -547324.4416   -501736.1146       269.1834           -773.9078      -737.1331    922752.0000      -752.9529      -752.9443

REASSIGNING VELOCITIES AT STEP 223000 TO 273 KELVIN.
TIMING: 223000  CPU: 1288.73, 0.00636225/step  Wall: 1293.25, 0.00637682/step, 0.0478261 hours remaining, 0.000000 MB of memory in use.
PERFORMANCE: 223000  averaging 29.7988 ns/day, 0.00579889 sec/step with standard deviation 0.000168587
ENERGY:  223000       359.6851      1040.2686      1349.7569        16.0509        -592270.0101     42490.8099        55.6868         0.0000     44974.3325        -501983.4193       271.7169   -546957.7518   -501837.3264       270.8208           -815.0752      -784.1311    922752.0000      -683.6166      -683.6166

REASSIGNING VELOCITIES AT STEP 224000 TO 274 KELVIN.
TIMING: 224000  CPU: 1295.08, 0.0063545/step  Wall: 1299.62, 0.00637055/step, 0.0460095 hours remaining, 0.000000 MB of memory in use.
PERFORMANCE: 224000  averaging 29.7857 ns/day, 0.00580144 sec/step with standard deviation 0.000172491
ENERGY:  224000       383.8760      1014.7198      1355.3343        17.7493        -592752.9419     43126.2808        55.2299         0.0000     45180.5853        -501619.1665       272.9630   -546799.7519   -501379.0466       270.9607           -618.8624      -585.4332    922752.0000      -684.7407      -684.7364

LDB: ============= START OF LOAD BALANCING ============== 1302.8
LDB: ============== END OF LOAD BALANCING =============== 1302.8
Info: useSync: 0 useProxySync: 0
LDB: =============== DONE WITH MIGRATION ================ 1302.8
LDB: ============= START OF LOAD BALANCING ============== 1303.44
LDB: TIME 1303.44 LOAD: AVG 0.473314 MAX 0.619157  PROXIES: TOTAL 320 MAXPE 40 MAXPATCH 3 None MEM: 0 MB
LDB: TIME 1303.44 LOAD: AVG 0.473314 MAX 0.619157  PROXIES: TOTAL 320 MAXPE 40 MAXPATCH 3 RefineTorusLB MEM: 0 MB
LDB: TIME 1303.44 LOAD: AVG 0.473314 MAX 0.619157  PROXIES: TOTAL 320 MAXPE 40 MAXPATCH 3 RefineTorusLB MEM: 0 MB
LDB: ============== END OF LOAD BALANCING =============== 1303.44
Info: useSync: 0 useProxySync: 0
LDB: =============== DONE WITH MIGRATION ================ 1303.44
REASSIGNING VELOCITIES AT STEP 225000 TO 275 KELVIN.
TIMING: 225000  CPU: 1301.42, 0.00634205/step  Wall: 1305.98, 0.00636316/step, 0.0441886 hours remaining, 0.000000 MB of memory in use.
PERFORMANCE: 225000  averaging 29.7729 ns/day, 0.00580394 sec/step with standard deviation 0.000176132
ENERGY:  225000       358.9421      1054.3888      1341.6905        17.2118        -592512.0343     43045.5256        49.8972         0.0000     45425.7428        -501218.6356       274.4441   -546644.3784   -500949.5607       272.0247           -588.4231      -548.3339    922752.0000      -635.1664      -635.1577

WRITING COORDINATES TO DCD FILE heat.dcd AT STEP 225000
REASSIGNING VELOCITIES AT STEP 226000 TO 276 KELVIN.
TIMING: 226000  CPU: 1307.78, 0.00635902/step  Wall: 1312.36, 0.00638229/step, 0.0425486 hours remaining, 0.000000 MB of memory in use.
PERFORMANCE: 226000  averaging 29.7598 ns/day, 0.0058065 sec/step with standard deviation 0.000179902
ENERGY:  226000       366.2427       997.8943      1337.1077        18.6853        -591314.9923     42239.7628        47.6474         0.0000     45592.6533        -500714.9988       275.4525   -546307.6521   -500382.6244       272.7297           -777.4647      -748.0859    922752.0000      -617.3967      -617.3956

REASSIGNING VELOCITIES AT STEP 227000 TO 277 KELVIN.
TIMING: 227000  CPU: 1314.12, 0.00634015/step  Wall: 1318.72, 0.00635752/step, 0.0406175 hours remaining, 0.000000 MB of memory in use.
PERFORMANCE: 227000  averaging 29.7473 ns/day, 0.00580893 sec/step with standard deviation 0.000183191
ENERGY:  227000       366.4499      1080.0359      1339.2916        14.2183        -591565.4357     42757.9064        51.0677         0.0000     46070.8511        -499885.6148       278.3416   -545956.4658   -499396.5281       273.4426           -636.2801      -596.1043    922752.0000      -643.7706      -643.7560

REASSIGNING VELOCITIES AT STEP 228000 TO 278 KELVIN.
TIMING: 228000  CPU: 1320.44, 0.0063182/step  Wall: 1325.06, 0.00634083/step, 0.0387495 hours remaining, 0.000000 MB of memory in use.
PERFORMANCE: 228000  averaging 29.7354 ns/day, 0.00581126 sec/step with standard deviation 0.000186151
ENERGY:  228000       375.4186       989.3481      1360.2019        17.4082        -590698.2569     42297.7243        61.4477         0.0000     45951.1916        -499645.5167       277.6187   -545596.7082   -499443.0523       275.2835           -708.1494      -675.5274    922752.0000      -603.0482      -603.0449

LDB: ============= START OF LOAD BALANCING ============== 1328.25
LDB: ============== END OF LOAD BALANCING =============== 1328.25
Info: useSync: 0 useProxySync: 0
LDB: =============== DONE WITH MIGRATION ================ 1328.25
LDB: ============= START OF LOAD BALANCING ============== 1328.88
LDB: TIME 1328.88 LOAD: AVG 0.474296 MAX 0.624277  PROXIES: TOTAL 320 MAXPE 40 MAXPATCH 3 None MEM: 0 MB
LDB: TIME 1328.88 LOAD: AVG 0.474296 MAX 0.624277  PROXIES: TOTAL 320 MAXPE 40 MAXPATCH 3 RefineTorusLB MEM: 0 MB
LDB: TIME 1328.88 LOAD: AVG 0.474296 MAX 0.624277  PROXIES: TOTAL 320 MAXPE 40 MAXPATCH 3 RefineTorusLB MEM: 0 MB
LDB: Reverting to original mapping
LDB: ============== END OF LOAD BALANCING =============== 1328.88
Info: useSync: 0 useProxySync: 0
LDB: =============== DONE WITH MIGRATION ================ 1328.89
REASSIGNING VELOCITIES AT STEP 229000 TO 279 KELVIN.
TIMING: 229000  CPU: 1326.77, 0.00633427/step  Wall: 1331.42, 0.00635536/step, 0.0370729 hours remaining, 0.000000 MB of memory in use.
PERFORMANCE: 229000  averaging 29.7232 ns/day, 0.00581364 sec/step with standard deviation 0.00018919
ENERGY:  229000       373.0573      1037.3707      1341.0914        16.9021        -590213.4922     42395.6337        52.1019         0.0000     46275.1776        -498722.1576       279.5761   -544997.3352   -498199.5230       275.5887           -678.3740      -636.5842    922752.0000      -614.2718      -614.2591

REASSIGNING VELOCITIES AT STEP 230000 TO 280 KELVIN.
TIMING: 230000  CPU: 1333.13, 0.00635167/step  Wall: 1337.79, 0.00637421/step, 0.0354123 hours remaining, 0.000000 MB of memory in use.
PERFORMANCE: 230000  averaging 29.7108 ns/day, 0.00581607 sec/step with standard deviation 0.000192361
ETITLE:      TS           BOND          ANGLE          DIHED          IMPRP               ELECT            VDW       BOUNDARY           MISC        KINETIC               TOTAL           TEMP      POTENTIAL         TOTAL3        TEMPAVG            PRESSURE      GPRESSURE         VOLUME       PRESSAVG      GPRESSAVG

ENERGY:  230000       362.9828      1046.1768      1349.9733        19.0954        -588893.7638     41633.4083        53.7773         0.0000     46280.8444        -498147.5056       279.6103   -544428.3499   -497783.1415       277.8245           -800.8071      -765.3983    922752.0000      -649.4068      -649.4011

WRITING EXTENDED SYSTEM TO RESTART FILE AT STEP 230000
WRITING COORDINATES TO DCD FILE heat.dcd AT STEP 230000
WRITING COORDINATES TO RESTART FILE AT STEP 230000
FINISHED WRITING RESTART COORDINATES
WRITING VELOCITIES TO RESTART FILE AT STEP 230000
FINISHED WRITING RESTART VELOCITIES
REASSIGNING VELOCITIES AT STEP 231000 TO 281 KELVIN.
TIMING: 231000  CPU: 1339.51, 0.00638683/step  Wall: 1344.24, 0.00645063/step, 0.034045 hours remaining, 0.000000 MB of memory in use.
PERFORMANCE: 231000  averaging 29.6967 ns/day, 0.00581882 sec/step with standard deviation 0.000196431
ENERGY:  231000       354.1177      1077.1227      1353.5585        21.4516        -589652.2330     42350.9552        61.6878         0.0000     46365.7703        -498067.5692       280.1234   -544433.3395   -497940.2844       278.7854           -547.8703      -516.3473    922752.0000      -630.6079      -630.6053

REASSIGNING VELOCITIES AT STEP 232000 TO 282 KELVIN.
TIMING: 232000  CPU: 1345.87, 0.00636031/step  Wall: 1350.63, 0.00638788/step, 0.0319394 hours remaining, 0.000000 MB of memory in use.
PERFORMANCE: 232000  averaging 29.6842 ns/day, 0.00582127 sec/step with standard deviation 0.000199534
ENERGY:  232000       392.2327      1050.7827      1343.1522        16.6531        -588994.5678     41855.3529        55.9566         0.0000     46576.4856        -497703.9521       281.3964   -544280.4377   -497425.4738       279.0065           -797.4615      -757.9095    922752.0000      -618.0622      -618.0536

LDB: ============= START OF LOAD BALANCING ============== 1353.84
LDB: ============== END OF LOAD BALANCING =============== 1353.84
Info: useSync: 0 useProxySync: 0
LDB: =============== DONE WITH MIGRATION ================ 1353.84
LDB: ============= START OF LOAD BALANCING ============== 1354.48
LDB: TIME 1354.48 LOAD: AVG 0.474118 MAX 0.621052  PROXIES: TOTAL 320 MAXPE 40 MAXPATCH 3 None MEM: 0 MB
LDB: TIME 1354.48 LOAD: AVG 0.474118 MAX 0.621052  PROXIES: TOTAL 320 MAXPE 40 MAXPATCH 3 RefineTorusLB MEM: 0 MB
LDB: TIME 1354.48 LOAD: AVG 0.474118 MAX 0.621052  PROXIES: TOTAL 320 MAXPE 40 MAXPATCH 3 RefineTorusLB MEM: 0 MB
LDB: ============== END OF LOAD BALANCING =============== 1354.48
Info: useSync: 0 useProxySync: 0
LDB: =============== DONE WITH MIGRATION ================ 1354.48
REASSIGNING VELOCITIES AT STEP 233000 TO 283 KELVIN.
TIMING: 233000  CPU: 1352.26, 0.00638239/step  Wall: 1357.03, 0.00640057/step, 0.0302249 hours remaining, 0.000000 MB of memory in use.
PERFORMANCE: 233000  averaging 29.6716 ns/day, 0.00582376 sec/step with standard deviation 0.000202688
ENERGY:  233000       383.0626      1019.8114      1350.5057        19.7016        -588903.4911     42147.9997        62.6987         0.0000     46578.8932        -497340.8182       281.4110   -543919.7114   -497080.7846       279.4620           -711.1865      -679.3130    922752.0000      -652.5591      -652.5571

REASSIGNING VELOCITIES AT STEP 234000 TO 284 KELVIN.
TIMING: 234000  CPU: 1358.63, 0.00637101/step  Wall: 1363.43, 0.00639558/step, 0.0284248 hours remaining, 0.000000 MB of memory in use.
PERFORMANCE: 234000  averaging 29.6591 ns/day, 0.0058262 sec/step with standard deviation 0.000205678
ENERGY:  234000       400.4385      1021.5615      1340.5790        14.9894        -588555.9113     41987.4917        58.2122         0.0000     46955.0479        -496777.5912       283.6836   -543732.6391   -496408.3403       280.4092           -725.8206      -695.3177    922752.0000      -607.2208      -607.2175

REASSIGNING VELOCITIES AT STEP 235000 TO 285 KELVIN.
TIMING: 235000  CPU: 1364.99, 0.00636153/step  Wall: 1369.81, 0.0063865/step, 0.0266104 hours remaining, 0.000000 MB of memory in use.
PERFORMANCE: 235000  averaging 29.647 ns/day, 0.00582859 sec/step with standard deviation 0.000208467
ENERGY:  235000       383.7069      1045.7461      1346.1454        15.5227        -588406.9811     42128.6010        59.8931         0.0000     47047.7357        -496379.6302       284.2435   -543427.3660   -496085.8549       281.6090           -572.2054      -541.8476    922752.0000      -601.5396      -601.5367

WRITING COORDINATES TO DCD FILE heat.dcd AT STEP 235000
REASSIGNING VELOCITIES AT STEP 236000 TO 286 KELVIN.
TIMING: 236000  CPU: 1371.35, 0.00635652/step  Wall: 1376.19, 0.0063772/step, 0.0248002 hours remaining, 0.000000 MB of memory in use.
PERFORMANCE: 236000  averaging 29.6352 ns/day, 0.00583091 sec/step with standard deviation 0.000211066
ENERGY:  236000       378.4323      1055.1849      1357.1866        22.1821        -587497.7714     41644.0215        58.2150         0.0000     47376.4311        -495606.1180       286.2294   -542982.5491   -495148.8570       282.0668           -708.2789      -667.8599    922752.0000      -579.3313      -579.3145

LDB: ============= START OF LOAD BALANCING ============== 1379.38
LDB: ============== END OF LOAD BALANCING =============== 1379.38
Info: useSync: 0 useProxySync: 0
LDB: =============== DONE WITH MIGRATION ================ 1379.38
LDB: ============= START OF LOAD BALANCING ============== 1380.02
LDB: TIME 1380.02 LOAD: AVG 0.473484 MAX 0.624486  PROXIES: TOTAL 320 MAXPE 40 MAXPATCH 3 None MEM: 0 MB
LDB: TIME 1380.02 LOAD: AVG 0.473484 MAX 0.624487  PROXIES: TOTAL 320 MAXPE 40 MAXPATCH 3 RefineTorusLB MEM: 0 MB
LDB: TIME 1380.02 LOAD: AVG 0.473484 MAX 0.624487  PROXIES: TOTAL 320 MAXPE 40 MAXPATCH 3 RefineTorusLB MEM: 0 MB
LDB: Reverting to original mapping
LDB: ============== END OF LOAD BALANCING =============== 1380.02
Info: useSync: 0 useProxySync: 0
LDB: =============== DONE WITH MIGRATION ================ 1380.02
REASSIGNING VELOCITIES AT STEP 237000 TO 287 KELVIN.
TIMING: 237000  CPU: 1377.69, 0.00634288/step  Wall: 1382.56, 0.00636797/step, 0.0229954 hours remaining, 0.000000 MB of memory in use.
PERFORMANCE: 237000  averaging 29.6236 ns/day, 0.00583318 sec/step with standard deviation 0.000213488
ENERGY:  237000       369.3625      1073.9408      1347.2290        18.7805        -587035.0263     41613.8239        58.3215         0.0000     47602.1351        -494951.4331       287.5930   -542553.5682   -494537.9012       284.1472           -711.8261      -674.7868    922752.0000      -533.5850      -533.5784

REASSIGNING VELOCITIES AT STEP 238000 TO 288 KELVIN.
TIMING: 238000  CPU: 1384.04, 0.00634965/step  Wall: 1388.93, 0.00637405/step, 0.0212468 hours remaining, 0.000000 MB of memory in use.
PERFORMANCE: 238000  averaging 29.6121 ns/day, 0.00583545 sec/step with standard deviation 0.000215903
ENERGY:  238000       397.7780      1032.1039      1357.3201        19.6213        -586597.7764     41610.5956        47.9184         0.0000     47789.3163        -494343.1228       288.7239   -542132.4391   -493962.6261       285.7947           -624.0711      -589.6516    922752.0000      -532.6060      -532.5987

REASSIGNING VELOCITIES AT STEP 239000 TO 289 KELVIN.
TIMING: 239000  CPU: 1390.39, 0.00635038/step  Wall: 1395.3, 0.00637206/step, 0.0194702 hours remaining, 0.000000 MB of memory in use.
PERFORMANCE: 239000  averaging 29.6007 ns/day, 0.0058377 sec/step with standard deviation 0.000218227
ENERGY:  239000       370.4016      1052.8372      1363.1039        19.1300        -585844.8514     41101.2035        48.2651         0.0000     47963.7511        -493926.1591       289.7777   -541889.9102   -493624.9299       286.7955           -742.4949      -709.9207    922752.0000      -560.6264      -560.6220

REASSIGNING VELOCITIES AT STEP 240000 TO 290 KELVIN.
TIMING: 240000  CPU: 1396.74, 0.00635699/step  Wall: 1401.69, 0.00638187/step, 0.0177274 hours remaining, 0.000000 MB of memory in use.
PERFORMANCE: 240000  averaging 29.5892 ns/day, 0.00583996 sec/step with standard deviation 0.000220585
ETITLE:      TS           BOND          ANGLE          DIHED          IMPRP               ELECT            VDW       BOUNDARY           MISC        KINETIC               TOTAL           TEMP      POTENTIAL         TOTAL3        TEMPAVG            PRESSURE      GPRESSURE         VOLUME       PRESSAVG      GPRESSAVG

ENERGY:  240000       391.1757      1066.9000      1364.8822        17.5711        -585391.5265     41130.6265        56.5499         0.0000     47935.7833        -493428.0377       289.6088   -541363.8209   -493075.4660       287.2330           -732.6721      -693.7837    922752.0000      -550.5773      -550.5658

WRITING EXTENDED SYSTEM TO RESTART FILE AT STEP 240000
WRITING COORDINATES TO DCD FILE heat.dcd AT STEP 240000
WRITING COORDINATES TO RESTART FILE AT STEP 240000
FINISHED WRITING RESTART COORDINATES
WRITING VELOCITIES TO RESTART FILE AT STEP 240000
FINISHED WRITING RESTART VELOCITIES
LDB: ============= START OF LOAD BALANCING ============== 1404.95
LDB: ============== END OF LOAD BALANCING =============== 1404.95
Info: useSync: 0 useProxySync: 0
LDB: =============== DONE WITH MIGRATION ================ 1404.95
LDB: ============= START OF LOAD BALANCING ============== 1405.59
LDB: TIME 1405.59 LOAD: AVG 0.473868 MAX 0.622162  PROXIES: TOTAL 320 MAXPE 40 MAXPATCH 3 None MEM: 0 MB
LDB: TIME 1405.59 LOAD: AVG 0.473868 MAX 0.622162  PROXIES: TOTAL 320 MAXPE 40 MAXPATCH 3 RefineTorusLB MEM: 0 MB
LDB: TIME 1405.59 LOAD: AVG 0.473868 MAX 0.622162  PROXIES: TOTAL 320 MAXPE 40 MAXPATCH 3 RefineTorusLB MEM: 0 MB
LDB: ============== END OF LOAD BALANCING =============== 1405.59
Info: useSync: 0 useProxySync: 0
LDB: =============== DONE WITH MIGRATION ================ 1405.59
REASSIGNING VELOCITIES AT STEP 241000 TO 291 KELVIN.
TIMING: 241000  CPU: 1403.13, 0.00638359/step  Wall: 1408.13, 0.0064477/step, 0.0161192 hours remaining, 0.000000 MB of memory in use.
PERFORMANCE: 241000  averaging 29.5765 ns/day, 0.00584249 sec/step with standard deviation 0.000223579
ENERGY:  241000       379.3007      1073.9687      1361.9317        16.4588        -586077.4624     41988.1329        57.5972         0.0000     48414.7712        -492785.3012       292.5026   -541200.0724   -492380.4434       288.0348           -523.8894      -476.5953    922752.0000      -542.1210      -542.1057

REASSIGNING VELOCITIES AT STEP 242000 TO 292 KELVIN.
TIMING: 242000  CPU: 1409.48, 0.00635448/step  Wall: 1414.51, 0.00637968/step, 0.0141771 hours remaining, 0.000000 MB of memory in use.
PERFORMANCE: 242000  averaging 29.5652 ns/day, 0.00584471 sec/step with standard deviation 0.000225771
ENERGY:  242000       403.8767      1085.4572      1370.8102        20.7811        -585027.1738     41572.7103        55.5534         0.0000     47999.6727        -492518.3121       289.9948   -540517.9848   -492298.0784       289.4522           -583.0910      -546.3356    922752.0000      -550.0765      -550.0670

REASSIGNING VELOCITIES AT STEP 243000 TO 293 KELVIN.
TIMING: 243000  CPU: 1415.86, 0.00637535/step  Wall: 1420.91, 0.00639772/step, 0.01244 hours remaining, 0.000000 MB of memory in use.
PERFORMANCE: 243000  averaging 29.5537 ns/day, 0.00584698 sec/step with standard deviation 0.00022808
ENERGY:  243000       379.6815      1067.8097      1374.8858        19.3691        -585167.0954     41787.1896        45.4343         0.0000     48527.9839        -491964.7414       293.1866   -540492.7253   -491628.7805       290.3009           -444.9473      -405.9757    922752.0000      -519.0294      -519.0201

REASSIGNING VELOCITIES AT STEP 244000 TO 293 KELVIN.
TIMING: 244000  CPU: 1422.21, 0.00635516/step  Wall: 1427.29, 0.00637475/step, 0.0106246 hours remaining, 0.000000 MB of memory in use.
PERFORMANCE: 244000  averaging 29.5428 ns/day, 0.00584914 sec/step with standard deviation 0.000230104
ENERGY:  244000       375.0298      1083.8484      1375.8447        20.5098        -584795.8990     41625.1358        46.3510         0.0000     48290.2451        -491978.9345       291.7503   -540269.1795   -491888.0981       291.0174           -634.5260      -595.9929    922752.0000      -547.2670      -547.2601

LDB: ============= START OF LOAD BALANCING ============== 1430.48
LDB: ============== END OF LOAD BALANCING =============== 1430.48
Info: useSync: 0 useProxySync: 0
LDB: =============== DONE WITH MIGRATION ================ 1430.48
LDB: ============= START OF LOAD BALANCING ============== 1431.12
LDB: TIME 1431.12 LOAD: AVG 0.474359 MAX 0.627434  PROXIES: TOTAL 320 MAXPE 40 MAXPATCH 3 None MEM: 0 MB
LDB: TIME 1431.12 LOAD: AVG 0.474359 MAX 0.627434  PROXIES: TOTAL 320 MAXPE 40 MAXPATCH 3 RefineTorusLB MEM: 0 MB
LDB: TIME 1431.12 LOAD: AVG 0.474359 MAX 0.627434  PROXIES: TOTAL 320 MAXPE 40 MAXPATCH 3 RefineTorusLB MEM: 0 MB
LDB: ============== END OF LOAD BALANCING =============== 1431.12
Info: useSync: 0 useProxySync: 0
LDB: =============== DONE WITH MIGRATION ================ 1431.12
REASSIGNING VELOCITIES AT STEP 245000 TO 293 KELVIN.
TIMING: 245000  CPU: 1428.56, 0.00635121/step  Wall: 1433.66, 0.00637583/step, 0.00885532 hours remaining, 0.000000 MB of memory in use.
PERFORMANCE: 245000  averaging 29.5319 ns/day, 0.00585129 sec/step with standard deviation 0.000232084
ENERGY:  245000       362.5258      1093.5720      1384.8175        16.9137        -584813.7002     41531.6880        51.7679         0.0000     48519.0001        -491853.4152       293.1323   -540372.4153   -491694.1520       291.1072           -647.9179      -610.8784    922752.0000      -555.8752      -555.8684

WRITING COORDINATES TO DCD FILE heat.dcd AT STEP 245000
REASSIGNING VELOCITIES AT STEP 246000 TO 293 KELVIN.
TIMING: 246000  CPU: 1434.93, 0.00636783/step  Wall: 1440.05, 0.00639162/step, 0.0071018 hours remaining, 0.000000 MB of memory in use.
PERFORMANCE: 246000  averaging 29.5208 ns/day, 0.00585349 sec/step with standard deviation 0.000234158
ENERGY:  246000       396.9111      1037.0991      1360.9070        16.5422        -584290.7481     41311.0328        57.3505         0.0000     48620.9335        -491489.9718       293.7482   -540110.9053   -491223.7852       291.3858           -646.2679      -614.5505    922752.0000      -560.3892      -560.3871

REASSIGNING VELOCITIES AT STEP 247000 TO 293 KELVIN.
TIMING: 247000  CPU: 1441.28, 0.00634953/step  Wall: 1446.43, 0.00637337/step, 0.00531114 hours remaining, 0.000000 MB of memory in use.
PERFORMANCE: 247000  averaging 29.5102 ns/day, 0.00585559 sec/step with standard deviation 0.000236012
ENERGY:  247000       393.1593      1054.9585      1376.3614        15.2364        -584519.0190     41794.9577        47.9617         0.0000     48256.0161        -491580.3680       291.5435   -539836.3841   -491527.0678       291.7991           -501.3894      -470.4325    922752.0000      -522.1476      -522.1438

REASSIGNING VELOCITIES AT STEP 248000 TO 293 KELVIN.
TIMING: 248000  CPU: 1447.63, 0.00634916/step  Wall: 1452.8, 0.00637177/step, 0.00353987 hours remaining, 0.000000 MB of memory in use.
PERFORMANCE: 248000  averaging 29.4998 ns/day, 0.00585768 sec/step with standard deviation 0.000237803
ENERGY:  248000       412.9146      1075.6304      1348.5578        18.0784        -584591.5449     41642.5408        48.6383         0.0000     48701.6434        -491343.5414       294.2358   -540045.1847   -491140.9118       291.1590           -639.5970      -606.0706    922752.0000      -595.0874      -595.0855

LDB: ============= START OF LOAD BALANCING ============== 1455.99
LDB: ============== END OF LOAD BALANCING =============== 1455.99
Info: useSync: 0 useProxySync: 0
LDB: =============== DONE WITH MIGRATION ================ 1455.99
LDB: ============= START OF LOAD BALANCING ============== 1456.63
LDB: TIME 1456.63 LOAD: AVG 0.473941 MAX 0.628253  PROXIES: TOTAL 320 MAXPE 40 MAXPATCH 3 None MEM: 0 MB
LDB: TIME 1456.63 LOAD: AVG 0.473941 MAX 0.628253  PROXIES: TOTAL 320 MAXPE 40 MAXPATCH 3 RefineTorusLB MEM: 0 MB
LDB: TIME 1456.63 LOAD: AVG 0.473941 MAX 0.628253  PROXIES: TOTAL 320 MAXPE 40 MAXPATCH 3 RefineTorusLB MEM: 0 MB
LDB: Reverting to original mapping
LDB: ============== END OF LOAD BALANCING =============== 1456.63
Info: useSync: 0 useProxySync: 0
LDB: =============== DONE WITH MIGRATION ================ 1456.63
REASSIGNING VELOCITIES AT STEP 249000 TO 293 KELVIN.
TIMING: 249000  CPU: 1453.97, 0.00634318/step  Wall: 1459.17, 0.00636852/step, 0.00176903 hours remaining, 0.000000 MB of memory in use.
PERFORMANCE: 249000  averaging 29.4894 ns/day, 0.00585973 sec/step with standard deviation 0.000239521
ENERGY:  249000       375.5124      1092.1796      1370.5270        15.2932        -584410.6098     41747.4739        53.1399         0.0000     48479.5630        -491276.9208       292.8941   -539756.4838   -491145.3320       292.5088           -439.4330      -414.1006    922752.0000      -553.9612      -553.9645

REASSIGNING VELOCITIES AT STEP 250000 TO 293 KELVIN.
TIMING: 250000  CPU: 1460.32, 0.0063468/step  Wall: 1465.54, 0.00637112/step, 0 hours remaining, 0.000000 MB of memory in use.
PERFORMANCE: 250000  averaging 29.4791 ns/day, 0.00586177 sec/step with standard deviation 0.000241218
ETITLE:      TS           BOND          ANGLE          DIHED          IMPRP               ELECT            VDW       BOUNDARY           MISC        KINETIC               TOTAL           TEMP      POTENTIAL         TOTAL3        TEMPAVG            PRESSURE      GPRESSURE         VOLUME       PRESSAVG      GPRESSAVG

ENERGY:  250000       410.4395      1129.5571      1363.8117        22.5421        -583947.5955     41333.3466        58.6341         0.0000     48557.5413        -491071.7231       293.3652   -539629.2644   -490867.4537       292.2595           -640.8149      -608.5403    922752.0000      -574.2926      -574.2870

WRITING EXTENDED SYSTEM TO RESTART FILE AT STEP 250000
WRITING COORDINATES TO DCD FILE heat.dcd AT STEP 250000
WRITING COORDINATES TO RESTART FILE AT STEP 250000
FINISHED WRITING RESTART COORDINATES
WRITING VELOCITIES TO RESTART FILE AT STEP 250000
FINISHED WRITING RESTART VELOCITIES
WRITING EXTENDED SYSTEM TO OUTPUT FILE AT STEP 250000
CLOSING EXTENDED SYSTEM TRAJECTORY FILE
WRITING COORDINATES TO OUTPUT FILE AT STEP 250000
CLOSING COORDINATE DCD FILE heat.dcd
WRITING VELOCITIES TO OUTPUT FILE AT STEP 250000
====================================================

WallClock: 1466.970703  CPUTime: 1461.604614  Memory: 0.000000 MB
[Partition 0][Node 0] End of program
