nt_1,nt_2,nt_3,nt_4,nt_5,nt_6,nt_7,nt_8,nt_9,nt_10,nt_11,nt_12,nt_13,nt_14,nt_15,nt_16,nt_17,nt_18,nt_19,nt_20,nt_21,nt_22,nt_23,nt_24,nt_25,nt_26,nt_27,nt_28,nt_29,nt_30,nt_31,nt_32,nt_33,nt_34,nt_35,nt_36,nt_37,nt_38,nt_39,nt_40,time_ns
86.6544275947268,81.87397036079886,79.62948291021965,77.29903760037695,84.83067152515028,83.80834985442877,88.38683594736838,91.65204184135172,90.3437044135456,89.21536989062793,86.76361461887467,88.00346585430779,90.57292955245092,96.00070440895689,97.3570125691936,104.35656319151025,108.91619696067676,114.44204426092818,117.08010352832812,126.2978794588384,119.63329901862193,123.98128069422896,130.25366262992878,132.10076146988888,137.0999726261269,137.37774677283252,137.2952945657414,133.97144043361624,135.7366754137537,139.23465059805176,141.6217517819567,147.77880022137305,152.90011343389278,150.92262600889472,150.5062826600946,150.27803836071604,145.8203188346772,141.62510223340723,143.97011036088202,148.4587177979228,0.0
87.05553464210212,82.3962914141125,79.94457786832584,78.03717309252922,84.94764104044026,83.22492128832403,88.39353403104822,92.05924757730094,90.60017384288294,89.27561485651165,87.79099922085531,88.24086040618135,90.66316317238392,95.99726103583784,98.02643122073101,105.66753599155044,110.33682148429821,114.4019211630382,117.05620412301008,126.52569129333395,120.60097728223215,124.45312695053448,130.47309354482545,132.6914584648256,138.46943466135932,138.51237834217832,137.27660929868009,132.93465529770094,135.50235613460043,137.97474468629335,141.1467498150604,147.9802295514059,152.68209025732264,150.57641802943843,149.41363943211005,148.94824878440912,145.01988772929008,140.9815866184334,142.65724786865047,148.62485462290988,0.024999999999999998
86.99306448090975,82.64640894077576,80.06946748685088,77.7020896212558,84.95043693606938,83.78014487990785,88.71121875749404,92.15973711554655,90.81110570499335,89.42725403114538,87.29337794126751,88.58142521425631,91.33828345835121,96.57244052953772,97.5724794496223,105.34762622220748,109.98438814510669,113.8856386276315,116.919645897285,126.15974038296662,120.1907888559025,124.08822255035162,130.22271898145775,132.6336041002842,138.95118225559506,138.77499508271686,136.80416549880226,132.33464674599145,135.7184862628413,138.12574188557997,140.63898289715274,147.2757797745843,151.83296455075802,150.1558984892477,150.68065064193704,149.25021399159914,145.43330423805736,140.97687488070358,144.03427961058105,148.19128265024693,0.049999999999999996
86.17342618323977,81.2688814017358,79.78018738635592,77.52633741322964,85.02745071669295,83.21271052998439,87.74082438840551,90.94983919919633,90.12749045178268,89.23663620615025,87.52665104453183,87.17326353609414,89.36548956680164,95.64998124879399,97.82703922516967,104.94033214932313,110.0296862149664,114.15946579417442,116.99834335802032,126.50181084311589,120.37154400515033,124.01699601786146,130.55338334891664,132.78082830251165,138.80800600977616,137.96868641566064,136.97386932644093,133.0362515232227,135.27922029383475,138.66182325503357,140.92045507199265,146.48424568280907,152.59029994960974,150.10134329577033,148.94421168489512,148.7503880881518,144.92507295232548,140.82241271870618,144.1147377997964,148.53968097433307,0.075
85.55763209718634,80.57348678099527,79.32033715678227,77.03409992687529,84.25018835926008,83.39985773663376,87.20413757309117,90.47290860921544,90.251842578685,89.0867054378653,86.77010298234944,86.52538610303964,88.71485012520486,94.28537481018968,96.84660385308138,103.98655255325629,109.3866060663797,114.37973286457037,116.40925489799037,125.98838778525825,120.32843693075785,123.57040302562251,129.72342609227044,132.06738970253613,138.77395581037763,137.52782836405035,136.2811288914516,132.02784557895404,134.92748880812564,137.86629336388586,139.56742223716617,145.61996603014134,151.25915088678397,149.08497809168875,148.00048499469366,147.7556887244206,144.3684978423761,140.46334663951683,143.75990546506193,147.876413711741,0.09999999999999999
85.54574651075687,80.99089914638921,79.64869081300273,77.13389914635312,84.24675913740018,83.32509596736394,87.90868415877807,90.68797726701304,89.91541467920084,89.00118931419425,86.43407459454345,86.51741083783433,89.32733833395552,94.81186530715524,96.87499006380199,104.5804077427772,109.62683718724631,114.03012567575684,115.61490598675081,125.28434677122729,119.53502070649316,122.87712766651634,129.4796219211197,131.04806058140363,136.8181527698743,136.66607379605983,135.85574119302743,131.89448145947472,134.12224732208585,137.4663550501244,140.21860763263686,146.57307657778358,152.2528780797272,149.79525490551396,148.0578418818451,148.2423622666481,144.41821717128155,140.4667136992376,143.13017301693228,148.08637947773704,0.125
85.85682639404516,81.27103420127489,79.55365881438141,77.70137796870003,84.2228630947271,82.65543120025137,87.81496339644386,92.02392099337118,90.33491290486822,89.50793031810136,86.91906320688183,86.76967821426652,89.4888597464033,95.18918453867883,97.64041222061475,105.37703427802353,110.24962662643779,114.2529127910224,116.35450200165914,125.75605513951302,120.11471046628162,123.31549539730912,129.97643237655362,131.98310995235454,137.76856416120995,137.8403897943366,136.83443803264998,133.17020905990168,134.5733429714384,137.76831610781906,140.64939797340082,147.7803136224353,152.66587723337503,150.69201330656463,147.67662021536637,148.7733938677809,144.55322968970233,140.8639741620594,142.08746979618294,148.33853187305175,0.15
85.0936726400712,80.39673073173188,80.26991007998295,77.05459292747852,84.09987007826669,83.83693758852309,89.26081788343294,92.74010203007865,90.54811714123818,88.73161063129068,86.69813078138483,85.73229149763836,88.61622961071708,94.84395392531074,96.3616192513369,103.89925939799691,108.96611942804938,113.73056690829287,116.67706484886807,126.02975093802749,119.795520518876,124.77875023407387,129.70839164392106,132.1786316017671,138.51282591441878,137.57574142473845,135.65507765656858,131.24152415624448,133.55792029911908,137.33154578874823,139.81223951017265,146.68106746776542,151.44512082276816,149.1394745762593,147.36818870645237,147.72504402053053,143.7558421945996,139.86780291306638,142.289080866299,147.3552796394248,0.175
85.73766428351799,80.84582798250848,80.10044913856126,77.23199318340137,84.85130679292737,83.06427224866908,88.05432796798564,91.594544209683,89.82370787031094,88.26354784548312,86.01559793126063,85.2409179646089,88.13625433740961,94.23050630969689,97.09494173987272,103.90325089502403,108.87687293868103,113.7922888062034,116.55981786820175,125.90315738410024,119.47886072874763,124.11167924458684,129.69640119142818,132.64306725159307,139.18124332801338,138.22730790333307,135.66964492205872,131.54890007800043,134.28946282436473,137.71496633059334,140.60558420354093,147.16354581629489,151.61475292979608,149.96864571809922,148.41329619901228,148.38674219486188,144.41751465998738,140.4602617563633,143.1291715620713,147.66771958344742,0.19999999999999998
84.9299035671072,80.9419739365915,80.91387959223808,77.93360598092859,84.90290645302139,83.15064311775139,87.64497262501534,91.4154887118707,89.94771613333259,88.73823208169156,86.44875159218302,86.07897200498905,88.5002082079981,94.73162658975065,98.61961114754358,104.72632258550644,109.99871159964442,113.82660535460212,117.33473141191689,126.55119668855133,119.87932978415648,125.04074260518405,130.04832676450565,133.6238531362963,140.89847767775038,139.37594991651133,135.91045450435894,131.38271777754878,133.51466841944986,136.9118136825425,139.7095108473335,146.52473293047552,151.02167255747068,149.09309665342968,147.6966373701792,147.94756249653338,143.47651712458725,139.24877508376025,142.11298817295986,147.21124518447672,0.22499999999999998
85.09544417085502,80.44713617677627,80.54736420277608,77.31230652353352,84.36735635655751,82.07003854549322,87.64874029605043,91.14087520741722,89.70395589495732,88.1195216022254,86.43536966401393,85.7291281127768,88.76676683615167,94.25319903740831,100.11419348609198,105.20551079319085,109.52063731034471,112.72391673496904,115.53152538051347,124.89104115008422,118.6545223936013,122.94650448933649,129.02113886149226,133.01022895754502,140.37449075294603,138.68995133030458,135.64540297111927,131.00528104489658,133.6776535467607,137.13328731766708,140.39080557072654,147.272456725696,150.93307626045663,149.63385408665545,150.07270265247635,148.39576954178673,144.25732386818984,139.91402063406645,142.44116893916214,147.52449032858672,0.25
83.84124411517425,80.0324120655756,80.60877065288393,77.33124008268669,84.5017853346843,82.59645187708242,87.66586916910228,90.97004341668875,89.56415912025676,88.17739407192624,86.39504072124709,84.75365084006263,87.88851428765753,94.09395442296898,98.50775890499787,103.85281784602878,109.1561496590596,112.70843129253899,116.04744468546593,124.92074496153742,118.54871667711032,123.12529982282652,129.11163277046484,133.35425105991467,140.4404428907335,139.24623949395385,135.27732995696843,130.31662619709223,133.9899638199603,137.7423080700385,140.15713134069034,146.86867344521477,150.53529934117972,149.37676496145463,149.35277687373332,148.05814423825854,144.12928905154885,139.5760119089399,141.67688833528496,146.6373370936298,0.27499999999999997
84.60502473008782,80.60610423400742,80.73028668694505,77.44100927891697,84.47168551642562,82.89101796243042,88.68104017594351,91.72307698727104,90.35325026580502,88.77021368264076,86.45619268608264,85.89576386104213,87.5405373217121,93.80782026127139,97.57833156454602,103.10140942475044,108.3066162419234,112.39138994023949,117.00204440994798,124.33839675013468,117.06296201933353,123.01029599503497,128.20805944036115,132.14396026129046,138.04935714922152,137.46865094284257,134.36504852200804,131.01506454032148,135.03534260930786,138.05449637088236,140.71643872933336,147.3144252203312,151.38459833959269,150.1628696464725,149.97806369843536,149.5428365722512,145.1035187860557,140.62214910839978,143.51627570557054,147.95011844187258,0.3
83.89793096866745,79.76546868378404,79.53451011683806,77.10225256999775,84.56647058867011,82.32598204800703,87.126623198037,90.31555137063268,89.24068812861974,89.70649938537449,87.15508975900477,86.01617443952247,87.72589021145896,94.23081358808997,97.83068576896565,102.83550891060747,107.84746298263926,112.66820586942478,117.3698837621476,125.27652252440294,118.16610347282489,124.35165059858136,129.1012377165432,132.55433477848263,139.23081438959608,138.57208824728946,135.2396132933464,132.36388828776134,135.56970596351363,138.2370401216987,141.26357268497077,148.23843680512016,153.01208113840116,151.41859913625092,151.13704981116143,149.79862736524515,145.38795904160608,141.3614242086221,142.8163722838046,148.34786807384697,0.325
84.2259123318718,79.87427385986072,80.41610305156118,77.49422163724523,84.43479294395746,82.63469034435687,88.50469444708233,92.6578274534267,90.43572404135847,88.8412442742954,86.18094832347344,85.83693394486764,87.94232456043255,93.48318133235931,97.73635211275084,102.58749763615751,107.18415953811007,111.88020891820565,117.11609412233761,124.71682106716906,117.59158345694439,123.95694888871338,129.19265131961697,133.2543684255393,139.7880914255519,138.95131020373975,135.37926874971535,131.82813513026878,136.93810444691795,140.3363020051806,142.9829099206361,149.6390509752047,154.4836195730297,152.53636043916626,151.31936972269094,151.06222421034423,147.06381046327726,142.7097595617256,144.71103093740288,150.41230716886628,0.35
82.96925102030553,78.87292903639485,79.58733511264975,77.0282931096446,84.69817480480887,83.00370890909724,87.9016005453835,91.8487299372926,90.55032005967882,89.10688150731612,85.99204763571421,85.13264818293067,87.1886634986308,92.6297000008068,96.87573336652801,102.71337950006921,107.02633901241802,111.8350047831394,116.13047708096383,124.21214613487544,117.13426334539406,123.18041955990117,128.4210014352182,132.65943643040495,138.41467175094016,138.01856805202695,134.6838451823633,131.40857123124306,136.49180530877612,140.0447180499549,142.1718164761766,148.56001086275083,153.85039355550123,152.05564674720202,151.53416595421865,150.67326169401755,146.8592797054082,142.77282140680995,145.75047804349722,150.32963842079147,0.375
84.341148825648,79.00642597842503,79.84809554679357,77.19637762963816,84.44566166798245,82.62981441317888,88.32156521793829,91.85064138401447,90.25825207137311,88.68438153899575,85.65800611793824,84.52695570872197,87.97261011196295,93.0760791299582,96.49985159850817,102.43560255383903,107.32613099249255,111.65152969579273,117.28440683826437,124.4818128800504,116.87790749586532,122.68747130957172,127.837145206819,131.0979024983799,138.18963987373522,137.18558002988513,133.36337428457415,129.85289823591845,135.75001239340472,139.17892903630292,142.03923425589983,148.81679000842436,154.20785323421424,151.63091259975724,150.60912667268255,150.3548968614458,146.3432563005539,142.13924513843543,144.8819355497891,149.99152188275616,0.39999999999999997
83.53275096232049,79.3213042558996,79.89721950325438,77.58042380884694,84.4072149167732,83.60858345090159,89.12591477503673,92.37949550278108,90.20928618362058,88.60385367930652,86.08171512557203,84.61197091327313,86.75592306916766,92.67142684559039,96.02233376807524,102.17762406805618,106.9579689708498,112.4066448715599,117.52070696150975,124.4509251209472,117.27843962672554,122.77343539884495,127.70217419143984,131.73939132503895,138.1734905107957,137.7644447714421,134.23709319622427,129.9918420135695,135.94140815312463,140.05436389305774,142.83588614936613,149.66489058345704,154.44710032942416,152.67678729045636,152.56001777859052,150.5882495244226,146.32774003068167,142.13221107419506,143.94195942724576,149.7823058360216,0.425
83.60846912532148,79.90959645305097,79.92795360392206,77.18570667120414,84.45839368096307,84.02953343685056,88.93160253376772,91.91924006852074,90.04779955196207,88.69814815552712,85.83236027813305,84.05744486934626,87.2292951025377,92.56955881991504,96.99505943602969,102.63401492326399,107.5805455416641,112.34969124829544,118.01002141421148,125.3611803439797,117.9613390697956,123.39364186300273,128.77366609028428,132.70746536623037,139.93084278542912,138.75901203962937,134.53524730400324,130.71239607364006,135.89336403329597,139.6623497958824,143.1485647081772,149.83222090273983,153.94237285405654,152.49350694978367,151.98416789586832,150.53053780956606,146.47322590042725,142.07733390926077,144.50892403371165,149.347417151138,0.44999999999999996
83.44580854061499,79.42530573044615,79.95355487359242,77.25484741581717,84.20662350091709,83.21239007533538,88.93369924765503,92.27075773446646,89.92041518321565,88.2170644253518,85.72965948906564,84.56133173878985,87.82846139379983,92.18408276821863,96.58422915847207,103.49869822176356,108.70034699928962,113.08077273836733,117.71322948377576,125.96115624408012,118.98022736994744,123.70406777715513,129.22275289313487,133.81261869685994,139.62289339827626,139.0479362268427,135.98774290882994,132.11873172007319,136.7607770215795,140.39796492703303,143.07241953379895,149.92413046099122,154.44103444439784,152.0924820704326,152.32938314044094,151.5495097877364,147.37023741617463,143.38701986153595,145.49808184330988,150.3902940174131,0.475
83.52670669501646,79.87439952710581,79.62715933784136,77.152121564359,84.30255194998804,84.0895425499923,89.72856950154099,92.97443417311518,90.03210025592153,88.32468283097556,85.49906337519977,83.90074570844766,88.2455503853536,92.92921977017184,95.95707820465078,102.70662503757845,107.45765188515983,112.4300239749015,117.12062457050996,125.07845444735554,118.50578185294864,122.93914537368701,128.45513135754032,132.98514072420275,138.72924952291712,138.6078887550193,135.48864512359202,130.68645556102152,136.28731321700596,140.80484620307652,142.8371390210549,149.72624495180492,154.9715701271217,152.31206371984766,153.67014888624396,151.38484850738283,146.67559625252738,142.2861404014204,143.67624820155729,148.67309387336104,0.5
82.87583386296973,81.08066906945817,79.90620604643924,77.18696281518748,83.83276037168389,83.80663801939586,89.5800296704435,92.76231530446863,90.24910604531087,88.6950169915363,85.54363193185756,83.87141876837885,86.6437384183202,92.65598748154844,95.86878740474661,102.04033843632857,107.1783822455302,111.83550057606018,117.6550356036771,124.93629245020261,117.41049763976426,122.96057028598622,128.13443400944817,132.4025541735262,137.55707288446595,137.61672092855747,134.91793212765057,130.20488708175748,136.06874169536613,140.68246733091866,143.5998916857945,151.2183715606338,154.19212127099516,152.61369711492966,154.18424611149695,151.09116786671504,146.67251338726635,142.200391256833,143.340831204787,148.91535101382237,0.525
82.31395388788457,79.86471396659682,79.78817869735143,77.26860442381007,83.66945590125479,83.31554467176737,88.624978617392,91.7123413278442,89.45882545676011,87.84179087252511,84.66591619495327,82.78699832348144,85.92255089966051,91.78925924752122,95.64724437987105,101.76813208453119,106.5196526410098,111.73163860488086,116.44026383143927,124.31930824256605,117.41162172950183,122.65810247969102,128.27893749971363,132.4512825009559,137.88855515608384,138.04468927699807,135.06163529038,130.95361878453164,136.2139312806204,140.95791320117004,142.9430244905027,150.43959429391674,154.33061889898144,151.29834473230548,154.38315358096594,150.6709943373985,146.51230304344338,141.8623909783826,141.60108897277607,147.74240548817465,0.5499999999999999
83.29456156759525,79.88893790112735,79.65970761857614,76.85001822192646,83.32429255778166,83.38829499695464,88.8094617013232,91.82722442964221,89.5056695871412,87.89872896091615,84.89076834803538,83.9296690299295,86.92066962843921,92.68300269802216,96.36567500353482,101.70459483020528,106.06484315633023,111.91641912379677,115.49002277857849,124.33622021626934,117.35456442768543,122.46870601296868,128.29056777056076,132.0938215558271,138.34899019409593,137.65733846191785,134.32632473575768,130.07373535886697,135.80788434043927,140.24451454018038,143.21344712029807,151.19462181621265,154.9725859310017,151.5419608521597,153.4271669647766,149.90429486557596,145.0620642214283,140.72158556632309,141.34672370668096,147.95117536707343,0.575
84.32486288043306,80.03711965242003,79.231541817963,76.87593052027219,84.40981220517628,84.10148662076779,88.32621967230709,91.01586161510183,89.52438137704827,87.99924190438017,85.53841495748244,85.28588664807754,87.34568487581883,93.51382679017885,97.23181490634634,100.85302537827424,105.61221060945056,111.37146930765545,115.43682211304815,124.10267706085409,116.87675505821915,121.58246443956767,127.50737508544557,130.86846248868267,137.94840829617866,136.75094941536094,133.2102209820127,128.96266225998292,134.333216829391,139.46738828907996,143.21831830387194,150.89343076922617,155.40024882328493,152.02904710152518,152.93526522308065,149.0998398115198,144.5936339042487,140.05952423040776,140.11126537494786,147.01613209014326,0.6
84.39523990503493,78.87606970400222,79.63498879868074,77.09666888756973,84.49731355655894,83.3440721250709,89.2180268273512,91.95414092879693,89.17381756227483,87.42735405186542,85.26246802195669,85.37777878320301,87.45410412047252,93.36833913117421,98.77491203433587,101.93754844909,106.20369749280263,111.74911084347809,115.39881503661209,124.0766657971362,117.29276906495824,122.38620713658048,127.69266156730484,131.58851373760842,138.18232269844003,137.57133655921342,134.16081834549567,129.3513830240215,134.97842366817054,139.68643221312172,143.08503893169222,150.88496214988916,154.36812089913528,152.00548929534315,153.38006276683765,148.5961382280963,145.20636963346507,140.1648316141162,140.9707721804081,146.23829017646696,0.625
84.33364397516365,79.10482883051394,79.19248775529692,76.85217791733257,84.44656795518986,83.73612672033283,89.30976617492792,92.16600193645965,89.84241676257815,88.19444216348238,85.35071017636088,85.40196591655602,88.01241986674091,93.29736972795811,98.41024421166755,102.36276037195434,107.06554869934183,112.15876544267496,115.10657220944643,123.93477984835894,116.68190523513476,121.79230400235426,127.12051227440523,131.1865300610288,137.21264133723042,136.8144739934088,134.6994961037271,130.26308815241657,135.736464765244,140.38658120429804,142.87302492748174,150.54267216010072,154.25723702345485,151.80955331242973,153.3930374401392,150.03855366481324,145.83460664670966,140.9583971890422,140.1276922429349,146.57872778668025,0.65
85.25213566465874,79.98649949009328,80.0598849245713,77.23723324718725,84.51151414102655,83.92290338020771,89.11787055704241,91.50654924376924,89.47985978888084,87.98927118151754,86.30759939414247,86.69878906814786,88.75798761712929,94.9571792373161,98.64378061837246,103.56328504401125,107.2171221546177,112.26071349956695,115.48626040537988,124.75285160640598,117.52687338376577,123.1214087011248,128.31569839691213,131.5492314041012,137.5484292537411,137.0653335872736,134.6959342905491,130.69257839136537,136.7388789458248,141.3480274623699,143.91826687683204,151.41961670471855,153.9764616473794,152.76431030026117,153.1110788008439,150.4442911108414,146.57932752279322,141.84748045746323,140.60926046549946,146.91486327154846,0.6749999999999999
84.88450521076587,79.27867518198605,79.56989355163421,77.13283473825004,84.18503834970741,83.62284260787715,89.06002109983424,91.91294646772138,89.48913519909115,87.7673433915314,85.60567201578897,85.78156123314349,88.2099403522082,94.7028252966837,98.96264869028302,103.31559183604739,106.78230341016481,112.21506018174273,115.77089934777828,124.84775777583135,117.64932289377046,122.77923019810868,128.99245817100413,132.01182978085043,137.38201892190264,137.53574608428534,135.48840953235933,131.69116790905645,137.28087523695223,141.2398718882175,142.95248564014872,149.84920770600934,152.87723959792476,151.61439208099765,152.45496287579894,150.7033848992491,146.8605686385898,142.03046943704211,140.85469245826206,146.14007893365152,0.7
84.44369673526253,79.78347626274774,79.51129569002117,77.0036754144717,84.24499987714407,84.2573236671902,89.65460010056022,92.30040747144557,89.2845460469128,87.98840107780987,85.85269831380738,86.06575113333344,87.50629822235675,94.07045534338872,98.43666930068855,102.52913163443162,106.97232320075909,112.57190104446448,115.74669194968456,125.10901274598271,118.23778260983329,122.58932581153417,128.50165260825227,131.55593327781182,136.6856467020095,137.1850483515856,134.8439271487322,131.47931719408692,136.663442716738,141.09846398679852,142.47095874799132,150.1904478110779,152.6337464299589,150.9503202643924,151.6025473249426,149.71051664838637,145.7368701015341,141.1702451921423,140.43095867795083,146.45491728842984,0.725
83.24545816495962,78.56857018640282,78.71395603120239,76.46390300488386,84.4014347995349,84.47038982115313,89.902304776595,92.85005448539155,89.48702043281807,87.60742079449669,84.63518769011375,84.78090214757228,86.77784225878368,93.09560915560978,98.36667413141222,102.58456246440937,106.91215784457091,111.47590995462116,115.61835293339519,124.60671987821749,117.89290403537515,122.42021160645314,128.60292438149543,132.59754316983822,138.19416083720222,138.4505917186287,135.2559720905938,131.21480286351903,136.32042703917222,140.62074172269715,142.7034125318098,149.8283599089046,153.65056341877138,152.17511482508607,152.77270768189678,150.33531258405617,146.49601569072422,141.3947195918464,140.92393782909073,146.48014587692404,0.75
84.08674241757396,79.07532300539947,79.52512631696649,76.92003641405896,84.72875590035306,84.43102852379602,90.26874227000441,92.99305872508778,90.3423726117702,87.93919235862697,85.50644603664915,85.96480840600938,88.45809459146798,94.32073206360843,99.8094303637221,103.60989890255117,107.66724748274856,112.34718644000162,115.47444162980702,124.91506029067958,118.44134069563378,123.00790580485469,129.01787935388805,133.54205589781017,139.77525671649542,139.4397993109556,136.48678462154604,131.5417238226786,136.53394548766076,140.40258565537255,141.94705643028496,148.7175521822113,151.74565991456657,150.6853321928151,153.8759321400906,150.21053736907606,146.49592377355273,141.42944885462381,140.43312044123,146.15920833652822,0.7749999999999999
83.63401852446515,78.87479256212961,78.98147911729916,76.87483127253732,84.3136681287705,84.20884075324861,89.9385330560585,92.1828334767844,89.74117482465184,88.27034681747432,85.30757847823398,84.98644480862575,88.41913051870395,94.71409957675775,99.17130131217937,103.73956978619066,108.13962694797729,112.44365665534056,116.32812247139412,125.26829097706454,118.49710334693694,122.8044697482047,129.2383110033479,133.24311694755653,139.68488863819618,139.46172114761686,136.31818014409276,131.86687885399087,136.8583507260699,140.64336273762478,142.24414124257459,149.24330979133558,152.890913740028,151.04114303705663,153.23458506093817,150.0528621161032,146.17604556597217,141.48146442735782,141.1049101729116,147.54365190908078,0.7999999999999999
85.18464616553089,79.95084554205738,79.01856420665398,76.52887855252713,83.84918467509934,83.87195815918172,89.28689983417487,91.72841397176533,89.81475019405016,87.81823925213712,85.67342292606092,86.26272194351682,88.89625492731435,94.15975326325753,99.88351909522518,103.95671973911242,108.64537611578439,112.38540713629973,116.16560143805657,125.14094425882817,118.84627380129541,122.824598435061,129.25188399555662,133.13335634900315,138.50481897940253,138.53439616358716,136.16648944768485,132.22229703983032,136.76807723587615,140.7107411636493,142.29633146448305,149.048344116546,151.39442678610214,151.09976745779127,154.8038525429817,150.45604387591345,146.87555626757973,142.3803411341196,141.0122086688772,148.34685140143998,0.825
85.3359795337986,80.61656903179869,80.13140770592643,77.08990319702745,84.24628546227206,83.65101850152297,88.75248997729807,91.77010860962079,89.85847032397535,88.1773888872135,85.9706733161018,86.22409350262578,88.48215800186611,93.95470883925448,99.90751619410267,104.16705044527839,107.31761492857788,112.21492650557158,115.56792691298782,125.02215852015544,118.72636439746904,122.31839931413,128.76728513232587,132.38832103518106,137.37961649085383,137.69474197001497,136.14140664957324,132.19900467100996,137.09282431687353,140.6602747226197,142.22420414027724,148.9572423556254,151.22137000275342,151.43861438289093,154.32392714561266,150.8325802655721,146.75584180150946,141.86642006848092,139.59461948327754,147.72709701166917,0.85
84.08162129140398,79.37446303193775,79.69306674025907,77.08989495235602,84.23948345583918,84.2273632230872,88.66336216808149,91.48123268038202,89.69908242340858,87.51689838061938,85.29350223922008,85.56510976621493,88.02215726574258,93.75235888617337,99.55456978557814,104.22729087159826,108.55016336577586,113.17566968791633,115.8634798689404,125.50095608659012,118.85206158811175,122.38853730106536,129.36549697562177,132.80347921494845,137.29777254304872,137.99904762800784,136.57298944851973,132.103387742494,136.4408142523024,140.28809612834146,141.6607863247676,147.79419468955479,150.56350429945644,150.3227080085795,154.16816114697747,150.55343042699852,146.690196257291,142.3969388314906,139.9006536701124,147.636425728551,0.875
84.47471457856892,79.61645212102087,79.45175342706258,76.32133205930167,83.62191560199182,84.34304160636538,89.76152113496207,91.90557463691678,89.77008107755503,87.62760855991439,85.35269144790038,85.53951964694278,88.3129112220551,93.57907912803634,99.84830305575218,102.75707276507586,106.75785211282255,111.86233623206195,114.66569374206938,124.31947120828053,118.65615024676597,121.71143049303296,128.34869915396854,131.76002320102572,135.77503931558508,137.44856711218426,135.7253160206393,132.3239041192352,136.54697348994208,139.64477784125864,141.09232429521018,146.90280091879183,150.66529528171756,149.99224034163004,152.23527877667607,149.3519938867837,146.17533234127416,141.5371273582148,140.93394342697485,147.55302449870746,0.8999999999999999
83.91317583416836,78.4685006023023,79.79431948217174,76.82573803999475,84.38461341024279,84.23690705643395,88.84425133027864,91.76262840663586,89.67826166942716,88.04065622103164,86.10784524407634,85.4376788791995,87.44815727618776,92.72236286071015,99.47585904244687,103.17437424819052,107.38409624518602,112.9176512349901,116.31166847204324,125.50221085465157,118.5325252683079,122.67623048814633,129.3987191438804,132.9500795137944,136.87689819527898,138.21082545214472,136.70352779726346,132.66056550022788,137.03073692147643,140.1544773732041,140.49597943226613,146.41439218621701,149.32670380214944,149.3824530367812,152.06374386978578,150.00089278477776,146.7094453784942,141.9786212651838,143.09891382180575,147.72287373931,0.9249999999999999
84.51042155965894,79.07618687872434,79.22033141116697,76.72274844985348,84.4158835116834,84.31694157996674,88.81259182720515,92.47205392391304,89.76970686334313,87.93841324487059,86.34223869494511,86.50022239973637,87.95122915337166,94.0944419203193,100.84683651907164,104.4982034376259,107.48327256232045,112.12153308751664,115.80402748776896,125.36998398829036,118.52549468214687,122.3839666856615,129.22713672604934,132.57677134768235,136.08937434117396,138.41841032816816,136.65989342347672,132.31421897627862,137.04565459518784,140.61591579385308,141.54514101152148,147.64681741832513,149.89270298280312,150.37075609512848,151.96456239512605,149.90628347287014,146.46239486263977,141.4990163851363,141.16289107827555,147.16831339788857,0.95
83.87474048587947,78.50719027100888,79.08664282269248,76.6278742295087,84.2338980051981,84.61014915811674,89.88297631369045,92.79957027621072,89.76718613566177,87.56092580568436,85.83822464559752,85.46677301130438,87.62034877889444,93.7170154656669,99.61255703633657,103.7381683312008,106.8652306167439,111.51250993918589,115.86162155524056,124.88408849108214,118.03355030906806,121.63957415153766,128.64667733232588,132.35444574186263,137.63703707757796,138.29087611705145,135.83557788552943,131.71332133964415,135.86043314042317,139.13590020319853,140.30254840108444,146.866241703456,150.229457267745,149.39329122209506,152.00440318140443,149.58298215767152,145.67897758942328,141.16722528183595,141.98236248223247,147.1494589922941,0.975
85.53952179508006,79.82021847962386,79.79241961617092,76.96049745366432,84.56841678874574,83.63062284048382,90.01421147537904,93.40135788399854,90.22823673570718,87.74018873553008,86.17923160607624,86.79330371423076,88.99333878118642,95.11087398171782,101.19079286007053,104.3196577209929,107.70585893413883,112.7047736339897,116.95845090147822,126.34466117788008,118.88901785595095,123.11510106447085,129.9304132436712,133.61474868922687,139.40240324544084,139.31130222034002,137.7958070162966,132.71696087772088,137.05743588666448,140.02653417299214,139.5966027417632,145.14893368094673,148.9622223969028,148.39419091008452,151.21348237412224,149.64700658066525,146.21737822819634,141.6496583339748,142.55145868311695,147.04963499949903,1.0
84.64767983715512,78.46357246813267,79.50246937206666,76.5748284417831,84.18632223494453,84.71974241445243,89.05772494070297,92.27156725094758,89.27201704440215,87.03828739992454,85.17870198973688,86.07513170801815,88.38927549856325,94.30501782197038,100.63983589602083,104.358080674311,107.96172423123221,112.56365661396228,116.76061988976156,126.05547889709464,118.90146442791834,123.11143061517183,129.83444038297608,133.72657204560795,138.54839999479117,139.53145897299703,137.6366221838222,133.10835067528623,137.27749846230842,140.80101414903694,140.98812846548844,146.50332586955503,149.32830167148836,150.30076152516236,153.3820011511374,150.86750270915573,147.42759921801772,142.84162134554006,143.1455045533152,148.1370421107413,1.025
85.52880606568851,79.93937111729068,80.09605357868011,77.31564487663337,84.58720448292638,84.00145679952072,89.15961762738621,90.93985517816503,89.24467602817865,87.08577515964254,86.15743168706787,86.8521735394485,89.25789406295291,95.00853337507664,101.1674230304729,106.3117305007444,109.76131123378164,114.15662669732856,118.31718995616768,127.30595588469353,119.92805248097463,124.17410337623605,130.81635990869952,134.5602942884792,138.49058437827622,139.87868421573796,138.01569752482777,133.8024540636036,137.84574594476618,141.41971606868262,141.62155307565502,146.77045228245373,149.30357917447577,150.59518463536952,154.18487785610756,151.57551258915856,148.933039784679,144.60648038758984,144.8666775705975,149.35535652455002,1.05
86.66907366864874,80.0271157189888,80.2423857764462,77.35453181666156,84.36020530544232,83.12725978947647,88.07496650221042,90.74024116413716,88.93754652688963,87.62444108803096,86.60607538160178,87.24803008296108,89.97490339900668,94.84844983477365,101.38311607200876,106.39618086601425,110.01309327207281,114.55253020148984,117.59804637497118,127.31796804340107,121.55981254167682,124.47689330897308,131.24175237653705,134.86756737361802,139.21923805394277,140.08673503343346,138.66510936536886,134.19650177479775,138.50460065700943,141.77027980581101,142.50116964338966,147.42547637274535,149.75181470010628,151.13289100913462,154.11497518241265,151.65396775528623,149.02217066820597,144.76202041408638,144.75331608158967,149.72999073633622,1.075
85.85106457556066,79.54213652167593,79.63348952564345,77.08909979619843,84.24401891660563,81.88231519267234,87.86606582033139,90.77817652830532,88.88845881342502,87.47729942653012,86.60259585759931,86.86755295068201,89.62884436982637,95.17788468593662,100.8395216580223,106.01227779633567,110.16226712226003,114.70469874088602,118.18676425720031,127.59350027037138,121.29684872352544,124.30403187486922,131.43760448343403,135.06096474317965,138.66728438948408,139.71251328615415,138.58506052226417,134.55223073837735,139.14281910282023,142.07784429741235,143.2356999992749,148.06310219009438,152.13660802995742,151.6764464417743,152.7537737243767,152.67492799706176,149.86497690500025,145.77133266231877,146.0564143053684,151.0237139519806,1.0999999999999999
86.4309079688731,80.1941015730952,80.05536768412568,76.51678785713852,83.9760075791186,82.37674469376249,87.59480073068309,90.98235857608395,89.21398332508332,87.3370816272555,86.67374227545146,86.96213271229193,90.39907194079501,95.26520226045665,100.99523188476326,107.29609440296463,111.07155447900197,114.98470737471217,117.7956586949189,127.2913630118172,121.52751925677993,124.80324541295494,131.17558135961758,134.33204600517016,139.22305458406424,139.88405067312183,137.90994648079342,134.30095625144605,138.90650242392317,142.2319458318759,142.5710685412338,148.0107474349689,152.68486170640716,151.59259726809066,153.82330565094043,152.3821537418644,148.95632211024042,144.708133258465,146.73741784730953,150.78686557910436,1.125
86.34319303898737,79.84179866426774,79.86896388813676,76.80755242273449,84.36216772528628,83.49098130787829,88.23675859222318,90.19608301130941,88.87401688815137,87.97146410091071,87.01901775349828,87.44246183609545,89.73845009740799,96.14361583702899,100.80420122804941,106.9274881580983,111.54677109400276,115.36640596510424,118.3840747849695,127.73906502204906,121.43403783811436,125.72138311964568,131.81175359689175,135.32939312021577,138.67500784045578,140.42007652037248,138.59877472965783,135.19856095358494,140.01723561869684,142.61378591996592,142.84774684148945,147.65541815134574,150.80501075048397,151.58517962572753,154.77178254757183,152.39510379679538,149.3800146276645,145.47103175777337,148.10322142558144,151.0188495918546,1.15
86.11634656089998,79.95516538839965,79.89723044727373,76.78035196507064,83.8010382417709,82.82251512182893,87.0561896322057,89.6493132919953,87.57830778807164,85.97857570067933,86.25434906196233,87.24282869287558,90.01813133517754,96.04508141458032,100.37642695448022,106.75044638651298,110.66582915045305,115.83106616549858,117.42451156994389,126.57677473623363,120.9111144657399,125.3508523280907,131.15325021987226,135.1863639006457,138.68181256178454,140.06957516138132,137.98494139221773,134.32121993991643,138.56805359931812,141.7065540093033,142.78082527277164,148.86030700492117,153.14014961570393,152.1536112903581,154.2840751850049,152.18135456700898,148.34257755550658,144.39048805733074,147.16285628471772,150.54481056354945,1.175
85.78644328527031,79.2464830997369,79.6153573255406,76.76135808274252,83.66233567407818,83.09589254743528,87.19157688085266,88.719904345136,87.01155032485214,85.99576114955462,86.18699312175178,87.30938765003347,89.80142506981642,95.57194852007427,100.60779294820553,107.13344401634888,111.34098089303805,114.37812491713734,116.105598702294,125.06594449025081,120.42939864988477,124.47359752438399,131.15534542131869,134.99881601786518,138.61111538930194,139.5302909176674,137.83813660505407,133.50446465925978,137.70109843891385,140.7528702084136,142.53066775399708,148.18868086112093,152.90100134299735,152.3155956064139,154.87881603255005,151.65577939222635,147.90027038929554,143.4463246387792,146.72409137388522,150.67299941402973,1.2
85.89917057817024,79.52389239391624,79.91770610428298,77.06093008640616,84.19153524229054,82.31212126006817,86.86098303082952,88.59990322586773,87.42799398854388,86.62492376893901,85.92463695000416,86.87857843811346,89.73862449080464,96.47879014938066,101.28838883308619,106.89714110339895,111.45425202987195,115.0308855450134,116.47048096410956,125.14394338389508,120.82438977539101,124.14491448465833,130.84137380576783,134.6967383547634,139.4309660215666,139.97384494157004,137.17646929151957,133.7863493983847,138.3552048545813,140.7492231992589,142.07894983906837,147.79693639337444,151.47594316384198,151.35466155502556,154.82430101130726,151.7638373679043,147.63633345553853,143.89285649034494,146.86278604985307,150.31114042262845,1.2249999999999999
85.47413931113974,79.2984746462671,79.93045945658616,76.84554084201497,84.15586579960032,83.0240676265112,87.42730622200823,87.59692267164996,86.56349704235276,86.23510432154725,85.93758582845777,87.27752356670042,89.823281402148,95.9074847861588,100.67500350732607,107.05968622730799,110.15207251322911,113.79989949758439,115.37311705851945,124.76153839006295,119.94244307146292,123.15915445778981,129.948180792518,134.06963883032407,138.30812105822034,139.25001112806228,136.8189665734457,133.20433459662686,137.42251601178938,140.82743445682593,141.63906887276136,147.6984641036972,152.4339379642948,151.39617420020315,151.9074833404397,151.64679926170416,147.82613198985945,143.91846523503236,147.1065247643594,150.3391334676493,1.25
85.22314912640837,79.08307476124907,79.72255566235907,76.72144443729252,83.43804180783971,83.31309471301725,86.40984877710011,86.78957450787676,86.02469025854727,85.2486652976928,85.53131668330246,87.27772278118292,89.46092000683102,95.37238036565975,101.09202825905096,106.74103616431003,110.07857977251649,114.57204289706198,116.28823433418131,125.62138180508103,120.78903842627878,124.54948702180747,131.076345668827,134.87926582989223,139.07251200283548,139.74541300608078,138.87106940367366,134.26449801747128,138.10811718508063,141.3437342384885,142.74870428848797,148.4429836273791,154.43638494872138,152.0874328786131,150.26939171468683,152.07146020573805,148.37967317027272,144.1333604551313,147.63248575335308,151.17427550657015,1.275
86.27377708272893,79.17560691990312,79.56020185870106,77.04691025584691,83.67081020290303,83.08350815293974,86.09076887083191,87.00904014251955,85.98314128104823,85.35380024295225,85.3004208236575,86.98634303680024,90.21417400529464,95.7518197482262,100.49093954149738,107.24175628611246,110.60764722239202,114.89323890068144,116.58743429749859,125.54013855648509,121.1835848831929,125.36237496364072,131.54103849906463,135.53949659426408,138.86057089347835,140.3347585591569,138.63958879302473,134.50785262089389,138.54344322220464,142.0059882881023,143.15517460764593,149.20191001504662,154.58881626158,152.75605370899788,152.8342356884266,153.2400746424989,149.25018589802858,145.20551793649105,147.26219718512513,151.509865286867,1.3
85.61060323234133,78.96981914794395,79.10896125067023,77.13571650110501,83.80388756214803,83.1187144161596,86.39281229555445,87.71105743064092,86.61264322718304,85.64431936396302,85.61649763730072,87.0020645295563,90.09282325936107,96.33077351278322,99.8870004239107,106.59043123508201,109.80109227799792,113.44661540275098,116.18412724912503,125.05593753528987,119.64460502096185,123.25699617172066,130.54026765596444,134.13216478736325,138.17992646531022,138.97581467901912,138.03470100856939,133.56813134798463,137.6058696573919,140.97992954953614,143.5966834170099,149.2488479799718,155.59075979421027,152.56182679855047,150.76377078857283,152.0850555219047,148.04318266957736,144.3440080785184,148.36452752288517,151.8030328857871,1.325
86.29168447938612,79.87343274916998,79.76592427499773,76.94241999711075,83.85100654305819,83.14540240954108,85.84905167531889,86.8200145567439,85.81333738280391,85.3496195112871,85.46881073977003,87.31213715989279,90.25310998251709,96.16611077217316,99.67815734830808,106.345516401624,109.46373921758101,112.83393558277862,115.86593711391947,124.09755476610943,119.30271278737084,122.51972335480067,129.68151262521772,133.95718733615877,138.52494560102826,138.90762739175528,137.89090979754502,132.87811893772863,136.86214314487216,140.40438400982228,143.16147937291154,148.8641320098125,154.7640458290242,151.98771910713788,150.7019534243492,151.81843486602696,147.96641740047156,143.99077731192187,147.7243890419402,151.6914071087477,1.3499999999999999
85.5423696076935,78.94191263861575,80.01763831831038,77.20547091561227,83.90511164125073,83.08465426760984,86.11269758629757,86.780104681831,85.84051193597264,84.8620399228563,85.58872980283898,87.1038574036867,89.06968920311769,95.4252012501279,98.50441775380057,105.4268963021114,108.5169189786198,113.07561172147297,115.44220190748595,124.13261977251537,119.36407470864006,123.22341889472028,129.74412571434553,134.2924005286216,139.3218044421751,139.29334097920008,138.0764384868289,133.10854138675668,137.3723826838861,140.95996299172802,143.3119015500067,149.61035319847093,154.93500240883273,152.17371238043617,151.443682904513,151.5908530383821,147.7737080979034,144.0941534117819,148.18355159720542,151.19537570956953,1.375
84.79365119871535,79.05096659820336,79.48352406961328,76.93612066414704,83.7944603559481,83.30222667465014,86.06911796737626,86.21927057662273,86.24939832760398,85.78293469379743,85.41744719278151,86.70512880146867,88.6926330232598,95.20136247665131,98.77554468448233,105.3419779831465,108.71021672008808,113.8401556053353,116.34681449365544,124.89693332390851,119.6395153203027,122.79853786676142,130.28416717795295,134.45107200310903,139.49914299939186,140.2352563387668,137.67837435770826,133.16876823635948,138.4314830479846,142.0734036913912,144.3158946682805,150.75623748595822,156.41181791878907,153.37667809862805,150.55512028815613,152.7683962238324,148.91224216552473,144.93306479957712,148.26070040598992,152.3704046537218,1.4
85.39118876922922,79.25184277069283,79.34957376045796,76.7255272713309,84.10419338982638,83.42699478044356,85.72094099134911,85.49098615702874,85.38688383130443,85.17397829123618,85.97370892393252,86.70033370130434,88.89022403834625,94.79603288259187,97.43544856437842,104.78095127312915,108.73854626297026,112.96756389480015,116.47881797927087,124.13209923177982,118.31944076382266,122.89994670838982,129.74684043933692,133.9439254562963,138.53662887057706,138.80740298544396,137.28832266041866,132.44993989328586,137.34906723921188,141.48762861435964,144.04537127870827,151.32319579239132,156.13152606634998,153.2462953057033,152.01527180085634,152.4355786420262,148.34714266901128,143.81456690553003,147.32345772879756,151.71341492862135,1.425
85.43922013191178,79.47066994806875,80.00286933542728,77.59198420665163,84.76574308115815,83.72871239978788,85.77161684866032,85.04681070801936,86.05223153346992,85.89369328630814,86.74907304604042,87.18376127143227,89.31826189069602,95.49244944279036,97.88300523402913,105.02011127062863,108.4141798540272,112.53261351946239,116.25259839698629,124.54255913016749,118.1514771005356,122.73565908594546,129.93123277940492,134.46802083853373,139.5824266550853,139.39721099142687,136.88184337841173,132.04593473168597,137.26108375578917,141.52592988701608,144.2104282706546,151.3004459342753,155.33628731011515,153.5298498015629,151.7720960706201,151.8659765228497,147.4478020475415,142.75651073192802,146.17002040700675,150.02316457201763,1.45
85.44752838740166,79.25792117225586,80.46872909171461,77.18235499968182,84.65936712446674,83.85908874245888,86.6929774632869,85.95806509265338,86.03758664246513,85.7149919621067,85.88528235114512,87.15395727213055,89.24719963213215,95.39958283854416,96.94333293106556,104.27938819103713,108.90848771469024,113.34444044934531,115.83910476428971,123.73091805211209,118.26812214396406,123.441465343045,129.90200607809743,133.86722680600073,138.84488184918058,138.78609964699797,137.02168557059355,132.23424814658142,136.6575371214252,140.7030308309822,143.3231014307097,150.2624239344272,155.31648669040263,152.54602797919614,150.532358456224,151.30707038937712,147.00494720781526,142.9432537841708,146.05329490678176,150.13336929366704,1.4749999999999999
85.52348928986936,79.46503076772329,80.57441214354289,78.17869761111078,85.53899888503813,84.16516770025896,86.92279776683229,87.02678940173186,86.31847820486695,86.20409130017191,86.19497758212981,87.3621497962338,90.02673774988885,96.47481578467415,97.25294551907896,104.04125352924189,107.86969182917937,112.5030333837569,115.51074298525307,124.33852289844398,118.25227568776563,123.02222078382235,129.57741552682933,134.14503291148702,139.0001921866898,138.87594989149417,137.57945854459587,132.35711655626687,136.088797104221,139.44759655987528,142.54738146544992,148.9195505818603,153.81324922465018,151.66687808162504,149.3049234951299,150.43815519213987,146.19716217494604,142.2042739747417,146.18977058309832,149.73390870983178,1.5
86.37180184910795,80.13119804733847,80.85217541429856,78.40200568528576,85.27723205732511,83.27728503611611,86.00309645960226,86.53992676141362,86.17448356590556,86.21765214988457,86.52119362621093,88.10992234830698,90.58290835348981,96.43915051887403,97.14787772043225,104.96008133832339,108.2195844006325,112.33097802136692,116.10992630113014,124.39395839246473,118.13500026979119,122.97626115117058,129.85058624010105,134.0802937584974,138.9875472341707,139.4190176513626,137.06816687658502,132.67896045395142,137.53701344943073,140.58362432717047,142.85919107697697,148.5656021807083,153.9882913936767,151.72534138950172,148.6581302921814,151.47912877730982,147.70808575100267,143.22875620960647,147.78856536317454,150.03771764047838,1.525
86.6486618671981,79.46068749343337,80.44524836280522,78.06892620641054,84.7944479523279,82.81744942216447,85.33073505552659,85.98144837636171,85.79477373348689,85.29893023070811,85.76780898784656,87.99169695528056,91.45207507898772,97.434612832501,97.00371844818586,104.17558101410069,108.32715037269949,113.28028979880648,116.44319292888858,123.88207011644403,117.66151851754196,122.7389899803486,129.5501552277101,134.08828289851925,138.44562977726366,138.78286232023027,136.79407183915808,131.85083207874519,136.71842881209477,140.17596315880527,141.8873635360862,148.0215498046498,153.5703229093285,151.11230180028994,148.3867526680046,150.71553478414694,146.74479487629313,142.52724689513485,146.94574231696774,150.16764312532206,1.5499999999999998
86.23744976164642,78.7694209876218,79.51554727127007,77.77619814841988,84.93116282762446,83.12432554060689,86.60738050731467,86.91162979100949,85.85818680618317,85.25056718549808,85.6698052439446,87.70993764039702,90.61462988106466,96.62753561429219,96.76007814660439,104.4251106291388,108.89147116976366,112.72456143296799,116.19024643357275,124.75947742943063,118.49654308500149,123.24879772276907,130.09654126900176,134.61589465687308,139.49287197269072,139.74912537191628,137.06610385768852,132.0491627985372,136.81346633024083,140.4271584999927,142.53027328579546,148.24591992473165,154.37257822335212,151.40147677950765,148.36333220455674,151.04918426190855,146.91755972116565,143.05813082401832,147.01311666752855,150.20703260636927,1.575
85.75399347227508,79.36724058070058,79.69574910618924,77.61276326546418,84.62281938812802,82.66362196963038,86.01035966818328,86.1957636012045,86.05169167058902,85.81347543347954,86.12577709553636,88.0931728720966,90.45051808520023,96.75832257172567,97.10404392902385,104.85620338416939,108.01779028497819,113.12559934022545,116.51116126370695,124.72357418749522,118.95263834347693,123.439279892775,130.37446498113994,135.0104868945911,139.13748934705333,139.80588988120317,137.99548414180478,132.72526137016706,136.91014965069917,140.2542584715892,141.47891217256867,147.46440146747784,153.99980879698066,150.71041191694397,147.32663659886882,149.77832882208892,146.0579596218535,142.3624750217053,147.42575345960495,150.4145833032894,1.5999999999999999
85.76709695144305,79.73706188218361,80.90018456888374,78.52049442600664,85.07041437051672,82.53922598942293,85.12564355353578,85.14117423642901,85.67976212726487,85.71360494419875,86.30581826805393,87.54997082361328,90.1997162273289,96.1595227437738,96.77276404147588,104.49081280480371,108.722978627875,113.43704226862283,116.16017388998156,123.94784907202452,118.1508232033571,123.28035235588936,129.56726164881502,134.35194572579564,140.29973935427802,140.00530729329435,136.9003183410689,131.94984084597357,136.8222513166773,140.28543311350538,140.49742204873493,146.71092598650358,151.9836651674697,150.3806884264822,147.4581767550122,150.19432628028272,146.62815487138923,142.93980788416948,147.01698091499176,150.41402942501708,1.625
86.84916054655923,80.51307719199775,80.26366302586979,77.9719632901228,84.79140866730917,82.40912958338575,84.52786032223713,85.7396797292753,86.0208274878629,86.09895822694816,86.47393113499282,87.98668606629792,91.07923836802263,96.7406946199319,96.35552652252127,104.45489189278445,108.57579017907989,113.06551345968751,115.18047064342949,123.46861824123437,117.73042099218827,122.69687753263776,129.1988987984228,133.55092695965757,139.46958713374732,138.65143949899388,136.2333428708927,132.1704824171117,137.4468502479247,140.89624396166312,141.2086760895818,147.84657106346512,151.73904523065968,151.13370188961287,150.50119188414556,150.85284631675526,147.09209282540917,141.55300888552202,145.41799606411485,148.6744233828305,1.65
86.25962268002239,79.51210020571075,80.35612947165873,78.19413454978135,85.36902494017448,82.73711076190105,84.63828881792818,84.60147192151283,85.77313571786057,86.19631508209854,85.82818214143015,87.72510969396663,89.65520812787764,96.59778733063797,96.17946771059296,104.09272940312022,108.5137773032267,113.56209363572196,115.07778347631503,122.98644554981092,117.97022549709217,122.86175091179837,128.70875078294696,132.82212430079045,137.9206520802158,137.26270138221201,134.95268679023283,132.1935833555691,136.97199521722612,139.5913677071774,140.33351691344964,146.56714549019802,149.741427296096,149.4995722946801,150.78006110918977,149.85195139962687,145.71530445021983,140.5589810920013,143.4380563708052,146.52344799646505,1.6749999999999998
86.09066972612601,80.18738094513805,80.41512524482692,77.84311382135832,85.16674356344066,82.16587391872241,84.46464675299492,84.25614486721582,85.81091473818222,86.42562417525608,86.46091651752084,87.77035796124426,90.1090430102602,96.29753566053482,96.87636870580576,104.59034528357762,107.49772974362207,112.3731079188598,114.58232428757623,122.33868210675024,117.18854690942842,121.72769298600326,127.91738777645895,131.95966042470783,136.81737928433435,136.35965045955717,134.38563401713964,130.51460145637412,135.33316838053466,138.84028981561931,139.64621212410142,146.20467657634654,147.96875529066364,148.59864646079504,152.50079383407018,149.1299873102364,144.75909805641854,140.079071000577,142.95181885941616,145.88295758481712,1.7
86.5615882586936,80.566280009628,81.0519814747004,78.89857072352143,85.78350306287166,82.53485098546827,84.08571148659806,85.13056705764527,85.7262616314737,86.45538200170151,86.91303052798222,88.04222357987311,90.04991573552884,96.6137044906261,96.69938911613511,104.19314286862146,107.47118365337147,111.99782861247951,113.90334042790184,122.3042549533246,118.24355974895403,122.22474417094216,127.98369488472375,132.12152890210683,137.95065274041988,137.3744519485344,134.48717205128497,130.79578088789316,135.53595002404154,139.03178961832748,139.75470294311245,146.10285666628874,148.45929652607225,148.85160509072125,151.69523478566202,149.0586710652207,145.30571307308423,140.71469218381307,142.967240809818,146.31448760166793,1.7249999999999999
85.70277497805056,80.00332757792545,80.53563929361698,78.1188731241761,85.4178743674918,83.2230644175113,85.08460414543208,85.09730521500944,85.79258492305968,86.12089823957228,86.40959869922224,87.8474111852251,89.21929288198648,96.06056876575677,96.05788602891124,103.286596253807,107.60409741284596,112.16035507189883,114.1555430596209,123.16338239936431,118.12459720357305,122.36751857337455,128.7955422597676,132.7480984070178,138.31244396999372,137.06689222774995,134.89873600129863,131.466100794106,136.13533906960944,139.0550308187279,140.49216845311074,147.50885785908994,151.2815680528007,149.70857765834478,150.69846280079653,149.21756002395563,145.32806695925692,140.58189353948652,143.12110776558532,147.4296422062189,1.75
85.52554210584307,79.34151694644737,79.89359847088176,78.16278708822887,84.97539693860548,82.5487642146765,84.6429430641656,84.72858921339497,85.69458990505461,86.09458331917745,85.98052010763166,87.81026845300165,89.46541152283339,95.90408053906863,95.27789751715872,102.71284033221019,106.94664305897922,111.18550052608958,113.68355953477356,123.10439802609471,117.66222012181828,122.09653527423973,128.78845980672136,133.11142913300506,138.43876862672764,137.1953743243546,134.7910553311519,130.79824858067727,135.98581258262297,139.1336907155553,141.63783074876682,147.6269475296434,151.4370880770279,149.84388045633236,152.24274377266033,149.53099837518283,145.51435998958775,141.63914077317037,143.40529643410474,147.70799643784807,1.775
85.05064738446553,79.17875018227156,80.07142389292333,78.55497134442878,85.73229947883749,82.38661173492613,83.92997977452464,84.7821953974691,85.94994937621672,86.34975697154019,86.08297326541651,87.36052764616838,89.30473568415893,95.77519693982227,95.10671347005072,102.91359338029605,108.06314568381936,111.9062250094527,113.45222271983172,122.83215596026315,117.4661800714637,121.84487296837199,128.41511499451457,132.92367366793556,137.91469299295355,137.45700422423704,135.1608132388096,130.51299019457267,135.58416290046932,139.17345150528578,141.5563380432829,146.5587388011172,151.008054981776,149.5422536501482,151.46941770346177,149.7096858772373,145.4804644795957,141.0856650006271,142.83944052129584,146.0313392432441,1.7999999999999998
85.85529825772329,79.4906228581132,80.37190085364261,78.62853876852019,86.01066881591518,82.81064546739566,85.14298518371324,85.59543183911171,86.20339497775024,86.47016858153268,86.00931710744466,86.984912946121,88.75643707514979,95.48223544343867,95.40959292604309,102.96421787399429,107.32412534840762,111.85354838581276,114.45568363817887,122.60050668144825,116.61930590651022,121.51827102175045,127.9302346452771,131.91903520240209,137.07507172866607,137.09929297786368,134.7763760722114,129.64862201260075,133.9687660620189,137.40873598130753,140.04523283377887,146.27578838361558,150.7985176696842,148.56453061412333,150.63433424551732,148.12478254459157,144.3110183602866,139.73178778761283,141.4825490226785,145.55331774575677,1.825
83.9370460457026,78.32805033278208,79.90541890311012,77.94908538731082,85.53494956872856,82.68929733225343,85.12460848899181,85.48214766717915,86.52257976768702,86.66330830857936,85.71928339482506,86.49737172811965,88.36633058079659,94.56015077341397,95.03061961438495,102.13727396079679,106.923632747568,110.41188092759543,113.21577955819231,122.17791294197619,116.35766979234441,121.26439442536241,127.69292774646627,131.82875899370862,136.9058837691124,137.10571618950374,134.41793023023448,129.526477293136,134.79194813382122,138.3884578331471,140.2540638234835,146.83842665131087,150.3554866445969,148.87777819312714,149.36940892775013,147.873702399245,143.9206772988869,139.94162806085177,140.23735816202156,144.82689922558845,1.8499999999999999
85.9803545809632,79.51876967195568,80.20060309555495,78.06119075642681,85.71301861707772,82.65412396016902,84.88435882992131,85.37404831329016,86.45009552993815,87.16480591924328,86.29323670855055,87.29148827525799,89.33369865971306,95.36778781831211,95.28682696933103,102.7336574347478,107.52920941738256,111.35684429305846,113.11165423387479,122.17917283097364,116.83539767665428,122.5954343501381,129.0743557473492,133.1584178357886,138.59094787119398,138.10768945540207,135.38323773384246,131.0879150111726,135.1602380156113,139.23775668111978,141.02757221503438,147.26431608260634,151.23953892995672,149.06479076490777,149.04166118154072,148.0871998069053,144.0267758108418,139.44816226152975,139.07835818524234,144.3487045501254,1.875
86.12018218421323,79.68164825776773,80.26300806451874,78.09147383844399,85.26628674117138,81.28940640532441,84.54465001983604,85.87266189475491,86.22254817327224,86.35842750939096,86.36193346769272,87.1885806763508,89.18179261083152,95.66520949509223,94.81847229976972,102.41291494103262,107.37290413010817,110.47515630974226,113.2027967700715,122.51716846221211,116.51184740510664,121.41326994262562,128.08613036890256,132.46844235037895,137.8607799884332,137.7819108277583,135.43281639577165,130.00278877556804,135.02888492130842,138.56041775159136,141.53920491466985,148.57493495182007,151.69213140795182,150.6282176913565,150.18143134123503,148.29337375289617,144.00625489968698,139.5810720362872,139.19017613264853,145.00129689234083,1.9
85.08225152187593,78.47107581786301,80.06854056815271,77.35338835880752,84.65818098108114,81.65654800674346,84.54881294483164,85.59906616129194,85.40466120439555,85.98645627433177,85.88125359893377,86.51330962096867,88.39122435403974,94.68072946966299,95.13834643137326,102.98619348225233,106.01422281445289,110.29911211597988,112.3541195772325,121.68855889645931,116.29820245990345,121.03700735833385,127.61288195391873,132.21391507185433,138.30578398973506,137.7783005896094,134.77289761391188,129.5951664783534,134.55627754109116,138.9331589024791,141.72380529034234,148.61570380959273,151.52437118264336,151.21411806049437,150.48586687823922,148.99712728154628,144.26823128088054,139.9043384190209,139.7295276388176,146.46224247580608,1.9249999999999998
84.69114364304633,78.82793176585855,80.13106905685643,77.87532438427931,85.32018369419868,82.15116941477729,84.91478642510282,85.9399924814394,86.3737532410378,86.60001857001471,86.3494199469908,86.61029162559089,87.28761757316857,93.6728655095967,94.30596713434622,101.32898940340219,106.05916893706066,109.76055196130827,111.82515962290344,120.89798468648843,115.4048132517442,120.94026191754492,127.1832451673065,131.87833158817918,139.01378017518505,137.23321954382575,133.80552068984903,128.2218745146272,132.92633184258958,136.82759129825558,139.7236988754265,145.8355467258119,148.75785354155394,148.37940405637102,149.34695078605102,146.68567445260433,142.7461013172578,138.71361656521955,139.6026467326244,144.4922156036923,1.95
85.67734443556185,79.61427504655973,80.95835008392416,78.16354918296804,85.58499267406138,82.71415805193939,85.4859083176258,86.56146466468898,86.34070048705343,86.32711580894406,86.41658695943264,87.0385408303882,89.07416528051465,94.65073819425461,94.78578716672467,101.88655519080226,105.5328149149673,110.18193574238592,112.2828352768779,120.69926595153774,115.51425768223078,120.42398304326977,127.03414755075394,131.8303525861504,139.1855941202351,137.44401221925492,133.62026906070807,128.0673481060903,132.68279765104288,137.23356638559736,140.7987755314103,147.17183290739675,148.1051241820713,148.55511339087042,149.76811659013046,147.1503349722306,143.11652744694524,138.5118254477558,139.89657648052847,144.7308228441267,1.9749999999999999
85.94344324824772,78.94312609215605,80.5204364674351,78.156281480894,85.26632242966056,82.11911911110741,84.54234395457837,85.95258054942924,86.30476523314562,86.26953110336379,86.19261870488941,87.14056392662155,89.23451919091568,95.44783873357503,94.57124424565984,102.06531479977306,105.43426759624512,110.38469657663327,112.7933245881681,121.3714921925559,115.50945794659938,121.00278134900773,127.29391124176104,131.3968101716388,138.3107741253189,136.81525061598128,133.46573344339672,128.24151409862392,132.54834029738134,136.97445695729033,139.7903408616964,145.84684268139097,148.7949452701228,148.4258743667128,149.39194206390124,147.66200388573074,142.75160866360466,138.22855120576733,139.61320223980874,144.55407213626972,2.0
86.70308379410233,79.40608219460864,79.77736193099918,78.28343023043006,85.3737601694682,82.45646707372285,84.96067407774542,85.0790459628538,85.58045006759312,86.15819717970945,85.81119248211627,87.51872853403323,90.2541350883667,96.18695443656834,95.68008826941144,103.01481289981852,105.91392426166715,110.05290630715072,112.18195516664335,120.89172543806234,115.14256457641562,121.05868121973879,126.82134777327207,130.95611114509916,138.52742434528938,136.57895344377212,133.3882027068191,127.5154757824013,132.14020657963897,136.86726126466849,139.50172042423046,145.73537535794978,149.23628926153563,148.07391235596984,149.33789428875596,146.14619128728202,141.7264220623331,137.48445474578006,138.21655299570264,144.0332520506353,2.025
86.86389428402451,79.41624436093706,79.96556839375845,77.84602169553287,85.24685489583399,82.70683197386464,84.81215902573175,85.72256856766585,85.72109823995403,85.809267978669,85.90940128540686,87.56604891835406,90.725828598609,96.22605663373426,95.05270177335197,102.72475683350805,106.03732598439771,109.94377746040468,111.83129549417646,120.06649056337307,114.89004819279336,120.35391136267276,126.7711264749054,131.6891606836831,138.9937473009318,136.6187881905851,132.97135264574038,127.56499122004294,132.01362157693455,136.51779523069652,138.69667586032315,145.31737746785583,148.8489512938707,147.89379842773818,149.0471323843487,146.03937236610514,141.75743149713736,136.857968933065,139.0518982070148,143.75251836928163,2.05
87.12102933108278,80.11412884280371,80.97154900970864,78.37439222079416,85.87263733592624,82.63354430845898,84.90044369796959,85.74054960742473,86.1767747158987,86.55826334185697,86.62728557491229,88.51978373844203,90.75218104644874,97.1028398773777,95.38983286299292,102.96785998216953,106.60710169151886,111.3230492468895,112.83017767711084,121.7195113465794,116.40660284319543,121.75549698509457,127.38206950787531,131.98268352967003,138.8965133576805,136.58774466763208,133.50896194932398,128.65745302137452,131.34862608224182,135.88654513357397,139.30039734902545,147.25910335338952,149.78874939292808,148.22709055295044,148.6030932338465,145.38053197417284,140.26574536001195,135.5804690548787,136.95483618418336,142.49152098895328,2.0749999999999997
87.99093083696738,80.53024220252252,81.1067904371728,78.33357386802325,84.85365066972622,82.0670365893437,84.46259204337042,85.62014139819154,85.95429881675253,86.65275052847227,86.79125630507215,88.81007701115288,91.83194864144718,97.81694168862838,96.73691305512222,103.16570055652758,107.36300471202205,111.38737677158068,113.43087923825513,121.90317791614618,116.47968618140055,122.4214929687792,128.04602799615046,132.0527054338907,139.61189274148205,136.5477507000205,133.0745472094057,128.1810360951073,130.84425962876404,134.80675761522036,137.7146436074874,145.45100430205758,148.30377131602182,146.61295006333768,147.34702753125373,144.3390425180685,139.54849311337728,135.05754471521368,136.45379535616019,141.82824565329824,2.1
87.29086699380628,79.96241367694248,80.2925934525952,78.70136007159417,85.65685163053848,82.41248030864955,84.8863139690049,85.5905487195654,85.67215993058522,86.7594518580207,86.73499431882233,88.68412644434599,91.63135079633793,97.9122369803298,96.3814228817617,102.282693411673,106.25973584291955,110.49512638457475,114.450694574641,121.89920650810626,115.97036157905768,121.9099372652914,127.65534310988875,131.93977651201877,139.5167548997261,137.01146390712296,133.57066765268482,127.84559042186908,130.5964604148752,134.34359168725857,137.03677344383516,144.56010920862312,147.80407161053836,146.18485460282005,146.9057833738876,144.4900870675791,139.54503308565765,134.47934808849675,136.95372620506575,142.0653529577436,2.125
87.22238565296215,79.87457244784457,80.1000382270062,77.6452887389099,85.14866179277652,82.39453613133539,85.27929729506745,85.56882811430611,86.56167122558662,87.2011903074289,86.35739203686782,88.17475955779986,91.37192203233285,96.83949545393554,96.05631009622806,102.55617333457803,107.18092223989436,110.52764001327222,113.89156162645938,121.46232175734104,115.76236374597616,121.23184553075285,127.17122475993699,132.04216490981037,139.19662427857426,137.09793986923142,133.3047199902522,128.1340081396007,131.16742358938333,134.84552102844052,137.2719197377074,144.37478392405427,148.10175306966696,146.71307395549448,146.2622083036999,144.50456100273715,139.6668965592123,135.03701115011836,136.28237869809783,141.7956185381643,2.15
87.18860669044813,79.74132286216783,80.47117874204116,77.89910718437896,85.4940124507572,83.04107103667336,85.44749144033901,85.93689626034717,86.37478437787237,86.935106940238,87.09260017271384,89.03988184579597,91.71322260259421,97.38279185650327,95.67515457419412,102.50553462272856,107.72510177559988,110.53829236910283,112.58505253704553,120.3100306999965,115.19027090564526,120.4930370618581,126.41154985919763,131.473941888946,137.77726389261053,135.7687349136562,132.3043397060369,127.27800967782693,130.37073696214483,134.92082465529305,138.00147368422486,145.40565697584955,148.69317552747412,146.61571350262133,146.3558361470821,144.16168448731548,139.41068587530867,134.68908282752315,136.22147628923128,142.02848839013834,2.175
87.12763553359122,79.69391132432291,80.07575737640855,78.15376129787478,85.6900555316387,82.65302543275365,85.17209200257086,86.41801924111601,87.00214325073883,86.63438274513857,87.01505517088809,88.04493284213595,91.4397710162733,96.88713718465766,95.87030490178932,102.39415281335553,107.19603797322625,110.72620015881387,112.69994262814109,120.86998039340162,115.20544913741062,120.89939887031116,127.10896738823195,131.45350621696693,138.49269708871296,136.48595360864513,132.73482770675218,127.73656507935397,129.86193853457888,134.5421621763573,137.77156090695723,145.52224188592263,147.79760493572638,146.6986479854214,146.95979552719325,143.99259396442858,139.07791933306032,134.78909998266974,136.98835997418936,141.66446821909656,2.1999999999999997
86.91380942128148,80.18254063377502,80.42065866910201,77.97853472111291,85.70812828180516,83.15717713226405,85.72093117366376,86.35175522985219,87.32730893996171,87.25804224106224,86.92152548425136,88.10359421659331,90.66242277070268,96.16380547971141,96.13291997405034,101.93742875727604,106.39485605081774,109.57030884803712,112.02639994537381,120.42476084108512,115.24578441115005,121.06127178434917,126.36557712485032,130.78873944673845,138.61844931101768,136.19008872385382,131.84766963051507,127.09537405220703,129.8806290283304,134.419693221192,138.35154503786183,145.80223469205475,148.69245603316756,147.4196024639742,145.6830170357515,144.51697061863155,139.3867044042504,135.09067311234895,136.93792515141203,141.10388054973453,2.225
87.00526443344813,79.73897582210981,80.30838985080558,77.70069865795719,85.58754973524918,82.88951916165237,85.25277611290304,85.58062570030128,86.72812708594792,86.71008876480954,86.62571414784544,87.99523429302079,91.0309163923072,96.93433213456609,96.1472038304116,102.4671154330417,106.9096353136002,109.64540841755266,111.87088676049345,120.00800802143007,115.24857167654903,120.53236746891366,126.48085519200882,131.0844800909652,138.31902802765356,135.10016945645566,130.8152398919095,126.5947098150096,129.0930940866658,133.56371559947456,138.12826462230015,145.56461518421912,148.52300094957073,146.85360804969076,145.65727710068631,144.2909096223837,139.39434898967679,135.03996096589765,137.84139924822492,141.68945483411574,2.25
86.57866953905923,80.54015282697358,80.30883218451808,78.27368906217771,86.09985421731687,83.21641690874358,84.91847575301051,85.47793375254004,86.29864713177423,86.69713733345566,86.53678353142479,87.84939980020627,90.23053157830878,96.05180222693397,96.24990154521643,102.16860087260795,106.60791667705416,109.1865571610615,112.1647334621567,120.20153642000147,115.53181088430452,120.9917575409452,126.13276557741304,129.79980482634318,136.98895430203532,134.0003331455315,129.62609759518028,126.19444855548915,129.44459775410462,134.12815222560843,137.43550576442766,145.29270716526707,149.27604846287133,146.91207054037517,145.4447890463913,144.00406724015522,139.0205343438839,134.6558175123702,137.1811531459026,141.96484370083297,2.275
86.00787412576022,80.11182835810578,80.18627838455875,77.76902774458418,85.54005346687495,82.41022074412643,85.02697639052312,85.65232771156411,86.62642125811894,87.12444658864004,86.32393176944964,87.85041942814053,90.00442454826268,96.21130571204253,95.77552088917083,101.35688752647724,105.04481765393831,109.12772632201452,111.23298150676288,119.60152600678268,115.18518989441051,119.6249584102257,125.47433068447734,129.4828046727635,136.40834119407938,133.81112340905423,129.43410721648158,125.7074263463067,128.36987533046639,133.2239794862196,137.46321863886263,145.46971667771123,149.3040114490995,146.32706957242374,144.1779942762167,143.52282054690042,138.32764943390802,134.26092198952887,137.36707149617743,141.3045810629645,2.3
86.3825637932695,80.7108336949693,80.36296649452731,78.0449762690111,85.30018635073966,82.62444079737803,84.64740056214868,84.79024051027989,85.7248013975975,86.38161465882771,86.6610965958914,87.92235662942633,90.19646199574345,96.11367511429901,95.40661899819371,101.7348467894311,106.85376200434538,108.90528800894668,111.50815403033394,119.17892169295448,114.74184435947583,119.64041403900669,125.54663297304893,128.94730557625417,136.27269967360908,133.09576417495413,129.26580995542844,126.14881158473469,128.62230639251888,132.817415036182,136.5954906933117,144.22139928231977,148.2060220926605,145.65627175056875,142.43773540619028,142.9770468257007,137.74273975166335,133.44109050107943,135.46378676788078,140.42196974236128,2.3249999999999997
86.4495387847221,80.0095633226869,80.67031420590601,78.05445280482616,85.2363870124139,81.81718408326041,84.93626181722979,85.7263782579146,85.95300395901558,86.33722094363861,86.10411682668067,87.64932968603736,90.11461255575793,95.76016942516375,95.16277888266902,100.5303961133541,105.38199649752661,108.97603191954428,110.06041437820346,118.08682902245957,113.69779730118773,119.47120938897643,124.42053165717101,128.32471140056768,134.95962344209508,132.26734516033113,128.76268822807378,124.88001644059426,128.12897478178655,132.83814779360142,136.95505370626395,144.52289667637822,149.72270892242378,146.1934076132699,142.95398700897675,142.82463916007885,138.00401615497833,133.5040453565308,136.30390779334434,140.68054947869027,2.35
85.88457589584496,79.90178081017231,80.39559502668857,78.10472461833525,85.86979953921762,82.62109580831833,85.24216114506322,86.44644890089859,86.40769915708361,87.23495590055705,86.72066843709545,86.96006517384153,89.21993319921523,95.55537223690342,95.44760349762214,101.05982652187258,106.00804553166594,107.828521698623,109.73103443727666,117.7591834173501,113.10695275241338,118.27582301008488,123.9477217333795,128.7063920512706,134.8242471904435,132.65900406090566,129.1384308606653,125.54701023156125,129.1834386476381,133.90145388662165,137.73605699637085,145.42348495038368,149.66111018393968,146.66362774383865,143.81469249216957,143.17159743807164,137.98289041080295,134.09293327021982,136.00820182327647,140.93616102558522,2.375
86.34271904207954,80.11118166480286,80.27533079706188,78.23549444451073,85.7191848267334,82.92428474754436,85.11912935990256,86.18498669361873,85.87908597480705,86.72135676803713,86.30281571868741,87.9208444621681,90.28007214838308,95.88554730604417,95.48965148848222,101.72324659307307,105.76395744094742,109.41572174801252,111.33451308775304,118.37741311551528,112.5658820411457,118.84574279943382,124.30428608893163,129.00528654776244,136.12144215080122,133.39560699750288,128.88961039748992,125.1212110587133,128.94301570031507,133.50258708634163,137.20987121049703,144.66493835579817,148.5355057367108,146.21503489271876,144.05707941487427,143.0896946032106,137.80281847662965,133.1360220066473,134.89547856788982,140.7503361147387,2.4
86.23532054265183,79.39987643740812,80.4305497393284,78.01267112854484,85.55983795895878,82.474327660912,85.20643445932168,85.74600185584403,85.9824353747434,86.63931469863464,86.20132663063566,87.34238839901984,89.72082180647672,95.41268899402856,94.68173119254689,100.48611097820259,105.55222691090614,107.96802274228952,111.29032539405407,118.03527190611817,112.85151110762658,118.96972349154177,124.01975324470908,128.00846078205433,135.41501800012827,132.50071544555797,128.3589299948249,125.112346043548,128.94550184927596,134.15739658128462,137.92409784633153,145.4507874579365,148.46092669124923,146.44040921140194,144.73630296250937,143.33482784447799,138.791676686546,134.59554146578213,136.44439703290894,140.67872845480846,2.425
85.97912369468345,80.48975255456172,80.55417550929232,77.82983216215884,85.55318741015,83.18509050396986,85.35134179827213,86.33746932923653,85.98708583527025,86.63099607856742,86.50266458589911,87.90940842481328,90.15315354569175,95.49849684467117,95.79260027738442,101.33337505960424,106.63775817330577,109.73166053208533,112.21836763119558,119.46131718794362,115.4800728304669,121.00177185439296,125.54323343934053,129.7602044508753,136.88405644095656,134.02371446524617,129.68015265142193,126.33658487673702,129.2986842253038,134.55759957073838,138.37919500096635,145.92609181849548,149.18805118722014,147.35354829289108,145.4190238415289,144.18010841458798,139.68479033769867,134.99232520633595,137.05381666322654,141.4565288034584,2.4499999999999997
85.99007438153707,80.61469419515693,80.05514975355017,78.28593421283742,85.75717234211783,82.30399315097847,84.96774362142047,86.4672629854914,86.03273367332122,86.2993763800589,86.11651462372876,87.40141527113468,90.60829354302811,95.99374896941325,95.83626265611511,101.39790982912032,107.0927061498893,109.93204287004295,112.03502125591248,119.80425056892255,115.41598946768346,120.84423211967666,125.36003885083471,129.32794930204633,135.78887618528267,133.06828819434503,129.2912599241203,125.98412938900384,128.6245960406954,133.34696535726746,137.20448554029173,144.46897947504326,148.23529640002775,146.4584433735834,145.0045240020542,144.13770098054928,138.94202056398638,134.7154047135767,137.78391364587137,141.0680321302005,2.475
87.0178544466992,81.47870324928132,80.55746262134369,78.1671270536735,85.70192488120625,82.12929542034931,85.13252964088372,85.45754627907684,86.32428366084108,86.90847221933711,86.78182122554145,88.47888921214775,90.95962472803146,96.401932598079,96.04120867256816,103.3428384822411,106.18253275976969,109.74723465660625,111.54732205148866,118.46130508423445,115.07114871070121,120.06037580165739,124.63355137777424,128.5566438799581,134.52958771518234,133.03997291118037,130.1606110353122,125.89167361833535,130.08255583332152,134.3436143441281,137.65002026468088,145.1770309263109,147.9638814504426,146.58954770593772,145.15707798766368,143.67090029933743,139.23689750675288,135.07351243262718,136.12182712853726,140.81214979805466,2.5
86.83011703803905,80.15214576026094,80.73314793055548,78.45872609478573,85.86980876046479,82.20538707796808,85.22865399965087,86.15388507800995,86.70431588694679,86.77771571844931,86.51610595496943,87.79126798232025,90.37009638687758,95.89462663280703,95.89236889084651,103.16622709909508,104.94791353984303,107.84364382011617,110.96460477372125,118.17953722449312,114.08846809299152,119.25231455480323,124.46408737334667,128.8347877728255,135.13493962607785,132.18025789285042,129.8148878588462,125.50751158325937,129.07298093561002,133.8264664507691,138.86728653977383,146.73135920032138,149.6754958235648,147.56054148882768,144.89730401541703,144.33869932891892,139.52668538655283,134.7423454010291,137.48624040771446,141.52483874167342,2.525
87.09362931788601,80.70023372065509,81.01862690994075,78.7822726817904,86.10284626642142,82.55032972955662,84.6994231917816,85.51938906251226,85.97142831985578,86.59700204277058,87.04070042158642,88.5116305063181,90.93336452778655,96.04980285344556,95.76412423216482,102.03905030432998,105.43169854916374,109.1053404570012,111.07361397049993,119.27128897841132,115.65157151050269,120.79684876510953,125.1259054765512,128.94546843703503,135.5415988892053,132.4784712117492,128.7439979313223,124.75558841927031,128.3916207707614,133.08442277770925,137.4167767339267,144.35401041538032,148.81229492310575,146.45781938732688,143.86470191997728,143.81805229459442,138.3846187300023,134.36553980438396,137.41231831080617,141.57162132828924,2.55
87.46492487150918,81.30246387453606,79.96789399205883,78.41954633854095,85.62100359413151,82.25402814669577,84.28208050059794,84.97412173179569,85.90639300759669,86.46166666622071,86.61651383539922,88.76377431228805,91.23339725611694,96.1103704110289,95.69211468688796,102.71098363023548,105.72594545516839,109.12279693678624,111.82262867410222,119.57402068687989,115.07766733474793,121.16567205254191,125.20619597158455,128.63585028678074,134.50892684401572,131.8350642917329,128.81527555834313,125.29664658962153,128.57657797727006,133.3567413256729,137.54723875098213,144.81363673979533,148.42366034532557,146.23491461086047,143.91338121591946,143.29601323834015,138.51971330877132,134.32676876581283,137.62887290694798,141.0685989425196,2.5749999999999997
86.46908280850604,81.25565523160859,80.24138614255219,78.68934810654788,85.71578719863993,82.30732008310292,84.88184794190948,85.23818747898378,85.77956012953837,86.35234227649015,86.98428867213119,87.98244599539974,90.5873853147903,95.75276737449659,96.3123613977312,102.81277306102555,105.55694438759795,109.44685123084793,111.81999710506241,119.31436903577753,115.02976401995281,120.81605227011275,125.17227141873616,128.45305224026208,134.46806497228397,132.03244717170224,129.3427620199755,125.44898076964782,128.78800370250994,133.72057441478873,137.68165191853896,145.0786220131181,148.96651218775628,146.5481123291258,144.93838499950553,143.30058185755072,138.31322762259444,134.114596693825,136.5383625729067,140.6141322017996,2.6
86.73078510342032,82.09910737028113,81.48406839036642,78.02402904836555,84.95821013296869,81.97580614502216,84.40761851076977,85.68690252706517,85.7715467348319,86.16908185805644,86.78005646803481,87.46615496371503,90.81320678771056,96.09447797503563,95.60106351987811,102.7467319877313,105.67499903824032,109.36255213423942,111.2946832790214,119.19247372650455,115.43521101860733,120.77415084842491,125.11740996485045,129.27022165993614,133.87803860215953,131.78189428322128,129.2222869610338,126.22780298446006,129.38661005568758,134.03148357307595,137.94400758482715,144.99256769063098,149.72143696867448,147.07095348961712,144.3872006380213,144.28243688413122,139.40884395751078,135.31924248915578,137.7943865002107,141.69947608345294,2.625
87.09345563772158,82.121015645677,80.84552565002161,77.77480305591448,85.06787535784295,81.83169102106599,84.24019537681482,85.22943106748359,85.38960761895049,86.4148677832838,86.60794513246523,87.11615327874821,91.20513115836977,96.37782848631075,96.02503323057161,103.6571707989232,107.20314241094684,110.66990378392686,112.71376832277167,119.3353582748779,115.67200927477529,121.98382813629814,124.98319303013037,128.7053423958596,132.12313704163665,129.4094601789017,127.50382462274754,124.93197370871823,128.21591679957604,132.52139296586333,136.54341695305718,143.6807070722394,148.79704494180604,146.25524925316802,143.59029566405607,143.3957502173785,138.35385394278836,134.15340598141202,137.4045540317921,141.6200326008813,2.65
86.57400975524274,81.84440900376269,80.55262844300283,77.98845411898603,85.25391892293685,82.28011760083848,85.05012925501568,85.4429446747038,85.96428863558185,86.62834855742048,87.24013619965365,86.8904871098076,90.17850056949956,95.9114224655457,96.11143264124905,103.3041713010778,106.7757184030452,110.48614576092962,113.04156817281483,120.3227504821208,116.65151068251777,122.54279710768463,125.66160052543651,128.19395332644882,132.03449188215416,128.76442400529126,126.86391671505706,126.22446731120851,128.24309428353658,133.2462533167547,137.17524375144058,144.074200355399,149.2870655333911,146.4517642705431,142.8981185624359,143.81627230236643,138.69351890492655,135.06063788930985,137.26570587134003,141.84046109431435,2.675
87.0442651101883,83.0511487299356,80.69079523720556,77.84117876807753,85.38533035020302,82.13846894207637,84.77539797565686,85.4518310372967,86.17983505473742,87.14404928267338,86.8759720617654,87.27498288824529,90.91807290221323,95.54230435838724,96.91914898533686,103.2755712301585,106.96851767996722,110.32682558764552,111.74978646957419,118.84586944747448,115.85081715647718,121.40013452675359,124.76091713360535,127.80000993255624,133.24713836532075,130.10946501253022,126.3645083718001,124.95937991703107,127.27233531566958,132.1967561143785,136.60169468624065,144.0093147363468,148.3660585369661,145.61547633032936,142.4780743651382,142.3991421967704,136.87381645725625,132.58424287354697,136.94331911676144,140.79656040182215,2.6999999999999997
87.17929128597915,82.76309246500955,80.41752620999837,78.0490057725994,85.1284393038242,82.01468499597875,85.00549472291337,84.91318510732224,86.0087620760907,87.00239164981926,86.621567125908,87.85043355496956,91.11490221248346,96.51716753909679,97.51831306349366,102.97631123100658,106.75295139446692,110.0256212234971,111.49309143547777,119.10272249730068,115.5021858121296,121.4748634888719,124.6229640584337,127.92806380510581,133.20301394427062,130.3334843544535,127.2408239123626,124.72850908588296,125.8761423537934,130.7854593370866,135.8336407571037,143.39640228359048,147.17880883349386,144.84662985059418,142.14094875401324,141.4765188839701,136.15442152178775,132.30598447410975,136.5521204015862,139.3039274299048,2.725
87.11304409114248,82.392892442105,80.55159943229623,77.280128804141,84.6709217051098,80.9381426692531,84.03822449419644,85.01568169149569,85.59944990194774,86.02434592815757,86.66614637457467,87.48389782629583,91.4075792083444,95.52219692332336,97.30255764985898,102.95408212382254,106.91656343990059,110.39899138429723,110.80773764769674,119.76776870751345,116.25137204415489,122.38321654622888,125.1502619142627,128.42562915322887,133.42821099818653,130.9614826878585,127.4388542768711,124.8864789034366,127.37382505042231,132.1131549997081,136.01678420429013,143.39047006520903,148.05896689110378,145.71701318407335,142.4033230111205,142.9723934798694,137.4774409506078,134.02431206287832,138.14078785742143,140.96425972335138,2.75
87.68187339296314,83.05609613615579,82.03713203773432,77.9026627376566,84.97844664636642,81.23824999138441,84.09208230821645,85.25931416755881,86.04947289959563,86.3012980663701,86.61629534354572,87.8567105007642,91.90202967590082,95.76770168213943,96.76702847597761,103.15524463815207,107.07510438046023,109.99575415749217,110.8065409005404,119.18298339912849,116.1354268362245,121.02225777459978,125.150071380562,129.13066737487722,135.36027438295378,133.04310529100107,128.67413771668416,125.78185581419632,127.63118601566933,132.8234622077311,136.6601521805219,143.25769511775152,148.91535921078253,146.00202941768208,141.86030757147162,143.5720615731973,138.31440130103982,134.04974708333853,137.6949188944876,142.618644914465,2.775
88.97692627181938,83.25369149485402,82.00974516376901,77.66514993098608,85.10109083105259,81.20686512186742,83.82250128062334,86.22380979344098,86.12887881758965,87.12676513398742,87.15247446191779,88.99672853136664,93.15146951207427,96.62625586105767,97.42353735740133,102.97915388198939,106.99890738047725,110.47920572656909,112.03317290666175,120.15841607209842,116.60347296723924,121.7019720306796,125.9041308887918,129.36202612591512,135.8415040457477,132.79637969756328,128.40923249842513,125.57328581175267,127.5891907301542,132.32210772159968,136.18224931671728,142.32052937584416,148.37011763176528,145.2156071507263,141.1993757008534,142.9455704446323,138.22654651932882,134.6467491135051,139.21833890205718,142.43122762404465,2.8
88.24140059805562,81.86084159611529,81.28808912377507,77.33793622851582,84.68468319440768,81.45925201151078,83.77020632699623,85.81040395573395,86.20171152137212,86.99528040082508,86.77000295559188,89.24212945136824,92.59945143411917,96.56787578242398,97.01489506261278,103.48385827507462,108.50578600743111,111.04543226185868,113.04106722918866,120.9009296550887,116.9190759212097,122.88259709701353,126.74940831853161,130.09754921168147,136.50068026189894,133.18793068363786,128.78024307462084,125.69804358351283,126.9284358427511,131.90139453303598,136.25916457100254,142.86094033121597,148.60383728565716,145.27767650301763,141.61011761808027,142.62139470790177,137.19962186006705,134.28881981373667,138.20156526601951,141.75226321087507,2.8249999999999997
88.35381565601011,81.372555085833,81.24940369586254,76.99728642203641,84.5224681373817,81.15529061421728,84.43438747104298,86.25695085598308,86.41671407386983,87.01259221776803,86.50134626768383,88.29262566019065,92.04771761373271,97.00944065918246,96.89907795206389,104.20359181118192,108.3247995974292,110.6081014995502,110.1489760911536,118.8588976244182,115.62663335757759,121.10768410353657,124.9696130903842,129.15027691550938,135.57922905826993,132.9108831566408,128.60305013431204,124.94550379366541,126.94166532313278,131.48630252688923,135.7036803070666,143.04672336297662,148.5529696729245,144.8629937935737,141.36272369048626,142.4147261234899,137.51256586590216,132.90540303689542,136.80187947590548,140.34947503424556,2.85
88.8392670158642,82.0924507890994,81.6861052105583,77.79419063095105,85.72816912201228,81.4997550107793,84.36785384166393,85.71856696301226,86.31237146707754,86.9734978385041,86.91117026235196,88.38414450256087,93.08657970119182,97.0310026847203,97.06711719767598,104.37327747157357,108.53711358269624,110.83571580921739,112.20816850009706,120.23060111275421,116.90322739274143,122.0814808586295,125.61121063113984,129.38592061058984,136.09834401560704,133.84590167247134,128.93223800032234,125.19365681409909,126.89754249911095,132.00615916739162,135.67539388201274,142.7764891772048,149.021882549991,145.48197949427248,140.639189260414,142.99252983336174,137.77196322548028,134.24785080347166,138.35800574587674,141.9168586168819,2.875
89.10908245621555,81.79249598527892,81.44334322156695,77.55892714487635,85.12985193488568,81.48195957079986,83.73959797168096,85.36141524205591,86.13916937606001,87.08714545022016,86.99546610847302,88.45352156282945,92.87737637633563,97.41328955876318,95.91685753609582,102.34303734477328,107.32079985117116,109.94825891503248,111.65319537536215,120.44624851528567,116.41877521587239,121.38564376099399,126.00441069673437,129.7179081019197,135.39732290768305,133.22903875800273,129.14694444115247,125.63334489355884,128.16984486294746,132.7106478510677,136.72300814190177,143.38006670403377,149.9517497804237,146.1243802170575,140.5449609153272,143.61783663969163,138.65579965838987,135.61948065608985,139.54832354157745,142.61980954874772,2.9
89.87771987001297,83.0868157125569,81.72970002161848,77.75381039377172,85.01853032623609,81.69890907950003,84.24495986864669,86.24898376935889,86.2866250369455,86.77021442313901,86.57611214210674,88.80397280138368,93.87298826144209,97.51113992000185,97.3481530181057,103.04062126040881,107.91893072768735,111.67181739516977,112.3551555190441,120.9990097869048,117.52596912776005,122.784879146841,127.28867279542445,131.605396605057,137.20921984934438,135.25202755709327,130.6007726267387,127.032798608897,129.4052417751988,133.6656581641499,137.4953507890162,144.55343423334196,150.94402579236322,146.8884655617283,141.7840126558474,144.3748935919713,139.33723895611175,135.30244151083488,138.22044512293024,142.45606796264195,2.925
89.478851410131,83.14773135276332,81.81575383873303,77.5672376372977,85.46340173141955,81.81538593795094,83.83739601893744,85.39194923816852,86.28354073461364,87.13897163281307,87.35079509143307,89.18856435207769,93.43955560654311,97.15027695574562,96.1771092817644,101.52883050645475,105.98444621795053,110.37744525206472,110.98832865421986,120.13379234632177,117.13490369366431,122.24689448801252,126.05696413382606,130.01789993700268,135.02295027433462,133.72646990307933,129.7533039590952,125.97995365366518,127.94930363403694,132.5741058925243,137.1368260321546,144.36573259923185,150.04078174823337,146.3786263326974,141.16467667174177,143.4195415424291,138.14303073016643,134.13175860412179,137.56691140379152,142.2062754567441,2.9499999999999997
89.06048264563245,82.1485398253644,81.4230592028615,77.04027864808168,85.17032603744512,81.84232775633372,84.01601770079697,85.28323839566465,86.36880051362454,86.83362889315102,87.33258415648552,88.979334489379,92.71080754801774,96.95590714806117,95.09413852193244,100.78531771808403,105.495293904524,109.98852014644646,111.39268749058422,120.36323844995974,116.62124978640315,120.34700127736204,126.16868888324151,129.6452355480304,135.4449292955208,133.69219836561015,129.65305740306846,126.26375904996445,128.45149142393356,133.3631816901832,137.82147972649142,145.25301660195953,150.73634588384365,146.7626519255077,140.4451747544825,143.75430696388676,138.26827731196278,135.34316909014532,138.28000481868324,142.48945932703933,2.9749999999999996
89.13615458696228,82.96541722987408,81.13160768230969,76.87888258572578,85.05266459759196,82.14044869227806,83.66631431749562,84.20150352582706,85.46099644314071,86.28689400443707,86.46535284420324,89.54801949669101,93.15588523571944,97.36782053101766,94.92531426949563,100.33794913724574,105.09550416144845,109.66502197829806,110.91030613573048,119.75333643577306,116.66293736307944,120.28265693655027,125.66765144058454,129.41178183665744,135.3078996378127,133.66804523808716,130.17763777330276,126.34704975119473,129.09267926929618,133.58511912731913,137.0513934965728,144.60224495242056,150.34516379092122,146.49539695779208,140.9972033173077,143.71532305988893,138.48243011747772,134.1536337441579,136.74124275122486,141.6153701590082,3.0
89.47950993681849,82.95313644401148,81.76269800855067,77.04545973745158,85.08711924049236,81.39752084168165,83.56236558115243,84.70941868337347,85.57360852193779,85.94484430526012,86.72127952786644,89.19352548539558,93.69032924608987,96.97082722494079,94.78103091465374,100.69811434650796,105.38338762127862,109.60364030086075,110.52202047171866,119.17765383014094,116.9279295005195,119.75121836879154,125.13318274099544,128.5095041855586,134.03323580339307,133.11367381510732,129.35248586603993,125.8053757003691,128.44784443908534,133.06828082534312,136.31695604045348,143.8160981478439,148.63119613885746,146.01131139267156,141.6045483754425,143.29043527795633,138.20435162010804,133.92154094823763,137.39274112674997,140.56657895899363,3.025
89.48965263144089,83.10193285730475,82.40742002656253,77.07343846880423,85.00393283263355,82.37417159572024,84.91465611522102,85.60476382962504,85.93424139947936,86.25383285977435,86.48703787313644,89.03353346600245,94.20892046941884,96.79953848493832,95.23425263061883,100.79421014881973,105.7213358773379,109.54755308766028,110.68579358925476,119.33244358848398,116.70131873578012,119.66728134692099,125.4924652919307,129.71239117392764,134.80971807605056,133.57860480181176,129.6398540344784,126.82824341329928,129.2974006994459,134.92220103561692,138.21876293263318,145.5984876635372,150.52527357294622,147.8097859451115,143.6668475493081,144.91246339171482,139.78358492694304,135.97305987994494,137.57999582737025,142.36355476369604,3.05
89.22008979757136,83.55343921603514,82.38086625983853,76.36452620174691,84.50938769244661,82.47828788707298,85.46662357349993,85.43838269220709,85.39905845430431,85.90421124285041,87.19725876280208,89.00225460050814,93.0975925097948,97.32874164290924,95.41542584439327,100.7736500467163,105.74994033893051,110.10237207203724,111.20498141142528,119.41688386804796,116.39100457875679,119.68741899692301,125.62267340764657,130.02686354179622,137.05422043340724,134.9194842889043,130.33144164429675,126.44530693015841,130.33407481150385,135.2112704097777,139.246700922462,146.7585970610733,151.51523457355614,148.91885038307544,144.67220589786726,145.50724029329675,140.54750380771088,135.9640220519938,139.26529250981835,143.2261885616151,3.0749999999999997
89.04823250368341,82.89876853994264,81.93295567770234,76.0767648120254,84.01104537466657,82.65616842209639,85.29676543891597,85.37641634112856,84.81209389919394,85.126396166825,86.12473157129617,89.83109562696228,92.94683763479829,96.9468491564191,94.22174087749796,100.1375591172199,105.34257806470785,109.18296457160793,110.70189601145967,118.95680358339919,115.65873106015073,120.34253942189707,125.62930026574074,129.99272631261087,136.7956262659572,135.022012748803,130.56167791432983,126.39786156599408,131.21950378815126,136.53065476201346,140.5203289073609,147.3650792146764,151.91052971334133,149.5969608494024,145.73228695576339,146.90820985448855,141.57107744470423,137.77744022638825,141.2844982652081,144.7343570641399,3.0999999999999996
89.3761019898203,83.69217025030703,81.20315491303421,76.21364207556043,84.31458755945388,82.67673814993555,85.52818728588986,85.46534448695076,85.60329311412943,85.20106441591885,85.86368570379142,89.60852826613109,93.3044282829714,97.00565126783576,93.85354232074042,100.65820048882244,104.33266838022573,108.59809838179757,110.0624104882354,119.09167027691939,115.60439222597665,119.72159605594655,125.76299209139418,130.50357741553785,137.14284371908968,135.70092340354472,131.8821182256421,127.25580829709193,132.2264591038591,137.2523291193392,141.6725289798127,147.7385346491839,154.30610906259344,150.1293806682896,145.80783912831134,147.52869298591702,142.1660025781303,137.90451195717552,139.69116865774734,144.3152964590246,3.125
88.77470654779927,83.77651990029827,81.36138787547465,76.12109347350207,84.04333067139953,82.21776592381067,85.02104448158548,84.93370240483722,86.03887903442762,85.9756972244874,86.16056328669238,89.22855873440531,93.04907977165396,95.84615618088921,95.2684012932772,100.90160766866538,104.91802221546712,109.3302333060418,111.61672884222764,119.66173932244462,116.24529231052605,120.3793893698055,126.12578006818669,130.91759401857507,137.13074094412514,136.00728670523148,132.13192248556018,127.75571223834561,132.26541564177106,137.4679959942987,142.0022233311554,149.47323423586337,153.66499389852805,150.74396871796668,146.33962491418959,147.30226879948682,142.0264279752923,138.02412159130637,139.9579762584992,144.2744215006301,3.15
87.99726466528338,84.33486697530563,82.35207033386725,76.31648451985578,84.62365109156158,81.99678348212751,85.74824722631544,86.5203127883544,85.8971621635049,85.8071378678174,86.4764665759248,89.20066655028542,92.27882767927764,95.38189333066262,94.81757395414739,99.34660987562665,103.88328046235767,108.58289121921055,109.97654156820943,118.66779771020444,115.28268952736303,118.34900937786819,124.93771427921749,129.28281583821897,135.29887310000024,134.485631355885,130.93054456438537,126.9535383777272,131.86461504794292,137.48904894404424,141.63754572192485,148.57341895347747,154.28540190550146,150.76489434058294,146.926434076144,147.35815913429212,142.12458980636112,138.27835737709248,140.30430937040109,145.34333671408598,3.175
85.97302395783831,83.29081312917191,82.01498563291733,76.61016638987462,84.44966650877949,82.26733389106667,86.42303476364938,87.00964692236978,86.70214980211885,85.97390288504064,86.05374753465648,87.41651118471668,90.87823926466982,94.60816096111333,95.92436044875711,99.67299592820072,104.81919789378813,108.19593346084937,110.70821930874962,118.50292261625793,114.96597106482369,117.6533197925537,124.2879152490849,128.3948987401245,133.94691142062197,133.86144644402629,130.8337923512092,126.80867505003965,132.045570808539,137.87739521448302,142.65190366793496,150.30216018413478,154.88695322743862,151.3676348086524,146.30305329181024,148.09035972569134,142.74591025371242,137.87228689844457,140.96431494013652,145.44360990605307,3.1999999999999997
86.67287566843015,83.07918011924534,81.66026687138778,76.06690574134885,84.11424391346249,82.26780226505133,86.34261574440907,87.96652394503465,86.1122148513549,84.82251246298515,85.61585442153887,87.3190863723352,91.07036731386542,94.10001298373773,94.66901675757329,98.3250123377235,103.3391105208861,107.71057122587843,110.23452450230468,118.27573831597232,114.6143786692831,117.13499425037585,123.73775889692811,127.57683149185885,133.56612851438916,132.98666066383086,129.97671461020644,125.87902000601142,130.91713252735843,136.04885798234346,141.29521275726717,148.5646877118508,152.97964386060957,150.3651047978184,145.050046669659,146.6615669684487,141.477558454965,137.58068307208453,140.16011068130953,144.71973239637845,3.2249999999999996
86.46903323276857,82.73051128013773,81.96813406696867,76.29088330219524,84.45668132971792,82.40029879173105,86.36014890868574,87.6365320158649,86.55844106340916,85.41944312764302,85.38279618041213,88.48470306940229,90.58126625811302,93.71893798112488,94.50837095142225,98.02736693294294,102.64590335509884,106.09527639260423,108.268147599863,116.86693331399096,112.88697379826192,115.66540794807929,122.69089250521861,127.66451696787396,132.9659230081659,132.0890156453801,128.54747113153257,124.75758275359286,130.02916636767466,135.49608496622017,140.5081390475931,148.37399390300504,152.06936265501736,149.1586147087659,143.90490457021667,145.6947977136036,140.6658571996656,136.8109099882256,138.15397040730778,142.57969585466,3.25
87.22245386028376,82.14712144689165,81.54140835282621,76.31618573496749,84.17891207611032,82.49076008611735,86.00460883901167,87.705218275469,86.73044808783008,86.3824557896617,85.18611243879403,88.75620415555949,91.31523041285993,93.80299393672729,95.89228215903736,99.25353889936187,104.02243789884417,107.22147092339287,107.71025348032234,115.59159567469936,113.28597830451713,115.11424307220045,122.36296557176863,127.22424853309144,132.60126504194207,131.98090505651552,128.7277281224961,124.50433626859521,130.0232592214298,135.56378434483548,140.7473775554807,148.31602340048772,152.49457193043418,149.28401050633565,143.72005251366193,145.93408546383807,140.1971796311936,136.54053063197395,137.24519518309964,143.0710896012816,3.275
87.99723374252683,83.7417110387397,82.10615663848861,76.24253194488242,84.01440858360148,81.97835234511234,84.89324006166714,85.57381560129437,85.50472599012531,85.28588328358776,85.65553041850976,89.44768241712765,91.67626775413756,94.43227461885559,95.48986307119952,99.13320262985835,103.53957090703447,107.43726719125331,107.37238336506894,116.07048662649242,112.85697486601597,115.52207210769964,121.96790959981934,126.66130912239188,132.4427192257753,131.46965664272957,128.08308299599466,124.63762190087363,129.3148457821547,134.5427647742413,139.88805384493412,147.21497533726105,151.57067248352237,148.4968959768886,142.332855980214,144.75276801339942,139.1636990029114,135.43164249679518,137.2026167894442,143.1158408535633,3.3
87.23722440251439,83.05659429369342,82.13857913888731,75.78244164069537,84.06453028753806,81.51960375434086,84.89323720196984,86.0875336095735,85.22750665835602,85.54354515820992,85.37417777259057,88.73867356282847,91.24117222965378,93.84404668204375,94.19098228289928,98.08546505333425,102.8278161570033,106.13681397017871,107.22741591314701,115.47173667775269,113.14095844625345,114.0932736907022,121.55315362143097,126.43985795024051,131.59358056799329,130.9367752765668,128.64383648869352,124.54131433230333,129.400817051104,134.70202626454287,138.82090950723622,146.77659039077005,149.53845492952075,147.39944906954338,142.80621357466583,144.39313738808255,139.53845640216247,136.0185675691584,137.19557835993447,142.54088485984715,3.3249999999999997
87.70787618092905,84.14554886452868,82.03920499861016,76.23797923336461,84.1354710746636,81.95169186536664,84.91173618066705,85.93989573079025,85.4125864185921,84.5672628292902,85.49014062996926,89.00022142602779,92.05756026477965,94.33665568313646,94.06766188183079,97.41446912303218,101.73798871277086,106.08379588058506,106.35047535257914,115.19094081341493,112.10695496068098,114.12491027483719,121.29241052199188,126.10087962450535,132.51748003587238,130.8039883101402,127.98928841419982,123.89411673609888,127.99993522934102,133.53255312176577,137.22696325753742,145.05603852018317,149.17198822367604,146.2354749719705,141.8584921252582,143.80863015383753,139.00945814576752,134.7357239690226,137.2485124295573,141.1513867832851,3.3499999999999996
89.43656821069982,84.83982146705009,83.02683280833406,76.50417506998718,84.23763446205655,82.31839962111385,84.77945107656846,85.0187140997374,84.82329672164056,85.15380314475036,86.36295049814834,90.7620371554051,94.09443607018025,95.30804451755478,94.26355845221192,98.04796303554733,101.75949216455649,106.79375496139107,107.68284323606196,115.64802234291727,112.8329623838518,114.63928210046089,121.24666623813008,125.43175125442278,131.49048240921272,131.095397228317,127.52453857813504,124.37038672377417,129.07318074410608,134.2518927562325,138.06423034669172,145.97696856551795,150.0044880864976,147.782336108251,142.93010955991477,144.89058498102779,139.71762463468286,135.75575521170776,138.68515343131162,142.05620102793202,3.375
89.93398621898169,85.30588386426638,83.09756898719964,76.71243962998065,84.40086417576774,82.0868253381426,85.0558080082675,84.70605866881436,84.98381751871891,84.96722656309467,86.24211010848461,91.26807373170217,94.03022824130984,95.36950014260668,93.03722621742031,97.03709858463162,101.20355144762178,105.34551379232374,106.468178794766,114.53084501307458,112.01925226391484,113.29094417720523,120.8415112610387,124.81620754503285,130.9945343667947,130.13824287988248,126.9339410961137,123.57482118416436,129.0587743911834,134.52755634523487,139.3961757767837,146.61677907030955,150.92014398638426,148.2398848898598,143.54112083189497,144.75768467610303,139.4275377663128,135.33513454156844,138.00237203245752,142.11450513891836,3.4
88.70284432706666,83.11043269239121,82.05506184757593,76.66270320386423,84.52375916068833,83.06182069652422,86.25333973998275,85.32896595484894,85.17417506214842,85.31672259211534,85.83009238989933,89.21333240040667,93.60569881229858,95.83858789124375,92.53857960055385,97.73845354737298,101.31405661865611,104.87626199234876,107.23078408539618,115.94205073832606,112.54400766758215,113.93720841491995,121.26626796568769,125.5532944716872,131.84505331864688,131.0782672766635,128.03868850708665,124.22939171242555,129.86312744457385,135.79403702708512,140.54648751780923,148.4747584306732,151.89168034231253,149.18072592630057,143.77208079981065,145.511394317516,140.51870470541942,136.77566791545178,138.71599713928018,142.93029648306523,3.425
88.97015812794203,84.05884961342511,83.13986026971014,76.66929704272411,84.4043581688147,82.62629863705799,85.54298836628854,85.50407699420323,85.25803378396944,84.88037065771758,86.16673796677853,90.04666560266408,93.13556253318055,94.43970734458856,92.98374660646928,97.40626605957814,101.32804052969743,104.73869275249905,106.36684657223645,115.20655600143235,110.89609890076972,113.59224526456845,120.61174101462703,124.7134439734327,131.0656957287212,130.3748886407089,127.16474504842299,123.54613700598549,128.88095754890816,134.23088377271617,139.53007661816662,147.51535611796248,151.98171872220775,148.27052311706862,142.02998208842098,144.67628131284968,139.2349941547223,135.95729582884337,138.30038756996598,142.54951797193294,3.4499999999999997
88.75557318985082,84.54997341101532,82.14072890388529,76.38678199629786,84.1581094388838,82.41818864965637,85.63801512083987,85.26050010520424,85.67176880551403,85.20010010494829,85.1087347514869,89.01564751526251,93.25342591983548,95.96549178883001,93.49976678832499,97.75632624809282,101.11056874933348,104.59429143689039,106.52520881796582,115.51540214816706,111.68329867061087,113.18306564482006,120.45950613832878,124.93140701344873,131.06615692682905,130.76400720466887,127.90223967579732,123.93776350484382,129.00344269435843,134.4758791611509,138.9792701972585,146.4340095266883,152.07592365647335,148.60050599560196,142.6202830680138,144.8443545733836,139.5582014096731,135.21145022824282,137.8990561335093,142.71234272205905,3.4749999999999996
88.27392943136843,84.2161358416666,82.20112682569993,76.36171967829753,83.85396158898195,81.93954013538502,83.86206881468257,84.77850992731325,85.16527499546974,84.87157364331156,85.58574369077155,89.02411488651202,92.64254688898266,94.55337535741158,94.43348614836512,97.83903275091637,101.16983646217028,103.97309233020088,105.99797990321716,115.22694336797198,111.08465223180872,113.04931869346015,120.6153652861488,124.69567949834462,132.4057950995224,131.12978899772776,127.94595040184046,123.2611050424897,128.3401910951188,133.7901893880737,138.2960955488451,146.21878641469388,151.0315066705018,147.34948572945794,141.2901435506978,144.1328535863173,138.81487210105155,135.0633354150052,137.56923421334966,142.39578581149684,3.5
88.23388674227641,84.40567771352227,82.68144896020024,76.20336320153064,84.14383577222414,82.16593546679107,85.68756963697123,86.40331805652418,84.94127428082709,84.44009255978438,85.4939663558263,88.68933207609595,92.93367509102623,94.31617393349691,94.45638946708763,98.31770825839524,100.86687276439693,104.54693997674323,106.95014401446025,116.04620997896737,111.6420220715614,114.6213814776699,121.30561429670405,125.86112015356335,132.3651716878487,131.11445121812656,127.87193853392569,124.82488487594043,130.017666710049,134.9465821385854,138.74191676450405,146.25817189206677,150.46815805764413,148.10344527786916,143.58639351502293,145.21281995758667,140.0547380209311,135.97410831678437,138.92472204544836,142.50926289157402,3.525
87.73348194745802,84.0054228140249,82.35136060871034,76.36981094578114,83.93575143667076,81.87292073874028,85.68425220389426,85.6298955086999,84.80439213725059,84.59667005888011,85.09438406473151,88.54575688293609,91.90569778353147,93.5734405844928,95.57499088101781,99.876622990524,102.37292516849303,106.0044677971984,107.23207570514819,115.53887742846419,112.5439708606892,113.96648274888196,121.03906337076674,125.43801718726093,131.74088440885802,130.83670867545146,127.67126449225927,124.25026500563956,130.07654342252562,134.83612739685827,137.9668313153781,145.5986064999614,149.56470889383928,147.47102486687558,143.99125047241668,144.61950660368677,139.89122944109525,135.96279253785497,139.24391980080853,142.16783628455516,3.55
87.16556357683417,83.91302482375917,82.53179051679257,76.20721363295551,84.24310343552872,82.55166815179773,85.29086362231155,85.38865398718477,85.05411386492767,84.74920724337363,85.30573049719816,88.83323241487811,91.66111967353021,93.52380960767745,95.16561117375214,100.10802594172767,102.79297752845255,106.71425214891127,107.90836068205249,116.2162305317579,112.03260428547509,115.51792286869059,121.72321342699598,126.28161917025338,131.94408513148554,131.489599341596,128.3821230309626,125.08339692529793,129.81475054635322,134.8973887972917,137.9043661835162,145.40265580432998,150.12104109496343,147.67063713318214,144.46319962547625,144.8432588368245,140.14735450302146,136.03494089405362,139.2381745346562,141.65867922974357,3.5749999999999997
87.55098880486148,84.28522508641646,82.60833722800501,76.33270574194665,83.84766769434539,82.10297860056508,86.176188895596,86.32480162902067,84.91777529119916,84.32188478341078,85.32537687458404,89.25471525106042,91.60515570662265,93.18884826843473,95.70182485570001,99.94663146163268,102.41553423103451,104.72295399455433,106.34378316130352,114.69105481739379,110.98338216478268,113.04028663454307,120.30789315425997,124.96982278942491,131.17220779790168,130.27810002465975,126.90688088276727,123.32353752367203,128.5880239447302,134.2000781214592,138.081616297302,145.5475267299209,150.28720878857348,147.95499268590925,144.46721140756017,144.77794053961279,139.67043430005012,135.15111933501845,137.7398055009104,142.41931818985478,3.5999999999999996
86.47707898020616,83.77480592179768,82.89687619921958,76.41153622662002,84.31177478136547,82.83205670771744,86.48682647580063,86.50474442970167,85.16312611450618,85.22849839201243,85.700605043412,88.58716165255721,90.43174597609129,93.08814820227832,95.34974315924096,101.27397782706888,102.47230961075499,104.84924745868395,106.07273275176786,114.59234250599431,111.18377609469721,112.26816587003572,120.0362240510996,124.36197760310637,129.97835307812238,129.46427361387944,126.97545058877546,123.57284020878996,129.02199476319427,134.65380491473445,138.16390738803736,145.34388260541394,150.65531735102604,147.37794807880684,143.13316975793808,144.7200774499177,139.47006395011616,134.97217583754679,138.96856516408644,142.39604462508086,3.625
86.27215636601375,83.62628810851967,81.85567085338846,76.10857584603241,83.78624751037015,83.16888754755233,87.79088093995703,88.27179383295365,85.80785283807954,84.60345713356243,85.15388341600229,88.74097680863719,90.12720910696049,93.19469585317508,94.56054988396158,99.81959199127465,101.93791027279728,104.23821532990007,105.82751616795804,114.68715733449167,110.77000092687732,112.40264574514882,120.1996960748179,124.23067199898426,130.25558637433377,130.01242811669525,127.65171458098479,122.971887537617,128.29406530844975,133.70301928029735,137.70241224658568,144.6977489816825,150.34158227497886,146.9066440970338,142.89502028278235,144.2282903802058,139.2064400506703,134.73603982339935,137.98451432524774,142.19302917789958,3.65
87.62807643770094,83.05549195327089,82.10411529539911,76.22265647314188,83.65964177554112,82.7940204395273,88.625214673111,88.77466077611041,85.42167393000192,84.70016664655357,85.37939511261536,89.71347212367024,91.1164070054719,92.58562659983579,93.19895949056567,97.64549731165451,100.42438688133214,104.13304042332004,106.30257600143437,115.58230576820262,110.88738764027232,112.64191674104717,120.75562142927618,125.81688903708888,131.9678972730956,130.32597769661692,128.2716541760874,123.82784066036305,128.12261855443478,132.5717594596842,137.49977320684442,144.82872357465638,150.05849475484698,146.574446157519,140.96727070930226,143.68700861071773,138.641721827886,134.69828307591953,138.00726775952637,140.66989112406267,3.675
87.7020174503188,82.88285001948056,81.7370643026928,75.99258080355658,84.19139263106653,83.7042247625122,87.78131517012545,88.29559428452129,86.20600258661392,85.3208860837234,85.07463758731075,89.37208641221012,91.33923320005178,93.14845631975264,93.97473098901224,97.53363207788082,100.10356321165365,103.04657536202593,105.18982521844802,114.75494575202558,110.47456785026469,113.05989624024826,120.37911026728926,125.27430111806558,132.05380002437104,129.96380571091288,126.98260676573403,122.9414622987988,127.70278227530329,132.85672938556237,136.88309151948877,144.47682553027698,148.7818122736121,146.17952327985597,141.19980759176096,143.13533611433593,138.1177067754061,133.8668928829059,136.60765731356977,140.921001383574,3.6999999999999997
87.8848807174785,83.0984447960363,81.64504443238818,75.92369956289667,84.35555751522516,83.56998149999802,87.49862027832992,89.67977529720517,86.4433419086168,85.45451204721427,85.181156675662,89.61944873855862,90.7885504313884,92.79279986018693,92.95599951737401,97.21014392447753,100.57240319311592,103.14371681177343,105.00366843933338,114.298471240644,109.40301553803906,112.23857581865235,119.61846938023174,124.45959027403936,131.95555109004226,130.02652910597988,126.63027218227478,122.66454572027652,127.86857243481609,132.18036415676323,135.46285421636503,142.77461313219504,147.3043842476857,144.97765876925382,140.50409032132634,142.71588568833423,137.3568782712976,133.48402575314066,137.1923964143357,141.02122033200723,3.7249999999999996
88.8733813925548,83.47291341560017,81.11096600490882,76.39377586268597,84.2795938932806,83.8067918738392,87.24585937951315,88.69354080148986,86.46902369053305,85.04864893030674,85.11935946223431,90.34398795339985,91.75730394406845,92.68223563838629,92.20129523055549,96.74568546290924,99.95919311797368,102.43937250215646,104.4000227256904,113.16121163989254,108.7836633854759,110.34447747700054,117.91383169918933,122.53034307917159,130.37567050877442,128.89884089780531,125.0697781114896,121.14538829208598,126.53322128361754,130.8225841466732,135.3349327136863,142.48104929385005,147.3727114783414,144.62336105596884,141.07947310896947,141.55050577720326,136.5969942073749,132.55952789994402,135.12248947567102,139.12775391266555,3.75
87.736241337304,83.00565317545906,80.9992530543255,76.04010643783619,84.39718504991859,84.56610569548909,88.51402252154108,89.62062659996062,86.7722124948898,85.59128785478441,85.21349013124222,89.17845245419744,90.76877645694327,92.96332719370497,92.82739331291617,96.32676965240643,99.65549038154225,102.22397540286426,104.31849452565953,112.74613190388115,108.9092056437868,110.23012687005638,117.8057631536391,122.23126067941155,129.98500235278942,128.426467603436,124.5244942976039,121.71166967739143,127.13323912198246,132.4111690285133,136.46253650897452,143.76753581113795,148.81929956520898,145.9717301407545,142.1281020150546,142.75025797313617,137.10426350579237,132.89523463211302,135.33452147907613,140.7541181197547,3.775
87.52312960551629,83.28854503773533,81.1645624891421,75.65416994603086,83.46726231650489,84.11558585291986,88.12570358335884,88.33970544126488,85.55617470314706,85.10460169497111,85.93661504421553,89.3574678139647,90.58170414225869,92.42141304607418,91.4183776871497,94.665315550328,98.48851741081643,101.96114724614469,103.73274441824977,111.98264173022577,108.04396731060754,110.26101490092816,117.7356404202373,121.95523542534713,129.557385150666,128.24639164701014,124.70905897110111,121.36906470668535,126.24954342578394,131.61240113756344,136.4812335573658,144.42753284805755,148.45171152981152,145.09480799870278,141.00383086414934,141.35937352945828,135.77045274390125,131.42966457608932,133.98018891597673,139.44015580785458,3.8
87.22602929023745,83.30580679238216,81.81290813594342,75.91672925132248,84.1518833676484,84.06515907123014,87.61275776703954,88.57349066399289,86.61129275385574,85.68720243062556,85.74034188296501,89.41471248636577,89.73687072402589,91.38015767180784,91.79503063316204,94.74660771343056,98.70516147746451,101.82936012689314,104.02573300413425,112.45439174376659,107.68916569326888,110.33080944503365,118.20073863532329,122.43027731845862,129.08088186064572,128.2531415017185,125.17470312067027,121.93798193419829,127.07715040740044,131.26025159339267,136.12233771138702,143.0446448505481,148.72270857379846,145.05298249410058,139.2752617630142,141.268723032708,135.83373928893488,132.29666480890162,133.8032014911031,139.41917002733658,3.8249999999999997
87.66872249602477,83.2929520056527,80.93238032226112,76.29583201297774,84.51600199201954,83.83666982209692,88.17393619113051,89.98600531229673,87.93324892801104,86.28421166323501,85.69286627648054,89.18730217812985,90.36984158737934,90.80860012760233,91.20790579787317,93.31652273283977,97.10039773547075,100.70240037002604,104.08684057867464,112.28670053732367,106.89770050326644,110.46610981015922,117.60642666446034,121.6968010097068,129.10542835116115,127.58335790009477,123.99849137703126,120.94884576097502,126.00586342166909,131.31990100141022,135.83378859615016,143.26627777270434,148.148201917059,145.00718205024955,141.3852910448835,141.53272590774475,135.81885612560845,131.27829313551027,133.46984624986473,139.4384769817636,3.8499999999999996
87.622853412728,83.64967485261087,82.03518993051068,76.27976267097412,84.39514088641494,83.72134124184838,87.73380876681139,89.49985272718409,88.0201988401358,86.50727873339088,86.32769587924187,89.3064111795937,90.79537738978144,91.16184737556725,91.57751827401249,94.23251033105174,97.33164578285252,102.05771001661296,104.06791799112,111.28621275453142,106.83164211416869,111.30535169143045,117.09876277918963,121.40156287256548,127.44726257133371,126.57674965098232,123.16322232687023,121.25014659620783,127.10572333886256,132.1337367761298,136.3431338423728,144.39148236779138,147.3179341012182,145.66196937216375,143.8927646907419,141.6270101528722,136.3808657990877,132.4264050922597,132.8477907340585,138.75467262817136,3.875
85.95081834628247,82.9589270022035,81.08648389339561,75.92421573955211,84.24252218339434,84.09858213821134,87.56739810713913,87.83656013587435,87.42317198162584,86.30397668482743,85.45458334233113,88.26104016243764,89.58139213243976,91.2803918257078,91.51250967433742,95.1221815050219,97.46711590751255,101.8274574514349,103.90272729280707,111.06656323473231,105.71890353593835,111.3774206001554,117.44496795949786,121.57941968223787,127.18476024904712,126.77918508847847,123.52625440328455,122.40620600828797,126.9224785274987,131.43467107929794,135.8323978366139,144.12878971591488,147.4064875273313,145.13844196777762,143.68266320559312,141.24755544613203,136.24705470827445,131.6011672674982,133.52237102051004,138.75905951813806,3.9
86.39932637873379,82.74297403443195,81.66154238381375,76.12917118399156,84.04897592340916,83.48824827428903,87.63820162285995,88.2225331795159,87.6313018305008,86.51526604431942,86.05958828432227,88.34579430469142,89.92788749292527,91.28205702718144,91.36044454190053,94.673580615057,97.55074123087057,100.53795143916847,102.67283417774182,109.2729367219795,104.464620668284,109.45658066926703,115.54353097136908,121.12786112172952,127.33159861482284,125.8721488543639,122.74155056697273,120.06538745115401,125.9380533407797,131.26694329998006,136.0477641283132,144.11299278708984,147.04112346610228,144.92584309190755,144.75229952170216,140.9089998300233,136.04382820969,131.81278973660895,133.5818944962284,138.01951276107806,3.925
85.29151517055917,83.26354868026294,81.84195774822035,76.32099989639318,84.24197249360459,83.49321953956397,87.59572569645235,88.85395401822962,87.63717276743063,86.81124871275189,86.34310219878466,88.09470123793938,87.60784068292351,90.02388003379869,90.65602460050223,93.6860943611689,95.7071566991207,99.53753563345023,101.38971728275953,108.69975411557331,104.84913659285041,108.71145876399046,115.94385400650887,120.9274368448209,126.97355817277284,125.7905087947606,123.24135824323477,120.75544131451005,126.75396725322173,131.86534442287183,136.02416331029016,144.54865124365813,146.91621201719306,144.88776400759917,145.65570340340955,141.14554389946068,135.7523865625844,131.2686003110633,132.489640126004,138.291879198451,3.9499999999999997
87.10112965009554,83.850016124766,81.92830090125524,76.2425721819201,84.00857506718214,82.83167099055572,87.35544421617854,89.61841777813413,88.279302003709,87.34685924214997,86.60596414950983,89.08366371533758,90.06677456967887,91.60529609257577,89.20270419252627,91.72995275601761,94.40101052717614,98.58882763810247,100.44934914704123,109.2057925111744,105.16199137484793,109.2564480007255,116.26051787858685,121.14026996862404,126.9634203004195,126.54257370940755,125.24762824191441,121.4209266458677,127.58347962821614,132.1997511862006,137.2047457471987,145.42310248932486,149.31781467507085,146.29738929657358,144.40454549603777,141.51960013641548,136.18907117469658,132.55745794568585,132.99765146516165,138.63765956891112,3.9749999999999996
88.39557381873769,84.09895050941272,81.62249809262599,76.30374623881565,84.45484519302383,83.39942408940529,87.803749460728,89.69603590807455,88.35513506430866,87.22717305219831,86.23887467774182,89.93803704406457,91.58639239125611,92.21764462185925,89.97859463780853,92.86620796869875,96.15738200097563,100.39967818814523,101.01305470596895,109.54058157478258,105.60000082138197,110.40205057620085,116.72519515848325,121.6616467784493,126.28994479343345,127.16799626651994,126.17717197449943,122.5541106965087,128.44752953148455,132.87034980392414,137.75091864971,145.7483275507665,150.24489757439133,146.67353086966463,144.09997871606674,142.04361751211357,136.97058129811157,133.01322668120196,133.60090441255875,139.76009001054587,4.0
89.03931907733102,84.61316999428863,81.19679988795684,75.92251802279182,84.29193335819325,83.15266560187524,87.13247360651313,87.51363902595581,87.40527486845497,87.44915842923967,86.86196287821505,90.77036787701556,92.59411880752413,91.64272256365837,89.65635352781939,92.87901328586094,96.15656569467669,99.92960538293437,102.08324095024952,110.09515687115612,106.48359260716813,111.96460438512369,117.44031879038923,121.39257066025598,123.73632350177198,125.6656120107929,126.00126018999757,123.76322359642847,130.13259197017902,134.86108415906,139.2108461703936,147.28692120100965,151.52466701016985,147.75937181078382,144.8863195032283,143.07560537509391,138.05498834949665,133.4981680140148,133.6857510251652,140.0542870924987,4.0249999999999995
87.91421840327806,84.65165421697364,82.31481383039649,76.26995227565482,83.84467800750136,83.08244868282324,86.13620957152989,87.810780462564,87.27199319207006,87.07227791645428,86.59726722246556,89.93205181231028,90.82159116805971,91.35659260463953,88.52761267644172,92.37509627776015,95.76129948252716,99.52898885640514,101.38436844767472,109.7429713910665,105.79711853189986,110.25544897057631,115.89069092541797,120.9202464459984,124.09254140398787,125.77312942260906,125.26094542268802,122.81412284750692,129.75987147265832,134.74944400152677,139.57404682501803,147.45118922986984,151.26515651015018,147.72984575829256,146.26352512398316,143.71838595520867,138.63075908965314,134.82592347837976,134.27899650435475,140.17166974502524,4.05
88.65321539635595,84.50829730516051,81.91562239760708,76.1890119186721,83.98044623971325,82.65512341774739,85.61775810005042,86.58100039144409,86.51704910887514,86.52014008745275,86.78964474781321,90.20993532440406,92.18738005826003,92.35784586932343,89.18282297401731,92.07122935409566,95.4198449000381,99.44487294186703,102.09520896274208,110.36185050407968,105.84615092354838,111.42118173566521,117.33941566524513,121.5576393107946,125.52791253253397,127.1189359608646,125.9064355186573,123.55021247874936,129.43820044635405,134.9630885341235,139.64146834456636,148.165518884108,151.29362097466966,147.92009984349772,146.49598195106924,143.9922910034524,138.46725815549357,133.76882213099157,134.07382051028034,140.36189392782762,4.075
89.0487643956584,83.69845721930815,81.19548339590207,75.89817926530631,83.92365593997849,82.61265355494103,86.41697060362402,87.61213919468611,86.84537145186384,86.39749251809803,85.80962612652586,89.21899877608047,91.67759208397166,92.03652979227134,89.18472255883803,92.22216362882145,95.96940509673351,100.38959805416508,100.85591200246418,110.06293065544341,105.6621911070971,111.55691583466705,116.9110538993965,121.61585837617648,124.90065184525244,127.02373120489699,126.7571502240205,124.09094234900519,129.74681376195304,135.64882011390142,139.96489548001554,148.17920513473206,151.5276102321038,148.3783369724701,147.27238291603481,144.56366838447886,139.4284903288352,134.87685525129322,134.76154589572587,141.42208953731887,4.1
88.19361083816045,83.75072989193609,81.5892262684185,76.34840943679473,84.18919207344541,82.71716862000217,86.2876778352813,86.684341696335,86.5359850720387,86.89662932661456,86.58533952139851,89.4289216760575,91.53655435748081,92.2531384553366,87.84321332012414,92.136773518187,95.82515844478354,100.39557970082117,102.04563032526877,110.95093606145565,105.9290258720929,111.91102611161756,117.99026516183508,123.06992629337796,127.09211724287724,128.57910476986913,127.7177968721455,124.36577238447452,130.7475394307818,136.45433000806054,140.72129078737103,149.07109495343136,152.20527439995095,148.78947822337415,146.70456198522848,145.03805161189413,139.74135970523295,135.80869287400787,135.35403836877117,141.62766582921356,4.125
87.69197855097454,83.26447679645976,81.44919194336217,76.25706121179675,84.3276777641288,82.60242128316587,86.1037370996732,87.43585292916924,86.93397491495251,86.76826968363233,86.27561771756424,89.09359115313973,90.76029941702114,92.00740114432877,87.35709245636602,91.60406344882134,94.97940559641393,99.41162632543546,101.16351670755748,110.0781963223485,104.96681408259295,111.7970343184698,117.31883424243225,122.57208161860959,126.03974252113338,127.66652725383796,128.30885939536634,124.94095629841541,130.6736826457293,136.205512427534,140.4121635995081,148.8882602386915,152.62885919392141,148.82860190790623,145.99343925247186,144.71297068852314,139.7846897944506,135.22727473763612,135.77588352261432,141.65262839281195,4.1499999999999995
88.3380680342882,83.92436793567866,81.86586385356932,76.43060950985316,84.5487016974034,82.89726764184303,86.76451080647308,89.81415398560421,88.02274475295405,87.57544414442722,86.69060797751752,90.05048685233932,91.85668438097082,93.02883988055862,87.40596304969071,91.13646098381729,95.03330229300639,98.43484476566829,101.651077915061,110.74406249969891,104.89938076489835,110.67477270126005,116.33932993782315,121.45489593926095,124.69430410550373,126.44883944762057,126.49210087751672,123.97844726774946,130.0385568552662,135.88335315435504,140.7535845172547,149.3330337985407,152.6227758438675,148.74330122218834,147.04776518757726,144.1531227526355,139.27792185180587,135.09918413837565,134.92162841936275,140.89225771529237,4.175
89.3689629852314,86.05612777503877,81.53707753349346,76.28290898185983,84.45754980451837,83.40796844112913,87.30443080195155,88.78025022396528,87.91849383850112,87.78883516457564,87.25036057599905,91.22994408351707,91.95250768915432,92.15622486142698,87.7621025996657,90.82308539223231,94.55844840834274,99.22330294752251,101.70166924111925,110.55960583664668,105.1086852649866,110.97019423314097,116.83729024547421,122.61320587058512,126.1013630239018,127.73469037086295,127.32378376583421,124.46341920513322,130.7081086071643,135.89323858738868,140.7450943748303,149.17037742181242,152.1229791851236,148.2836995933809,147.06767946751742,144.12298864135843,139.21238481849738,134.85207517086877,134.0965172754632,141.6505007220081,4.2
90.06328111865085,85.2202829947293,82.81326032019882,76.85342046742605,84.87921818707345,82.4039004350596,86.94741381107013,88.00901399053578,87.8535511031906,88.26705742711388,87.15091269575834,91.51605712160696,93.31939502200757,91.91198246648204,87.5424580929255,91.47404256769686,95.22668835373987,98.81621033874552,101.9869512469646,111.65484308971321,105.21415105750464,110.66524447743282,117.74400421625444,123.31889740285561,126.73069539252685,128.2802525900026,128.5943945607384,125.1380044966422,130.7863701561792,136.17004077329253,140.75055549677447,149.20983786447894,151.60519823464244,148.6042312230402,146.6638831116767,144.43758734019093,139.69567358656326,135.59356637718042,134.3485382102172,141.18528447056093,4.225
90.74647776405828,85.79682604874779,82.4256414080294,76.01916745004635,84.043438315564,81.41490431646422,86.06141984052235,88.73140007446246,87.93956350443293,88.28208758600104,87.43554676432586,92.40315837324232,93.89767055544007,93.08313946344498,88.20423249391689,92.77717173682225,96.08045327672482,100.33806739602633,103.71906021206732,113.19729360277859,107.01802703011754,111.68142424902067,118.21365828887394,123.86592578969058,128.29545574160022,129.220559252754,129.22053601227177,124.92079982491128,129.92913283858536,135.0509724643887,140.78272733000207,149.36804786439242,151.89356947702944,148.6863475072709,145.57514827630953,143.3419938977955,138.18741497118484,134.3724000969553,132.65266277817736,140.34835725342427,4.25
90.40440760773654,84.9343082786935,82.58068271685119,76.50788848604196,84.45562862371791,82.55177101243208,86.18616168410914,86.76128381419505,86.79943698800915,86.8247016807148,86.44646137783798,91.85634560135557,92.25411082356479,91.1178375631855,86.66558206260406,93.38646461628323,95.75655260102903,100.2490325300273,103.92741510952307,113.04933164275693,106.7089910972374,112.0022601385594,117.84381312221518,122.99823649572019,128.62923319340925,128.36665697228057,128.32902253446278,124.57860891026993,130.0879997502846,135.67264542515807,141.08428653367648,149.8176449538052,150.9753189722239,148.32477265087263,146.3855656745093,143.74682006991767,138.83228819767018,134.76657404745308,132.98450489609166,140.30549060296673,4.2749999999999995
89.05522862821088,84.542597484522,81.98382133062319,76.2520067164457,84.08029665827779,82.44972828919532,86.31920457974996,86.02605757292098,86.3325681022032,85.97579857089488,86.27151849996574,90.92484351834801,90.96172876432233,90.71230719604881,89.08719150655483,94.04133428660879,96.58206081850759,100.64992476442741,104.99142578724809,114.2494390011459,106.9954804488502,112.34051077901356,119.32624687765721,124.48139607662372,129.28549111580534,130.3195988633995,128.8546425056956,125.18379683947603,129.38677170836536,135.12106722586677,140.52709537936306,149.18867326531233,150.89681977275168,147.71038815724043,145.3168391900668,143.36805407537204,138.50156636042533,134.35508752881017,133.41506863120597,140.16590367587418,4.3
89.28255611681998,84.04137187421688,81.15465541277743,76.49204268479244,84.38875311385073,82.64213961119549,86.90878067529377,88.95341551739293,87.74865619128713,86.10426995276882,86.16010579724102,91.43122596756646,90.73675517800822,90.17960863856133,89.46212942418268,95.62080899336198,97.89045132513691,100.9662009848127,104.69136991408584,113.38452574743343,106.43560774478587,112.80353298709687,118.76892316647366,124.6278619485569,129.94180190456524,130.48985344791544,129.28027625456272,125.06590947904584,129.65753203905714,135.67969583255052,141.40166095987385,150.52311397101272,150.18396607771908,147.85967523417742,145.27011475235918,143.37937649938348,138.8231777290278,134.25252867313787,132.94614406107482,140.4261576905403,4.325
87.97342978300915,83.38428714758723,81.046005146115,76.17430961381612,84.41287852887766,82.34099823219009,86.13439476129436,88.84664055369869,86.85222036011716,86.3584371388873,85.87923104942183,90.67255944048298,88.86662218107887,89.65839306292793,88.0732481365058,94.14902667949687,96.46915110947837,100.40114876942829,103.76855710000152,113.04962086175516,106.85836789890797,112.23969963016827,118.79557694014429,124.56028790696351,130.04103563878397,130.31740064079153,129.99318413648092,125.33226715979575,130.1352279623156,134.9468919210841,140.26961729906517,149.19185748876555,149.15961813229936,147.14858730126855,144.84476293742432,142.9689990694512,138.22661356472022,134.07477854876868,131.8987624555561,139.84928248589995,4.35
89.20463126648482,83.29535882554774,80.60948778681146,76.04487541518381,84.12466294248105,81.97119315413534,86.04522699386465,89.42080828404984,87.16543018683703,86.54580629460096,86.1592270571148,91.73932304191348,90.44780310263793,91.1098256777876,89.78536469829228,95.82871401942535,98.16671334402645,100.11868868190854,103.6424154925592,112.7037323268514,106.28426833945494,112.05710424483885,118.175598500789,123.45455524589534,129.36734348640914,129.22143134547548,128.40998837258016,123.90558616421811,128.64540076522664,134.32147267820307,140.07757016253004,148.9344537526188,149.7072076301367,147.3501436449832,144.8087785613991,141.98637374788848,137.36681379820888,133.0918298984081,131.43710352432353,139.30028172525562,4.375
88.98714619707062,84.51795752612108,81.38233793178378,76.11515654311142,84.35164741301378,83.30571150782407,86.92554272067943,88.43884607970567,87.07276844061678,86.5548005455138,86.12926786204308,90.96433180999577,90.12438985293485,89.71336144450689,89.15630904088076,95.82163303609778,97.91536250267285,100.41254440925691,103.19063584839253,112.31259217672971,106.99513107277039,112.01665070213136,118.23083276501868,124.64984285752507,130.52563236119613,130.67026302277492,129.69143290573152,124.70546581289884,129.11475327419194,134.15621507002348,139.61786466885545,148.40867016966826,149.3737202039569,147.75239626695867,146.53389230989802,142.8492696476806,137.7189644491466,134.15361197972248,132.26575298119243,140.193841795048,4.3999999999999995
88.51272946495556,84.4200981944298,81.80975535970495,76.40277299362288,84.37105705125353,82.13765412890827,85.58016050198566,87.2818302674527,86.53813356552409,86.2475462992951,85.43947893480772,90.287686814902,89.11048398276921,89.73736404847125,89.02992266659004,95.06071597397988,96.93112614445948,99.49738491110935,103.10351962362236,111.51034220866583,105.292287874545,111.40610447587787,117.31959594996417,124.28901386066246,130.68662206648963,130.63190280308834,129.12791517950757,124.15994269070285,128.38180923587925,134.1280351486825,139.4489412314357,147.59332012352715,149.61246741633198,147.17763296575876,145.22337109996118,142.98939804758044,138.39586315750947,134.2662983548228,133.0126980002263,140.78817785857387,4.425
89.698782954877,84.75697503439045,81.26651247160973,76.01526926693819,84.04651229038636,81.86979405236639,85.38960494820958,88.26032150937874,87.05505323299354,86.35468028333344,85.57282078258764,91.58214465488643,90.16653152291654,90.3950396071632,88.75798226568034,95.1348251559703,97.99610622606886,100.55905551235935,104.09529838710023,112.48356081383261,106.27080935400173,112.22203109778837,118.11640461406802,124.53833175670172,130.3305699982482,130.62576115175608,129.76559687109136,124.98342939115534,130.62976859609535,135.43288500638707,140.31535744757863,148.88298552229978,150.4079453113618,148.35470679909338,146.79706137647437,144.120284822057,139.06140407504995,134.67148903451596,133.82580489171946,141.8569218715788,4.45
89.46684977738599,84.61374058123731,81.73659322620334,75.76705565040791,83.8130567059728,81.34551531795265,85.20611374069702,88.34845737060391,87.58450931310477,86.53208193549452,85.79822163013039,91.32176455332183,90.93463451125089,90.38578448620959,87.76247173304684,94.37136107339704,97.39232808735166,100.49709727396001,103.74159728327919,112.47771963125595,105.85665001623778,111.77506440664735,117.82522206874529,124.63540526063653,129.99776570112456,130.41031800750733,129.05756682588685,124.285537831397,129.8821297969822,135.64176607133493,140.27848877652545,148.73910478504013,150.31523366762448,148.7831906075375,147.59624533193895,144.8763008699756,140.16909362504262,135.15615732255782,135.36705809126454,143.22358918258715,4.475
89.32824883235067,85.12803919302651,82.46810256216526,76.06530539204034,83.84683205622483,81.49831733770148,85.50779247627855,88.5329855281155,87.49771175170483,86.91398995537367,85.81664347077879,91.53759156043796,90.27753981223634,90.32897126893502,88.01751125214639,94.9405199399792,97.1748529541046,99.07251539492813,103.5715677817202,111.59833770313651,104.43552647915695,111.16801672046478,117.20822418886658,124.27010078317778,128.9260425019325,129.61456388681458,129.3126078440197,123.97448374588274,128.97361952242602,134.4463944436395,139.95344617030227,148.65151695657653,150.81213212630954,148.35042251125688,144.96718602038624,144.4363914016902,139.10245596777696,135.0499131584619,135.63547673067274,142.69421371507707,4.5
90.15198995517133,84.99948635096212,82.17534641463774,76.49469875924316,83.9962934483901,81.19980690932822,85.34144807126955,89.04300934058506,87.10077304212061,86.72002742616485,86.26852843447831,91.80981366918687,90.80787477512807,90.33097448150431,87.50473429871593,95.00238774584014,97.8023103298103,100.08109883093175,103.85507067582526,110.71242857235978,104.1617799017383,110.71247380096585,116.57983078442132,123.78920832221434,128.12396904103932,128.8129173427707,128.33888356196127,123.63335450926039,129.1187662656691,134.38138743891844,140.59714403788024,148.59935932971644,151.21349946917053,148.37174127023476,143.71690105317106,144.50529802053083,138.92906280403247,135.0280497184162,134.63241311209217,142.4067757430554,4.5249999999999995
90.58205101840795,85.11894107673993,82.47111600017499,76.33240556218627,84.1552887923613,82.1829196722639,86.06431489224687,87.63064062242928,87.02010277449179,86.49137998261098,85.89139867058083,91.76939588458633,91.21364991846387,91.24979904840153,88.25104691278861,95.24890128786872,96.82883467544673,99.54391551799753,103.00378808060393,111.06952872893336,104.77969738785808,111.20443439819311,116.9099798055345,124.3632848322514,129.0982130835557,129.64860166538537,129.0376131566996,123.93480632512333,128.73490729036155,132.6774932818062,138.98930600610416,147.17606981157644,150.0923937865752,147.07010335636252,142.60919861532918,143.56951641570845,138.67171074555228,135.15183887117877,134.27442961404705,141.5341332747919,4.55
89.81766655320344,84.89004599405443,81.7496749683834,75.44962596089488,83.93818285920453,81.33674058598353,85.18373305547458,88.11954191137193,86.51508637642223,86.69834600030904,85.89616870395781,91.40234984988466,89.91430271300476,90.10933361069183,87.75040134983252,94.74025615544915,97.08364269125119,99.60616514886438,102.60486413089788,110.68184621115836,104.52546498173822,110.73513538476638,117.39199701318299,124.42578231339948,127.61939180137114,128.37618190948234,129.67192838372898,124.70895763790966,129.1383412800948,133.9903142095628,139.5050242660941,148.17996675452287,150.82441524363523,148.0260138618562,144.07669079705755,143.68813421946516,139.05062262222307,135.4106835376272,133.79898037478708,141.66321514900176,4.575
88.78631746151784,84.23791903722008,81.50656572701479,74.88536201909781,83.24370393720594,81.47098433162745,85.97492510379666,87.7165205095825,85.9346615983537,86.18053292520665,85.54267975917338,90.40285441877356,90.0318688703808,89.88028265822123,88.30561968000409,93.69709305711945,96.54726504038834,98.12230576941656,100.72368757935743,109.51204758981692,103.6570841863634,109.69956414245334,116.25745514026903,123.90872935795213,126.89926685446605,128.68567849452867,129.0302393161206,124.4447851160053,129.14938179490372,133.47367778230338,139.16039626496095,147.63236093625238,149.71628399709107,147.22296704931725,143.64519295355015,143.3720661770748,138.82783725546614,135.03803537577377,133.92931581170083,140.869251906566,4.6
88.50865680777201,84.36218087440236,81.50620576707837,75.4911866775569,83.60673185413988,81.73097981392337,86.26370587307906,87.66201130271233,86.02504809690069,86.20985495521424,85.61746924570096,90.07350416651889,89.69177356727647,89.81681877735193,88.37474597082401,94.63814173098669,95.19193782180128,98.462242796797,101.14155929807174,109.78695070450792,104.07008022742377,109.55425553614913,116.08199146084334,124.05778429375366,128.193805477223,128.42449630633,129.60294917679516,124.8472069905196,129.91683163066585,134.98600480382717,139.89761577351294,148.14094256602493,150.97490023130862,147.92211205515753,143.45927809566533,142.72303694827437,138.4093326558474,133.87244654901053,133.55704245291,140.8700993611251,4.625
88.76271831940974,83.85452524986405,81.05906883537466,75.34532398919282,83.56349063136244,81.60805390835762,86.48965910055207,87.8883071930744,86.19422468307985,86.54122577014553,85.19591475011796,90.55518006669243,89.96704847441185,90.3153936369944,88.91513279423167,93.85416115853558,94.93278951155416,98.13895965877624,100.78557154040021,109.23320998870759,103.66038162727295,109.30974859662257,115.53279535487451,124.25304813017684,126.7978105462521,128.31878324134397,129.55940350671366,125.02994691060718,130.17053225872345,135.39581931275353,140.79682683104113,148.80555047206852,152.4206143115953,148.65321882558123,143.88604551263933,143.50769827362652,139.24107295966488,134.62533335998407,134.51154646410257,142.59956705201714,4.6499999999999995
88.92137342150642,84.33276344972299,81.63621375200687,75.81425919618066,84.12646907506067,81.68473881789618,86.18662770153378,88.01170031995079,86.05017726232542,86.25707482170938,85.38592716545746,90.49971399343659,89.21769893371149,88.53038424709601,87.4100309008816,93.15924783727121,93.88005334288395,96.81062965619296,99.65230905304165,108.63244223362426,103.41437305390104,109.09437876426963,115.17396164288911,123.51094605974856,124.48893618765084,126.98650231891759,129.82228385944967,126.3345059455736,131.32504559739098,136.77104566762324,142.1766789922316,150.23496493602357,152.8112278167848,150.03478779661665,144.61290877609824,145.04998362959446,140.18661032861007,136.20161768086095,134.84646059070994,142.72507109968404,4.675
88.52850253035064,84.85055851762763,82.23666394716813,76.1903498624565,83.93621500844145,81.23438605564486,85.9343141047924,87.66230115610549,86.18340465822155,86.0141362663991,86.08778542407111,90.09933640103944,89.4294345125137,89.17390265435039,87.804503017837,93.00550800253909,94.46825645359512,97.44290014653662,100.33514271537209,108.89163633287768,103.22262157319892,109.28245287589266,115.28121678875635,123.13236269911224,124.64936833205581,126.93266699565132,129.4184381223591,125.59718571206668,131.294647692142,137.08542706101926,142.11062774918622,149.9655178784738,153.60848991789555,149.6893133001787,144.14993640596882,145.01762081741398,139.99681001423986,136.04751551858328,135.9485011480667,143.60351424520687,4.7
88.4362370732726,84.09940941014088,80.83337133781433,75.89458279317336,83.97288970489613,81.49777435261586,86.69174587181618,88.2238815348597,86.35668713794536,86.90909450125149,85.52799315069053,89.94782675148275,89.01222460211835,89.37768848254191,88.7220746614776,92.8695091967237,93.32874982933811,97.28247635204465,99.89896506964769,109.02234873087158,103.85825228828787,107.90121907573783,115.22749509503194,122.33744241737693,124.3174416167166,126.29553565165085,128.3668414102812,124.1521306236337,130.1472964465222,135.82479959731057,140.82350160558337,148.72560493153065,152.25738738023557,149.0719936977667,143.9812993216167,144.009532046952,138.9073288582869,134.7402630692708,134.75116419741687,142.77235415368466,4.725
87.91936019356034,83.84097245931783,81.97666422765403,76.2014258211043,84.12532160910501,81.7105276040057,86.53436320017775,86.77387411535082,86.18889533054886,86.59976199560228,86.23154531380581,89.71187595379274,88.8156941563833,88.84197156713822,89.01657589700298,94.45691452740968,94.4736111323142,96.88646032296404,99.54848305679988,108.95018252045733,103.69277354835829,108.43350569414159,115.50679682661891,122.45441183629995,125.39684195849259,127.14657530015177,128.31317938444843,123.54052147889809,129.25756602972376,135.03046025557978,141.22428247761465,148.81676381485963,152.53202264953637,149.14153757837641,144.4695493324283,143.79828790235908,138.2873405908756,135.3445684445786,136.08855086487756,142.43053900969858,4.75
87.78285000112419,83.03632545547029,81.32159096189682,76.18041865887805,83.99655472122225,81.69415620367823,86.2881527077891,87.9197707842114,85.86857290089051,86.61101205437916,85.35706531940627,89.90141758147635,89.39671288734502,88.91906784797966,87.54223729084659,94.04591868296248,94.67366305891977,97.56045203550568,100.63353219166845,109.66268184654808,103.89114015566605,107.96414782468031,115.61920791533035,121.32646655254877,123.87669380415926,126.24083328257515,126.88403641825857,122.54431253428808,127.83564103917752,134.00984862437917,139.860509362593,147.37068984446714,151.07991375091768,148.11537116188455,143.51738583525616,143.41144001814428,137.89492255752867,134.55189793601662,135.84588884051973,142.1873663671722,4.7749999999999995
87.92868026656855,83.1110770738729,80.43055735630321,76.22939819553562,84.15097078063711,81.64578293997229,85.86409847596389,88.48961860552284,86.86256713200272,86.65152901299942,85.53517894643119,90.06832848627926,89.49398777541177,90.13791966492175,89.11601185720438,94.97147197420198,96.05818777550479,99.01845332026895,101.98782776879514,110.4131583150893,104.54920282728423,108.60933942754642,114.77714747364831,120.35675660497859,121.90823375195492,124.8996899735825,126.35743630868586,123.0784223501729,128.4726342668541,133.8546531435708,139.6192825533139,147.87511891507035,151.37492966196854,148.46297617196993,144.5498648262718,143.52009456425066,138.06034352604632,133.80783339428248,135.05074249415205,141.78238565295197,4.8
88.22978715335313,82.95333493490614,80.05456648581574,75.7258330482617,84.10781832341044,81.72618183934551,86.5415383713848,88.74488868053768,86.65968875038327,86.7546228481871,85.76982792276493,90.66978086472639,89.15145155942301,88.9921437096045,86.72446447254694,94.3027233059999,95.58095765064297,99.39520836924433,102.17255195940476,110.80120245882662,105.10901841692981,109.15897470210945,115.5787252018456,121.57839181671761,124.74625890476,126.39561100309726,127.37084710893504,123.74792693874329,129.47589098513083,135.37470187739453,140.47544759721504,148.3565029800526,151.83440224149246,148.4222778587508,144.13726912161766,143.81933061365268,138.1838138578209,135.04141096290783,135.77585068037416,142.14747898504595,4.825
88.43468641428522,83.27566930486212,80.10162023581923,75.45815920021288,83.6038429119053,81.56176813484767,85.90436995510146,88.71701581515728,86.83874335387573,87.1794206483792,85.61164550966285,90.48387332457614,90.38532521283503,89.7266717826331,87.18156465853836,94.99498138151444,96.79616451894448,99.04610153653663,102.44664071782543,111.46671180828397,104.96156021688668,108.93578510307148,114.94361156609264,120.57784076410317,123.83873767115941,125.30018416284182,126.77758759810732,122.14599847995251,128.26371307526355,134.25881835753012,140.01771244205938,147.95987120785762,151.96639014866713,148.56804832701127,145.61398863667526,144.51631346371897,139.09251879607626,135.78413214011286,136.75947122798323,142.41839552473908,4.85
89.40667896716896,84.4871401777722,80.21011460454818,74.80229059232767,83.24670628079404,81.38133763218353,85.33466182549412,87.45767779982876,86.02637093971451,86.36754027467335,85.33875697643643,90.85955853480206,90.23193262595264,88.90048966911903,85.6341098562307,93.76185639930563,95.81901365922548,98.50028382879833,101.86751095588863,110.54038939062696,103.7771921759667,109.26425765464552,115.56194951778681,121.02115740766726,123.48230803904656,125.55225604165184,127.12589865831717,122.71972170745545,128.80979748029912,134.47485660718854,140.15434864139235,147.72233867981242,152.13634084573832,148.65774537173343,144.24188901383744,143.97567757472356,138.92516111821854,135.61299492549918,137.7657774849909,143.292548162755,4.875
87.99707622282119,82.38256708938154,79.08058365977774,74.28448623633045,82.44125182507864,81.03156995656664,86.28469883117846,86.70756109210251,85.88371976881001,85.42382716012398,84.09757836093948,89.21307832819349,88.50751116387329,87.43429309649761,85.4518612402243,93.62682727539746,95.02935094129886,98.50587188985378,101.43980529745683,110.2138241899766,103.68445960443017,108.61327277016949,114.98857350413346,120.03528267277159,122.48568491551134,124.70792184047036,126.65147099950136,122.1723498685505,129.05579200080984,134.1518585830581,139.08514833604275,147.05377035131207,151.43771426375358,148.27754578158527,144.23814298713802,143.70057636792276,138.69885234796797,134.65448197642607,136.89689045238396,143.35863809552677,4.8999999999999995
88.23452344454608,83.43865494845497,80.22389209665162,74.32340652758943,82.49411740404474,80.95337513678413,86.76306961800455,88.21961329050818,86.62020208873216,85.92204828434637,84.90846350045815,90.14248251288947,88.97139108388333,87.36912666163758,85.28357589786366,93.9074363949013,95.55300084125795,99.08323240743992,101.84967516040122,110.34380463629907,104.81067204733876,108.48268760671581,115.08990664002229,119.75943547844861,124.71727367761218,126.04865653087833,126.51075086102972,122.93441905848633,129.99354865556504,134.45334803761426,138.829293596574,146.57281285510746,150.4891663236179,147.53571741868942,144.89312751580255,144.25455367596044,138.97699632661158,135.2245091451975,136.94245019025718,142.78915518345886,4.925
88.67912851568195,82.90424406975524,80.54291677480816,75.11251630238314,83.28463523694114,80.96869998137832,86.07405473801288,88.68908492361581,86.33550104877327,86.55675774767326,85.45334597259722,91.26810891387251,89.21205256353755,89.16682190528127,86.40635993868277,94.58106414543451,95.81018266953399,99.5917141225973,102.67739066802851,111.36853093256303,105.42819249418207,109.57505265804474,115.28657575290197,120.68477405671942,123.70145538881579,125.52328385279054,126.46648436374375,122.62552942157092,129.37053553959325,133.97735153298504,139.00242201677372,147.0027931932445,150.4608359359698,147.6750499827565,143.80052742058746,143.85128012075097,138.85478545141913,135.47313233389806,136.01934321576385,141.82559443144152,4.95
88.12662062555543,82.93981724468922,80.81713377140116,75.14535706670398,82.9904266840787,81.40958560617885,85.68138437197061,87.98474545746924,85.66192588398098,85.91286835294287,85.43739793723506,90.47195542267292,88.29932540054259,89.21094014346495,87.97009844315417,95.92044159656072,96.1982889154768,99.99324116386518,103.35121309242102,112.5569628945795,106.36095164831718,110.65948077404633,116.47776166614543,120.74379678145979,125.40981511903072,126.74699878933029,126.60558804209504,122.66924188534742,128.63814422595368,133.47549393203832,138.34015215241368,146.25856188970027,150.12628911254075,147.4185187836493,143.70453950044777,143.93327912237936,139.23617621739575,135.64214102401377,136.62443371114637,142.66807259975963,4.975
88.25947906163324,82.82840142714508,80.04428089883785,75.2029155455495,83.09226734037532,81.25091817705066,86.05129414683753,87.75216795821362,85.90067182493868,85.88513146048663,84.88704668707567,90.70497064485534,88.26436463279768,89.02400079650187,87.40233382870272,95.33558508487248,96.5185919549184,100.17266160107346,103.13318550501094,112.1079923768032,106.71223251443416,110.96732403234196,116.5556311698644,121.4521017608237,125.89991291182398,126.95588816684335,126.74320669242434,122.35327848286474,128.8073329609343,133.06330632889907,137.55379673806686,145.15186600376788,149.73385190969483,146.35938395633124,142.4481652050359,143.175012506686,138.8930032133343,134.78192382050617,136.86903631150443,141.91818348732957,5.0
