nt_1,nt_2,nt_3,nt_4,nt_5,nt_6,nt_7,nt_8,nt_9,nt_10,nt_11,nt_12,nt_13,nt_14,nt_15,nt_16,nt_17,nt_18,nt_19,nt_20,nt_21,nt_22,nt_23,nt_24,nt_25,nt_26,nt_27,nt_28,nt_29,nt_30,nt_31,nt_32,nt_33,nt_34,nt_35,nt_36,nt_37,nt_38,nt_39,nt_40,time_ns
93.82368663366105,89.23277393882984,86.01025047451915,86.7763863877314,94.0315887590987,87.87593823051478,86.97780265343104,85.3383929017345,87.58580814939376,90.74515667172663,94.49555113375936,96.46404564224353,98.02709864525457,99.886302476933,95.61949120687197,97.20920609912883,101.26449546102515,106.40951618456452,110.26923894055966,120.31304563821098,114.08399262229293,116.47617954250512,123.88446736690392,127.28941636565621,130.40793432839905,131.05954983847238,131.8652452069191,125.69317932079879,130.2884484418505,134.83793032755878,141.4543532019452,148.41072293492712,149.24925510740047,146.9812378389122,143.9391577038193,142.53452032588606,137.5121098912243,134.6607050775567,133.286617407888,141.1544030660555,0.0
94.06939441624797,88.53822274243873,85.03952054612154,85.89995772522573,93.3452774270092,87.95755730766535,86.64524390825275,85.19927278336716,87.51008459741809,90.2433241736912,93.82164796246158,96.35722332867309,99.27868976845727,101.19393218900481,96.9121197388757,98.88326618568588,102.7557468566859,107.33668956098325,111.05851512496773,120.94136532925076,114.9694181429288,117.1081946561782,124.04701164386692,127.77709003304197,131.02952435389398,131.42097837511582,131.3990368262024,124.9405155423707,130.51373978425545,134.8650416292595,141.77296800091563,149.18967316963074,149.52967502460902,146.95534952995575,143.7603295646868,142.4584347683504,137.23870795182262,134.6417931037411,134.62471053646732,141.73058747645132,0.024999999999999998
94.37610961559386,89.48716942036097,85.77867768469076,86.25079329189558,93.17267277456757,87.24948814527704,86.2559616023272,84.88335338941181,87.21534356299779,90.22417027721391,93.73123037405489,96.56675224033975,98.15583695378137,99.9074362106057,95.88742061659948,98.72444704397962,102.70035441390382,107.82635618124404,111.32578047357745,120.71195660139442,114.65323434931533,116.64122665270365,122.9088052030998,126.58623771132677,131.77885220324424,131.2840086080386,131.12100168580844,124.84556119762607,130.1623698156443,134.97700975524,141.59947688889093,149.2162090067555,149.9509026578459,147.1583035098898,143.6532570554981,143.09092409246293,137.78025599006037,134.90173750965667,134.65934882079029,141.76877062950257,0.049999999999999996
95.09323776721052,89.29639192035584,85.95857011118775,86.43737191367384,93.68771770038752,88.04692837902351,86.64887798438625,84.66516084037947,86.6820659960837,90.31839584333238,94.40063428679557,96.8286257201962,98.19707128387171,99.81437913051028,97.14162550696537,98.87215334234376,102.67254196769784,107.71277825156042,110.60022837264533,120.45080845846265,114.52759529422936,116.65321294509789,123.31303891596295,127.07876910052451,131.05488748567834,131.14424119079257,131.40679249340542,125.57803938188366,130.33613612428894,134.82559178021387,141.3792261762224,149.22816415352202,149.20192012426662,147.73241670501974,144.27941051507605,143.6391151690003,138.17621180395582,134.80390045833434,135.23060195485706,141.81813828993648,0.075
95.37775116985436,89.94053062225925,86.25308837624429,86.92338823800084,93.46288956636397,87.17689337555869,85.8475627571519,83.72834029759451,86.05268321944308,90.61818446882381,94.44287278162503,97.43360138779948,97.28964201551804,100.18819952457504,97.65328108768755,98.6438746845358,103.13485065524912,107.12493150597427,111.17923265708565,120.72990091904452,114.9474144877563,116.52152325419834,122.8562835595714,126.89369305327523,130.77405288044997,130.53184251053761,131.1011187526139,125.39349629358337,130.62556197265718,134.91198985877682,141.4410095694863,149.24812942850934,149.77718923800512,147.46106376914878,143.73186096853715,143.31524432972424,137.80295469936203,135.02289581518585,135.07059125011193,141.86342667763938,0.09999999999999999
94.9345186067819,89.27438102887946,85.12285592847333,85.8568132714193,92.92360749235762,86.65525271947001,86.66001701452619,85.05107366205665,86.42529043186545,89.56775400653417,93.7234196040303,96.38972085759497,96.59934045381053,98.95573014062356,96.72467030084304,98.9951108890343,102.94380489305732,107.56305004064691,111.36725597977441,121.11841455970716,115.19967167270272,117.13995844290353,123.0125035848648,127.19733997844139,131.1477512028313,131.44247451942826,130.88134688823192,124.83763300568819,130.24403493551915,133.97661699146585,140.7251052442274,147.86461065089287,149.20867402676691,147.41331937859832,143.5884680261394,143.05813984768582,137.42862244566481,134.41705904306852,134.24969783799804,141.37965405464337,0.125
95.35218520506032,89.65477070657519,85.28054415237536,85.29990116907132,92.51826194134614,86.80505877726864,85.64223089869905,84.50821031703853,84.75055708520674,89.49478862114266,93.39433813837776,96.88582473343706,96.8691521276005,99.74219853456347,97.55019528357963,98.8044239658324,102.65374438272771,107.02655271851404,110.91011306715845,120.55042736784817,114.72764319655886,116.72807889107052,121.88728742639844,125.43132977171351,129.5127053135753,130.07561996929422,130.51562360228652,123.82833158966382,128.51465461960396,133.15794066269444,140.24766552603057,147.41773123193377,149.66437035346289,147.10407969955827,143.60314278207244,142.7640117606169,137.3160671319152,134.03967792220405,134.31290635384502,141.46124534391453,0.15
94.18953411331867,88.99748395682124,85.0402542168681,85.63903406209224,92.58270170171761,87.7118073429956,87.3472840567934,84.79906816105384,85.66880012603292,88.64014475038756,92.47977060901482,95.90086466812517,95.57494433398035,97.41116577957088,95.40343518708494,99.29156632529836,103.18490857582648,107.13737028364261,110.34573972398795,120.00374528517648,114.37688828805543,116.65591784962004,121.57826076712279,125.31195530680937,129.22253220246586,129.9808794534516,130.21330590697409,123.73039829687973,128.7002560743036,133.33811356054215,140.112634450205,148.1017498391249,149.5593897970523,146.92937061224944,143.73536878632677,142.9336657277679,137.47062714723057,133.1123518688671,134.39685440109955,141.11462530392657,0.175
92.16224865309593,87.50614944694647,83.68673219691159,84.90844054843441,92.19390025893021,87.44236898077504,87.18595296375611,84.97161662285386,85.93552494405188,89.24405586069247,92.19857389475843,94.96039084072845,95.67981222031474,98.56815613414514,94.72153534013816,97.53124029850565,101.67124572587932,106.17085471705829,109.88787157480638,119.93280495669555,113.84899599430513,117.33735588343549,122.66659075257242,126.11330639890369,129.08877639745296,129.98571657678536,131.2629756178755,125.42562244675193,130.63650018427893,134.3891351504017,140.86231705859666,148.43170303356783,149.92560680987924,148.18128399497635,145.6379908807863,143.8265848745632,138.64845505837835,134.68287804851576,134.48432001421594,142.2671779185432,0.19999999999999998
91.77678271479472,87.05358624653496,82.56958081632021,83.52170596312368,91.22111349703218,86.7693551977867,87.00272602370528,85.12055533129778,85.33270127948408,89.33112913457796,91.88399766237973,94.5841414087936,95.62264394012702,99.3276669532619,96.81155587879847,98.9243522517549,102.80070969976659,106.86482327078626,110.76257814205601,120.36598958848974,113.92921913610749,117.51409105150205,122.49140405926293,125.8003401502622,129.14855425007096,129.58280755383078,131.30237266005764,126.22094989999313,131.4968980156297,135.84111704252044,142.45083814471934,150.5894794765859,151.83640887178126,149.30593951352097,145.93465186044887,145.29699723801855,139.85331334935194,136.19706897499015,135.4786314847583,142.94944457054874,0.22499999999999998
93.12152418164827,87.79012325342745,83.27103986042107,84.18256488582341,91.58928541527756,87.37311410342161,87.14422106331654,84.79494058082315,84.83258482380731,89.70965646803634,92.55907015862732,94.97176692382041,95.53111178844424,99.76233059150762,96.75631984406586,98.59603907134533,102.35603244970898,106.7628440060549,110.76958271628078,120.42190085951418,114.03013374401667,117.19008612506722,122.82451952066549,126.22006639648399,128.71657243164518,129.87850498152517,131.2013297257388,126.17233772234536,131.28392513450626,135.8119243158385,142.54923740491625,150.3871775638873,150.94779330703813,149.0577997333173,146.12369608634734,145.02517236431,139.34261250645602,135.37390684594445,135.04722955610072,142.2337692133127,0.25
91.52407563960693,86.35485552470178,83.23163725951957,83.83259516107152,91.354869815949,87.52054606984848,86.93659137624786,84.93492905628153,85.71587938301131,90.0735258913619,92.27577267521244,93.90652445900196,94.0959739952932,98.26551355379968,96.55328279893637,98.12116035114032,102.29086518804476,106.5302478840939,110.47356291585803,120.32586394309762,114.22175268916217,116.94908112539437,122.67841579759644,126.35786297827505,129.69282757056416,129.96357095135534,131.35972473729294,125.51598434981778,130.71753147200303,134.99210303824745,141.34046837157888,149.1413278014126,150.03254971770457,147.88586322346436,146.16941694026534,143.77321602824316,138.5802463708269,134.64881647695864,133.0800247432549,141.04768088735065,0.27499999999999997
91.46760349828553,87.22475963328922,83.96835898866112,84.29723111391432,91.76379395378402,87.45600162694177,87.09458711519056,85.16089348464672,86.61633977325013,90.5657761205745,92.86822285982595,94.69003644400252,92.6890505291882,98.26248007650473,97.27594680952078,98.74594769526209,102.60779630089584,107.1985323404119,109.54378481547944,118.90315584130728,113.96310602268922,115.84692262064048,121.72201866600355,124.6675591471184,127.80689273170888,129.21610065771523,129.72009865538723,124.47002979316586,130.2363193120243,135.0469590622727,141.84784707161066,149.08928053803822,149.49212949599388,147.61296042812006,146.26554548473865,143.0655072759136,138.25031952670514,133.8567057189891,132.89923887238817,140.71056850981438,0.3
91.36006517551456,86.98366810932527,84.74177008814178,84.82102121698917,92.15184894977344,87.83902636743761,87.07591997287338,85.44035745540913,86.96355680015714,91.06985935478922,93.12596389526098,94.2269464535071,91.39512795429455,97.22701277976704,97.12561445522297,98.67874671149283,102.40345054008819,107.00626247228503,108.6069326214907,118.6181197671053,113.73146080982768,115.59047690723135,121.27161053594111,124.8589323376925,128.84767967494247,129.35869598081,130.19532951268403,124.37412332430475,129.75248122500585,134.5896675444375,140.78555591127872,148.86900698028882,150.5457149293096,148.330118124354,146.14492325439403,143.22387444037258,137.6522635775069,133.69916763678668,133.7286913504098,141.089603284568,0.325
91.71466112453287,87.2602764366442,84.6941043775256,84.13437395167477,92.23301598018074,87.70208506944287,87.17382048404752,84.94123903875675,86.69956236563388,90.64461789419047,93.01851627491192,94.3039915195512,92.25274228402847,97.68457273333313,97.09422678154377,98.54508161035085,102.17003303374452,105.91886963464955,108.4488967699138,118.03241282209765,113.01021016869812,114.87971399330704,121.12212670106604,124.97838935624912,127.85994575386094,128.58381223080184,129.54512504881131,124.60151189578389,129.94570719128257,135.05482159082857,141.72671849878884,149.5305687849962,150.12158176833145,148.64268284155884,146.18890798840272,143.4728061802915,138.1399254149635,133.47028077364172,132.46605043577836,140.31960218009806,0.35
92.91238212100242,88.0628482314207,84.76340419296898,85.78934660603574,93.56043715894884,88.19778795707599,87.2914892309687,85.2039252109565,86.77835975700455,91.03719379146062,93.29346923052015,95.02391675131227,93.65750193516914,98.6826660339919,97.94112865502387,98.49029791251309,101.82522738704571,106.62043347274013,109.16715940749873,118.24868149979493,113.55945756447294,115.25866878677691,120.77690285968066,123.55863457459967,125.98201206707914,127.40419070933613,129.26081561915697,124.00593456482392,129.70398391118212,134.33624548121963,140.06324164011912,148.91494080363103,149.77735809523284,146.49076963908792,143.9193926569583,141.92425400190848,136.7453965163766,133.339440229727,132.6779454974001,140.37631201030376,0.375
92.85194026729036,88.03118924511774,84.18968303463456,84.09168884181025,91.79901126063035,87.04889151267434,87.1546219575792,84.95371674648757,86.29043724380999,90.55500345731701,93.34157014832782,95.08628881499624,94.81359638978623,99.73284930550588,97.15765371565278,98.11500839470378,101.72019445449138,105.35287706048109,108.49591199997923,118.0858251359982,113.78871184868811,115.38975951887782,121.21134639855947,124.24627946047299,127.21905841480783,128.2382285536279,129.53870170629312,123.94796463633023,130.25579660687987,135.12116262112102,140.12640350555301,148.77305947709294,149.94086244453615,147.5725225985226,144.82334393494517,142.52241086962755,137.24388779590294,133.5559888027924,132.30279278707053,140.4377236805915,0.39999999999999997
92.4501519784454,88.17575575921587,84.64122232881184,84.82407300453133,92.50314563999385,87.62165205504243,87.06891674631457,85.62441128833046,87.38429625729881,90.75190439529919,93.17624160184775,95.09007260821198,94.51793436200546,99.49451142231321,97.30484266950216,98.58270188455677,102.54777696534296,106.7555461357945,109.7229202297622,119.12734524981435,114.13757505066485,116.03743812740855,122.06457515585552,126.11651699824375,129.28603894555894,130.67560122581494,130.4462247538022,124.74903013534514,130.70642671346224,135.74407898676918,141.16776199617794,149.50855826062033,149.63149290352055,147.25271290871584,144.52278197866343,141.47996166829518,136.49180889943256,132.46168615211883,131.3566836811935,139.03753483068988,0.425
93.07646262543606,88.69494370268671,85.36206835928859,85.54473398735104,93.40961986608869,88.39492593710628,87.57130158040428,85.93105702839205,88.11572518419669,90.54462277141602,93.13980772893177,95.61539352406953,94.81892696689613,98.92923700123859,96.95130281472527,98.16625721254253,101.91674577614478,106.38827596758907,109.1789143267803,118.82816634050344,113.50690929923066,115.27566310710543,121.37053081327146,125.27308635252463,128.3955269155706,128.73524774798716,129.9651467418791,124.42022189308159,130.05151526937942,134.81944459657444,141.1943582320364,148.51850949457042,148.91806416232612,146.1373875113512,142.4727156248646,140.14399565311126,135.25546884316503,131.38475296413105,129.95094592482906,138.08991427326762,0.44999999999999996
93.71858869581676,89.14164486708887,85.418815737328,85.76534486782404,93.58199279318598,88.1542911927578,86.84535143089964,85.18744520284119,88.01886178591816,91.09558305000586,93.61061622093669,95.95583202042906,95.00253852525705,98.96027869278835,97.15764164946091,98.29766066670584,101.06230992995052,105.13922132037446,108.12209835427751,118.09965190251344,112.12622189574027,115.19826857634251,120.822241886259,124.8406043577481,129.17710686487843,129.52565746719705,129.3097850396574,124.38267870805,129.85350131463656,134.61174250665252,140.79289233217645,148.41143681939752,148.72193159921164,145.7875796281474,141.80305667407833,140.36957373406673,135.46561270012177,131.6021621619306,130.602683823,138.60821058188841,0.475
92.3857920780634,88.89314781586154,85.37726032081721,85.77887231868161,93.64982168003539,88.8765429379926,87.75561004687984,86.20489756705362,88.73289828898224,91.61087194878633,92.9340101826856,94.8430302085929,93.22172614580471,97.95646837025063,95.9855346714674,95.16086997765525,98.53726410366177,102.41833701099156,106.20480510167747,115.99069251651606,110.44268539932725,112.70459538649965,119.08387041839174,124.57554759121052,127.9887972957901,128.6725274049017,128.98324661376068,124.4746118175817,129.78223580220777,134.16271213620809,140.40939972920026,148.3391513398671,149.20473746245233,145.85131129637716,141.98971094553656,140.36825603905095,135.09795521393903,132.28447892498932,131.07463382594784,138.26644130184854,0.5
91.79307930858056,88.22853441891414,85.58941650161579,85.87077439109288,93.43112660544082,88.40539192242878,87.56481513379768,85.98078895134239,88.5697281835516,91.31339559924075,92.91307628731528,94.23865852139465,93.3985668689724,98.59624728492663,96.66255609376813,96.45132622680393,99.45624589913578,102.03581440731944,106.2190778892772,116.01752898443453,109.74491666776412,112.9883865824223,118.91041017461046,124.69923894037386,127.40436046658333,128.28545411177163,128.98947475128136,124.40060765488026,130.2493317343193,134.9820063293649,140.32714855622794,148.3356619308721,148.26938097749957,146.02498114163478,144.0057277752363,140.4848631566893,135.43471855514434,132.30405950871153,130.90808841418902,138.89416551163936,0.525
90.80798584749252,87.24895266019345,84.39937971824796,85.6368700913282,93.68387074926838,89.17398814877956,88.255335654977,85.59466957944562,87.85883291495534,90.46974309035951,92.38491243046886,93.4249169458495,92.00401166012126,96.3368948210062,94.24418555199529,95.16795819250078,99.0624986372492,103.04404924477922,106.49157355838321,116.42759766207465,111.07019146613027,113.11080959347895,119.63771407418803,124.64616584758821,125.90750570111926,127.87602260317,129.14330383249035,124.16787312026968,130.01921301693443,134.91991123946696,140.45634959342124,148.5856434373088,149.28024853207373,146.3104015793116,143.4404594595858,140.71393836431434,135.8330483129326,132.18310871902162,131.51827350345144,138.95718080292295,0.5499999999999999
91.6814660997787,87.42670321921226,83.93645929629795,84.78533502684068,92.63472023646946,88.20853736227957,87.75440770218945,85.44195276438055,87.86261998843466,91.07659365570493,92.5278111067463,94.31232275593392,92.50957203483689,97.85198694707354,95.28215040165595,95.37949152119214,99.34899330873574,103.70903021560132,106.10490954582167,115.8734451737675,111.07321892468023,113.30123546952426,120.05046942195747,125.27260008300615,126.60055040394194,128.0724527736969,128.84492408899132,124.76865146302247,130.38777699711338,135.8124283129216,140.65782339208965,148.80005080860434,149.0050142624499,145.94529510604866,144.51720065718138,140.4431540128457,135.5806879258825,132.42060351485452,129.80739479354156,138.12692887115335,0.575
90.5966313036505,86.86880693445045,84.0352576082445,84.82821329375497,92.71981640425534,87.71886301852886,87.58634271493212,85.6368488054211,87.83433989906882,91.12664905335765,92.154638918292,93.52548082461314,91.51365333787757,96.51120784282625,95.476837135111,95.97230801610391,100.01099357410894,104.55955484942488,105.80185470217154,115.27893215816736,111.66522216179278,112.46969303078144,119.555502441578,124.2184838576476,125.68919865246717,126.32136528555144,127.06522598094419,124.566519926963,130.04849153573605,134.98158827609706,141.06949875117738,148.4429056692253,147.0360823768786,145.51133690865336,145.9555220084763,140.55923080775378,136.04758257521485,132.5367531409888,129.73891033432363,137.9857974802286,0.6
91.3781114677164,87.18995872279984,83.7075827086955,84.00729613894424,91.94049678191274,87.10374557151837,87.08756248878596,85.13280851552514,87.83731167767891,90.43859208721229,92.18479601327107,94.07985774671701,91.61008520232292,96.82690164850088,95.245434580637,96.4458390977714,100.01059736969444,104.19014193236875,105.28770415082244,114.87444203380436,110.57762877796038,112.11789042010926,118.97333800928914,123.45094641460814,125.44893021578602,126.0623319129196,127.29230921015274,124.35034919721208,129.37905195101467,135.01076918583635,140.0780475276079,148.35337930478047,147.5490185393553,144.9542047455197,144.6893633261052,139.61978763561052,134.98887057510768,131.87463484484292,128.62393668191754,137.30760655747127,0.625
90.87195249980762,87.20642826366985,84.39930911015826,84.85066897218096,93.30340062099087,88.24867353311365,87.6328802235661,85.40419514335524,87.96832641475675,91.3159922046471,93.06073197642661,93.85636271325825,91.57602344795043,97.43820213429777,95.89207715710714,95.74115722342515,99.07486501623586,103.68529876934781,105.3228730939314,115.08425506802327,111.03237859234993,113.07636941062472,119.53105468397936,124.01238914603086,125.73741122819936,126.74400165962194,127.26301552736652,125.01710483230934,130.10167183732793,135.21115254682795,140.16004855377497,147.92721835926716,146.63452302555564,144.76001991179817,144.82529335266463,139.634143429799,134.57429062208453,132.13173888293724,129.64001406414278,136.79069984949092,0.65
90.94814577841184,87.44056855554933,84.34273584555544,85.04238527207914,92.82411379466032,88.61285785771531,87.05877832409786,85.31427767844873,87.75909471033506,90.44953600009731,92.41322170430517,93.70205614855865,92.54918897934682,97.60322592995486,95.12786577273536,95.02827468759298,98.18463831921805,102.81143592014985,104.62281495444344,114.11748163941587,109.33613359112086,112.6553658607042,118.8048173730438,123.12656512868678,125.34583333384273,125.80707401763054,126.6693417693584,123.7603908509588,129.4765011147571,134.7766155035375,140.8201096113011,147.91845010478787,146.04570066077858,144.5027303799833,144.08891210986744,139.13580832327222,134.36641304985034,131.5035757184257,127.83915183005902,136.25345078015198,0.6749999999999999
89.43742193613787,87.32575691639488,84.71306532701712,85.59209161380181,93.83464682066526,89.01724671368507,87.37378045038466,85.64329444533472,88.29578415305754,91.9706650214163,93.41064360320887,93.52337195043525,91.72361147247821,97.61825645785615,95.7559440780316,95.6086018979004,97.9448158113378,102.1628247263975,104.78103663686885,113.92671854657819,109.18750763400153,113.06813140944146,119.69456821483058,123.36842895424937,124.66608844651581,125.85973347075348,127.30813267025734,125.50811762839595,130.4206880567083,135.454756244829,140.56594515788112,148.00948871709298,146.40076036273655,144.79365690940503,144.27081739120928,139.30289148370937,134.72656423256362,132.32154043220237,128.42581662383432,136.63281138494105,0.7
89.68809854555147,87.56168058513325,84.7019385778033,85.98095593618672,94.01697700780369,88.90230878513279,87.6722833469889,85.71357259369627,88.32610752854586,92.29920911723727,93.46738658540377,93.30463850952452,92.52895067749958,97.51088843792434,95.63169889885987,95.34235424030223,99.15251107094144,103.59358341803804,106.0269017209109,115.54999717114715,110.21703675901165,113.6311518047989,120.03745087816695,123.82822091553844,125.95423975684885,126.48511843834538,126.95161605275858,125.5066408632401,130.73372237213732,135.08173654230995,140.13808203058755,147.98994367899297,147.6101816231983,145.2638371047643,144.97808741234857,140.06025560028723,135.10589258481576,132.4174065867603,128.27898723754595,136.7491605050916,0.725
90.81755452687563,87.69126283023323,85.18543708769286,86.38497674703024,94.23230892404192,88.83057996145021,87.44930303649554,85.64357084038939,88.65364014286048,92.90075352170976,94.64884692910056,94.43411905317558,92.63266744243727,98.16809914503656,96.25368177192482,96.2260868358623,99.41117596513774,103.66756181377777,105.92929393530125,115.82062895661045,110.8217063592074,113.58615497604242,119.84462240428566,124.29552254645519,125.40512335462655,127.43572885142882,127.88043885920058,125.46072235279624,130.77249170101896,135.34072723784595,140.93795439176932,148.98289213407372,148.35913921377323,145.88330161166198,144.73072542276498,140.29568513832953,135.61979476770483,133.0754640295276,129.90947714475237,137.90233012207733,0.75
90.80488358425254,87.44224053490407,85.4928026981666,86.5388851202385,93.71917067066894,89.34142463608646,87.00922887392318,85.78044311172161,87.91377206250087,91.55320649339819,93.86943809899745,94.08021293010859,93.16247662651669,98.51562249950484,96.3497555251731,95.72142436851544,99.4292125696069,103.40155422520897,105.46611256971002,115.38543256220242,110.64393210340589,112.55056758122353,119.34233536649697,123.70404460754611,126.35564614236107,126.7127367174265,126.51761649796485,125.82068023182507,130.83694518431156,135.26618840989033,141.12510518856578,149.32836946220968,148.30584054714808,145.94023053851458,145.56181877648677,140.8660201820952,135.7555925151268,133.0524472573353,129.94297230110908,138.46695476506522,0.7749999999999999
91.46456661443253,87.87447859958807,85.73533848163684,86.75486770584605,94.57133479635047,89.99173824282482,88.34057276695796,85.89744211499493,88.92647562932824,92.49304122056296,94.36691354005063,94.48681508493809,94.05833956101796,97.78266161450273,96.41618687990741,96.09006534300823,99.24153649884917,103.58009759691531,105.33063563822714,114.80125330999847,110.69009878493522,112.43661320701571,118.27147605441034,123.54374547571301,124.71320447551955,125.57584097591455,126.45485681278137,125.80964374721027,131.00316418035692,135.7127522236059,141.2287446393966,149.14571136388494,148.55053155536007,146.65993784981242,146.56394476661325,141.26945247163377,136.62171375866785,133.9379387878992,130.40568872217094,138.76697418235693,0.7999999999999999
89.1983545061801,87.16488410351948,85.47712190752202,87.18910880363337,94.95144121412724,89.69008273936967,88.17215961459794,85.54756470916453,89.28007480525525,92.17935815697095,92.71645935014352,92.86702659438672,91.98649777245248,96.08352622278997,94.52209130139394,94.64812808931967,97.97367173022488,102.06664964540226,104.23125540971914,113.8541601148598,110.11761568287258,110.95374625286448,117.61388477465239,121.8409253874052,123.86114683657647,124.39142377208887,125.15453738445781,124.277356320819,129.80867320217607,134.32553117606008,140.4677815397128,148.30186082612363,148.0727818949884,145.88873628303048,144.94999645643404,140.83737954327006,135.8826978284187,132.88328589815188,129.4938054531226,138.15331209415234,0.825
90.15707156471632,86.82228882514562,85.57375148845028,87.41024464436214,95.09427484075077,90.36090354439136,88.09878069897854,85.8602826952505,88.48077841453849,91.38508276625308,93.20306071228887,93.76646897316297,93.15712614225107,97.45448634249908,95.49800076941852,94.24513902654829,97.51115621115586,101.6678497673814,103.76813546205081,113.52070529648883,109.18593003545868,111.04480161433361,117.61946821846753,122.03190762852701,123.59136518574826,124.53693088076768,125.10964073005145,125.02202690656021,129.79726314186888,134.38659436483667,140.54359801046127,147.65675604203972,147.93376016200847,145.81987616299375,145.10333253508583,140.46548469627305,135.73465206827092,132.94697920624645,131.47350630125425,138.43311560629775,0.85
89.19688913144262,86.11331703688961,84.51537266842135,86.06063994927192,93.67917662188205,89.43139582385305,87.9260185328032,85.52943949308559,87.73328869652244,90.64966214965757,91.69714196860832,93.1900928756448,92.55603876585332,97.29936192873757,94.63069590177608,94.31900023727238,97.40809867057001,102.65454140776247,104.31360498010281,113.7734586469104,109.8292125805807,111.2348123029486,117.10033039418087,121.91952110073046,123.2889434242565,124.76893006492003,125.76530567429833,124.0503994704044,129.21252113477163,133.69981913146697,139.88885718380277,147.16279076526715,146.93128104607047,144.7546685378688,144.94750706932268,139.39633496449937,134.78079152117377,132.1945536920314,130.91436245798,136.83096550246597,0.875
89.15170503778401,85.8018061271374,84.058693616028,86.33093057274573,93.88903922920099,90.35833727499492,88.23192642788067,85.61680592691542,87.34382309605233,91.04354423737612,92.333228221961,93.05610383875411,91.05408224756516,97.64119266927345,96.86780320577442,96.64391393218219,100.55575654472882,104.62350210885523,106.39374446794544,115.83354020340359,111.51383679667514,112.9448274318237,118.19476824937529,122.54355009818039,123.43678996232953,125.23193537572327,126.64491410617966,125.52272753634374,130.454114720708,133.90243677120569,140.49545752051264,147.13891813840328,147.34508777468972,145.25347747964207,144.72228192284274,139.66920842422826,135.38756038397798,132.2838676786747,131.36987056189486,137.9235467796753,0.8999999999999999
89.48590298694677,86.14983353012641,84.02640111807682,85.63920975571241,93.32373036599958,88.04420790449596,87.61563399779259,85.43973169348945,86.71035703033924,90.8555817453697,92.2789707246625,93.34471543049334,91.29913370913314,98.01339659756667,96.47424742535117,95.69919454849297,99.66688380373182,104.11608748869881,106.10964394786464,115.43104434798745,110.90442006064,112.32667004206569,117.7364045798698,122.79442850895056,125.07527532024199,125.63588732746835,126.27972001088546,124.92957618769469,129.95890385499,133.85752771254084,139.94376141714108,147.85464374967364,147.3985807384076,145.9425938580586,145.4951481762394,140.3758395448441,135.4740720411382,132.41678696324533,131.18034224778648,137.3308033383426,0.9249999999999999
90.5992493138514,87.3660749063632,84.65099319763863,85.97015912897572,93.44914020451044,88.64601390184444,87.81335575615692,85.61574418589879,87.74641232014731,92.02478945041969,93.30942552051278,93.83906025037706,91.46644771644316,97.23422029404625,94.92868695543447,95.29694183901375,99.30753091683184,103.8524713238355,105.43851618445944,114.70897337219353,110.64870212420291,111.65247296353017,117.60845270011845,122.57905651027113,123.98794811212096,125.7901436942992,126.06921428664039,124.04557433577332,129.6085748627365,133.5882548922453,140.39433632027965,147.61585167543234,146.8271642146716,144.96747766588425,145.34484079920105,140.15738965309293,135.65614874040034,132.32477445077956,131.70698898234727,137.62535359175837,0.95
91.63255661153147,88.02802796477793,85.62594652178788,86.20925900452025,94.16129332838693,87.94770697280131,87.33532975583188,85.01255352613353,86.91674974814555,91.62832723886669,93.85781844832275,94.64821100891558,91.79091929449517,97.61545131068956,96.08267542459822,97.18206622323979,100.81631911640545,105.18031696664212,106.48145333026949,115.69740979200344,111.8880593094777,112.93585685887791,119.24046949280788,123.66190410830274,125.90123213995678,127.0150867279621,126.89482542750915,124.52532755993617,129.4996349472022,133.95867166482168,140.67427217134434,148.18916271599664,147.50738706700912,145.7129539012205,145.65694774158828,140.52204607263587,136.17560222760483,132.8931562437341,132.88191184035662,138.3002030250243,0.975
90.8518856749813,87.47587579554917,84.47705959283158,85.50541631148262,93.18130904541106,88.18677457091908,87.44616982794473,85.59085727801205,87.40960230722652,91.53096135883106,92.91104170796065,94.05814143176977,90.90989965296725,97.12894007650272,96.03977234065964,96.65546027760419,100.65648529339595,104.99783641995162,106.62963553503131,116.1696206970496,112.0173871217713,112.82477933590324,119.13196526253691,123.5986550849458,125.00127180585581,125.86077821972266,126.42619410400845,124.71507808294484,129.6500560324249,133.76027959456928,140.6400122436334,147.90924757580055,146.845661819587,145.33695903405157,144.72466144651872,139.9854317641378,134.91108984285404,132.06423498786756,132.82599285938113,137.80171326413543,1.0
90.82908451016972,87.37954326398577,84.99808412930531,86.51810192918316,93.91590357057032,88.25709599782303,87.3013579493929,85.16137398369938,86.89960574477357,91.17364841559572,93.26043638116069,93.8371436262535,91.05767507573773,98.50150129374477,97.64619680867492,97.18338847561914,100.4843674382015,105.48031760215625,106.72215028087695,116.11798585430428,112.81271834382576,113.20897246187384,119.67880029836954,124.28890614601626,126.18130406636321,126.62511378464158,127.32535378157779,124.73954999728495,130.21676342898547,132.78901661811082,140.80281039275062,147.31862451208244,147.29842021120893,144.98952553895208,145.42626976445985,140.0489105086151,135.3743238991991,131.74537618540222,131.73516381711224,137.4793234381333,1.025
92.27216285624354,89.55756014897324,86.61483074062572,86.93898257040027,94.41933792659299,88.74778017313466,87.16012111456169,85.01275719109074,87.43062678498148,91.93915560351334,93.75923314341503,95.64637668570643,92.76951433246646,98.72054007253038,97.30532020405775,96.87099801606094,100.77485312906508,104.9643711164718,106.13738905873657,115.45978362254219,112.15237446862298,112.66082042731026,119.51300625710296,123.86807628443455,125.19135574264821,125.92388376592147,126.72902384764281,125.02018520139126,130.62908641909473,134.59735869056655,142.3379640862475,148.64996420851372,148.28683408295296,145.7816799624473,144.32731525426664,140.35442921032256,136.19953629456936,132.44310025590624,132.77650724273946,138.06877548430654,1.05
91.53950988217704,88.10483385376065,84.94415155249558,86.26463107940606,93.62494617511308,88.41626322853234,87.41853063605656,85.26090353179501,86.41771812327127,90.38586127272995,92.93926429564178,94.64908648385857,92.52433366905117,96.91589085607865,95.47272098403062,97.21812147661007,101.21262666447193,105.7538269967203,107.9850406736104,117.44439172789252,113.84563570254987,113.6908315110926,119.62876956352497,124.16807040125693,125.00281022423887,126.92151106257417,127.88595569782055,124.69639851735549,130.36521940303118,134.52383839024895,142.87881858772667,148.52140763399473,148.4455283086225,145.55251196221064,144.30985395740643,139.8882020400315,136.35015316924103,132.89498107471593,133.32010957458044,138.43798627269814,1.075
92.42425757966448,88.72640518965164,85.63768842299231,86.94782455332071,94.52555253675243,88.60994209210969,87.56076219450766,85.98513235893384,87.50911572185242,91.42362956178415,94.35798996501265,95.13943573686494,92.83130165364058,97.26817121791242,95.8958050929113,97.44438496790588,101.45324852777071,105.59952211630333,107.91325284846755,117.28408377347998,113.74541504022547,113.56593786449695,120.2870396272946,124.64330322134686,126.31199419557035,127.43732995695542,128.21452084315985,125.92739489042293,131.28914513136652,134.9547851968208,142.6720323505906,148.84936884814113,149.32577091350305,146.0668532548841,143.4645250613999,140.0390873285416,136.16123856014255,133.43018489544204,134.07493565420305,138.9961283284165,1.0999999999999999
92.10392947898549,88.48879415640766,85.9552464054972,85.9840731022104,93.79654028728186,88.13380502913948,87.04912660808503,85.54558550872052,88.34031324566773,92.11551210221481,93.8215400681202,95.36843649221402,93.86915843422594,98.43571272561145,96.87083904464106,97.38356441035495,101.96934846438532,106.82454443736833,107.90650732833095,116.95074058174686,114.1396097912472,114.44738666860657,119.38555527169025,123.44125057071571,124.81733658032194,126.47376737301494,128.48362878982078,125.00954992114033,129.63985598970373,134.05776624747918,141.05693835589238,148.30969154528998,147.73323933626506,145.19862993946106,143.20258690773508,138.8134209573607,134.4101914775181,132.18379770268785,133.13357338928267,137.51510012642188,1.125
91.81223109986274,88.82746773074815,85.68454569415337,86.5508524263046,94.41563463308532,88.31425396293469,86.99495707762135,85.28110853373823,88.15626485531833,92.79155223292973,94.51868641637304,95.09406295781523,93.8695922157479,98.43160151806492,95.82760731196771,97.32878038166346,101.65147654731254,106.6263063195792,108.03330069066376,117.38783990440587,113.75637987789311,114.30808949644909,120.46752340068336,124.43029966640577,125.01474019630275,127.18077667312704,128.07940265488418,126.57340582724024,131.4392157420316,136.1264809859707,143.07624922871298,149.5535739349802,148.7155051250056,145.7049699396285,142.51482561721218,139.24002294943517,135.7141189625655,133.34357366581708,133.7415652944213,138.54027883765383,1.15
91.0805815244115,87.77001942019587,85.00412380913568,85.69329865358824,93.60033355024893,88.47325014320398,87.51031088717126,85.59860293221732,87.69886114257392,91.62226541704834,93.90707124957788,94.5118961093929,93.39623529906407,97.83449480396152,95.74863139699181,97.0612539914145,101.28451451635175,105.84345601467831,107.64336383520313,117.08028038527314,113.12784894066652,114.9230518794871,121.05785974845321,124.52570937388589,126.5651681266764,127.86362750306968,128.32319613229146,124.9599421022285,130.80838205670412,135.04711989604675,142.4099539138475,149.09392239748672,149.31665795297937,146.31286069620342,143.8968293678619,140.0781713258844,135.8865436718084,133.13761672090783,134.39054863142732,138.85394689620347,1.175
90.76650688884962,87.37969684010642,85.06685262553995,85.2728852846584,93.21195617892414,87.7393348513177,87.37519902349459,85.18512448641918,87.25488272128234,91.32472086285644,92.93666005999668,94.03973785133789,93.7507798897292,98.57890360388998,96.35855531363025,96.6926845344806,100.75585970411873,105.38081216802911,106.82692595882631,116.5939457402808,112.33299909243118,113.39553204788862,120.46895358096099,124.44255288346986,124.53381631305263,126.64100325278753,127.76471555773406,125.64076646908183,130.78520903413357,134.94734125811667,142.32013766192694,149.23053426263243,147.59695232383507,145.24702310311312,142.88050086692135,139.24553431488744,135.01552899132417,131.874863076371,132.34982561404027,137.68972760012485,1.2
91.71896427851419,87.68963557249751,85.4147965710386,85.68211853871426,93.00320512793846,87.28039760078534,87.0404103199374,85.25417754825605,87.40402174875987,92.03842145437625,93.93874921210329,94.70647545907656,93.74061963811627,98.60335701650334,96.85422876095905,96.66475050793463,100.71475095981393,105.43935995312532,106.52600678877542,115.49505596426549,113.10577462600367,112.76803826640824,119.48289224391681,122.9692487165618,123.06252873894893,125.4738556174064,127.21279098052577,124.8208373665866,129.9895364593708,133.74526182604632,141.0131903069041,147.974218609141,146.5581616053919,144.21799287599802,142.63614748701548,138.22644754157517,134.0063754082103,131.47054760483152,131.14640673492374,136.8464442996373,1.2249999999999999
90.63006194001846,86.82303442263384,84.65486727060392,85.36791704188971,93.31571351992942,88.2269754565626,87.03509540665871,85.07076744315034,87.81159999953192,91.57249662583627,92.94879060950996,93.6578073344526,93.48298282080657,98.12735560703274,95.43338706672071,97.12538039585252,101.57053854699711,105.94088102904203,107.36323890912442,116.45769740944888,113.80005768135399,113.83046820460946,120.33199185500268,124.02816482028244,124.31797289148719,126.37126995499064,128.23609764140065,125.94186546765292,131.11972292875606,134.89667953453022,141.86344957009538,148.72033421905928,148.15562183589407,145.43716125496712,144.21909624706177,139.34977262508312,135.28150242605733,132.49338820208936,130.74723118727945,137.68864795779064,1.25
91.07640002267289,87.79679932413296,84.56109339864167,85.91573620940329,93.95555611434969,88.67041224715248,86.86322678635153,85.37913757593368,88.17297683069921,92.25106117227034,93.73089153979194,93.62105636981204,92.18818444096136,98.48613649096578,96.58975649934531,96.3191298344544,100.43527007974123,105.49438615721536,106.87914963088167,115.95857405329026,113.23428416768488,112.73404290129845,119.0043270434192,122.7836128606215,123.27925831719416,125.56553189444337,127.0406052003237,124.17612664210066,129.37098714240477,133.88982963619418,140.7809174670717,148.24967298004506,148.3195109050469,145.43671501056775,143.73929492915516,139.54847401053502,134.67290105421696,131.72513837923475,131.38683200220913,137.89430087922392,1.275
89.61254059664996,87.61522160336486,85.65539062779354,85.41639893905429,93.03500734758887,88.70875090506686,87.83348897264567,85.41638122815826,88.4624350503173,92.03629752854354,93.71754993037176,93.3576340948361,92.08817111984305,98.12460049771815,95.53465489959473,96.89089670321229,100.16690648915477,105.50691936956656,106.73560627360648,115.68610169411016,112.58571095644935,112.4189165904567,117.26031392598509,121.66483425315921,122.10418349733953,124.70226877685901,126.18116057618371,122.9149487892871,128.17969947636112,132.71416219121994,140.957390988059,147.56324839908729,147.8989985504528,145.02660028826978,142.58085950419803,138.63650651797798,134.4787144324424,132.51935331562353,133.00430624472693,138.36513602197593,1.3
90.28111760344457,86.80322494301748,85.30317506224704,85.3516169148468,92.92841929060691,88.87606542031344,88.32293423599063,85.70994746489048,88.31231379658252,91.98491440651557,93.16567458677883,93.28219103542659,91.93553328885847,97.27968166037317,97.16717529453672,97.70645012413797,101.82088932846608,105.92918365552774,107.2256077548484,115.75116101249665,113.79688997329778,111.9715265756731,117.70288816802777,122.5312703954918,124.68395514797761,125.84856975731127,126.21380627610517,122.93105935189764,128.39376187076306,132.49681289836406,140.43115416250214,147.18075709781124,147.77596013603346,144.52610445603426,142.90599321765393,139.49323395190493,134.97606740397958,132.42989910491775,132.7914763992141,138.56310324667183,1.325
89.73280221803995,86.91333630483362,85.2963272395391,85.80271950407172,92.95599825381258,88.13136443178942,87.74711320547534,85.50854330519333,88.45161682819204,92.01383354232522,93.66206362851128,93.4175507464844,91.42851834090911,96.52587872407861,95.75015603605922,97.71249191125759,101.71738651659784,106.16519419817413,107.64601372786365,116.27763813580803,114.28554983026541,112.49857394766494,118.87917479234208,123.10428809334408,126.16310153693328,127.35862642168686,127.27231324164563,123.76162799963664,128.8028933637866,132.95707227619903,140.7813459689848,147.3854075934247,147.6387478819018,144.87867735836767,142.7430885869457,139.67692186547026,135.52325259515652,132.94364365934132,131.98890754138336,138.73838554149359,1.3499999999999999
90.04900582165897,87.7013155644743,84.81319796551738,86.2783131063949,94.1376342745967,88.67582911857932,87.58813420415302,85.40763542321717,88.59184356479777,92.3583244935013,93.35079452025946,94.2068684566957,92.38947120922762,97.24067577517681,96.09001219248836,98.71952681195297,102.16984380771001,107.35790778338628,107.93986124112354,116.92015144475624,114.93196017144938,113.10296791377219,119.07902583434807,123.92596995869718,126.07093080499762,127.56263241601579,127.89450391383134,123.48144308120241,128.46538392608443,132.60057304987146,141.19164853584084,147.5034643269894,148.71226524450236,145.11113112382213,143.6533321433223,139.81122975899353,135.86133736246987,132.90914063897822,132.64156173213195,139.25417314409106,1.375
90.20022555313918,87.40475581367728,84.65033879699129,85.84146029604767,93.37561810326164,88.86198669639006,87.54746489706888,85.94015644049708,88.40183691137891,91.65428141373147,92.6285258743388,93.4778836867057,92.40789527972102,96.8825857389444,96.25300980680657,99.83284064904126,103.97661539486215,108.64485697253392,109.68308703941268,117.76171932112092,116.41539763585031,113.6467921759798,119.22919041529079,123.84921124658973,125.81738968030861,127.83272500697147,128.12536318059,124.00573802896434,128.88684651942202,132.92538055671827,141.35980655530966,147.80861607111132,148.85565362997323,145.31257133512403,143.09015344549047,140.33212824517346,136.24298995792583,133.24898393371657,132.90270115527727,139.4045681870827,1.4
90.33558030892308,86.86086943521565,84.77541217038049,86.2206178075785,94.01801076702611,89.50072464913649,87.47408259093115,86.41619613877185,88.70388100911913,91.35695532160754,91.90231829252036,93.38966270708495,91.87586737123283,97.26102154757196,95.83554524805359,98.58235743407974,102.79348956078098,107.53014771057789,108.96152370441354,117.56728466729729,115.69668512541026,114.26760917816068,119.16617919284745,123.89539614112127,125.79410782288633,127.7648098535543,127.82539923853182,124.67312019180831,129.66259637954215,133.79307539245224,141.97356051191736,148.6753172896476,149.21619194054205,146.23301404439292,143.69073994846934,141.12019167852287,136.62133556582404,133.18156612206042,132.59633364456175,139.52281551381776,1.425
90.57609086498823,87.76996554526218,86.44933417859076,86.96234299567809,94.46488822684861,89.53914388379641,87.89770535529458,85.91230738374043,89.14494632648706,92.56241801406532,94.15039768583252,93.7803247318113,92.88361668677008,97.47790619580303,95.95802775810022,97.2586811251364,101.44983984065797,106.23447088504693,107.65124880241282,116.58529987254575,114.10184197024886,113.76421970244843,118.575588448689,123.05650305077431,124.8093941237611,126.54798353623632,127.2584713355331,124.765481672888,130.0174814282634,133.83438406987239,141.7844314252706,148.57731833250907,148.14138362091708,145.83034062727975,143.76751310042476,140.23108582176945,135.74459851147463,132.62502447685074,132.46065192067465,138.76974560567092,1.45
89.93455398473583,88.23915903283833,85.43660482287848,86.12813116311878,93.82792584637899,88.33665876627677,87.15896391154561,85.78008499535063,89.09156991319426,92.41514313010595,94.0617790276807,93.64367597736992,91.6717941875138,96.6143897180852,95.68893407531851,97.81390406847376,101.64763481995368,106.88478227441969,108.30461034570011,116.88182886953395,114.87138916103426,113.54231679613088,118.06653098657813,122.36284112677532,124.05299132610928,125.22823953703198,127.35575919479135,123.97840718897689,128.94478502702822,133.0561605270392,141.26409180368893,148.0646219685961,149.37184778723318,145.83451184346848,143.33511768848638,140.21931834679327,135.93897114157414,132.72964587419486,133.20520013383032,139.03769297813142,1.4749999999999999
88.3371990351597,86.55535085213435,84.51386960263281,85.5869100892985,93.31323745139474,88.48066133209826,87.36417060505957,86.02907005769808,89.13457098430912,92.19149212879609,93.28910220893073,91.67214949365697,89.96350302953806,94.65471978522564,95.0400033569872,98.45069043124016,103.08640924021043,107.03262521734814,109.50542746157303,117.54565728193687,115.94082129943588,113.20296789611554,117.75230103700886,121.49851594743589,122.70777310634962,125.27825433422802,126.67175106264816,123.28810592411823,128.8421145390987,133.1395660927101,140.94711212788374,147.7284159988746,148.69110091258975,145.14663407791068,142.32673343171354,139.90213532032482,135.46821904264812,132.36875232593738,132.29100573718975,138.63013512184392,1.5
88.91059325324053,86.86343065681959,84.41859041486454,86.0576098542497,93.67799885733731,88.99350291485138,88.46090434789323,86.55154611928626,89.3905282034323,91.74650494913439,93.03600516870826,92.45075475665269,90.68504170039492,95.09012444402453,94.8814621657599,98.11449290425782,102.79708324585698,107.53801241835629,109.28980600334967,117.799391853378,116.28598387180466,113.41611935431472,118.20882369310812,122.14485866517158,121.7890611698206,125.13764860896403,127.02156355810135,123.58248428872344,128.8465992962063,133.24490937689802,141.17017791120753,147.3734018161382,148.89851374410603,145.35028480030968,141.30685229881038,139.50032118484563,135.78443794713797,131.9491050361214,132.0080473336477,138.75125270070598,1.525
87.10656108081716,86.08582451327015,84.26173739910301,85.43923628982479,93.49966220136068,88.31674196616973,87.06560334272547,85.37529104586372,88.79037537068805,91.25145239080507,91.51244494093709,90.99241462566422,88.09277884337104,93.04248306987624,93.72166334138768,97.41285664996181,102.14170712802158,106.57419163933649,108.51444030343202,117.15426619393801,114.62704420304085,112.65392312374694,117.9069982891417,121.64525347583704,120.5166901127838,123.70589108940122,126.66705772746351,123.0560223151015,128.56377934337615,132.89223763997552,140.8198493653182,147.383491956353,147.81434041532265,145.0216941194626,141.53517691364536,139.6792121691576,135.59187169539513,132.13741439038677,132.14908756058503,138.89979140528754,1.5499999999999998
88.17501948167276,86.44206488007642,84.40256176845381,85.77943163683278,93.61955673271183,88.20094676730253,87.60888900008709,85.57432423136945,88.83362090940619,90.79746565606828,91.92237783173218,91.84033045129314,89.08186667330071,94.06753317803982,94.72862769157001,97.82723656278787,102.76449516058172,107.4243112345354,109.04547266418422,117.95883555603513,115.24607422334246,114.3701497935394,118.94090490079944,123.13226655824421,123.7747864405882,126.43266957074343,127.89249604875732,123.9292554717397,129.1532173139203,133.40671842557163,141.40584581454408,148.137959216693,148.26714516105312,145.57442640437426,142.48190498088928,140.26875064916624,135.88600189736974,132.51209436725165,131.41863836643236,138.6776414552054,1.575
86.83643568655222,85.03911541463398,83.62043765690798,85.27373978593972,93.15439414126455,88.12588637024143,87.41058844400362,85.9843942257288,88.78480741674869,91.09020402311305,91.79499011199935,91.48605776691264,88.18852372376946,94.47896437791135,95.56435924783206,98.29414814487035,102.70318532783574,107.45298656663314,109.68560008576041,118.43091647294575,115.65738594062022,114.00057367647341,119.03517952449909,123.57592297895444,123.163600909992,126.43577657716352,128.78732864449563,123.94985590343943,128.66471039517359,132.45803520822093,140.94923999754678,146.91934460687833,148.3525545841929,145.0112546582826,142.09755637129334,139.5872635367651,135.63686714405713,132.0688028921237,131.63372505337463,138.5071065806667,1.5999999999999999
86.43202933435495,84.43302575235302,83.34667287576237,85.15984380013707,93.33920674840874,87.97295000687605,86.99177654537672,85.67953891135285,88.97469619934344,91.2513370894551,90.30723261173452,90.30446692526473,88.13966462583988,93.78341870196994,94.81807929797702,98.36971613105979,102.97278413868123,107.53691314486792,109.5465440158686,118.3980297414649,115.32621988918689,114.05109913425555,119.00909419202829,122.70376308630946,123.48641959493844,126.33153290858102,127.84545381597378,123.23548886103954,128.15405212280092,132.15831448585124,140.13623582948094,146.3754188751289,148.5684966875438,144.9495332184478,141.48244864586502,139.2430045333094,134.73060519550435,131.77572014613474,132.3653792858354,138.435399000903,1.625
87.6374214726481,84.54348095317788,82.71151235914962,84.86608774058982,93.12910365062942,87.86348981737837,86.88641958375378,85.45427742849385,89.01092276014654,91.07050117782092,91.48877400424459,90.85660351655241,88.22700774265626,94.8619555997993,95.36492376539998,98.25831176314114,102.58333944131923,107.65027620268663,109.48889665471445,118.61038516774148,115.38073151547087,114.27639908573872,119.12676401464556,123.16552739686719,123.49438777981489,126.60826503521425,127.82592327141796,123.05045304375227,128.24011281303197,132.6334630366722,140.5095012020845,146.61996365165822,147.41476388437712,143.67616066005672,140.7420395852613,138.12062787424045,134.59559512830936,131.63385390771126,131.08728807407692,137.53563394395144,1.65
87.38706577805175,84.63643355439129,83.193437775583,84.13962208583305,92.58036322130167,87.80483799883143,87.07610054754305,85.5452398855578,89.10686545759077,91.12436839558039,91.07195991990851,90.73815517503066,89.76775545696582,96.01993372525394,96.18931109448967,99.2785025197534,103.17147992107135,107.63463819644818,109.79546620408208,118.78948254409627,115.78813691853138,114.68568973378582,119.49024303225181,122.69706461667232,122.0435032774511,125.90343457392582,127.70794770125964,122.35160724347567,127.35546285900604,131.48817386070453,139.68373766975793,145.36158753758406,146.65377244891192,142.9382596903265,140.94369074248303,137.780267359716,133.60965534341028,131.17303693184687,129.20634408953708,136.441967541831,1.6749999999999998
87.55789269574178,85.1498213974483,83.71946413514033,85.2190979717075,93.36932158850436,88.26552914821009,86.5117418089504,85.25106788571924,88.91579756329014,91.62945200452106,92.19986406541035,91.7795414167234,90.73444292480094,94.94785895763994,94.97204267497959,98.77738160881177,103.08450422189395,107.92658662585856,109.78192862816631,118.64594451572819,116.11049984335136,114.84184538294407,118.49328717391847,122.88882370470043,123.32973154196878,126.35351917790474,127.59043840513401,122.87619381448216,127.79268888647019,131.53222835367373,139.95211841504138,146.55596797363597,147.5504743653205,143.56430669250312,141.0399727007317,138.3816188455943,134.25282101165354,131.33593500369363,129.99151484407346,137.52265649541147,1.7
86.96304144580435,83.6461816362001,83.38293775033017,84.93293019324074,93.02927458540762,87.61131847855202,86.27274302933877,84.60937388626576,88.67911834143797,90.80363751666466,90.30106450935048,90.27012546614137,90.18103965642845,94.76788038414747,95.30943379261268,99.57774605225846,104.0706483496094,108.60659764384792,110.45509641777429,119.3976135137735,116.22021073276257,115.6196210290749,119.83599932852263,124.2620976385534,124.19426309372787,127.93074297887479,128.6578953261199,122.85724883618951,128.0185065379565,132.08899916897872,140.64310151293893,146.9504153463182,147.52383394133835,143.6918412499351,141.1428515705607,138.10819993477054,133.90363819123033,130.69683497534703,129.81343325738447,137.2388008809853,1.7249999999999999
86.92985327420357,84.30095372419454,83.66400883056494,85.31039266895996,93.09974276654397,87.54839618600423,86.5970716909662,85.4731084109323,88.71996512293777,91.49504123695623,91.07559752466092,90.50888894491248,90.15750580843897,95.00185912045767,95.0179783261546,98.93706862992599,103.48835643497698,108.20503486694702,109.88301512210757,118.55688686761802,116.36216323196332,114.98600572270016,119.60590793356874,124.14887776883943,124.08432615371649,127.28078339621356,128.36987769248336,124.22789687922752,129.08447704585063,132.58332707660705,140.37473381844245,146.60501875472744,146.26546859388398,143.40704087064398,140.20935353175582,137.49966595423683,133.68983576730395,131.11961625510725,128.69618580588516,136.50802590089467,1.75
88.83797030296614,85.77407260827007,84.81103175169861,86.07486554149253,93.69697492604996,87.29919123530183,86.37296927479271,85.54297787390303,89.0083891125967,92.52002293328847,92.88512111154581,91.6980668132681,90.52420678004924,94.38320274341636,95.33771984657952,99.70865708094921,104.7900786419165,109.02553089463365,110.58532722453528,118.76806476244184,116.89746942597786,114.94646309286387,119.26181245282632,123.9131774082587,124.79821153636678,127.18426366165959,128.76978647360556,123.65172048515652,128.3550917950803,132.39932351416,140.5650280283127,147.0278570442975,145.446885615644,143.26849371562218,142.67180921708518,138.28747672597547,133.33151673407633,131.1023901718011,128.7550497597653,136.41465580630262,1.775
87.31679567659563,86.07292856208181,84.61301796135268,86.5613209306616,94.03290165481936,88.59334405066355,86.93925682061312,85.84029508201775,89.33869173558173,92.33874720819979,92.05918798894442,91.4268420788891,88.75045420383097,95.1243258565982,95.90532286640374,100.25907532355086,104.88315326572783,109.1056220453259,110.34002643032785,118.70664813187622,116.99054685843153,114.45539305619644,119.57357329961862,124.49836158089636,125.99798645222931,128.31649099940324,128.88327005026758,124.08612745152273,129.15501931577563,132.98270652717457,141.43554072075037,147.32384111209504,147.16075156707814,143.96977249992068,142.96094603607128,138.3245044322635,134.0704395509079,131.8385224950443,128.83693384309757,137.27303889396757,1.7999999999999998
87.8328948122766,85.35947603665889,84.49932701418919,86.57271548603131,93.99741952461773,87.97485872718937,86.77199061490734,85.38196972275666,88.22902001999823,91.18020967008695,91.83651261112371,91.0956020157977,88.88141595790927,94.32665472744819,95.84729066789981,100.39084017502253,104.51381888743126,108.78441838979126,110.78490186682485,119.40203827160066,117.11727315094541,115.61587700860387,119.84723670384345,124.29304562143848,125.5671474107429,128.26919564535822,128.88429762914222,123.69836158359057,128.91430085106913,133.65625441636467,141.8970458450944,148.42821570097607,148.01271668925182,144.59070386751375,142.0859249268364,139.04840029458742,135.2568340638221,132.79342410279833,129.15212942333852,137.53012857488955,1.825
88.58509257330215,86.26117525147174,85.68358739258602,87.25004179225556,94.19841273758124,87.70854976756775,86.40604606665588,85.3891625807033,89.17952444879077,92.49284276397879,93.46311144397309,91.69516245246973,90.38758652294129,95.47759682636313,96.62532190113505,100.84256503627591,105.0825292196078,109.34376329832617,111.80778573373578,120.60322885390742,117.72678086661219,116.17432303574016,120.77350666635539,125.04858717459948,125.44495136071932,128.87885207615352,130.16137357267394,124.69679934085988,129.78150704205717,133.62330539612125,142.19749455046792,148.0794412950057,147.33685021414328,144.55866158280412,143.19727567864817,138.78505065956608,134.85479202917213,132.40248126560152,129.20695213123668,137.45982220139032,1.8499999999999999
88.75249188081713,85.6016702069422,84.11894518818991,86.49182020992663,93.34653716452067,87.08507071986227,86.92222975617062,85.75464857516835,89.30562569845421,91.46003118102826,92.80386544997016,91.68156499246597,91.08660280339015,97.02207537761066,98.10588758786949,101.20626338898617,106.0314098193653,110.4513618275091,113.19898002720906,121.54722839206944,119.0926320494508,116.61610624049653,121.30282286789645,125.17357675859523,126.0326943507892,128.55050878370392,130.01528941445326,124.35724449154934,129.41519198157,133.47530379950132,142.22420638842146,148.19688797626395,147.82894706585935,144.96702731339218,143.19031753176245,139.5048706659387,135.4788333439311,132.96293827344502,129.33677245510697,138.07916757483218,1.875
88.67887238397844,86.30941638056368,84.16096703809258,86.06237413692827,93.31579469776031,87.49813049231307,86.7758395135769,85.47515487955559,89.6124602676318,91.98843436238452,93.30932186833445,91.79620366295919,91.93211192549191,97.56686202836704,97.91269503340371,100.63007310994175,105.33899264166342,109.90743872175126,112.13892470493056,120.51206117908059,118.27112225495812,116.02336484779516,121.0753827010515,125.36172312198691,125.71055765489102,129.0681325615295,130.34816637337474,125.37759759521076,130.31653821709477,134.20278836242773,141.8916301938386,148.70692487755173,148.76809687199437,145.32982261311895,144.09614883968084,139.80784159299805,135.69507976095582,132.52008839129243,130.16785159089966,138.92810405032355,1.9
87.55434480074125,85.02266007824878,85.1157267372172,85.8545151916341,93.58509164815345,87.34379782082715,86.60064165961077,85.46600321587792,89.25348451596528,92.0990771333835,92.49519316149946,91.50713888060588,92.35214546323164,98.54775967801348,98.98112957332069,101.26379287630579,106.09755136365636,110.6109946695387,112.25084394741138,120.35473812481584,118.68376257011235,115.97273220066029,120.48389479488934,124.76547365002723,125.99127032126647,128.39225254523893,129.51194831507064,124.57322249111238,129.84893595723693,134.4157846616706,142.6425912158761,148.86641487920585,149.79776303312525,146.61487455193065,144.7334551608986,139.73837172359993,136.26755076124033,133.40793480234282,132.3077197081,139.34314518886458,1.9249999999999998
87.94893566125174,84.53557154992032,84.47894592150155,85.2524245207465,93.19661362401982,88.15344534252525,86.64456377458791,85.21260883482276,88.94520431880338,91.29067587681432,92.37473908183776,90.70009081709134,89.80888062004001,97.68291442446224,98.89659715498087,102.74846119810874,106.77952138494877,111.26660512779044,112.44824324785066,120.56169160411254,119.2083570900468,116.50016603560512,120.65600732724158,125.16461301332424,127.20330338855224,129.04701618007758,129.41720169586165,124.30479888858629,129.3665438834762,134.2249959834161,142.17717824650194,148.15301998371683,148.40912520637596,145.45514023020357,142.3141139081791,139.77979894527533,135.81506724763454,133.377315549225,130.9967759582565,139.08190167283624,1.95
86.9306892276417,84.95553072386025,84.44376554604656,85.41372651527111,93.49338495463941,87.48872311764066,86.27905899420449,85.12438485606712,88.89290120555069,92.65880186950889,92.231357666885,90.42029264181184,88.73182666975465,96.64694246166145,97.80821185212105,103.35542394785256,106.90319166558257,111.04557659998905,112.84734000881448,121.03359073960785,119.24464444008913,116.82894729706616,120.54405356204889,125.09933181415056,126.96607878209095,129.1921948001414,130.1650113900734,124.95413890731989,130.29973330955198,134.36746645928434,142.38082481633464,148.39385677504626,149.73744368517634,145.6843598889422,143.88990022723056,140.7721510631979,136.81935769843736,134.00559434908322,131.9195762588439,139.5756459869171,1.9749999999999999
86.82215477980911,84.70889329140726,84.2609262130456,85.72084715696522,93.26623782281038,87.44822970271986,86.63656527748344,85.37730551082169,89.3199280515326,92.47900520236632,92.29798095035903,90.02398585547022,87.97381289991553,96.68473957627347,98.16293164505964,102.91436291337813,106.28412296520675,111.08574480881691,112.82246671495463,121.04884728023457,119.4373868501063,116.6348721388248,121.51614686515306,125.58027429956782,126.29036065448926,129.22957213822633,130.68027552887406,126.17293919561831,130.9248906535052,134.75030213993676,143.31899073291729,148.6971221789255,149.60930290942798,145.3191344951053,142.96033227360698,139.54468630938453,136.14046254862527,134.4183165032373,131.67333534887933,139.21951467057,2.0
86.48258427944901,83.91996128089795,83.00003236327345,85.66874514628674,93.60023699805896,87.16670599965272,85.84584051436391,84.94954349203815,88.63115867807358,92.00967765157301,93.09557328005269,90.14621090763322,89.48321857558597,96.86105186628242,98.48634890375669,103.71303676585006,105.83238748924798,110.06414408914246,112.62989801382055,121.06043709302955,118.7767383366602,116.43108177273383,120.10562864902859,124.31907116980432,125.09148737587422,127.51103975417448,128.89165743828724,124.09001475134944,129.68201394365082,133.74365670222988,142.29183721775917,147.5080219002888,149.401579265671,145.74662344517418,142.1622244056772,140.21620648657972,136.14401120847205,133.73354580409068,131.65772038860982,139.4643470093598,2.025
86.90396520281763,83.42703152484168,83.90116030048165,85.59312512949063,93.28953439578474,87.30283169220272,86.23521547349236,85.43396793390107,88.80744566215488,91.57752859932006,92.59322837675234,91.46546923822179,89.4580577095238,97.18616528401273,98.42236295407824,103.78111124046632,105.28783346663894,108.76145526638804,112.36595448724128,121.14221018268785,117.91959228708613,116.17921997135626,120.40701257726886,124.28679057130482,124.66653931908073,128.3388697248431,129.7701984161218,124.01098294663593,129.62730474153858,133.49075030081565,142.2317931055963,147.13910356559688,149.3418038906037,144.84630774630156,140.95025748522633,139.48000370633744,135.96607472786428,133.51069764860156,130.86905506742383,139.11488776243408,2.05
86.58422402861866,83.41018672622067,83.33426201359586,85.34226411060874,92.88195006945736,86.83496607367023,86.46274491002282,85.34446052989577,88.8405882909517,91.56661856964227,92.20180530044183,90.87982487908177,90.05967913969167,97.25416708311508,97.53397439934693,102.13094836269256,105.38321873059289,109.26876362429404,112.0356487080624,121.35538615963668,117.89534705051071,116.0493590062229,121.31177582732192,124.99165790296266,125.72994623514535,128.77345721980225,129.47898004042358,123.28189685999811,128.72237616022312,132.45040854662054,141.02539467422127,146.82515069743343,148.21786328012556,144.31286936501323,140.87448370253264,139.29895407707068,135.09181696204703,132.45102067372375,130.5505753274254,138.50120510773485,2.0749999999999997
87.17935606673774,84.41251543835156,84.01006159075783,85.74347479147264,93.0029898233402,87.25227085582421,86.04853370599555,85.24758399186058,89.30748153326093,92.15683638451677,92.2615432325139,91.34379327343467,89.61707709454848,96.85154404005439,97.61004375909994,101.92864554323785,104.90887001010603,109.43090999257676,112.76650212413043,122.13720444686139,118.175772838028,117.29108583723925,121.27422537083207,125.37617727793543,126.05648770886584,129.29348166694314,129.9121194724217,123.72282451833394,129.09261655173532,133.5601416640726,141.62872921812544,146.92444963842902,148.1814178915692,144.08113556814402,140.76359909678524,138.40603366280627,135.095613803087,132.35767312731207,129.8637712084102,137.6449183519374,2.1
86.0568371921448,83.05176487272803,83.01373825197169,85.69905988097572,92.62060695555402,87.83830984921508,86.0101805046418,85.12562940049733,88.89986915395953,91.92560915100184,92.63150525877583,91.73172282652618,90.43172190792019,96.38824937282507,96.10082488269441,100.08622862010597,104.18436838602196,109.35950125825468,112.24609502318393,121.44414558197984,117.42984503265785,116.4015342527983,122.41468807663071,125.26944728248691,125.96818540722204,129.02673193008687,129.92030655871986,124.06008118448027,129.1677582701055,133.76336990576596,141.87596878032207,146.92231472162757,148.47901738628536,144.68952547559496,140.859253442,138.9753402045967,135.56857133905783,132.8643196549565,131.15736514116173,138.81690117488986,2.125
86.98153958891287,83.95303920435238,84.28542772009688,85.3213281365145,92.70801904492704,86.97182276360981,85.89999195943861,84.43369375419081,88.55233673464834,92.02819497782113,92.95587854197368,91.54296178663995,90.11436619282843,95.83545662893727,94.91331910443343,100.05384594985088,103.94341105929448,109.29419883856461,112.46908528801083,122.32137816160426,116.86473252517445,116.99099563661493,121.82721708023163,125.6458377004893,126.87812307614708,129.12278730210056,130.52894074568184,124.00313776839602,129.5549244259953,133.83557239578454,142.0815928428749,147.46391651463978,149.2445140571579,144.95156103235763,141.51488385845892,138.71538959209335,134.92524898401788,132.56273932109394,131.37503978046948,138.48822784148115,2.15
88.35261496593853,84.90692030212502,84.74464441358843,85.59933941265311,92.55518785194513,87.06331801041841,85.74126196357756,84.80777066526888,88.7819328050303,92.75980998186739,93.54773812487329,92.32089846076619,91.61595363988579,96.96505818523713,94.97990956828113,99.3894020586994,104.38097404465509,109.41106347667377,112.56203457697337,121.6746601780627,117.03851607843303,116.57665608484946,121.67893659763504,124.73163325295208,125.16082563016083,127.90021725513856,129.77175379459928,123.07510072470947,129.6368032334354,133.8692651528354,142.42301634593485,147.51538408889576,148.87599282549098,144.81810327744893,140.67119348739186,138.6623661635864,135.60548691216815,132.29533481689217,131.12299849285586,138.77883727759234,2.175
90.40995586908,86.6981141831119,85.4900195121568,86.23753970058598,93.3301032182317,86.93177683748853,86.07686848491704,84.92565613933529,89.08135307753655,93.05881353154541,94.42336905834716,93.79459448735165,93.50441679544835,98.91901335404937,96.54491463982075,99.53974220668641,104.42168717574013,111.02197815963329,113.47172860200511,122.27363414419655,117.73255918398968,117.33813943034974,122.0184927493433,125.41279970905413,125.62008389795547,128.4702459673789,130.0090744069713,123.77129081613073,129.99220753874192,134.80783996344525,142.95969609595647,148.3666761281423,149.6174954908594,145.5447731431281,141.18850275809393,139.3658871039548,136.0384964744918,133.19408428669095,130.81546110553668,138.90572663926318,2.1999999999999997
88.39413246231538,85.84518130838426,84.47322868899434,84.73961008928063,92.88188385745728,87.50233603570916,86.67241219739091,84.97876205430131,89.04361738994662,91.97594223571275,93.24068016614045,92.5564087580254,92.47043659394814,98.55376994964928,97.17841882178803,99.08469982871142,103.6235234267486,110.06735986791412,113.53479075161073,122.21823320084825,117.40740976209275,117.280843315733,122.06180236007918,125.26419686213566,125.42589181009265,128.51035919621967,130.13015806670356,123.69366075342809,129.3085997098231,133.5256802016587,142.03583372174,147.71810729691987,147.65057018823188,144.34317238717972,141.24095200871102,138.25585611357957,134.62120454967607,132.11034969973227,130.0131178869206,137.86111186229027,2.225
90.1767312169311,86.67342716540406,85.09820320757854,85.56255757780869,93.17529208376403,87.94318213498318,86.77718972861459,85.50405786883638,89.64883372469237,92.46139707945093,94.20569665391614,93.66248666441183,93.25004339781555,98.94617504780562,97.37194691098105,99.49351334464129,104.24260249118512,110.52576337846965,113.99245427753493,123.50510201718961,118.43122640366181,118.30483161030362,122.55951625773294,125.3846446412604,125.3520729799239,128.36995841277388,129.99903749661604,123.67148602897578,129.21415335393,133.08879753549706,141.5403456581981,146.9205419417637,148.26228932690552,144.228236866974,140.96046717840602,138.8353690507095,135.13296971772291,132.0483425921857,129.9496634436828,138.06738739741627,2.25
91.28570412582957,87.38058011083555,85.53239195283707,85.48747747413351,92.61555235203068,86.76070203005787,85.46413036317156,84.53925801799738,89.01353201584843,92.53371516845598,94.35660647134387,93.87923993385536,92.9553398427569,99.06619181695294,97.69674439936591,99.37038789188537,104.5880559783976,110.49547402379504,113.14933445067923,122.81923073797792,117.82924336334166,117.8407640972066,121.76127981444749,124.47067958217171,124.51308689193509,127.98677529368288,129.59257826507357,123.19117776027308,128.23707546395315,132.64277746520605,140.76273934071384,146.30191576015685,147.91825362477272,144.19730722249182,141.36579051809673,139.02936017243923,135.0534854673342,132.20207541510348,129.5328911034258,138.18677883736248,2.275
91.53235688980624,87.44941567243305,85.48303742849092,86.05063617621734,92.75787927273171,86.56869869058671,85.56403170391326,84.54616321625099,88.75557430336114,92.79039062009772,94.22660725249531,94.53355468055483,94.2495843613201,100.3574554625083,99.8164464027567,100.72722846426888,105.1613491792794,110.55893183711893,113.33846752137264,122.59867275611505,117.37128581395645,117.66984767085407,122.71674773386654,125.1414195205248,124.6674549161584,127.86527981032509,130.6533499978563,123.8787410593577,129.1025297771355,133.52546023854555,141.70933787280455,146.9814316799131,148.46646413579026,145.2984197599472,141.48392563658223,140.26610452208462,135.5685072218471,132.94157434150134,130.17551655497982,138.81041094680958,2.3
90.83564646029636,87.16418936258498,85.43022463866356,85.67924651321934,92.95435170118293,86.8290458817343,85.75705953202672,85.88253019685777,89.78815864489175,92.87089881887775,94.69820502999518,94.34692766760675,93.82175921317096,100.56611771429971,99.36551851484762,99.87866684624895,104.4136637769064,109.46053873974478,112.51634216283519,122.07592478496643,116.97103617267697,117.20445690521656,121.8439742260159,125.04133070629813,124.32459989890484,127.94046319914536,130.09740279992755,123.72772499531965,128.70561920567144,133.01398175042186,141.2221875615295,146.6957881512106,148.31451090595547,144.20444753859223,140.77463182489453,138.64062511618292,134.95609977242765,132.2187118877294,128.75716645924354,137.7620994803989,2.3249999999999997
91.37966330970968,87.00892051242187,85.07042924200641,85.42089952750686,92.69375574064136,86.81778929337588,85.91874765471306,86.06158412093188,89.87365736960069,94.22596288525435,95.28428764079526,94.30045989733708,95.89032013967156,100.15919075109835,97.74776562658252,98.7577738429981,104.04508740557898,109.8273734435678,112.47293104848262,121.99733289766664,117.18553998668226,117.3827947377418,121.750426534176,124.8534969948329,123.94540770094866,127.54905760425444,129.5382601797994,123.33009171067646,128.51777743469137,133.09960060499412,141.31673512548457,146.37596723002224,147.42529630852852,143.43037061223313,140.595710874892,137.7184536595542,133.95357882962512,131.98849166581226,128.636480860533,136.66220272804736,2.35
90.78805467514758,86.70722148623994,85.21806073322959,85.10093536989316,92.52947927861328,86.81829080685515,86.49847405766798,85.8571006666224,89.67112019543396,94.30585972902088,95.63187367314251,95.14585397293504,95.54357535996623,99.74579016615579,96.3239969407246,98.38099157533281,103.69477249449257,109.41670321089364,112.09659766822982,121.58246222186338,116.6965743485877,116.3288263359624,121.22629017829482,123.78272619231957,123.65553817312271,126.44226316143155,128.6619634531359,122.43527594516819,127.93799200445662,132.411786902347,141.16292182206723,145.59316266953573,148.08181621961154,143.62261273942266,139.60965449314347,137.39915686739727,134.17536611193336,131.39242427017956,129.99176692091532,137.30540384761446,2.375
88.75380746640819,85.477054601966,85.74933758884501,85.72048073017226,93.52479038613245,87.48713719139354,86.24819705684376,85.52266132271362,89.82448551928567,94.19823474097251,95.32019474564392,94.36473379652818,93.35167547828605,99.3023909060002,96.03628593848634,98.39131386365455,102.94000316686095,107.38869213960234,110.20903287153048,119.53017403771759,114.79463853772326,114.73256109395305,119.81895680826457,122.76606252242217,121.19243288844827,125.10916953060503,128.32288976099562,123.08115526372384,128.5941711351163,132.324352443213,140.43343769070367,146.11526956547578,147.62990288160012,143.24974529285765,140.7760396805889,137.1812621879721,133.73203441887478,131.42453830558566,128.66290163518,136.11085814574767,2.4
90.14775220786505,86.57951783328954,85.19678311554482,85.0868718572991,92.78619680157695,87.58795012201307,86.24769874509167,85.45915777900548,89.25611461973583,92.83958673654433,94.67254612949239,94.70851854235127,94.52799003698578,98.85762338641177,97.12717687353305,99.00506357338816,104.21846235222404,108.34087296579202,110.32858318615011,119.795184526956,115.36763505202136,114.96474106309888,120.50902173907131,123.00710029844598,120.8588983722242,125.38046162480714,128.47996756357486,123.37312803165264,128.2096163351457,131.8396091194106,139.49904768579643,145.96811899228646,146.05597721826084,142.36960173528104,140.478300915862,136.4689680841928,132.94458535372547,129.90267583848913,127.86646428487363,135.87844016756634,2.425
90.99548596472275,86.99110563354012,85.20460205717711,85.42639576334554,92.75891962544975,87.52488748904526,85.63133435614913,85.34219762015503,89.35122046001837,92.9300450111037,94.8788509553244,96.02123637800652,96.51511573389838,99.51099926874329,96.79830215390817,98.99503394155393,103.65388875342816,108.12183317563839,110.49355528650209,119.98256223264508,115.66527144437384,115.24931023088652,120.07452340204131,122.7430677759184,121.10644361693313,125.24065038970085,127.95285407454128,122.41698396855752,126.85511576977912,130.1484292851494,137.87720365318665,144.79461371382507,145.42824175784335,141.35365371740664,138.52548848838526,135.34598269251404,131.42489909138635,128.8328041428925,125.5424962748743,134.46668784509006,2.4499999999999997
90.93266142327451,86.77885093402091,85.50366326672282,85.76568978684465,93.39687696247336,86.89214174906496,85.66418278803263,85.63033288517488,89.5798206334616,93.51321889142106,95.87916143207795,95.96833922071548,96.34317014078732,100.051461845606,97.45296799109755,100.25081432389518,104.32603216972342,107.96258455379791,110.48869979496479,119.1235207481376,114.90822463748293,114.04882697951913,119.57803849888414,122.76593389494771,122.48286542886274,125.87885318628044,127.19379464769169,121.48932539076569,126.00098323988907,128.73881014093126,136.5909550150849,143.1819926696468,144.37882914546321,140.71113738771248,137.6249596295093,135.61666047133093,131.4834027280961,128.01306038036805,126.11759657892887,134.63286231367266,2.475
90.93245342821973,86.63844198477304,85.29291437693531,85.54976080820312,92.76112780763086,86.76136237372171,85.7697147239881,85.89436675209353,88.96954301219871,93.08141234820029,94.86562681259385,95.28095496609241,95.86055378389668,99.78315567256669,96.09921778568085,99.36544932312884,103.7860982612759,107.5149204207904,109.97441485401136,119.32775529374244,114.69114439416121,114.3359898977047,119.60494041366844,122.63706823283806,123.22836227121635,126.15244900371164,127.4370691026837,121.00904496720838,124.98724128969509,128.34959107878575,136.65942972835364,142.25658680657278,143.91567050529602,139.764735303128,136.50788113572852,134.53775469585779,130.6307878650982,127.59790681580284,125.82412477372061,133.55238952235914,2.5
91.13105152388715,87.54799520475864,85.93715215700644,86.17498084631816,94.0264610674252,87.33782858986945,86.46865441297908,86.12329739372129,89.61672251938285,93.7846648099864,95.7264449484613,95.46308090625868,96.08913639764862,100.1932945148022,97.50400754611934,99.86133445433498,104.27013427956166,107.69397264597077,109.74000274427596,119.52214266999505,115.1140517142298,114.97799354510524,120.42814533102649,123.69028564096287,125.23102594187702,127.04971868633301,127.85762217010353,121.3260705506478,125.5079581703754,128.74731248810096,137.224607139799,143.393885826279,145.06415557668402,141.17117206473858,137.43813662438475,135.90097735018134,131.78303960965977,128.85899393218597,126.28328614923984,134.9491898013468,2.525
90.56370771992862,87.00861716987359,85.18814570719215,86.56364150408905,94.0317062524241,87.41197086987711,85.8381881529948,85.98476663300632,89.54668041352528,94.38922781637609,96.45922026041406,95.696485181571,95.41062555043258,100.06573240200102,97.73880796432687,99.63981514675189,104.33551418623529,108.20090225297527,110.85258499481907,120.43801285698508,115.68520884888302,115.76801921930249,121.3142334450342,124.8325926033887,126.4316627825585,128.75596023441824,128.63500119635864,122.01439676905171,126.37384021679829,129.37679825977028,137.24855715404527,144.15763175890342,145.28923862181128,141.76374311872073,138.42973314012198,136.68654501346018,132.57817079944306,128.9816779698069,126.87364239463068,135.2971834477729,2.55
91.43136552368185,87.34991542029314,85.94340126491892,85.95160719138465,93.68849797547527,86.88204370635498,86.22826477545104,85.86887218406665,89.60153257008201,93.76549910568221,95.96946319991412,96.24943135355929,96.44155306037001,101.01529210522229,98.53332890816533,98.66847592344627,103.614153561565,108.35306827755976,110.7523136941783,120.58401669396468,115.62862045189323,116.23403947618313,121.64200417145206,125.42723323724647,127.22201656079426,129.74681983723787,129.5428210856998,122.11008862596732,126.5563511644497,129.50303918198358,137.51110603422984,144.50993893554806,145.11554309190927,141.92627673142866,138.34662961524555,136.3294025923844,132.34144179941296,128.61776504870454,126.99470097170588,135.18973549966688,2.5749999999999997
90.51748968614149,86.55247783022268,85.61541195825662,86.37693970247295,94.08342114329153,87.82151591606679,86.30223426170669,85.82957461498711,89.70571125638094,93.73913477275241,95.66133654732337,95.8686121950424,95.34384208652932,100.87754595788644,99.13647231858124,98.43557897446028,103.63135053241513,108.25271616194485,111.15575884471168,120.70785131638142,115.67773821275883,116.27864419880365,121.5223989680158,125.46519785357015,126.26308171912652,128.72750304811026,129.4676997984257,123.38024896704046,127.66075309436725,130.86836705951646,138.44033304050106,145.27158118797257,145.12146049282092,141.9192051228413,139.08861588234572,136.21971246887574,132.2965276161151,128.70889357663464,126.1763175157107,134.24779811391574,2.6
90.18235548328222,86.60435085407875,84.62796907684353,85.52874224617425,93.06840165900846,87.09821326079927,86.21839087666103,85.91244550019468,89.64956395114594,93.26219109128671,94.67439867537959,95.12944365494215,94.66894581422375,99.4060433153643,97.85623751315921,99.54842220781492,104.75158413879467,109.01371696340468,112.42122258546502,121.86441321523792,116.12194326267333,117.6797139762613,122.31511946272829,126.42416088732361,128.1107208659214,130.20137926560835,130.53833262639995,123.86186493735723,127.7791099207313,130.4007549924045,138.080668426098,145.05123610908223,145.3677971452206,141.86423784237616,139.86060960116345,136.51983831588296,132.35975341072276,129.4204867971509,126.33303035092256,134.47563377519688,2.625
89.20548217266716,85.14204474187959,84.1200798170529,85.4396715546835,92.88096230340147,87.03732189116036,85.63467112632114,85.70094967743468,89.22684983706858,93.24248659121933,94.49870151026096,94.43009002224663,94.04381791710261,98.85131396142,97.2788156560949,100.06499888416224,104.88757697920106,109.3186060355705,112.24790171734004,121.63022305798279,117.23187449415283,117.10248474834664,122.02035541634964,125.84123185163473,126.23730672035585,129.37169801047253,130.3183708429666,123.73118500200192,127.73705706318813,130.47420239785146,138.21949949557165,144.7956045039279,145.66309780693337,142.18252811803347,139.2885833915251,136.35424535000493,132.59190835653942,129.22216244021052,126.20757659907217,134.83760214676226,2.65
88.72900271571697,84.72709300871433,84.54263720082453,85.36764277188942,93.01773365079279,86.76216762769646,85.29983666034738,85.17339032674798,89.10033488572452,92.75358751111007,93.69695220984009,93.77587155110524,93.53766148716649,97.92430810395078,97.97384751516779,99.7293919332345,104.38722869363639,110.12947769206956,112.84479918492625,122.23497341208844,118.27375381404606,116.9733748608859,122.05384955493649,125.33025461224271,126.00034852611724,128.46960239803389,129.99710726167928,123.80288753034328,128.03525702242584,130.2873301144094,138.23956393755378,144.74536768775639,145.04747131966258,141.93452494073483,139.40932583832154,136.02993908065295,132.26742600018417,129.25616739099928,126.39987881404195,134.74959313044423,2.675
87.95462186650816,84.79680255363795,84.55445169881351,86.15565354140142,93.62695348611868,87.60479961120242,85.76941932760971,84.93658003395981,89.01931617384797,91.16309076275888,93.04175663129993,93.50008522620482,93.44847221216907,97.74665445767693,96.92945474295398,99.25597995316437,104.47613998517235,110.17339377773344,112.04581479158458,121.09826973006876,117.67073570438988,116.30572382173479,121.33771516553853,124.84663497000999,126.11799309165075,128.34171025263402,129.11691718102082,123.31783775376309,127.82862646046374,130.731019517321,138.56100742332166,145.25930363440062,145.64913070147077,142.2184390418389,140.12189462555284,136.70631914908125,132.8504644358846,129.6304122069672,127.13247840637725,134.94095499651172,2.6999999999999997
89.51354335727214,84.70210364139943,84.2810242408221,85.84717781372655,93.93643722092123,87.38486454206807,85.38319453447582,84.50295642686767,88.80691730264513,92.33271862702003,94.19479990852935,93.02354771156581,93.1563454953672,97.47606042963443,96.8534255603727,98.99822611040192,103.75883809441669,108.33044855029969,111.47669542510465,120.22519211084368,116.20494876189967,115.67856779862836,120.93601786616553,124.65862638732267,124.82064475318961,127.58818778810252,129.28064257800781,124.00650096480858,128.03801956006197,130.60308282132127,138.22943610516705,145.76953804612043,145.4937142887233,142.07789411520872,139.50337223313858,136.47230226151524,132.487787974522,128.5149157106931,126.1920503737874,134.82215207456977,2.725
89.27692162609029,85.73026588057141,84.96345594005939,86.57394596965909,93.88746423558645,87.50982185824567,85.68150357373386,85.35607275273085,89.20011451029274,92.91492158367689,93.30505996172238,93.36678143443717,92.69122265528473,97.19088981231204,96.28793990991645,99.73722240011216,104.49051900611167,109.05287086379408,111.78754411936563,120.34099634870965,116.7361604504722,115.21568297787492,121.01828931076442,124.20271301131771,124.07342887674506,126.90297366053863,129.5546354805973,123.96743122885843,128.69200581339175,131.37239717931948,138.61106074566067,145.7736695532462,144.61432066928046,142.33232538077817,140.79884971641906,136.4851172743118,132.2617128032558,128.79037777417756,125.60309093302835,134.14634515675743,2.75
91.23513489978788,87.69638645980315,85.2832690513293,85.8373945736361,93.8662020120943,87.53358749810266,85.5947459656296,85.46146923360794,89.39068790325194,92.49838058234337,93.57911596318264,94.83411898194724,93.57990827015081,98.34920047418001,97.25672131171045,100.06186964555934,104.37284052206307,109.08959856040337,111.53469640644568,119.34304598232865,117.47676783712794,115.28858429038836,120.79390987952344,123.60163234720477,123.87722767251105,126.85950845588445,129.0182526227143,124.23436352385744,128.6398641092964,131.0467468702028,138.02607524469937,145.4339348599314,144.4883160609352,142.61002249832444,141.5135953885987,136.96354480007602,132.8861667458935,128.99683581032292,125.38515689086744,133.89417585545476,2.775
90.0341029835012,87.62301272656734,84.94700970216577,86.29432961317966,93.5955639161619,87.3187245664372,86.0109728807487,85.46514959327368,89.38573199975949,93.12858027135283,94.54449454633726,94.53809780890234,94.49852319845263,98.82699170159263,97.1770782943603,99.50111446823814,103.99016428598651,108.9206518360119,111.06906226049354,118.58471774983055,116.82360418964116,114.16774793651001,120.682205250497,123.67273335546932,123.38101339184931,126.31735086799944,128.02635800113669,123.23040296582376,127.54957006543533,130.4610244993102,137.1779925447077,144.90296044208753,144.78946683277974,142.4408314283184,140.7195751977327,137.2108863075469,133.17905834461948,128.75307121669172,126.02877368799811,134.6282582280867,2.8
91.47593348367204,87.86861620602338,85.690512920412,86.41804427827839,93.43563157353228,87.48686534843617,86.58881576857597,85.46581724714355,89.24708144121291,93.10080767036982,94.05577116623152,94.82858972590898,95.08131785719408,97.31048562337793,96.12590998315434,99.26730252168113,103.52505417734328,108.00973538815292,110.4359551358983,118.30921820949438,114.93742270410489,112.72285425147348,120.43319904693493,123.80974347044399,123.49499962803868,126.8437687325064,128.7271283302183,123.47867527198792,128.12408930896936,131.24648343243115,137.548613580569,145.99183341283083,145.26186822637857,143.42086993214514,142.73053505431497,138.49075434273232,133.97242366712817,129.26286539438934,127.11034934185777,135.1413662355445,2.8249999999999997
92.25420597526409,88.00617462807254,85.50183521849686,86.80994160169507,93.8170964956961,87.27626094878755,86.13409754047478,85.74050130145818,89.8140512760944,93.16041728150725,94.1351900434756,94.51290203126874,96.30016651927613,97.23215713602232,95.46380743971795,98.77887015442896,103.01088403723583,107.21278022749351,109.54524559836878,118.00101587302666,114.44260279888866,112.68738334022302,120.11254055492752,123.04235561107662,123.60024801069525,126.60812903096007,127.78799354083344,122.49608285093034,126.70622476846708,129.88738939767836,136.33357250257626,143.41877397885705,143.11247988649342,140.84854174197022,139.88551164011182,136.28373261452248,131.75172937983007,128.36511523879122,125.01097361003627,133.69214123886684,2.85
92.8142503496025,89.71144152354239,86.46824650665339,86.31153061271903,93.30211090916698,86.51410455380301,85.88509124920714,85.35170974660831,89.21418331270942,93.08000767763613,94.73657330076651,95.54578433570532,96.13624238179474,98.35247374820366,95.62426975952434,97.46698216847572,102.30859996924386,106.75750177721989,109.03439083724855,117.74087073148503,114.30967799417583,112.08736988262578,119.76036005761122,122.40023870497473,122.07444051183664,125.49955694132758,127.21088300107459,122.29229154174887,127.08111779530809,129.8229359241903,136.10233318591577,144.21305023608073,144.00858547816713,141.91743239341557,140.76757171979926,137.17325246518467,132.24845233654622,128.38568618175114,124.78979527887921,134.02333656860338,2.875
92.709236529681,88.78453567041777,86.21893576325228,87.23574576055522,93.94910193274171,87.08745340788803,85.52311868016733,85.0561783286897,88.73431109777273,92.82576713619727,95.40559186027764,95.70923505015779,97.07971509183673,99.2928418284261,95.72216709602586,96.52940668946974,101.26374771125225,105.43539073724327,108.36917544597833,117.55526155799768,113.33518838085011,111.51371903159631,119.66467787109144,122.4715281594774,121.45502473779659,125.06505292542863,127.98737502561114,121.9870769093332,126.12543431505266,128.62072246833992,136.34324642813323,144.0943110472117,144.01254801690888,142.16554928645408,141.13442079947424,136.8674607178006,132.0088670903953,128.2248076978494,125.75543550634453,133.90512588833627,2.9
94.323035135952,90.1143781543824,87.52394430953984,86.8096161017177,93.90940340303456,87.27098782688653,85.93287402395782,85.82762004391387,89.11360976832422,93.35778513817206,95.7145988276933,96.73452530355111,98.46627524041702,100.47218709859962,97.79366326981918,98.34180206808142,102.36660235296642,107.04746331941128,109.85222886237554,118.81980780720905,114.98554393223242,113.0681529728997,120.55186923113656,122.92169208400779,122.88002322347354,126.35210074674137,127.92244194752128,122.7681519940905,127.08895044495512,130.02276119656267,137.66992691169312,145.8430949920417,144.80637190021906,142.89547351586117,141.06881583329078,137.5640126569265,133.06278244206007,128.83457501854224,127.20550363854936,135.21050702973037,2.925
94.02937709282355,89.68663575791591,87.27240569287443,87.58021259059335,93.82545467075201,86.89689626867494,85.7140189791991,84.88856030887018,89.9122784448675,92.9529207956787,94.95780970872286,96.26194196264242,98.45941372940226,100.28728280245926,97.10522267863132,97.44448448107785,101.80554327736048,105.97330457638306,108.9253905015852,118.50483474962178,113.65691907751848,112.4788708122515,120.42363623844275,123.11587932452814,123.63952751176191,126.32938453896608,128.04012921429143,122.51138783464131,127.09156979929828,130.80368169667946,137.00144839892064,145.1440219248201,144.38244602055914,142.2780403204767,140.3033711414393,137.36680544806154,132.6931313486941,128.00439199929616,125.16914663229326,133.9492583202147,2.9499999999999997
93.99269643802444,89.68469470128535,87.07681481862075,86.49237760440856,93.43181830662655,86.72584531591002,85.45708036178456,84.90863043555001,88.68050735630435,92.26545465035053,94.88620782384946,96.56801502424524,97.54512630939138,99.64083493669747,97.10481309426615,98.47054302719957,102.82658641953023,106.8436448880307,109.50594593410788,118.79477945444202,114.62030159689633,112.40634354841256,120.61977696564652,122.81445577474337,124.09464625593407,126.46289904726125,127.31842037893382,122.325467660329,126.9403962032431,130.49006136174762,136.96907702187025,144.4206987990177,143.47216915063322,142.13303724761863,140.50169705732435,136.99242806255825,132.29794815483422,127.78606337131532,124.9531973596083,133.2512119052809,2.9749999999999996
96.52154275297497,91.77587937287305,87.79291974762205,87.3834282727467,93.80081335655629,86.99340999459301,85.35528880562848,84.75930290228754,89.26741623741142,92.70736384219384,95.08861808730163,97.91702872873213,98.34892311088572,101.5067514682403,97.31289113832617,97.36586273132676,101.6423357048827,106.54769914579799,109.6790448101299,118.87495013900038,114.13305932019101,112.55096031690672,120.62812263206078,122.9293474034612,122.33518682285552,126.2960063222992,127.5846398952266,122.61733044045108,127.19101657469379,130.3680180728008,137.8914107309437,144.96477571522053,143.69688346850072,141.87292084392274,141.43616494986378,137.10696367474367,132.48955097974846,128.33435428472228,124.99845666205125,133.55257624367215,3.0
94.70642728098318,90.13924208754378,86.51579743345744,86.39699955105277,93.51920158511693,87.3581858723669,85.67140320767498,84.6959841439437,88.45329046984186,92.25286370029791,94.57035835723536,96.21432441902253,97.1404466470289,100.45339782755806,97.31221704864915,97.07148070428445,102.26635464124226,106.81605427861994,109.76932496554237,119.0577878672179,113.97547273021742,112.2397786452852,120.62975709772671,123.03574829307212,122.33297659737204,126.31327032335567,128.472482339226,123.40904241192638,127.93268437683028,131.09630714636552,139.47456011162313,145.21122418573992,144.9694493461024,143.12870759292815,142.39633274864275,137.7386652268961,133.75093736655134,129.61134617448255,125.82665990864135,134.63590951694334,3.025
93.67356969559945,89.53452207238382,85.67141564152587,85.68443225130346,92.9573939041195,87.1898571529888,85.82191760946534,84.97488293329948,89.43633050356712,92.74171848087731,94.12752712985085,96.21493105130727,95.2317697912336,100.10679000936713,98.46175366134034,98.86572072659627,103.70354141469869,108.09373264558783,110.50707226255855,119.79065550836152,114.89628986543698,113.20348538984238,121.60355092588792,124.70872783253866,124.07039373333058,127.48732305195477,129.9000516645279,124.82922746988564,129.05836982863624,132.36396569559426,139.98701869316432,144.83511366990845,144.02478565468908,142.09554973307831,143.2657069554994,137.14333686164474,132.84808731567873,129.90476962830638,125.79776211649562,134.02278795724163,3.05
93.31843082428395,89.14614768781249,86.15232074358087,85.28171693584278,92.61242504998471,86.83407837773076,85.49124871474906,84.82281377400696,88.68228688113511,91.97506380567896,93.9421654104969,95.7251214008873,94.60562364012719,99.66114210576659,97.8313378234987,99.46425737043742,104.29283372238686,108.68762643761669,110.87278016978618,119.6162960148974,114.61976454134705,113.94717488263817,121.80156558231434,124.8857289747965,124.19934438231297,127.7292312349563,129.60794389270453,123.97566513542428,128.35267757481776,131.43577983890248,139.41457091673962,144.80762234463876,145.04026560694243,142.9916075484711,143.52033713594756,138.15207793536632,133.62856322584702,129.73263012124693,126.36622551786262,134.68633854438286,3.0749999999999997
94.37453210210376,90.28764915958868,87.21257793907682,86.96673294114312,93.88096734772961,87.78742352329937,85.81493538549135,84.60900870628612,89.04868000370723,93.32403938972556,95.86135844017421,96.90558355102792,95.37697427085831,99.47318401393056,98.17113382566473,98.94132144125996,103.9207868631835,108.39280450253116,111.21259627737109,120.52136062403221,115.29998624593102,114.7221679840925,122.7994429287796,125.66434843498277,125.10870457396581,128.41223878509177,130.4954677245999,124.72674179921111,129.53670647106594,132.62767625308913,140.5527452599506,146.71789017956365,145.4257060253801,143.77306836130208,142.8805122718791,138.68501135309563,134.5704508977182,130.13400086497379,127.16283508223022,135.76257036237405,3.0999999999999996
93.87717230308259,90.6441556424212,87.19553493890913,86.47203127109113,93.34933212854305,87.13049875940825,85.9358808864384,85.07094250034399,89.26025198701197,93.75570860976573,95.32192401585564,96.56819220287309,96.62509744330086,99.88096718165666,97.93488067626834,99.37816914712744,104.33988752883661,108.88208002605664,111.89504127693891,121.02805304038704,116.23645068785417,115.64810198118661,123.14993446003204,126.26625636016347,125.29915728148727,129.23148858724113,131.12287037458438,125.64573006286271,130.1998419331818,133.58721841359883,141.3675119224264,147.1043910116388,147.41400407228417,145.18026718244704,144.6662943926989,139.9447131235459,135.2711686331922,130.68335242343153,127.45260567986453,136.98216544176495,3.125
94.72779440450608,90.36391921728774,87.65565989621697,86.73852370460978,93.20172821057224,87.09453301716283,85.65786374517546,85.69272876485572,88.6271275018619,92.86071288042226,94.84274628501109,96.56385137050472,96.66274676730495,99.90366382162323,96.87125126665335,100.0663797848901,104.93779473499927,109.41530374465772,112.23216490570451,121.71396685251584,116.3479261917936,116.56251571880186,123.28217757760778,126.15710830744413,124.4518099344212,128.28521335975563,131.13748546673503,127.20603575277616,131.777752600432,134.73564923903172,142.51249932154917,148.0223470587456,147.92214001796611,145.49913882515526,144.9708727551345,140.28878674159407,135.810613701431,132.7268800103774,128.41196502484544,137.6469933103735,3.15
94.5565484539167,90.37288619855102,86.79549905345347,86.62696033974184,92.84859454289017,87.13503002956838,85.4161685864171,84.26604242720964,88.1379134312218,91.7269625051573,93.92953610242802,96.92513136096926,96.60472199948475,99.41976086475101,96.10817864276181,100.02193973555053,104.36171966530965,109.40877290311056,111.93363159714696,121.5963263730855,117.21098591405742,116.35158981971037,123.74466538901865,126.45430774189347,125.79235982667494,129.23784843783244,131.53334081815598,127.08780072581305,132.4310025737006,135.17666993228596,142.80260797225804,147.8485803734127,147.78444232661047,145.37011697283296,145.51456573307004,140.6419014582564,136.3942937303903,132.77558677553228,128.75294507409714,137.94796956862723,3.175
94.76925676164126,90.64680728364453,87.23145424355863,86.73510228989211,93.61409273960452,87.68262607336334,86.41211245160504,85.21230257114719,89.08858293926377,93.17141718363672,95.67499028904652,96.80045731979754,96.99102230832739,99.40907510506939,95.6802943877666,99.74039420012164,104.64013743254753,109.79009824275369,112.46955746604574,121.89124412733116,117.20567818528897,116.63403178723709,123.93526660660226,126.75795775199146,124.97236457430209,128.823664202636,131.7637128430269,127.84045355661262,132.53074728950867,135.64637514140452,143.58806565478727,148.99322836736138,148.3755290203123,145.81826271964667,145.76741474171882,141.0993571841848,136.97984457526456,132.7292165009695,128.81444287978493,137.8947226273844,3.1999999999999997
94.66513462716965,89.92263925297371,87.28755801218978,86.68396381853621,93.63323191875676,87.8318850515688,86.18751860101001,85.25694530226323,89.20168676668786,92.85700169232527,95.24148029057196,97.28567649901146,96.8009899210818,98.83008217561476,95.1157991424788,98.25946621742455,103.06095750150689,108.7390280276196,112.1901147907976,121.90518035833895,116.7225242957603,116.77367725367935,124.37033476003049,127.12410096416882,125.30586663714087,129.59925741236566,132.4748396209638,128.0184380304035,133.00422366197301,136.4528776403,143.94598130525313,149.01700634721198,148.9720391169688,146.95748066855714,147.11517526065128,142.4035002965287,138.15516308114167,134.29804422575296,129.2538824138449,138.39355369988516,3.2249999999999996
94.7534896480884,90.66968728012223,87.92819989319582,87.31124351661175,93.80960852314263,87.44237584786661,85.98962859738592,84.83169630942749,88.96155454760404,92.93400799153221,95.68394061233728,96.94710244863637,97.22049620558968,97.25024620156469,94.57695955722468,99.34917027314391,103.66089928446836,108.65976110191004,111.24860978717157,120.82829651915493,116.65471735707148,115.931051415533,123.68666418297443,126.26830967272394,123.61036915716171,128.4201734871378,131.17867818131285,127.08749782652283,132.04400943844595,135.91588836182348,142.51445345163307,147.47697599903648,146.68802932430606,145.12207781900685,146.33964706261122,141.15183821220836,136.29807165355976,132.4077916913414,127.3056877036093,136.4269153044313,3.25
95.27649237096719,91.07101260919809,87.80000305501629,86.85281281972682,93.71110504227937,87.73576521985818,85.9614137625248,85.19557904119907,89.2428856105879,92.9492131533083,95.70021296015659,97.20631099275968,97.13193526435319,98.54051116976338,95.58648748549092,98.8726570324661,103.454020598993,108.29698452804911,110.79842203776083,120.52548854943194,115.88877330425109,115.44590041055241,123.48113629111855,125.71271815139436,123.42112341147781,127.48975070519506,130.45078894876474,127.62999031431708,132.53064489498027,136.31667475794995,141.88248374075278,147.88360186846415,146.88809502406514,145.72285008368863,147.41517311816983,141.7419065408277,136.92897213340248,133.25827003897103,127.96365225771542,137.09828490458412,3.275
94.74505160071732,90.49649742095195,86.9660355047751,86.39968205858335,92.44510852588566,86.97985629311322,85.90557365433486,84.96566314404572,88.65396843363712,93.60275251806212,95.70015673920061,96.86779546938389,96.62265381342067,96.71160444939878,94.1560198081551,98.2574270061717,102.81667080496216,107.5880113139866,110.5564346803098,120.10176353983726,115.33600903553082,114.89337517103293,122.56139836613458,124.86879755701425,121.84039059377811,126.70028703424413,130.19635578511486,127.9133084349514,132.80293290129117,135.82914528321655,142.373495933327,148.01880994704868,147.15018437048855,146.43868426918195,146.50739742039758,141.98703927290813,137.6009690759756,133.10232865393345,129.35705252610325,137.54955718562005,3.3
94.99660050601614,90.65545127529273,87.47272888487348,86.01244294585759,92.35874870674957,87.10318822877994,85.83044471274857,84.89926406719334,88.54118167044093,92.33699612326095,95.24029935599374,96.82829417943535,98.10485630189973,96.99103037073338,94.3344236131257,97.68132663908571,102.60788961271486,107.7573116428947,110.86157220620905,120.54084070978132,114.8889510548937,115.5614785281612,122.94965435245595,125.50114707802261,122.22849125350147,126.64585107103892,130.89229670808743,127.76382480065593,131.96689234135653,134.56917046536657,141.06185112288813,147.39895961331135,146.56303553857418,145.95963723553558,146.05534164877645,141.92800715966726,137.27308038688372,132.30752114806748,129.82071609679022,137.609220310835,3.3249999999999997
96.34670793674042,91.44242375669727,87.68098822833977,86.61064419829913,93.21051352482706,87.44318689226647,86.00106739074121,84.36004279217028,88.4956914459309,92.70433246827152,95.24712720818779,97.0794321230816,99.23873982264747,97.56564708992568,94.44197977553836,97.58062589319292,102.36329237077952,107.53966845967192,110.36825650060108,120.12530135014357,114.4590565695184,115.37969249968735,123.16243401896652,125.732908923696,123.39530666696614,127.5336111131356,130.7340313312171,128.45045009868244,133.64233184372256,136.3539543171189,142.2850923332404,148.79990441814746,147.71422783131905,146.84176691540512,146.7308313326064,142.92601578894244,137.95391282473395,133.02049567226817,129.9589180887172,138.24565019225543,3.3499999999999996
94.54487206923935,89.88910538609959,86.38366822410731,85.95152864831917,92.39761858265021,86.92853016024945,85.5591061632329,84.32090171387898,88.45347744936379,91.74411972927234,95.10192168039927,95.69009792078003,98.26966413055666,97.68411169577014,94.40872156939483,96.82854940510487,101.15909343309477,106.51739639472893,109.45914487792419,119.49328013183815,113.79868791198763,114.33833113132881,122.50915459481094,124.48943593071964,121.49762692818476,126.29402102365943,129.52824426540138,126.79158933823693,131.6447171019389,135.67077729450585,140.7370130904356,147.2771882932434,146.00487458216236,145.53573973623094,145.34061272111157,141.71668060474497,136.81661268635168,132.4779244629465,128.08137379278872,136.6951166546117,3.375
94.51770710061658,89.79609220052174,86.38379030427745,85.95502476474266,91.88801361472059,86.78809108181899,85.81662735841775,83.97572774608112,88.30026906175874,93.15850344936014,96.02293755487104,95.35030841824357,97.83953217088015,97.59356078317255,94.53789615355728,96.93889846228689,101.71298676335861,106.87154374609092,110.6539010310268,120.487104412291,114.77697210454723,114.78396610586114,122.64081133616749,123.92434360747103,120.73134578147827,125.61374284462802,129.65498469515686,126.86308284055559,131.9241261188227,135.12950894434852,140.30789589285013,146.61623030864249,145.84967000714255,145.51750342072475,145.5451350337006,141.77430145565614,136.96914136689594,132.30043263728186,128.57255949640876,136.86333245688036,3.4
94.74292159890099,89.97463027089591,87.03264645390013,85.66425228661204,92.82430522467764,87.18649758642142,85.7812832046298,84.26501281469794,88.28952151145194,93.27811589779105,96.02530200166169,95.62609159499587,97.30335530688305,97.42492558625905,93.3199426450634,97.92721524034732,103.02457930310663,107.71636305875376,111.82570263405863,121.57554605919853,115.67869668856848,114.91804147184247,122.63301542318393,124.75480140320809,122.15581950833781,126.81740157603109,130.17563946808843,126.23139660922439,131.38929066040794,134.85557762188822,141.6595879488244,147.95324672578235,146.9119338849688,145.8336994563972,145.95213055889747,141.72483382861603,136.91194362513494,132.35075645777783,128.73072029655972,136.85977176529997,3.425
94.08384026055214,89.58467018978263,86.94925920436395,85.84042575850904,92.62092814507943,87.43547393464577,86.63002704892027,84.93920104145039,88.63493183142339,93.20765557670538,95.89079791456203,95.46788623313418,97.53724160567286,97.40378673664408,94.89275811179209,98.48594490054438,102.82950576281979,107.44063999275673,110.87210085471136,120.16630211724478,115.34007488344909,114.48310175292971,122.19071208249495,123.4606768249114,121.232716593753,125.32836789480596,129.25618686843472,126.23253253671037,131.3361187047414,135.17577339015165,140.02252607152042,146.70494034471852,145.67353822690382,145.2435803079634,145.9945596229678,141.83661294523392,136.8540674055475,132.36596641369738,128.80933980608296,137.11463541426352,3.4499999999999997
93.38271516928785,89.93601093224785,87.07520018691594,85.89966372713292,92.77219934867335,87.1316556482126,85.81434996650452,84.22169946372327,88.43444573326919,93.60723900846668,95.74237052665052,95.30050843200219,97.13632067394,98.15602854403832,94.86292330270209,98.48923131159796,103.34044996751814,108.1829743871709,111.52774791895828,120.75403694401082,115.6231507499824,115.26124555841713,122.96404276584319,124.44694500584805,122.11802586320934,126.25443851599488,129.96537803932353,126.67851750823338,131.7254759232067,135.70472786715771,140.82567355197727,147.44847837033146,146.23792122176673,145.75810309408376,146.16887443919182,141.7162600970501,136.64219280522312,131.77419848602307,128.22472283849666,136.46250839727,3.4749999999999996
93.99784026203491,90.5122583571424,87.2863879211363,85.97444984765244,92.68554974503851,86.91373429571938,85.85618034121293,84.91197501612068,88.06504522855603,92.9869749186356,95.62473667479176,95.58882949152664,96.97280689378216,98.02227158066914,95.15308775260716,98.84113105003166,102.73184174338562,107.93669833914512,110.87869593360772,120.61842753919301,115.49461092490867,114.20267262974323,121.5600680915751,123.26709575093149,119.57403832410365,125.08551307367964,128.8426702735722,125.91609763396822,130.87807040130332,134.30881975836417,139.92854024951427,146.3158528772815,144.98228936178958,144.19921973928996,144.5281474925706,140.61077021827407,136.0506882124006,131.007089527301,127.35651929936402,135.53980486159054,3.5
93.97481903724061,90.74910756849488,87.89763903848637,87.3232600102331,94.1055383173076,88.05693935022146,86.0741153321604,84.44598065336078,88.04157589021588,92.0747534251867,95.47239614260964,95.77094619740294,96.39015996818931,97.16570584870786,95.04931302110855,98.38254200735967,102.50543223524514,107.56373706236612,110.76345632183558,119.95346852971956,114.94301417314614,114.20069255987518,121.70556643222878,123.4511173685696,120.83893652984904,125.74080990391691,129.20955669219325,125.65942315311626,130.516082475171,133.67771334401613,139.74531434768218,146.21902219916993,145.32986249838712,144.2980370890186,143.6782608615824,139.89736667781045,135.20707485090225,130.70791846569944,126.59568246423284,135.02776397589423,3.525
93.36685691365352,90.05868396032844,87.01448477975532,86.42974571049699,93.49861762874005,87.78068439876054,86.04697365217693,84.58991426260971,88.37572163586015,92.94763462759997,95.99982921456842,95.90369512143886,96.2281259586314,99.21230850378802,95.59777317368791,98.14356195413387,102.04405724482993,107.1867301012092,110.85118821135467,120.20299426527093,114.29136631385511,114.61887415638125,121.0530281853176,123.00609483195679,120.99311516332895,125.1678406213706,128.3225609238787,124.92267856493048,130.70661195734007,133.91636251596032,140.06416865296097,146.14405598130423,146.02305354757777,144.709317509038,144.21603581438302,140.28179998131992,135.24877898155205,131.23396394822046,127.66899603118071,135.79955702089885,3.55
94.41952383674393,90.62007667423347,87.67827689719518,86.67476734730965,93.44003441235661,88.21802387070687,86.10409262944833,84.21758863275889,87.66392883080168,92.32436090103613,96.49590519050454,97.1722460706027,95.63339708508656,99.45097447708952,95.521700520826,97.53101372633353,101.81225223166564,106.68849210171987,110.31899881759136,119.25414296617967,113.95609328702176,114.08807005512523,121.30795179274108,123.55675392381869,120.91545778897101,125.2429195079784,128.8523578186996,124.95796527827426,130.52735577588322,133.78479012665096,139.99653067141946,146.27264048313987,145.61214675469097,144.7561235884043,143.90388792370078,139.9084599732519,135.0220981509546,130.76766411095022,127.3200376711056,135.6262884255786,3.5749999999999997
94.20436559313836,90.10059768964884,88.09092402004552,86.87152930929611,93.5927480712412,87.62823103122248,85.91919144651808,84.58559824778554,88.06473655455564,92.3794381201146,95.52102460605518,96.44339833970136,97.4738129543513,99.15607378470841,95.33419326741746,98.36426249914291,103.04714479026453,107.90380226989592,110.8314913617363,119.82926773654503,114.97749740590778,114.4838997784708,121.57621449262163,123.98061736881532,121.8852330256597,126.39796042990467,129.1069003029881,124.61975706641398,130.21877656614998,133.22339412845864,139.66977217609332,146.2625291438719,145.39022031062763,144.62491112880744,144.0385234341291,140.24360951826174,135.09626518011555,130.76032623347692,127.40161283759778,135.8012827993236,3.5999999999999996
94.05183384465677,89.94883301990404,87.25469064520877,86.32241457960316,93.03542112101131,87.31365960318362,85.80918617657846,84.20951433546662,87.49236917513122,92.35560205330833,95.60959250049847,96.13269200228191,97.52618786351158,99.3532223447353,95.85110208475109,98.68263967223174,103.36759802980225,107.79013237914265,110.74559313358039,119.58275665330055,114.96435772512778,114.61111273118944,122.03550923498379,124.44682166066862,122.29756513510291,126.74244237168155,129.52221513113676,125.32166021343454,130.8465055815277,134.02756390912054,139.84697825037154,146.09769623042627,144.79058920740434,144.1670489002453,144.52313082997875,140.01528486522704,135.31635352920821,130.98400236588736,127.22056137659443,135.74109122902837,3.625
94.44400901394545,90.07318086983375,88.38148986876288,87.95624889453836,93.6353147453156,87.06125294513954,85.4791268605986,83.85144667669272,88.1756488388647,93.1713797191065,96.89577481458696,96.87424584200684,98.17865876586214,98.9547404367572,94.79474708699723,98.25125722024796,102.80480195449584,108.31141872212476,110.97116598963528,119.90966803377155,115.70116360905585,114.9476273832633,122.30162496442205,124.95816703558042,122.69685802103699,127.12822276669722,129.88133397223837,125.75525821060114,130.40225519691148,133.57302768456827,139.20322907433098,144.8148448931986,144.4404176790665,144.097820265083,144.4239306812981,139.98528980350892,134.96624440653272,130.6156696859485,127.05149734329298,135.426262787112,3.65
95.18006697500229,90.34236011688287,88.39289201800665,88.40734954566261,93.90138863574327,87.57613898576594,86.01011734106785,84.40098505913491,88.3865585806306,93.29511250217465,97.13385462150077,97.57775117170917,98.21523242188475,98.80833700266452,95.08401396726916,98.43993146625431,103.05274357994423,108.82187079654,111.60020603335803,120.42732781112886,116.63581168401447,115.5260523228381,122.85170679681889,125.3133456675424,122.94930898131904,126.763150315405,130.37750787129832,125.97868637965865,131.07837576085842,134.35181662890392,140.5473740121319,146.24348934367822,144.42264553428086,144.4881474201877,145.74934971690064,140.22991201860168,134.89512190294627,130.95666741120505,126.55936624411979,135.25277536885102,3.675
94.59267956922658,89.72724693065075,87.68869534832032,88.03934882540682,93.42559830549763,87.40937627418221,86.2420302312589,84.81240228257205,88.2388832392909,93.0057443231182,96.3684004598647,97.54563364545426,98.02185279921471,99.20279234950833,95.68704101919252,99.47358615779027,103.6406747963178,108.46277283078241,111.24400321759417,120.94294950159686,115.77889030524788,115.44231484418609,123.17398935166952,125.03090723862356,124.68011847419895,127.62980702728002,130.4406019955796,126.22010628790481,130.7501938914411,134.338952834991,140.76987634953105,147.1050776413798,145.13452685105688,144.53480732886845,144.46957117733507,139.93973649490772,135.1724887978361,130.98253395817753,127.05108624631683,135.51705501456325,3.6999999999999997
94.71180067664785,90.10434251759784,88.37223383317173,88.98010562529527,93.66074209077982,87.72127655702776,86.07226602976483,84.08268306228842,88.47569093586242,93.5540236760985,97.05980159667425,98.18162010731703,98.88968932634394,99.63747367910125,95.57243408490558,98.65872762683168,103.56934980521518,108.12002841558123,111.40074830863908,120.95740782816762,116.2746244626466,115.17760285763578,122.79110647698774,125.53136398055653,125.93205708395483,128.19775253397916,130.52640760136785,125.19815930781152,129.80911140535636,133.9866673959286,140.5060295806985,146.3216848071628,144.29865058535023,143.8422136128497,144.1181473061306,139.55879379464017,135.05990703926625,130.59627700958578,126.8711049958082,134.9681155072943,3.7249999999999996
94.51110705245051,89.47858317353277,88.39512132405595,88.29566184071587,93.93527911969583,87.3190209866533,86.26479246271296,84.74551911228181,88.46044951676772,93.67332262582497,97.6616724800999,97.07954445422428,98.18300197066995,97.61185059034698,95.03005849092379,99.5511800337285,103.97499457607321,108.5087293915491,112.12192650665281,121.12437833445564,116.25066449683338,115.24970534517304,123.13800877802414,125.57460045772906,124.54080514648992,127.99929452993877,130.66911089205047,125.41244926320354,129.58718883549625,132.71475567146052,139.6663317406539,146.74855273219313,145.35244224019533,144.04890385934306,144.24046461403935,139.0945432221206,134.44628250490499,130.3511476239177,126.17691530985711,135.04867533726804,3.75
93.9617239522139,89.4045313416701,87.59545823965267,87.42917910345562,93.21054201029224,87.17445929521054,85.62376994809837,84.17616238353236,88.31230077214371,93.15035678455246,96.70208991500255,96.80709097747817,97.99952330435048,97.65276860618516,94.88305006394,99.73291059995941,103.86872721034607,108.6036433923192,112.02375135725148,121.51370010649775,115.73762000519429,115.50027500166406,123.24165676775196,125.43596972405362,123.82460921006653,127.78247267724082,130.44550777912661,125.73794358708372,130.1731190328951,132.87858490901345,139.3130770654348,144.39467949184018,144.254624216422,143.409346508836,144.80415368853718,138.12507525777633,134.226307299896,129.47755511344357,125.41735863993834,134.51768514045224,3.775
93.67144459754327,89.46154216271486,87.2800387356536,87.96958433936277,93.36328582965562,87.73987935052446,86.10993151574954,84.02373662634515,88.10007558243308,92.99063317137163,96.45046762815163,96.93488495978877,97.46444219578383,97.03286281269783,95.15307177556912,100.37206960080172,104.13641914022804,108.44145625516293,111.77718519632886,120.89175978687072,115.72402615367484,114.91741923194826,122.67881121333544,124.86316269656527,122.77277560673707,126.79825550344201,130.0250976291528,125.71138594607976,130.23930004350154,133.95921449877477,140.55905049984148,145.80919467347397,144.79892793468247,143.9017924891563,144.80446776657863,138.73123497203017,134.62802340558773,129.8361777711279,126.02654915897438,134.93636172178276,3.8
93.51732186536401,89.49188431780709,87.3871790200352,87.99731278843294,93.37944684071306,87.08358657290913,86.293913460721,84.99188392887928,88.67221441015693,93.51561470701125,96.74489154353067,96.74477575090458,96.99936172279459,97.07099594285629,94.221318982631,98.69110039404765,103.30911985781637,108.02664942006352,111.32570363742394,120.27643426847247,115.63452959765465,115.14788287873769,122.49951401890294,124.21990532278828,122.30927828360996,126.39057515691692,129.83592588078523,126.20941870113325,130.75915561686588,134.1390258664241,139.62492310186803,145.04835773147119,143.48332884549654,143.27236190933093,144.29496094045336,138.84181974584436,134.27226163140756,130.02045423060707,124.17047018590137,134.0367859335961,3.8249999999999997
93.39121316499919,88.93658179949406,86.9758866590052,87.92751770928632,94.07746762599719,87.199011866849,85.76683063327187,84.26844992497468,88.21969545848573,92.907874358786,96.57246438324586,95.91615326325197,98.28639369638981,99.17099352669135,95.73609380644595,99.90687546422365,104.05261320111313,109.06509323652453,111.79912731462204,120.74268821377858,116.55540679949372,116.19280581796095,122.77932758044928,124.6327456862291,122.60517491597169,126.67921530582986,130.0300082422683,127.0525784025808,131.49553997840547,135.16398711643794,140.46049593503346,145.7203772060788,144.8973006941489,144.21049722112733,144.82591618886653,139.65051058377526,135.1572777000643,130.90433879250475,125.47453857354098,135.37417709148446,3.8499999999999996
93.32845361246792,88.59808868803728,86.53588397977495,86.94856808951957,93.26470255346808,86.74451117684436,85.60395905929632,84.27764646985088,88.29315535998398,92.92775582677008,96.3342584898431,96.09475216201014,98.4321133103588,98.59293139012078,95.22984301118058,98.3694604859496,103.38984289840343,108.85572590779711,112.39356358825597,121.40321526740563,116.7718028932612,116.47405351989815,122.64800310919001,124.35815563531493,121.44524019409813,125.95612214080623,129.99534767072294,126.14851417984481,130.73850469231652,133.69988589290398,139.29937874295018,144.98783856068076,145.15882577372162,144.08169483164386,143.93989114771995,138.92309974344525,134.52222916715283,129.70148220242226,125.46828982338239,134.6150573249421,3.875
94.30439650894056,89.37650299607637,87.57912028340432,87.10590553198291,93.35167174373927,86.46479930397342,86.04064785568326,85.015712059182,88.88199317289131,94.290773386791,97.44336748112144,98.37174836657312,100.62615410262475,99.37115188236908,95.42595986019576,97.78916319051501,102.51492728825494,108.55067141818817,111.59032641061204,121.00647387176609,116.00091641534145,115.85031068409035,122.5160457492744,124.16738584969183,121.35607255876207,125.63150267904524,129.59537595656133,126.73112104949347,130.9506303945279,134.48439909953464,140.24616099307363,145.8473746578899,144.6864764883762,143.79712258933628,144.58643463069603,139.19992240993076,134.92433995218386,129.96437151563626,125.65217055393691,134.69314471490037,3.9
94.01149737684204,88.81334989913242,86.98142424622975,86.53447685458548,93.32883851004257,86.4302975948104,85.9176111893601,84.80332027900616,88.47348769386485,93.86985969068374,97.32812848584852,98.22438892803399,99.70712022820783,99.04180932962987,95.57098910761661,99.00569355937442,103.39596627167306,108.55118598053122,111.74106584637988,120.3668394648521,116.3359322003692,116.1979953369586,122.56074794380329,124.47526443211439,122.92352275443959,126.65525361662583,129.86688040186806,125.87723575524441,130.1747312057177,133.2244871238509,138.9384503831725,144.50830733374562,142.82105873120747,143.33195128840913,144.45716954844653,139.32436834169602,134.31692858383815,128.4491716509379,124.79634951807279,133.62719677265596,3.925
94.94527573729141,89.85784206333602,88.00796113058192,87.2919220486161,92.42893816881595,86.42095772649836,85.70541046038898,85.15631185509724,89.15516127172555,94.2216601595018,97.53408486599162,98.76974300944819,100.35146534089213,100.14665953188565,96.37429448761301,97.49551575328962,101.6673694336773,107.82715562880372,110.6057150437864,119.85535726939656,115.29142751293378,115.18054916693659,121.85259128237364,124.63382738962552,122.31901819148896,126.63844152963654,129.57047859202464,125.80871995559545,129.72691502112252,132.29942967831226,137.96803543550885,143.975651021405,142.9286832237459,142.81210950720575,143.78666805507456,138.4859143097567,133.7073976036483,128.52685245173757,124.91156727702185,133.52172497252337,3.9499999999999997
94.00275456938394,89.53595450819007,87.45235059084027,86.37601176728512,92.37638741971676,86.61062318836896,85.95286301246037,84.96615046131974,88.78788775288672,93.87672399476821,97.2433657536312,98.14603612239532,99.84319250848031,99.59788352697592,95.8937363639843,95.92985288966568,100.87711839305823,106.71907926164613,110.19207543076053,119.62179910976164,114.64353609853691,114.54187377430344,121.33329342544943,123.29557958631901,122.13744639358788,125.94010758161527,129.05024307350607,123.83881878921962,128.53059846478527,132.29464859791582,137.82565499267258,143.36802914064384,143.23407232677516,142.65847520178505,143.0432053656668,138.30167939445107,133.6161770886551,128.77773296774978,125.59285473101151,133.875498006715,3.9749999999999996
94.11018940327222,89.14327269948842,87.52381847196284,87.78251471815005,93.65910164590436,86.81325486421746,85.92744121752631,84.9896135249708,89.03853685602752,94.27331209214523,97.52856936234457,98.02600676173154,99.29170470156606,100.19161201216642,97.02753172983334,97.72476534415031,102.1787667646615,107.95666775279494,111.4335996013847,120.14857875890667,116.07483176604958,115.5102984290328,121.51334181119704,123.33057873571802,122.02121694640198,125.40504290246209,128.80051950766529,123.97776754529117,128.5380730093088,132.20171725945323,137.72051314826106,144.12098313157722,144.6002241679131,142.77991855617904,142.38755292773757,137.94867899483904,133.8337601373425,129.24930433141003,126.36850023025065,134.95739534780523,4.0
95.17187608555761,90.05925095513382,87.80851062743122,87.11058901038429,93.36756616740078,86.91246968192348,86.19754903896293,85.13012183870924,88.68775150216123,94.0800329977163,97.37182468980976,97.57188279509182,99.71099029405437,101.34731359183007,97.83843398033082,97.89668479428748,102.26150368003675,107.04266726204703,110.63333708393652,118.97024095754979,114.64775299258564,114.84691480834492,120.83765082958492,123.49072710247398,123.44280425182093,126.24040143216644,128.53563661691715,123.72426754795134,128.58015154590572,132.43829705323913,137.79113670811958,143.2759374801432,144.38134559999315,143.00022800799337,143.3089861142725,138.1127423004554,133.4479174312525,129.07019287777288,126.11156688797149,134.7422298998836,4.0249999999999995
94.58643054546886,89.78143093913383,87.44489599623648,87.773789693497,93.61005888914141,86.93609617759458,85.84012777523927,84.88745114838443,88.83986281418,93.95364652858137,97.7609992317729,96.92383938455252,98.92453988912129,100.8488618244331,97.33824240375708,97.5078387336308,102.25928311735767,107.04732378463159,110.50748004113147,119.46644390456827,114.65183360036438,114.59189887221154,121.23928540438087,123.8728401637383,123.60545336964694,126.40906669947739,129.01391304960566,124.08969976928462,128.56546722273555,132.15280130675427,138.3421078814626,143.57800419541582,144.18677738191252,142.87831753911675,142.42450084718305,138.18738723661713,133.65417352747403,129.2863515504294,126.137127265277,134.86273444130165,4.05
95.12178624115984,90.64213691754128,88.19655305370323,88.22010071304538,93.79359246886742,87.4192866921073,86.14330631429796,85.14965600653639,88.84466074104728,93.8813487792491,97.35627201166102,96.97783312099244,98.6024963157542,100.64419113196945,97.65979556332812,99.09501638330639,103.5771967459313,108.60528164893617,110.94937773972333,119.72148907991009,116.12651648555479,114.96072122425886,121.56576377138673,124.65163595963473,126.08608359431254,127.30652687894063,129.43462089544252,124.05289079321825,128.65736353578336,131.93405246289007,137.5606446068004,142.54900424524618,143.8475194973814,142.70999742374215,142.62265585860632,138.1718903238163,133.79033484827676,129.4034441214111,126.07900847229753,135.29891084014753,4.075
95.16232281463881,91.08824190407628,88.44821669825525,87.74429874943978,93.92043763558483,86.67030273089333,86.32125388470477,85.6947222472315,89.73734727306437,94.96197178844795,97.80160431893736,97.13100021268488,98.50180520239883,100.79302687858909,97.78243115488237,98.39604022484755,103.136604823548,108.37615162150142,111.43296807887887,120.12532572227003,115.98494073113396,115.3096040898771,122.20276435260517,125.79367109718615,126.21080272146904,128.5526902766773,130.2952406944251,125.6199185403861,130.73731107434543,133.01842082405543,138.09674765763066,144.09404885851336,144.63890821323332,143.361688723935,143.1939517132011,138.64690043438873,134.13190200965232,129.32136563765917,126.21998961671994,134.64605391512987,4.1
93.85421276797578,90.12570841667221,87.6113655946134,86.84663279250498,93.6994956549555,86.94079310407307,86.58391157056974,85.50804998810028,89.16412871436535,94.67913411736123,96.94493952138296,94.99685404998914,97.34693216787367,100.39767195531257,97.67341517149829,99.04126552766874,103.65451564277646,109.61766556402745,112.08524663745023,120.50185702848798,116.46014194758479,115.69697877350771,122.54150160905823,125.81595587794212,126.18968338818517,128.53501759086697,130.47055035516436,125.13893879548218,130.62384106795423,133.5694818071977,138.69747522286275,143.76307922760978,144.74844749033645,143.70422504038478,143.37805476898183,138.70715281488506,134.20443373187203,129.93759065841246,126.08452031936949,135.6340944002589,4.125
92.94508711050167,89.09058510893983,87.81960086169906,87.77426257462801,94.08520349361402,87.43131453914353,86.2880993856713,84.95126334351036,89.08575130523589,94.85662124546678,96.9700404004666,94.80854805756394,96.93741739084798,101.09359147543674,99.73640126180815,99.70006468455445,104.24661015601127,108.83577328337452,111.22873671370532,120.53557138601367,116.07213979430615,115.56773614891453,123.2689042906597,126.20984296136565,126.9901922800398,129.28451154766498,130.7844752500983,126.10655901190204,130.86267482193432,133.66078830050589,139.68725434325682,143.83551701505704,144.8825308616539,143.7031223784413,144.01374606591537,138.84519983465907,134.589857908733,130.27572318791755,126.90342776418163,135.95097298793132,4.1499999999999995
94.6794741823998,90.43344669044208,88.30489231810321,88.13051433719619,93.7720813587512,87.1553536704991,86.0505169184913,84.8682925405441,88.90925406174809,94.40974430515553,96.9613685519491,95.40496567954534,98.22149728710498,101.63169453528938,98.21188184487227,99.02969894631977,103.58580780303603,108.15633795914593,110.44155472873626,119.61994555209606,115.47625926553624,114.6078277364086,122.55383996034796,125.69110003675935,126.04921995600289,128.80174273468123,130.66312571152352,125.5727795624236,130.43923960382182,133.8568745324729,139.40441894845873,144.52363875758184,144.6511684769674,143.642966881791,144.14097019943205,139.0503235738896,134.75613056429688,130.06314091738545,126.55189489445951,135.84007101752428,4.175
94.33781034188007,89.51721714924021,88.13178016145793,87.91476622483431,94.19395871333516,87.2058642116377,86.51751495535657,85.50612067459407,89.96736953162838,94.52653486490135,97.28024567644695,95.45832167615814,98.26544385253166,100.98760741730555,97.85281139081262,99.15373806619871,103.59056143639131,108.19246444331374,110.68161286581946,120.2569485407446,115.02287029539625,113.41770207220291,121.71461261895253,125.00022619712266,125.52145492045788,127.93861201384823,129.60846230595632,124.64124778403774,128.90255912219243,131.23894031945886,138.74757991119628,143.31410617082597,144.42834545057502,142.74517013792865,142.02322581515392,138.32296389811847,133.8219451787469,129.30749107178423,126.42277527458428,135.16037031727194,4.2
94.00063911948018,89.00294170055624,87.7208398712734,87.837687974577,94.10371879425475,86.92567782128975,86.03068765123977,85.3999844918238,89.6245191499014,94.77021934865806,97.71678706103125,95.57266230497396,98.29216949622739,100.45408203046628,97.68410211770248,98.90739115856866,103.61138021923567,108.5574941839496,110.53131619962105,119.56545005825126,115.61063821465116,113.49085053370918,121.94774346713704,125.24385663739072,124.93414637381606,128.75506190934829,130.38580022527157,124.32934034265527,129.1972861783621,131.03967078727072,138.40222239858275,143.8144488319066,144.2238767755842,142.6654360998795,142.70956664612754,138.7507025854963,133.64213209630614,129.0532559845218,126.42593450979423,135.12795234149297,4.225
96.43567790317843,91.21771053788164,88.13080386103636,87.68522616728768,94.31317777613926,87.49710398045158,86.43635533901254,85.25400067742387,89.29247815468337,94.43675885215808,97.55786287778196,98.17998000923365,99.92232520376174,101.50950558726959,97.59373786096194,99.28493892677233,103.738057982497,107.87178924360042,110.01184508654732,119.57256374301089,114.94388863200845,114.08046213495192,121.72203462029476,125.05033706992657,125.52542143449472,128.25899529084256,129.7711843285978,124.74117812827312,129.04530761400648,131.706259391485,139.20848144455107,144.60662765827828,145.30122671754145,142.67636504587045,142.74181201441496,138.20236513773563,133.27728080182018,129.1255488913629,126.16397469656103,134.91252615522154,4.25
96.7531675433697,90.33135405073563,88.13243259350911,87.84496458155286,94.60873821476828,87.25429308892842,86.39419728827839,85.2159635929023,89.45779907079242,94.91260684873572,97.80182859779296,97.08697020554058,100.20957093358766,103.18081377930764,98.30617782514575,98.25447196779123,103.4486589323312,108.13950019097419,111.11674246442708,120.47543208087374,115.7138919297535,114.2719250800061,121.7939919032632,124.66211180547354,124.54287446931863,128.39413837163477,129.44350577219734,123.16900317842706,128.17218087754355,131.0509146596702,138.31583760739784,143.64272325925816,143.98238844011968,141.7658290363371,142.56310758969897,137.7194710604999,132.71530752321212,128.96458739957416,125.83157502890818,134.77263472630239,4.2749999999999995
95.88050856195422,90.60799576919871,88.61869541630067,88.78313473980157,94.8472779967344,87.462562048231,86.77585529039342,85.31828357416934,89.77593946766272,94.43823627137209,98.24937691791439,98.43294710116851,100.93353484402675,103.82126323834748,98.35580777512516,97.77849025995806,103.10682203103588,108.31493975854815,111.38771987511133,119.83052760133883,115.05885185853603,114.55777852175478,121.95155784121238,124.4805749591629,123.81432671761257,127.28928087970836,129.52823346825707,123.05043648281763,127.1857524219556,130.2643547917673,139.3429357562386,143.84475242919518,145.15057243599102,142.26033525129358,142.41563768665543,137.66513937571096,132.58575839197314,129.24206755217978,126.49585915709561,134.633514045325,4.3
97.32657358735185,91.70122952226927,89.18902510731485,88.43563431714989,94.57817732550231,87.39423997394788,86.35631459807288,85.32342465514165,89.45112371154497,94.938949703113,98.19508153574873,99.07968703613844,102.61572006184414,104.85584436521559,99.3255575749966,99.18503946940817,103.76198478119086,109.4020798476807,113.64340050612348,119.65032561464068,116.19930461439652,114.13991425796567,121.45483645156428,124.59371481179147,123.89243704415703,127.68334154709254,129.05307730601618,123.02642720831477,127.28658199863521,130.33092771212182,138.35867579234207,143.6273282785578,145.47833064174017,142.70142054505237,142.56072535496673,137.47151155091845,132.89282718982895,128.82495939934967,127.19201660898673,135.6465701186731,4.325
97.32389790465477,92.1545065369205,88.7480320291638,88.4776480678045,94.67608959446869,87.61181852643801,86.78362780335402,85.674882488339,89.83033026631105,94.90005560727278,98.57460928558275,98.85639973771673,101.83114888591194,104.84505793323652,99.69208555177141,100.56672062712579,104.89620105593244,110.57398735109604,114.70345845203113,120.2404334931594,117.1424436706096,114.2778904822216,121.02793878028115,124.30087294631728,124.6931776140624,127.47810169386673,128.4250936724987,122.02168628125396,126.89546198306354,129.93112062171247,138.4320322090121,143.528476928259,145.31026814720087,142.5717244686042,142.4896514496422,137.59697591464857,132.7850660071983,128.84476018959003,126.55438211625813,135.39968398901456,4.35
96.51667001166595,91.31130468116348,88.85626769105355,88.55427545346917,94.7590581915313,87.27544524890266,86.26992780247515,85.38371081393265,90.09796279790767,95.10204046926316,98.78220016081157,98.76671097635966,101.46204189360819,104.53787592431675,100.51933529730238,99.75738470528243,104.88330934100361,109.92144118939802,113.62993137715561,121.56096724939907,116.60948244829544,114.44711597973819,122.10465491755112,125.04800616919555,124.58536151287333,128.07872096424745,129.6578640434928,123.78888761302039,128.20148916125257,131.35607531731029,139.90351491743732,144.3743032964544,145.49763996257698,143.5697121581952,143.5867640926081,138.62081386046927,133.96843051859923,129.5211160579366,126.31980153550074,135.75850331925184,4.375
96.12791260539002,91.23797288154063,88.90393598600599,88.882187792162,94.82943980018695,87.27407561757741,86.26837344590484,85.26865507613454,89.85040657613803,95.5878549565095,99.03727951939734,99.01342640975776,101.57942464174357,103.56248376655353,100.24384091615556,98.73594081068073,103.96997472797386,109.41057272128833,113.02936234134917,120.66180968788588,116.52774358515948,113.90369170948019,121.19997023600698,124.57184633023451,124.3586469286168,127.41446419110056,129.5542911181169,125.00549130856784,129.5217530110965,132.39637334368382,140.436990810745,145.122824441697,145.6649967418207,144.13733600582793,144.4296746199891,139.79326780089067,134.65586017953237,130.43181503647293,127.48045045190909,136.37443594763226,4.3999999999999995
96.2149422746173,91.35042938617019,88.48183821700685,87.91048711868592,94.5286031655726,87.35641417782469,86.23831146639733,85.59848655845721,89.7900175595855,95.0099663226593,98.66103047213969,98.60720175095554,101.12777694360993,103.12521650459756,99.73629149172041,98.2646691267177,103.19663720103132,109.00167444886371,112.63325819895039,121.84423692136372,116.21739721339083,115.59523380319025,123.01362988771346,125.58223977812712,124.57086259478103,128.26490376312665,130.68231437303956,125.42729025490779,129.74976212228273,132.28871292641952,140.41556981747487,145.00197555284575,144.26860524181694,143.1825921638913,143.7983770852162,139.53989015638012,134.56064786655077,130.91297004370733,126.61074403693476,135.52591321607412,4.425
95.52297618428278,90.3477595885987,88.34488652525377,88.03845832769764,94.56710546003322,87.4812084297674,86.27619884168902,85.28598657622626,89.39455367321304,95.00802839455514,98.75257301917364,98.44176543219264,100.87353870025314,103.15109861240957,99.72638387829925,98.62747764119543,104.1082332519563,109.36130428179428,113.48332293395126,122.79144489265362,117.80404516846143,115.77750907620525,123.3030341137109,125.88816619867987,125.01695304812557,128.32121593748894,130.9050631615201,125.77365040749845,130.07341896217588,132.85005518488975,141.7756379157014,146.01001833023366,144.94902944478622,142.82923553836764,143.04623035002555,137.94640034932107,133.98741076797967,130.06390241993964,125.01688646754002,134.56697526157274,4.45
96.0153736810349,90.66867140248549,88.24780194881268,87.62293375240242,94.0113641214719,86.88203475937992,85.79867128862347,85.26133426893523,89.28202530372394,94.6485161887347,98.40761857293671,98.84421317304438,101.68312724680337,103.81661081608287,101.23711764155367,98.75504965009554,103.98758721963176,109.31598200545257,112.87472573510571,122.37636277120157,117.78059808240548,115.79831014539351,123.15373311397185,125.79428842646686,125.15256912124761,128.5496889454737,131.00355547146603,125.35467086429796,129.9763368496254,133.1329802112782,141.9943176741262,146.09631736280429,144.96225773866763,143.80328492622374,145.05853069619448,139.7240941311834,134.80710822623502,130.28471210079016,125.67373779568219,134.88014363284208,4.475
96.95709741420256,91.58851587006481,89.02735152143234,88.31693841359468,94.25332640448332,87.26379821304857,86.13647877736338,85.37433959961903,89.54609781221137,94.89216205338582,99.09875119256998,99.30211146753501,102.3922409044956,104.1346997455949,101.17436609764125,98.08327490487474,103.15997452298038,108.72406173308886,112.16723837623472,121.69537453541847,116.74032114935352,115.69653166359332,122.67400406464414,125.07709303207405,123.28525870792905,127.47926850583325,130.48629070907677,126.98876383499295,131.0151966170498,133.93598600047684,142.46489588009337,146.6137094800671,145.13913172605317,143.8338373969605,145.13341471590795,139.49027322469112,135.33727645955793,131.01336087920453,126.65722662029174,135.62288997981537,4.5
96.79488444433463,91.24705817494929,89.1865508014383,88.56201874770488,94.37313894571855,86.6848627676577,85.6306173055936,85.41002904267665,89.52169913575696,94.88373833185217,98.29990653886091,99.31194544983333,102.64376108102886,104.07794156457909,101.58450419075142,98.68319110753504,104.77305961314498,109.9708830779711,112.46186843374977,122.0038297517115,117.79889319524997,116.1487959612531,123.85856752230133,126.30004262143453,124.40064458874058,128.68728531274581,131.27225606672903,126.94754024283166,130.9491535761863,133.89675914506626,142.0456828938742,146.3545897527943,145.48750967553718,144.40483692587622,146.449295227624,140.38243938986824,136.08496523590748,131.37897201160195,127.18493207630353,136.07520504115166,4.5249999999999995
96.37728268613456,91.227659524846,88.71627989385868,88.4364865959657,93.9974737744191,86.99877201905929,85.46268697538584,84.92336785835116,89.78012665437619,95.0259585565263,98.81202260244069,99.07478939919743,101.70121260993031,103.86297132798634,100.41125139444088,98.99602672690872,104.6939157204489,110.10243912987625,113.43132725514731,122.54845179279376,118.78739057699373,116.28834028337417,123.74663529974238,126.16382073770782,125.27736557364783,128.6982503352006,131.38666683639568,126.51751534792537,130.9847582067818,134.10777306565825,142.30687596431792,146.9675190469576,145.30448535246103,144.1560031533852,146.8876083826866,139.97872456911358,135.8846375664125,131.21040533184316,127.11980386849652,135.79263013290637,4.55
97.34378513001528,90.96401184113124,88.8060725689839,89.04590134236463,94.77415372802429,87.47175130536385,86.06426711178841,85.1675674386999,90.03901799414905,95.51820240619446,98.96923997256178,100.3693176714581,102.95192495687208,104.3979244638122,100.97129335273814,98.93145076312554,104.61976391081714,110.19659577166628,112.52053218121054,122.04757868490559,118.32505392977616,116.0304009540308,123.42565084183106,126.20779211847719,125.56842406792758,129.17180311443713,131.1687928692754,125.88280113799938,130.48801401624294,133.3806611896182,141.747523531889,146.5268285994759,145.7386868554021,144.24089834117524,147.16649588870752,140.13846253615904,135.68123806853296,131.0554583046737,126.84935594016027,135.69327321499213,4.575
97.85866292430583,92.29909625751816,89.68227859666109,89.42451680392767,95.00743761519429,87.47335503459962,86.50898514632517,85.94597326167968,90.94416470646439,96.47476257749994,99.48707321679463,100.0173286038355,103.5043985466871,105.60550026235751,101.6340678087886,100.38714747249665,105.8686151320779,110.70317630956133,113.19787835028572,123.05729302290972,118.33925528046524,116.96114466037125,124.33154414393789,126.70987839672847,126.32031209113744,129.58114364903193,132.27646981775274,127.463395301712,132.39482756598778,135.33233361238558,143.08111240219188,147.21861181453528,146.03230352557398,145.32890358015874,148.6556446173622,141.04295872856767,136.80765216903825,131.8070138224502,128.09657685051025,136.4780626593735,4.6
97.18037103034405,91.5222966063157,89.39951548696584,89.34632851128902,94.50170873265196,87.229877038605,85.58831058924585,84.97567444894605,90.31788892046116,95.25361288578084,99.30998150575738,100.12094162953801,102.94901705015401,104.2332448303042,100.7516775670741,98.35870715805085,105.39148804231533,110.66103909183896,113.57433290806901,122.8984372975331,118.75418927961859,116.757918293989,124.43475149647988,126.67638202811699,124.34244095646955,129.72811028773293,132.53671836802468,127.30701077393213,132.09714977658751,135.33832640292712,143.06141079572708,147.2523737555324,145.9705898887396,144.81016403530916,148.5383632987161,140.82465216643067,136.55853499110344,132.36522831327756,127.2959755501626,135.90711969479844,4.625
97.77605208789629,91.8856722932518,89.61080643635052,88.84250717641531,94.4311582771104,86.79539988673349,85.57637444463015,85.18713534075002,90.5946865654928,95.64360767389658,99.00940893640634,99.73902887153127,103.35310560310177,104.81887223164443,102.90439778518673,99.07994961114696,105.38150110974854,111.18174005136483,114.40210690795547,123.55658470699525,119.42219543246085,117.14741190369797,124.50450524323155,127.13339054387002,125.63204757868294,129.39506623208115,131.8148795999125,126.93044626836978,131.56052774795072,134.81773640565405,142.06806685342013,147.48699374685992,146.45214543057546,144.75451343239865,147.39211545361718,140.33269883432354,136.35399127750674,131.7611181008298,126.9212320151214,135.14381486526545,4.6499999999999995
97.90092995057104,92.47649954798746,89.93781403875323,89.31967156027423,94.85486230174205,87.20320453243687,86.37745173055687,85.48387331250038,90.01109677498432,95.44884250690129,99.01967086674176,99.97023351515276,102.55907685102548,105.01344052584402,103.3936909897696,100.11029547616147,106.6964710038238,111.37554989968922,115.6346500911187,124.9513418540242,120.06818188049054,117.34515752124517,124.82627066406664,126.89125801163544,124.88902972825318,129.2914337813134,131.82798529796082,126.94089941401609,131.234725127927,134.05356412755572,141.9438746002723,147.2976154177183,146.75482994709117,144.9285618300995,147.8238547289378,140.2121892970671,136.36487530613118,132.00182891392436,126.69885758898522,135.32648165162047,4.675
96.75697056203502,90.86224035879361,89.19960618190656,89.50610423179205,94.80846899307001,87.29002397573431,85.99225226317763,85.40881335342124,89.95282298988235,95.40070615383937,98.85243979706006,98.66681967131458,103.17061752951321,104.84812568893713,102.38383153748404,101.42666845906909,107.15654718644195,112.02021564497828,116.04004542270772,124.75948283487867,120.20420898723043,117.78236086975699,124.14970489767806,126.50344307993437,125.79127167554195,129.83153988410828,131.93375218440198,126.32100112370443,130.8342012401186,133.63697713574265,141.88997551335018,147.07032447506595,146.0643263585693,144.48226803961597,147.12049365457057,140.15738144926559,135.78268105994485,131.20896732923936,125.42803557358884,134.28472103228853,4.7
98.26665265993162,92.79575662763082,90.08870087517573,89.29889157652676,95.1487506511326,87.61766110198742,86.07044079155527,85.04835515767536,90.07022037868694,95.57877349030704,99.27833708384304,100.34584324175654,104.63030468162121,105.42592518357812,103.11555676186111,100.57506991880058,106.78917083857635,112.0058816355477,115.44530129365307,124.28775434372487,120.52553393209494,117.44900499930606,124.90727863041067,127.21974326730496,126.29744882276863,129.79389864141007,132.26260787117172,127.78444904743891,132.29268205366182,134.90784337240206,142.418710134595,147.01901794286186,146.81615274730956,144.93660752349038,147.32885792363095,140.20826603384648,136.41165188615724,131.7435695080482,126.35914995320152,135.19520929109774,4.725
97.79827334151322,92.12120645424291,89.91103309969131,89.64361831463879,95.48514528191335,87.81874725614011,86.5858040014603,85.71200082146672,90.48157207756765,95.55164218668253,99.17972825393936,99.18075792875422,102.73426413998726,105.1479756471361,103.15378080765758,100.98424626279453,107.48681435148369,111.44058638915915,114.48879840058909,123.21613517267603,120.00224638270448,116.67529940043589,124.07173002028378,126.39291495921793,125.14840864131517,128.3845807669891,131.47608005123692,126.84560725130487,131.5723372544398,135.97414959148318,142.9251020235746,147.60785274369843,148.10726033065424,145.83982202841997,147.73066216336161,141.03669820759924,137.32401799956307,132.82180162335715,127.83407220117873,136.92246958495411,4.75
97.80468672920026,92.67328114335527,89.73971886378536,89.11264341820848,94.45320064647208,87.15458632397862,86.34603219871987,85.49789467242019,90.53999836689837,95.69243085028518,99.25827808849094,99.92409512546433,103.48656889334225,105.71508724374681,103.90686418342358,101.62576602096578,107.68094579343567,111.9316297513374,114.83671299435636,123.81371583903665,120.31917152530919,116.74475877605325,124.28716286282643,126.64716027744214,125.56115683228123,128.96709401802542,132.04579020067098,127.19860310298488,131.6325645368728,135.69468615138544,142.2469143535212,146.85916709951445,145.70528994587414,144.4399147039439,146.71347990993056,140.07767021453236,136.34928765962113,131.8396257540635,126.45737697888917,135.43075954331886,4.7749999999999995
98.62639031467675,92.81353731733702,90.02803970178013,88.85754311640363,94.63481350078615,86.93945431561019,86.20501195317698,85.51181627818147,90.594480422277,95.73476600749083,99.41887900481515,100.84509038707587,103.35287334795404,106.83244536803747,103.72266766948024,100.5679642038429,106.48902027357889,110.98250210093721,113.88976309444325,122.82709661706421,119.66892502395932,116.71028516415694,123.38528098633763,125.94039939151338,126.32349710810736,128.7133106087261,131.99778675092983,126.81962342329284,131.37559203128836,133.80701458996177,140.47934650788875,144.89414474538165,143.8916998752897,142.67001920803767,146.08938275138388,138.70721463688344,135.01205071646456,130.70976397793902,125.46494391170664,134.49519866955671,4.8
97.73875001330575,92.18643509742111,89.62414163756279,89.1737038606143,94.19483868291479,86.8906948244294,85.85750078942658,85.53381256409952,90.29544214665293,95.37848781587485,98.88605443068288,99.92566186282997,103.20095769970855,105.73692181985601,103.1416769200317,100.50729461888437,107.45838825243518,110.27113721292335,113.7219030807447,122.84262911325749,118.95128730983099,116.13075023841226,123.65121112322963,126.29356505938506,126.85298857418356,129.544475175638,132.16852710665168,127.17635280249272,131.57002991275738,134.56170400430955,142.10273249705148,146.35984280271236,144.7079412327996,143.25173576337772,144.66910397371788,138.48371460424374,134.8894236220449,130.57971230513687,124.7921254966748,133.8874381211495,4.825
