Charm++: standalone mode (not using charmrun)
Charm++> Running in Multicore mode: 8 threads (PEs)
Charm++> Using recursive bisection (scheme 3) for topology aware partitions
Converse/Charm++ Commit ID: 
CharmLB> Load balancer assumes all CPUs are same.
Charm++> Running on 1 hosts (2 sockets x 2 cores x 2 PUs = 8-way SMP)
Charm++> cpu topology info is gathered in 0.000 seconds.
Info: Built with CUDA version 11080
Pe 3 physical rank 3 will use CUDA device of pe 4
Pe 1 physical rank 1 will use CUDA device of pe 4
Pe 6 physical rank 6 will use CUDA device of pe 4
Pe 2 physical rank 2 will use CUDA device of pe 4
Pe 5 physical rank 5 will use CUDA device of pe 4
Pe 0 physical rank 0 will use CUDA device of pe 4
Pe 7 physical rank 7 will use CUDA device of pe 4
Pe 4 physical rank 4 binding to CUDA device 0 on g011: 'NVIDIA GeForce GTX 1080 Ti'  Mem: 11165MB  Rev: 6.1  PCI: 0:88:0
CharmLB> Load balancing instrumentation for communication is off.
Info: NAMD 3.0.2 for Linux-x86_64-multicore-CUDA
Info: 
Info: Please visit http://www.ks.uiuc.edu/Research/namd/
Info: for updates, documentation, and support information.
Info: 
Info: Please cite Phillips et al., J. Chem. Phys. 153:044130 (2020) doi:10.1063/5.0014475
Info: in all publications reporting results obtained with NAMD.
Info: 
Info: Based on Charm++/Converse 80000 for multicore-linux-x86_64-gcc
Info: Built Wed Aug 27 15:48:11 CDT 2025 by dhardy on athine.ks.uiuc.edu
Info: 1 NAMD  3.0.2  Linux-x86_64-multicore-CUDA  8    g011  zhangwen
Info: Running on 8 processors, 1 nodes, 1 physical nodes.
Info: CPU topology information available.
Info: Charm++/Converse parallel runtime startup completed at 0.119574 s
CkLoopLib is used in SMP with simple dynamic scheduling (converse-level notification)
Info: 0 MB of memory in use based on /proc/self/stat
Info: Configuration file is heat.namd
Info: Working in the current directory [archive path: ssdna/polydt40-3m-kcl/50ns]
TCL: Suspending until startup complete.
Warning: Option "1-4scaling" has been deprecated. Instead use "oneFourScaling".
Info: EXTENDED SYSTEM FILE   min.xsc
Info: SIMULATION PARAMETERS:
Info: TIMESTEP               2
Info: NUMBER OF STEPS        0
Info: STEPS PER CYCLE        20
Info: PERIODIC CELL BASIS 1  72 0 0
Info: PERIODIC CELL BASIS 2  0 72 0
Info: PERIODIC CELL BASIS 3  0 0 178
Info: PERIODIC CELL CENTER   0 0 27
Info: WRAPPING ALL CLUSTERS AROUND PERIODIC BOUNDARIES ON OUTPUT.
Info: WRAPPING TO IMAGE NEAREST TO PERIODIC CELL CENTER.
Info: LOAD BALANCER  Centralized
Info: LOAD BALANCING STRATEGY  New Load Balancers -- DEFAULT
Info: LDB PERIOD             4000 steps
Info: FIRST LDB TIMESTEP     100
Info: LAST LDB TIMESTEP     -1
Info: LDB BACKGROUND SCALING 1
Info: HOM BACKGROUND SCALING 1
Info: PME BACKGROUND SCALING 1
Info: MIN ATOMS PER PATCH    40
Info: EMPTY PATCH LOAD       40 ATOMS
Info: INITIAL TEMPERATURE    50
Info: CENTER OF MASS MOVING INITIALLY? NO
Info: DIELECTRIC             1
Info: EXCLUDE                SCALED ONE-FOUR
Info: 1-4 ELECTROSTATICS SCALED BY 1
Info: MODIFIED 1-4 VDW PARAMETERS WILL BE USED
Info: DCD FILENAME           heat.dcd
Info: DCD FREQUENCY          5000
Info: DCD FIRST STEP         5000
Info: DCD FILE WILL CONTAIN UNIT CELL DATA
Info: XST FILENAME           heat.xst
Info: XST FREQUENCY          10000
Info: NO VELOCITY DCD OUTPUT
Info: NO FORCE DCD OUTPUT
Info: OUTPUT FILENAME        heat
Info: BINARY OUTPUT FILES WILL BE USED
Info: RESTART FILENAME       heat.restart
Info: RESTART FREQUENCY      10000
Info: BINARY RESTART FILES WILL BE USED
Info: SWITCHING ACTIVE
Info: SWITCHING ON           10
Info: SWITCHING OFF          12
Info: PAIRLIST DISTANCE      14
Info: PAIRLIST SHRINK RATE   0.01
Info: PAIRLIST GROW RATE     0.01
Info: PAIRLIST TRIGGER       0.3
Info: PAIRLISTS PER CYCLE    2
Info: PAIRLISTS ENABLED
Info: MARGIN                 0
Info: HYDROGEN GROUP CUTOFF  2.5
Info: PATCH DIMENSION        16.5
Info: ENERGY OUTPUT STEPS    1000
Info: ENERGY EVALUATION STEPS    1000
Info: OUTPUT ENERGY PRECISION 4
Info: CROSSTERM ENERGY INCLUDED IN DIHEDRAL
Info: TIMING OUTPUT STEPS    1000
Info: HARMONIC CONSTRAINTS ACTIVE
Info: HARMONIC CONS EXP      2
Info: VELOCITY REASSIGNMENT FREQ  1000
Info: VELOCITY REASSIGNMENT TEMP  50
Info: VELOCITY REASSIGNMENT INCR  1
Info: VELOCITY REASSIGNMENT HOLD  293
Info: PARTICLE MESH EWALD (PME) ACTIVE
Info: PME TOLERANCE               1e-06
Info: PME EWALD COEFFICIENT       0.257952
Info: PME INTERPOLATION ORDER     4
Info: PME GRID DIMENSIONS         72 72 180
Info: PME MAXIMUM GRID SPACING    1.5
Info: PME CALCULATION WILL BE PERFORMED ON GPU
Info: FULL ELECTROSTATIC EVALUATION FREQUENCY      2
Info: USING VERLET I (r-RESPA) MTS SCHEME.
Info: C1 SPLITTING OF LONG RANGE ELECTROSTATICS
Info: PLACING ATOMS IN PATCHES BY HYDROGEN GROUPS
Info: RIGID BONDS TO HYDROGEN : ALL
Info:         ERROR TOLERANCE : 1e-08
Info:          MAX ITERATIONS : 100
Info: RIGID WATER USING SETTLE ALGORITHM
Info: RANDOM NUMBER SEED     1788284966
Info: USE HYDROGEN BONDS?    NO
Info: COORDINATE PDB         system.pdb
Info: STRUCTURE FILE         system.psf
Info: PARAMETER file: CHARMM format! 
Info: PARAMETERS             /opt/charmm/toppar/par_all36_na.prm
Info: PARAMETERS             water_ions_namd.prm
Info: USING ARITHMETIC MEAN TO COMBINE L-J SIGMA PARAMETERS
Info: BINARY COORDINATES     min.coor
Info: SUMMARY OF PARAMETERS:
Info: 99 BONDS
Info: 241 ANGLES
Info: 530 DIHEDRAL
Info: 15 IMPROPER
Info: 0 CROSSTERM
Info: 61 VDW
Info: 2 VDW_PAIRS
Info: 0 NBTHOLE_PAIRS
Info: TIME FOR READING PSF FILE: 0.477751
Info: Reading pdb file system.pdb
Info: TIME FOR READING PDB FILE: 0.124653
Info: 
Info: ****************************
Info: STRUCTURE SUMMARY:
Info: 81284 ATOMS
Info: 52510 BONDS
Info: 28090 ANGLES
Info: 3594 DIHEDRALS
Info: 120 IMPROPERS
Info: 0 CROSSTERMS
Info: 0 EXCLUSIONS
Info: 317 CONSTRAINTS
Info: 77210 RIGID BONDS
Info: 166642 DEGREES OF FREEDOM
Info: 29650 HYDROGEN GROUPS
Info: 4 ATOMS IN LARGEST HYDROGEN GROUP
Info: 29650 MIGRATION GROUPS
Info: 4 ATOMS IN LARGEST MIGRATION GROUP
Info: TOTAL MASS = 595053 amu
Info: TOTAL CHARGE = 3.54089e-06 e
Info: MASS DENSITY = 1.07085 g/cm^3
Info: ATOM DENSITY = 0.0880887 atoms/A^3
Info: *****************************
Info: Reading from binary file min.coor
Info: 
Info: Entering startup at 0.875374 s, 0 MB of memory in use
Info: Startup phase 0 took 0.000255556 s, 0 MB of memory in use
Info: ADDED 83874 IMPLICIT EXCLUSIONS
Info: Startup phase 1 took 0.022843 s, 0 MB of memory in use
Info: NONBONDED TABLE R-SQUARED SPACING: 0.0625
Info: NONBONDED TABLE SIZE: 769 POINTS
Info: INCONSISTENCY IN FAST TABLE ENERGY VS FORCE: 0.000325096 AT 11.9556
Info: INCONSISTENCY IN SCOR TABLE ENERGY VS FORCE: 0.000324844 AT 11.9556
Info: INCONSISTENCY IN VDWA TABLE ENERGY VS FORCE: 0.0040507 AT 0.251946
Info: INCONSISTENCY IN VDWB TABLE ENERGY VS FORCE: 0.00150189 AT 0.251946
Info: Startup phase 2 took 0.000356965 s, 0 MB of memory in use
Info: Startup phase 3 took 4.7225e-05 s, 0 MB of memory in use
Info: Startup phase 4 took 0.000468694 s, 0 MB of memory in use
Info: Startup phase 5 took 6.4236e-05 s, 0 MB of memory in use
Info: PATCH GRID IS 4 (PERIODIC) BY 4 (PERIODIC) BY 10 (PERIODIC)
Info: PATCH GRID IS 1-AWAY BY 1-AWAY BY 1-AWAY
Info: REMOVING COM VELOCITY 0.000728964 -0.00448308 -0.000486206
Info: LARGEST PATCH (41) HAS 556 ATOMS
Info: TORUS A SIZE 1 USING 0
Info: TORUS B SIZE 1 USING 0
Info: TORUS C SIZE 1 USING 0
Info: TORUS MINIMAL MESH SIZE IS 1 BY 1 BY 1
Info: Placed 100% of base nodes on same physical node as patch
Info: Startup phase 6 took 0.0206298 s, 0 MB of memory in use
Info: Use 3D box decompostion in PME FFT.
Info: PME using 1 x 1 x 1 pencil grid for FFT and reciprocal sum.
Info: Startup phase 7 took 0.000181295 s, 0 MB of memory in use
Info: Updated CUDA force table with 4096 elements.
Info: Updated CUDA LJ table with 61 x 61 elements.
Info: Startup phase 8 took 0.00252114 s, 0 MB of memory in use
Info: Startup phase 9 took 7.5623e-05 s, 0 MB of memory in use
Info: Startup phase 10 took 5.1552e-05 s, 0 MB of memory in use
Info: Startup phase 11 took 0.00174218 s, 0 MB of memory in use
LDB: Central LB being created...
Info: Startup phase 12 took 0.00311638 s, 0 MB of memory in use
Info: CREATING 3584 COMPUTE OBJECTS
Info: Found 35 unique exclusion lists needing 108 bytes
Info: useSync: 0 useProxySync: 0
Info: Startup phase 13 took 0.0135109 s, 0 MB of memory in use
Info: Startup phase 14 took 6.2947e-05 s, 0 MB of memory in use
Info: Startup phase 15 took 4.0267e-05 s, 0 MB of memory in use
Info: Finished startup at 0.941342 s, 0 MB of memory in use

REINITIALIZING VELOCITIES AT STEP 0 TO 50 KELVIN.
TCL: Running for 250000 steps
REASSIGNING VELOCITIES AT STEP 0 TO 50 KELVIN.
ETITLE:      TS           BOND          ANGLE          DIHED          IMPRP               ELECT            VDW       BOUNDARY           MISC        KINETIC               TOTAL           TEMP      POTENTIAL         TOTAL3        TEMPAVG            PRESSURE      GPRESSURE         VOLUME       PRESSAVG      GPRESSAVG

ENERGY:       0        90.6939       481.2156      1362.0842         4.3791        -654385.4761     54229.1250        69.6146         0.0000      8301.5468        -589846.8169        50.1378   -598148.3637   -589846.2712        50.1378          -4547.2420     -4481.5963    922752.0000     -4547.2420     -4481.5963

OPENING EXTENDED SYSTEM TRAJECTORY FILE
LDB: ============= START OF LOAD BALANCING ============== 1.08787
LDB: ============== END OF LOAD BALANCING =============== 1.08796
Info: useSync: 0 useProxySync: 0
LDB: =============== DONE WITH MIGRATION ================ 1.08806
LDB: ============= START OF LOAD BALANCING ============== 1.47264
LDB: Partitioning computes with target load 0.000000
LDB: Increased migratable compute count from 0 to 0
LDB: Largest unpartitionable compute is 0.000000
LDB: ============== END OF LOAD BALANCING =============== 1.47293
Info: useSync: 0 useProxySync: 0
LDB: =============== DONE WITH MIGRATION ================ 1.47337
Info: Initial time: 8 CPUs 0.00489557 s/step 0.0283308 days/ns 0 MB memory
LDB: ============= START OF LOAD BALANCING ============== 1.56993
LDB: ============== END OF LOAD BALANCING =============== 1.56999
Info: useSync: 0 useProxySync: 0
LDB: =============== DONE WITH MIGRATION ================ 1.57009
LDB: ============= START OF LOAD BALANCING ============== 1.95505
LDB: TIME 1.95529 LOAD: AVG 0.302608 MAX 0.333869  PROXIES: TOTAL 320 MAXPE 40 MAXPATCH 3 None MEM: 0 MB
LDB: TIME 1.95536 LOAD: AVG 0.302608 MAX 0.333869  PROXIES: TOTAL 320 MAXPE 40 MAXPATCH 3 TorusLB MEM: 0 MB
LDB: ============== END OF LOAD BALANCING =============== 1.95549
Info: useSync: 0 useProxySync: 0
LDB: =============== DONE WITH MIGRATION ================ 1.95588
Info: Initial time: 8 CPUs 0.00480955 s/step 0.027833 days/ns 0 MB memory
LDB: ============= START OF LOAD BALANCING ============== 2.44431
LDB: TIME 2.44458 LOAD: AVG 0.382349 MAX 0.422105  PROXIES: TOTAL 320 MAXPE 40 MAXPATCH 3 None MEM: 0 MB
LDB: TIME 2.44465 LOAD: AVG 0.382349 MAX 0.422105  PROXIES: TOTAL 320 MAXPE 40 MAXPATCH 3 RefineTorusLB MEM: 0 MB
LDB: TIME 2.44467 LOAD: AVG 0.382349 MAX 0.422105  PROXIES: TOTAL 320 MAXPE 40 MAXPATCH 3 RefineTorusLB MEM: 0 MB
LDB: ============== END OF LOAD BALANCING =============== 2.4448
Info: useSync: 0 useProxySync: 0
LDB: =============== DONE WITH MIGRATION ================ 2.44526
Info: Initial time: 8 CPUs 0.0048825 s/step 0.0282552 days/ns 0 MB memory
LDB: ============= START OF LOAD BALANCING ============== 2.92824
LDB: TIME 2.92851 LOAD: AVG 0.378682 MAX 0.418653  PROXIES: TOTAL 320 MAXPE 40 MAXPATCH 3 None MEM: 0 MB
LDB: TIME 2.92858 LOAD: AVG 0.378682 MAX 0.418653  PROXIES: TOTAL 320 MAXPE 40 MAXPATCH 3 RefineTorusLB MEM: 0 MB
LDB: TIME 2.9286 LOAD: AVG 0.378682 MAX 0.418653  PROXIES: TOTAL 320 MAXPE 40 MAXPATCH 3 RefineTorusLB MEM: 0 MB
LDB: Reverting to original mapping
LDB: ============== END OF LOAD BALANCING =============== 2.92872
Info: useSync: 0 useProxySync: 0
LDB: =============== DONE WITH MIGRATION ================ 2.92913
Info: Benchmark time: 8 CPUs 0.00483309 s/step 0.0279693 days/ns 0 MB memory
Info: Benchmark time: 8 CPUs 0.00482009 s/step 0.027894 days/ns 0 MB memory
Info: Benchmark time: 8 CPUs 0.00481477 s/step 0.0278632 days/ns 0 MB memory
Info: Benchmark time: 8 CPUs 0.00483379 s/step 0.0279733 days/ns 0 MB memory
Info: Benchmark time: 8 CPUs 0.00486585 s/step 0.0281589 days/ns 0 MB memory
Info: Benchmark time: 8 CPUs 0.00484152 s/step 0.028018 days/ns 0 MB memory
REASSIGNING VELOCITIES AT STEP 1000 TO 51 KELVIN.
TIMING: 1000  CPU: 4.90225, 0.00483569/step  Wall: 4.92047, 0.00484885/step, 0.335379 hours remaining, 0.000000 MB of memory in use.
PERFORMANCE: 1000  averaging 35.6373 ns/day, 0.00484885 sec/step with standard deviation 0
ENERGY:    1000       108.3223       517.9531      1376.1309         6.5075        -650613.2682     53971.0330        73.5751         0.0000      8504.6800        -586055.0663        51.3646   -594559.7464   -584321.3276        26.5981          -4362.1713     -4248.2186    922752.0000     -4321.7091     -4321.6607

REASSIGNING VELOCITIES AT STEP 2000 TO 52 KELVIN.
TIMING: 2000  CPU: 9.74385, 0.0048416/step  Wall: 9.76905, 0.00484858/step, 0.334013 hours remaining, 0.000000 MB of memory in use.
PERFORMANCE: 2000  averaging 35.6383 ns/day, 0.00484872 sec/step with standard deviation 1.91716e-07
ENERGY:    2000       118.1040       549.0566      1379.1270         6.2886        -649267.5845     53976.7754        73.1092         0.0000      8621.5836        -584543.5402        52.0706   -593165.1238   -583840.9277        41.3294          -4156.9653     -4071.4812    922752.0000     -4133.4352     -4133.4129

REASSIGNING VELOCITIES AT STEP 3000 TO 53 KELVIN.
TIMING: 3000  CPU: 14.5931, 0.00484923/step  Wall: 14.6225, 0.00485347/step, 0.333002 hours remaining, 0.000000 MB of memory in use.
PERFORMANCE: 3000  averaging 35.6267 ns/day, 0.0048503 sec/step with standard deviation 2.74794e-06
ENERGY:    3000       125.7268       553.8578      1367.6409         7.4375        -648798.0320     53889.5634        72.4587         0.0000      8764.2261        -584017.1208        52.9321   -592781.3469   -583762.4644        48.5126          -4082.3532     -4012.7887    922752.0000     -4019.5277     -4019.5179

REASSIGNING VELOCITIES AT STEP 4000 TO 54 KELVIN.
TIMING: 4000  CPU: 19.4425, 0.00484942/step  Wall: 19.4812, 0.00485867/step, 0.332009 hours remaining, 0.000000 MB of memory in use.
PERFORMANCE: 4000  averaging 35.6113 ns/day, 0.00485239 sec/step with standard deviation 4.75057e-06
ENERGY:    4000       131.4198       560.6270      1377.1094         7.6433        -648848.3148     53925.5988        78.1598         0.0000      8942.2341        -583825.5226        54.0072   -592767.7567   -583716.4976        52.1189          -4055.6986     -3989.8395    922752.0000     -3992.5977     -3992.5899

LDB: ============= START OF LOAD BALANCING ============== 21.8481
LDB: ============== END OF LOAD BALANCING =============== 21.8482
Info: useSync: 0 useProxySync: 0
LDB: =============== DONE WITH MIGRATION ================ 21.8484
LDB: ============= START OF LOAD BALANCING ============== 22.3351
LDB: TIME 22.3354 LOAD: AVG 0.381001 MAX 0.423837  PROXIES: TOTAL 320 MAXPE 40 MAXPATCH 3 None MEM: 0 MB
LDB: TIME 22.3354 LOAD: AVG 0.381001 MAX 0.423837  PROXIES: TOTAL 320 MAXPE 40 MAXPATCH 3 RefineTorusLB MEM: 0 MB
LDB: TIME 22.3354 LOAD: AVG 0.381001 MAX 0.423837  PROXIES: TOTAL 320 MAXPE 40 MAXPATCH 3 RefineTorusLB MEM: 0 MB
LDB: ============== END OF LOAD BALANCING =============== 22.3356
Info: useSync: 0 useProxySync: 0
LDB: =============== DONE WITH MIGRATION ================ 22.336
REASSIGNING VELOCITIES AT STEP 5000 TO 55 KELVIN.
TIMING: 5000  CPU: 24.2991, 0.00485664/step  Wall: 24.3411, 0.00485992/step, 0.330744 hours remaining, 0.000000 MB of memory in use.
PERFORMANCE: 5000  averaging 35.6003 ns/day, 0.0048539 sec/step with standard deviation 5.31451e-06
ENERGY:    5000       136.0407       566.9147      1377.0239         7.2550        -648904.6209     53859.5560        75.1575         0.0000      9087.5266        -583795.1465        54.8847   -592882.6730   -583755.8815        54.2632          -4059.1365     -3999.3596    922752.0000     -3991.0918     -3991.0903

OPENING COORDINATE DCD FILE
WRITING COORDINATES TO DCD FILE heat.dcd AT STEP 5000
The last position output (seq=5000) takes 0.008 seconds, 0.000 MB of memory in use
REASSIGNING VELOCITIES AT STEP 6000 TO 56 KELVIN.
TIMING: 6000  CPU: 29.1611, 0.004862/step  Wall: 29.2103, 0.0048692/step, 0.330024 hours remaining, 0.000000 MB of memory in use.
PERFORMANCE: 6000  averaging 35.5816 ns/day, 0.00485645 sec/step with standard deviation 7.85053e-06
ENERGY:    6000       138.9250       568.5162      1384.8980         8.1066        -649334.3964     54052.1607        71.9569         0.0000      9273.1884        -583836.6447        56.0061   -593109.8331   -583832.2401        55.5333          -4007.7208     -3949.1139    922752.0000     -3966.2921     -3966.2884

REASSIGNING VELOCITIES AT STEP 7000 TO 57 KELVIN.
TIMING: 7000  CPU: 34.0268, 0.00486564/step  Wall: 34.0824, 0.0048721/step, 0.328867 hours remaining, 0.000000 MB of memory in use.
PERFORMANCE: 7000  averaging 35.5652 ns/day, 0.00485868 sec/step with standard deviation 9.29247e-06
ENERGY:    7000       131.1293       561.3218      1384.3227         7.9487        -649679.8427     54327.2116        70.0568         0.0000      9413.3840        -583784.4678        56.8528   -593197.8518   -583738.5188        56.3637          -3905.8724     -3847.3590    922752.0000     -3918.9200     -3918.9167

REASSIGNING VELOCITIES AT STEP 8000 TO 58 KELVIN.
TIMING: 8000  CPU: 38.8966, 0.00486977/step  Wall: 38.9589, 0.00487653/step, 0.327811 hours remaining, 0.000000 MB of memory in use.
PERFORMANCE: 8000  averaging 35.5489 ns/day, 0.00486092 sec/step with standard deviation 1.06687e-05
ENERGY:    8000       130.3834       574.8217      1390.3144         7.1108        -649658.0337     54165.7426        73.4798         0.0000      9608.3989        -583707.7822        58.0306   -593316.1811   -583651.7248        57.3111          -3963.7836     -3908.1335    922752.0000     -3917.2534     -3917.2524

LDB: ============= START OF LOAD BALANCING ============== 41.3345
LDB: ============== END OF LOAD BALANCING =============== 41.3346
Info: useSync: 0 useProxySync: 0
LDB: =============== DONE WITH MIGRATION ================ 41.3348
LDB: ============= START OF LOAD BALANCING ============== 41.8229
LDB: TIME 41.8231 LOAD: AVG 0.380096 MAX 0.425059  PROXIES: TOTAL 320 MAXPE 40 MAXPATCH 3 None MEM: 0 MB
LDB: TIME 41.8232 LOAD: AVG 0.380096 MAX 0.425059  PROXIES: TOTAL 320 MAXPE 40 MAXPATCH 3 RefineTorusLB MEM: 0 MB
LDB: TIME 41.8232 LOAD: AVG 0.380096 MAX 0.425059  PROXIES: TOTAL 320 MAXPE 40 MAXPATCH 3 RefineTorusLB MEM: 0 MB
LDB: ============== END OF LOAD BALANCING =============== 41.8233
Info: useSync: 0 useProxySync: 0
LDB: =============== DONE WITH MIGRATION ================ 41.8237
REASSIGNING VELOCITIES AT STEP 9000 TO 59 KELVIN.
TIMING: 9000  CPU: 43.7687, 0.0048721/step  Wall: 43.8382, 0.00487923/step, 0.326637 hours remaining, 0.000000 MB of memory in use.
PERFORMANCE: 9000  averaging 35.534 ns/day, 0.00486295 sec/step with standard deviation 1.16987e-05
ENERGY:    9000       128.1944       572.6467      1375.7457        10.0681        -649883.8905     54295.9816        71.1883         0.0000      9739.1410        -583690.9248        58.8202   -593430.0658   -583663.5161        58.1813          -3922.3973     -3868.4490    922752.0000     -3887.3942     -3887.3933

WRITING COORDINATES TO DCD FILE heat.dcd AT STEP 10000
WRITING COORDINATES TO RESTART FILE AT STEP 10000
FINISHED WRITING RESTART COORDINATES
The last position output (seq=10000) takes 0.021 seconds, 0.000 MB of memory in use
WRITING VELOCITIES TO RESTART FILE AT STEP 10000
FINISHED WRITING RESTART VELOCITIES
The last velocity output (seq=10000) takes 0.006 seconds, 0.000 MB of memory in use
REASSIGNING VELOCITIES AT STEP 10000 TO 60 KELVIN.
TIMING: 10000  CPU: 48.6543, 0.00488561/step  Wall: 48.7435, 0.00490535/step, 0.327023 hours remaining, 0.000000 MB of memory in use.
PERFORMANCE: 10000  averaging 35.503 ns/day, 0.00486719 sec/step with standard deviation 1.73617e-05
ETITLE:      TS           BOND          ANGLE          DIHED          IMPRP               ELECT            VDW       BOUNDARY           MISC        KINETIC               TOTAL           TEMP      POTENTIAL         TOTAL3        TEMPAVG            PRESSURE      GPRESSURE         VOLUME       PRESSAVG      GPRESSAVG

ENERGY:   10000       134.2556       583.5962      1379.9989         8.7595        -649958.2147     54283.4853        73.1734         0.0000      9900.8381        -583594.1077        59.7968   -593494.9458   -583524.8818        58.8517          -3949.8482     -3894.3596    922752.0000     -3877.3929     -3877.3898

WRITING EXTENDED SYSTEM TO RESTART FILE AT STEP 10000
REASSIGNING VELOCITIES AT STEP 11000 TO 61 KELVIN.
TIMING: 11000  CPU: 53.5265, 0.00487221/step  Wall: 53.6271, 0.00488357/step, 0.324215 hours remaining, 0.000000 MB of memory in use.
PERFORMANCE: 11000  averaging 35.4922 ns/day, 0.00486868 sec/step with standard deviation 1.71949e-05
ENERGY:   11000       134.5093       582.4551      1376.2383         8.2402        -649951.1612     54289.3826        71.9749         0.0000     10018.3411        -583470.0197        60.5065   -593488.3608   -583388.6392        59.6738          -3899.6767     -3844.2860    922752.0000     -3861.8623     -3861.8604

REASSIGNING VELOCITIES AT STEP 12000 TO 62 KELVIN.
TIMING: 12000  CPU: 58.3939, 0.00486739/step  Wall: 58.5033, 0.00487624/step, 0.322374 hours remaining, 0.000000 MB of memory in use.
PERFORMANCE: 12000  averaging 35.4876 ns/day, 0.00486931 sec/step with standard deviation 1.65395e-05
ENERGY:   12000       135.2863       573.5172      1383.0680         9.1972        -650179.0348     54492.0448        73.4587         0.0000     10288.2490        -583224.2136        62.1366   -593512.4626   -583081.3886        60.4753          -3882.7833     -3827.2021    922752.0000     -3848.8308     -3848.8287

LDB: ============= START OF LOAD BALANCING ============== 60.8794
LDB: ============== END OF LOAD BALANCING =============== 60.8795
Info: useSync: 0 useProxySync: 0
LDB: =============== DONE WITH MIGRATION ================ 60.8797
LDB: ============= START OF LOAD BALANCING ============== 61.3669
LDB: TIME 61.3671 LOAD: AVG 0.380457 MAX 0.424238  PROXIES: TOTAL 320 MAXPE 40 MAXPATCH 3 None MEM: 0 MB
LDB: TIME 61.3672 LOAD: AVG 0.380457 MAX 0.424238  PROXIES: TOTAL 320 MAXPE 40 MAXPATCH 3 RefineTorusLB MEM: 0 MB
LDB: TIME 61.3672 LOAD: AVG 0.380457 MAX 0.424238  PROXIES: TOTAL 320 MAXPE 40 MAXPATCH 3 RefineTorusLB MEM: 0 MB
LDB: Reverting to original mapping
LDB: ============== END OF LOAD BALANCING =============== 61.3674
Info: useSync: 0 useProxySync: 0
LDB: =============== DONE WITH MIGRATION ================ 61.3678
REASSIGNING VELOCITIES AT STEP 13000 TO 63 KELVIN.
TIMING: 13000  CPU: 63.2652, 0.00487135/step  Wall: 63.3828, 0.00487946/step, 0.321231 hours remaining, 0.000000 MB of memory in use.
PERFORMANCE: 13000  averaging 35.4819 ns/day, 0.00487009 sec/step with standard deviation 1.60836e-05
ENERGY:   13000       143.6314       577.1528      1387.3854         8.1211        -650035.2257     54373.3007        76.8979         0.0000     10429.2965        -583039.4399        62.9885   -593468.7365   -582932.7706        61.6048          -3882.8716     -3829.8691    922752.0000     -3816.2775     -3816.2756

REASSIGNING VELOCITIES AT STEP 14000 TO 64 KELVIN.
TIMING: 14000  CPU: 68.1244, 0.00485923/step  Wall: 68.252, 0.00486925/step, 0.319206 hours remaining, 0.000000 MB of memory in use.
PERFORMANCE: 14000  averaging 35.4823 ns/day, 0.00487003 sec/step with standard deviation 1.54543e-05
ENERGY:   14000       135.7852       594.4227      1390.5914         8.6216        -650228.0855     54578.8015        75.0902         0.0000     10588.8905        -582855.8824        63.9523   -593444.7729   -582748.9196        62.5855          -3836.7635     -3781.4980    922752.0000     -3805.9406     -3805.9352

REASSIGNING VELOCITIES AT STEP 15000 TO 65 KELVIN.
TIMING: 15000  CPU: 72.9932, 0.00486876/step  Wall: 73.127, 0.00487494/step, 0.318225 hours remaining, 0.000000 MB of memory in use.
PERFORMANCE: 15000  averaging 35.4799 ns/day, 0.00487036 sec/step with standard deviation 1.4946e-05
ENERGY:   15000       149.4420       581.6117      1377.4714         8.0730        -650020.3612     54399.4815        72.7967         0.0000     10842.7813        -582588.7036        65.4857   -593431.4848   -582445.2509        63.5725          -3841.4715     -3786.6616    922752.0000     -3781.8191     -3781.8162

WRITING COORDINATES TO DCD FILE heat.dcd AT STEP 15000
The last position output (seq=15000) takes 0.007 seconds, 0.000 MB of memory in use
REASSIGNING VELOCITIES AT STEP 16000 TO 66 KELVIN.
TIMING: 16000  CPU: 77.8703, 0.00487706/step  Wall: 78.0104, 0.00488345/step, 0.317425 hours remaining, 0.000000 MB of memory in use.
PERFORMANCE: 16000  averaging 35.474 ns/day, 0.00487118 sec/step with standard deviation 1.48058e-05
ENERGY:   16000       134.4690       596.7855      1381.7353         8.4716        -649857.0870     54279.2022        69.4225         0.0000     10986.8465        -582400.1544        66.3558   -593387.0010   -582287.0077        64.7128          -3891.9287     -3837.3171    922752.0000     -3780.3859     -3780.3807

LDB: ============= START OF LOAD BALANCING ============== 80.3841
LDB: ============== END OF LOAD BALANCING =============== 80.3842
Info: useSync: 0 useProxySync: 0
LDB: =============== DONE WITH MIGRATION ================ 80.3844
LDB: ============= START OF LOAD BALANCING ============== 80.8703
LDB: TIME 80.8706 LOAD: AVG 0.38015 MAX 0.423713  PROXIES: TOTAL 320 MAXPE 40 MAXPATCH 3 None MEM: 0 MB
LDB: TIME 80.8707 LOAD: AVG 0.38015 MAX 0.423713  PROXIES: TOTAL 320 MAXPE 40 MAXPATCH 3 RefineTorusLB MEM: 0 MB
LDB: TIME 80.8707 LOAD: AVG 0.38015 MAX 0.423713  PROXIES: TOTAL 320 MAXPE 40 MAXPATCH 3 RefineTorusLB MEM: 0 MB
LDB: ============== END OF LOAD BALANCING =============== 80.8708
Info: useSync: 0 useProxySync: 0
LDB: =============== DONE WITH MIGRATION ================ 80.8712
REASSIGNING VELOCITIES AT STEP 17000 TO 67 KELVIN.
TIMING: 17000  CPU: 82.7394, 0.0048691/step  Wall: 82.8865, 0.00487604/step, 0.315588 hours remaining, 0.000000 MB of memory in use.
PERFORMANCE: 17000  averaging 35.4719 ns/day, 0.00487146 sec/step with standard deviation 1.43841e-05
ENERGY:   17000       146.2169       603.7081      1379.9244         9.2360        -649903.5764     54368.1663        74.6134         0.0000     11151.5598        -582170.1516        67.3506   -593321.7114   -582039.2019        65.6401          -3857.7894     -3805.7993    922752.0000     -3762.5173     -3762.5165

REASSIGNING VELOCITIES AT STEP 18000 TO 68 KELVIN.
TIMING: 18000  CPU: 87.6089, 0.00486955/step  Wall: 87.7635, 0.00487702/step, 0.314297 hours remaining, 0.000000 MB of memory in use.
PERFORMANCE: 18000  averaging 35.4697 ns/day, 0.00487177 sec/step with standard deviation 1.40159e-05
ENERGY:   18000       143.3177       591.6036      1384.3468         9.0978        -649921.1709     54459.6963        72.8338         0.0000     11249.9390        -582010.3360        67.9448   -593260.2750   -581910.1002        66.6675          -3842.7080     -3790.1693    922752.0000     -3746.1884     -3746.1853

REASSIGNING VELOCITIES AT STEP 19000 TO 69 KELVIN.
TIMING: 19000  CPU: 92.4785, 0.00486955/step  Wall: 92.6415, 0.004878/step, 0.313005 hours remaining, 0.000000 MB of memory in use.
PERFORMANCE: 19000  averaging 35.4673 ns/day, 0.0048721 sec/step with standard deviation 1.36959e-05
ENERGY:   19000       148.5927       580.2841      1386.3031         7.9517        -649997.3504     54578.7226        73.8429         0.0000     11484.5355        -581737.1178        69.3616   -593221.6533   -581587.2769        67.5477          -3779.2495     -3725.7138    922752.0000     -3732.4824     -3732.4792

REASSIGNING VELOCITIES AT STEP 20000 TO 70 KELVIN.
TIMING: 20000  CPU: 97.3598, 0.00488139/step  Wall: 97.5262, 0.00488471/step, 0.312079 hours remaining, 0.000000 MB of memory in use.
PERFORMANCE: 20000  averaging 35.4627 ns/day, 0.00487273 sec/step with standard deviation 1.36258e-05
ETITLE:      TS           BOND          ANGLE          DIHED          IMPRP               ELECT            VDW       BOUNDARY           MISC        KINETIC               TOTAL           TEMP      POTENTIAL         TOTAL3        TEMPAVG            PRESSURE      GPRESSURE         VOLUME       PRESSAVG      GPRESSAVG

ENERGY:   20000       146.2603       588.3081      1389.7851         8.5948        -649625.5282     54330.2504        77.0614         0.0000     11622.6194        -581462.6489        70.1956   -593085.2682   -581303.4909        68.6881          -3831.7173     -3777.3978    922752.0000     -3715.3819     -3715.3777

WRITING EXTENDED SYSTEM TO RESTART FILE AT STEP 20000
WRITING COORDINATES TO DCD FILE heat.dcd AT STEP 20000
WRITING COORDINATES TO RESTART FILE AT STEP 20000
FINISHED WRITING RESTART COORDINATES
The last position output (seq=20000) takes 0.020 seconds, 0.000 MB of memory in use
WRITING VELOCITIES TO RESTART FILE AT STEP 20000
FINISHED WRITING RESTART VELOCITIES
The last velocity output (seq=20000) takes 0.008 seconds, 0.000 MB of memory in use
LDB: ============= START OF LOAD BALANCING ============== 99.9316
LDB: ============== END OF LOAD BALANCING =============== 99.9317
Info: useSync: 0 useProxySync: 0
LDB: =============== DONE WITH MIGRATION ================ 99.9319
LDB: ============= START OF LOAD BALANCING ============== 100.42
LDB: TIME 100.42 LOAD: AVG 0.380858 MAX 0.425637  PROXIES: TOTAL 320 MAXPE 40 MAXPATCH 3 None MEM: 0 MB
LDB: TIME 100.42 LOAD: AVG 0.380858 MAX 0.425637  PROXIES: TOTAL 320 MAXPE 40 MAXPATCH 3 RefineTorusLB MEM: 0 MB
LDB: TIME 100.421 LOAD: AVG 0.380858 MAX 0.425637  PROXIES: TOTAL 320 MAXPE 40 MAXPATCH 3 RefineTorusLB MEM: 0 MB
LDB: Reverting to original mapping
LDB: ============== END OF LOAD BALANCING =============== 100.421
Info: useSync: 0 useProxySync: 0
LDB: =============== DONE WITH MIGRATION ================ 100.421
REASSIGNING VELOCITIES AT STEP 21000 TO 71 KELVIN.
TIMING: 21000  CPU: 102.247, 0.00488746/step  Wall: 102.434, 0.00490789/step, 0.312196 hours remaining, 0.000000 MB of memory in use.
PERFORMANCE: 21000  averaging 35.4505 ns/day, 0.0048744 sec/step with standard deviation 1.53374e-05
ENERGY:   21000       150.9063       584.1156      1383.3182         7.6060        -649766.0811     54538.1773        72.9472         0.0000     11692.6097        -581336.4010        70.6183   -593029.0106   -581250.6846        69.7618          -3747.7390     -3694.3654    922752.0000     -3675.0809     -3675.0773

REASSIGNING VELOCITIES AT STEP 22000 TO 72 KELVIN.
TIMING: 22000  CPU: 107.112, 0.00486518/step  Wall: 107.308, 0.00487381/step, 0.308675 hours remaining, 0.000000 MB of memory in use.
PERFORMANCE: 22000  averaging 35.4507 ns/day, 0.00487438 sec/step with standard deviation 1.49683e-05
ENERGY:   22000       143.8486       592.6029      1392.0816         9.5277        -649862.0184     54570.5244        73.2990         0.0000     11995.8759        -581084.2581        72.4499   -593080.1341   -580940.7895        70.3929          -3743.9932     -3692.6991    922752.0000     -3703.0435     -3703.0427

REASSIGNING VELOCITIES AT STEP 23000 TO 73 KELVIN.
TIMING: 23000  CPU: 111.994, 0.00488105/step  Wall: 112.197, 0.0048888/step, 0.308266 hours remaining, 0.000000 MB of memory in use.
PERFORMANCE: 23000  averaging 35.4461 ns/day, 0.004875 sec/step with standard deviation 1.49301e-05
ENERGY:   23000       152.4838       589.1844      1389.0385         8.6117        -649731.0533     54565.0092        75.4069         0.0000     12058.7240        -580892.5947        72.8295   -592951.3187   -580776.6045        71.4066          -3681.9870     -3630.1892    922752.0000     -3682.9466     -3682.9433

REASSIGNING VELOCITIES AT STEP 24000 TO 74 KELVIN.
TIMING: 24000  CPU: 116.867, 0.00487328/step  Wall: 117.076, 0.00487889/step, 0.306286 hours remaining, 0.000000 MB of memory in use.
PERFORMANCE: 24000  averaging 35.445 ns/day, 0.00487517 sec/step with standard deviation 1.46234e-05
ENERGY:   24000       154.2405       603.0190      1389.3353         7.8136        -649784.3156     54673.4320        70.5160         0.0000     12227.7215        -580658.2377        73.8502   -592885.9592   -580522.8272        72.2975          -3665.5133     -3615.3550    922752.0000     -3667.8744     -3667.8740

LDB: ============= START OF LOAD BALANCING ============== 119.447
LDB: ============== END OF LOAD BALANCING =============== 119.447
Info: useSync: 0 useProxySync: 0
LDB: =============== DONE WITH MIGRATION ================ 119.447
LDB: ============= START OF LOAD BALANCING ============== 119.935
LDB: TIME 119.935 LOAD: AVG 0.381188 MAX 0.424299  PROXIES: TOTAL 320 MAXPE 40 MAXPATCH 3 None MEM: 0 MB
LDB: TIME 119.935 LOAD: AVG 0.381188 MAX 0.424299  PROXIES: TOTAL 320 MAXPE 40 MAXPATCH 3 RefineTorusLB MEM: 0 MB
LDB: TIME 119.935 LOAD: AVG 0.381188 MAX 0.424299  PROXIES: TOTAL 320 MAXPE 40 MAXPATCH 3 RefineTorusLB MEM: 0 MB
LDB: ============== END OF LOAD BALANCING =============== 119.935
Info: useSync: 0 useProxySync: 0
LDB: =============== DONE WITH MIGRATION ================ 119.936
REASSIGNING VELOCITIES AT STEP 25000 TO 75 KELVIN.
TIMING: 25000  CPU: 121.732, 0.00486511/step  Wall: 121.949, 0.00487296/step, 0.30456 hours remaining, 0.000000 MB of memory in use.
PERFORMANCE: 25000  averaging 35.4456 ns/day, 0.00487508 sec/step with standard deviation 1.43224e-05
ENERGY:   25000       149.6915       611.5518      1379.1602        11.3290        -649460.6292     54441.7597        72.5392         0.0000     12428.8888        -580365.7090        75.0651   -592794.5978   -580202.8737        73.2817          -3732.2225     -3677.8375    922752.0000     -3680.4041     -3680.3964

WRITING COORDINATES TO DCD FILE heat.dcd AT STEP 25000
The last position output (seq=25000) takes 0.007 seconds, 0.000 MB of memory in use
REASSIGNING VELOCITIES AT STEP 26000 TO 76 KELVIN.
TIMING: 26000  CPU: 126.609, 0.00487728/step  Wall: 126.832, 0.00488313/step, 0.303839 hours remaining, 0.000000 MB of memory in use.
PERFORMANCE: 26000  averaging 35.4433 ns/day, 0.00487539 sec/step with standard deviation 1.41216e-05
ENERGY:   26000       146.8355       604.8815      1381.3776        11.1672        -649398.7927     54464.7428        73.3264         0.0000     12557.2472        -580159.2144        75.8404   -592716.4616   -580036.5090        74.4176          -3688.4352     -3635.9741    922752.0000     -3647.2356     -3647.2326

REASSIGNING VELOCITIES AT STEP 27000 TO 77 KELVIN.
TIMING: 27000  CPU: 131.478, 0.00486916/step  Wall: 131.708, 0.00487589/step, 0.302034 hours remaining, 0.000000 MB of memory in use.
PERFORMANCE: 27000  averaging 35.4432 ns/day, 0.00487541 sec/step with standard deviation 1.38477e-05
ENERGY:   27000       156.4550       601.2040      1388.4750         7.6665        -649470.3919     54561.3769        74.9076         0.0000     12691.6973        -579988.6095        76.6524   -592680.3068   -579878.0167        75.2997          -3663.0389     -3611.5502    922752.0000     -3634.3891     -3634.3869

REASSIGNING VELOCITIES AT STEP 28000 TO 78 KELVIN.
TIMING: 28000  CPU: 136.352, 0.0048733/step  Wall: 136.589, 0.00488168/step, 0.301037 hours remaining, 0.000000 MB of memory in use.
PERFORMANCE: 28000  averaging 35.4416 ns/day, 0.00487563 sec/step with standard deviation 1.36405e-05
ENERGY:   28000       159.6160       623.1598      1384.2588         6.6694        -649404.0213     54528.8537        75.9188         0.0000     12898.0098        -579727.5349        77.8984   -592625.5447   -579573.4600        76.0717          -3650.5921     -3599.6409    922752.0000     -3638.1014     -3638.0991

LDB: ============= START OF LOAD BALANCING ============== 138.961
LDB: ============== END OF LOAD BALANCING =============== 138.961
Info: useSync: 0 useProxySync: 0
LDB: =============== DONE WITH MIGRATION ================ 138.961
LDB: ============= START OF LOAD BALANCING ============== 139.448
LDB: TIME 139.448 LOAD: AVG 0.380014 MAX 0.425028  PROXIES: TOTAL 320 MAXPE 40 MAXPATCH 3 None MEM: 0 MB
LDB: TIME 139.448 LOAD: AVG 0.380014 MAX 0.425028  PROXIES: TOTAL 320 MAXPE 40 MAXPATCH 3 RefineTorusLB MEM: 0 MB
LDB: TIME 139.448 LOAD: AVG 0.380014 MAX 0.425028  PROXIES: TOTAL 320 MAXPE 40 MAXPATCH 3 RefineTorusLB MEM: 0 MB
LDB: ============== END OF LOAD BALANCING =============== 139.448
Info: useSync: 0 useProxySync: 0
LDB: =============== DONE WITH MIGRATION ================ 139.449
REASSIGNING VELOCITIES AT STEP 29000 TO 79 KELVIN.
TIMING: 29000  CPU: 141.221, 0.00486915/step  Wall: 141.466, 0.00487637/step, 0.299355 hours remaining, 0.000000 MB of memory in use.
PERFORMANCE: 29000  averaging 35.4414 ns/day, 0.00487566 sec/step with standard deviation 1.33954e-05
ENERGY:   29000       155.0745       610.8602      1376.5252         8.5729        -649272.2176     54466.7302        76.9381         0.0000     13089.6368        -579487.8795        79.0558   -592577.5163   -579344.5158        77.0751          -3696.1385     -3645.0839    922752.0000     -3604.6442     -3604.6420

WRITING COORDINATES TO DCD FILE heat.dcd AT STEP 30000
WRITING COORDINATES TO RESTART FILE AT STEP 30000
FINISHED WRITING RESTART COORDINATES
The last position output (seq=30000) takes 0.020 seconds, 0.000 MB of memory in use
REASSIGNING VELOCITIES AT STEP 30000 TO 80 KELVIN.
TIMING: 30000  CPU: 146.106, 0.00488516/step  Wall: 146.361, 0.00489583/step, 0.29919 hours remaining, 0.000000 MB of memory in use.
PERFORMANCE: 30000  averaging 35.4365 ns/day, 0.00487633 sec/step with standard deviation 1.36682e-05
ETITLE:      TS           BOND          ANGLE          DIHED          IMPRP               ELECT            VDW       BOUNDARY           MISC        KINETIC               TOTAL           TEMP      POTENTIAL         TOTAL3        TEMPAVG            PRESSURE      GPRESSURE         VOLUME       PRESSAVG      GPRESSAVG

ENERGY:   30000       152.3798       601.7360      1387.9252        10.2914        -649167.7214     54512.2873        76.6056         0.0000     13203.1572        -579223.3389        79.7414   -592426.4961   -579073.6842        78.0919          -3607.7910     -3555.1495    922752.0000     -3599.8544     -3599.8496

WRITING EXTENDED SYSTEM TO RESTART FILE AT STEP 30000
WRITING VELOCITIES TO RESTART FILE AT STEP 30000
FINISHED WRITING RESTART VELOCITIES
The last velocity output (seq=30000) takes 0.007 seconds, 0.000 MB of memory in use
REASSIGNING VELOCITIES AT STEP 31000 TO 81 KELVIN.
TIMING: 31000  CPU: 150.978, 0.00487162/step  Wall: 151.249, 0.00488774/step, 0.297338 hours remaining, 0.000000 MB of memory in use.
PERFORMANCE: 31000  averaging 35.4338 ns/day, 0.0048767 sec/step with standard deviation 1.3594e-05
ENERGY:   31000       154.8032       605.0455      1392.1571        10.5600        -648982.5307     54403.2854        71.7260         0.0000     13385.4631        -578959.4904        80.8424   -592344.9535   -578808.1891        79.2211          -3655.9794     -3603.9161    922752.0000     -3587.2491     -3587.2452

REASSIGNING VELOCITIES AT STEP 32000 TO 82 KELVIN.
TIMING: 32000  CPU: 155.858, 0.00488013/step  Wall: 156.138, 0.00488835/step, 0.296017 hours remaining, 0.000000 MB of memory in use.
PERFORMANCE: 32000  averaging 35.4312 ns/day, 0.00487706 sec/step with standard deviation 1.35308e-05
ENERGY:   32000       157.7742       630.8004      1388.2009         8.1517        -649035.4329     54544.8255        76.7646         0.0000     13598.7827        -578630.1328        82.1308   -592228.9155   -578450.1567        80.2720          -3611.3486     -3556.6206    922752.0000     -3559.7609     -3559.7545

LDB: ============= START OF LOAD BALANCING ============== 158.509
LDB: ============== END OF LOAD BALANCING =============== 158.509
Info: useSync: 0 useProxySync: 0
LDB: =============== DONE WITH MIGRATION ================ 158.509
LDB: ============= START OF LOAD BALANCING ============== 158.995
LDB: TIME 158.995 LOAD: AVG 0.38076 MAX 0.424616  PROXIES: TOTAL 320 MAXPE 40 MAXPATCH 3 None MEM: 0 MB
LDB: TIME 158.996 LOAD: AVG 0.38076 MAX 0.424616  PROXIES: TOTAL 320 MAXPE 40 MAXPATCH 3 RefineTorusLB MEM: 0 MB
LDB: TIME 158.996 LOAD: AVG 0.38076 MAX 0.424616  PROXIES: TOTAL 320 MAXPE 40 MAXPATCH 3 RefineTorusLB MEM: 0 MB
LDB: Reverting to original mapping
LDB: ============== END OF LOAD BALANCING =============== 158.996
Info: useSync: 0 useProxySync: 0
LDB: =============== DONE WITH MIGRATION ================ 158.996
REASSIGNING VELOCITIES AT STEP 33000 TO 83 KELVIN.
TIMING: 33000  CPU: 160.719, 0.0048608/step  Wall: 161.004, 0.00486636/step, 0.293333 hours remaining, 0.000000 MB of memory in use.
PERFORMANCE: 33000  averaging 35.4335 ns/day, 0.00487674 sec/step with standard deviation 1.34474e-05
ENERGY:   33000       151.8711       618.3189      1390.0404         8.5652        -649004.2415     54603.6459        74.3841         0.0000     13728.3578        -578429.0581        82.9134   -592157.4159   -578308.0126        81.4545          -3570.8064     -3520.6452    922752.0000     -3547.3559     -3547.3552

REASSIGNING VELOCITIES AT STEP 34000 TO 84 KELVIN.
TIMING: 34000  CPU: 165.591, 0.00487213/step  Wall: 165.883, 0.00487863/step, 0.292718 hours remaining, 0.000000 MB of memory in use.
PERFORMANCE: 34000  averaging 35.4331 ns/day, 0.00487679 sec/step with standard deviation 1.32461e-05
ENERGY:   34000       151.0381       625.2002      1383.7790         9.6890        -648584.7451     54263.2502        71.2780         0.0000     13919.3595        -578161.1511        84.0669   -592080.5106   -578007.1739        82.2959          -3688.5184     -3634.7128    922752.0000     -3541.8889     -3541.8819

REASSIGNING VELOCITIES AT STEP 35000 TO 85 KELVIN.
TIMING: 35000  CPU: 170.463, 0.00487271/step  Wall: 170.763, 0.00488021/step, 0.291457 hours remaining, 0.000000 MB of memory in use.
PERFORMANCE: 35000  averaging 35.4324 ns/day, 0.00487689 sec/step with standard deviation 1.30626e-05
ENERGY:   35000       160.8036       617.2973      1385.0987         7.8608        -648555.8735     54318.9973        68.5076         0.0000     14023.3526        -577973.9557        84.6950   -591997.3083   -577857.6602        83.3326          -3645.3803     -3595.4823    922752.0000     -3541.9267     -3541.9257

WRITING COORDINATES TO DCD FILE heat.dcd AT STEP 35000
The last position output (seq=35000) takes 0.007 seconds, 0.000 MB of memory in use
REASSIGNING VELOCITIES AT STEP 36000 TO 86 KELVIN.
TIMING: 36000  CPU: 175.344, 0.00488025/step  Wall: 175.651, 0.00488865/step, 0.290603 hours remaining, 0.000000 MB of memory in use.
PERFORMANCE: 36000  averaging 35.43 ns/day, 0.00487722 sec/step with standard deviation 1.3023e-05
ENERGY:   36000       160.1700       614.7268      1386.9485         8.3268        -648495.1039     54324.2021        72.3795         0.0000     14220.6262        -577707.7242        85.8864   -591928.3504   -577541.3079        84.1214          -3610.7684     -3558.0828    922752.0000     -3541.5861     -3541.5815

LDB: ============= START OF LOAD BALANCING ============== 178.023
LDB: ============== END OF LOAD BALANCING =============== 178.023
Info: useSync: 0 useProxySync: 0
LDB: =============== DONE WITH MIGRATION ================ 178.024
LDB: ============= START OF LOAD BALANCING ============== 178.51
LDB: TIME 178.511 LOAD: AVG 0.379588 MAX 0.424821  PROXIES: TOTAL 320 MAXPE 40 MAXPATCH 3 None MEM: 0 MB
LDB: TIME 178.511 LOAD: AVG 0.379588 MAX 0.424821  PROXIES: TOTAL 320 MAXPE 40 MAXPATCH 3 RefineTorusLB MEM: 0 MB
LDB: TIME 178.511 LOAD: AVG 0.379588 MAX 0.424821  PROXIES: TOTAL 320 MAXPE 40 MAXPATCH 3 RefineTorusLB MEM: 0 MB
LDB: Reverting to original mapping
LDB: ============== END OF LOAD BALANCING =============== 178.511
Info: useSync: 0 useProxySync: 0
LDB: =============== DONE WITH MIGRATION ================ 178.511
REASSIGNING VELOCITIES AT STEP 37000 TO 87 KELVIN.
TIMING: 37000  CPU: 180.24, 0.00489646/step  Wall: 180.554, 0.00490286/step, 0.290086 hours remaining, 0.000000 MB of memory in use.
PERFORMANCE: 37000  averaging 35.425 ns/day, 0.00487791 sec/step with standard deviation 1.35153e-05
ENERGY:   37000       153.4500       623.1179      1384.2469         7.8039        -648340.0157     54270.8026        71.1872         0.0000     14351.7770        -577477.6300        86.6785   -591829.4071   -577336.3762        85.1641          -3625.6454     -3573.2661    922752.0000     -3535.2406     -3535.2371

REASSIGNING VELOCITIES AT STEP 38000 TO 88 KELVIN.
TIMING: 38000  CPU: 185.101, 0.00486103/step  Wall: 185.425, 0.00487102/step, 0.286849 hours remaining, 0.000000 MB of memory in use.
PERFORMANCE: 38000  averaging 35.4263 ns/day, 0.00487773 sec/step with standard deviation 1.33782e-05
ENERGY:   38000       163.7667       615.7033      1386.1234        10.9426        -648159.1975     54130.5716        70.6925         0.0000     14675.7456        -577105.6519        88.6352   -591781.3975   -576902.9788        86.1152          -3644.4765     -3590.4148    922752.0000     -3525.8590     -3525.8537

REASSIGNING VELOCITIES AT STEP 39000 TO 89 KELVIN.
TIMING: 39000  CPU: 189.963, 0.00486173/step  Wall: 190.291, 0.00486536/step, 0.285164 hours remaining, 0.000000 MB of memory in use.
PERFORMANCE: 39000  averaging 35.4286 ns/day, 0.00487741 sec/step with standard deviation 1.33488e-05
ENERGY:   39000       160.4613       647.5354      1383.9856         8.2713        -648158.1984     54254.8339        66.6848         0.0000     14787.9880        -576848.4381        89.3131   -591636.4261   -576695.2858        87.4608          -3588.3490     -3537.1382    922752.0000     -3529.0310     -3529.0273

WRITING COORDINATES TO DCD FILE heat.dcd AT STEP 40000
WRITING COORDINATES TO RESTART FILE AT STEP 40000
FINISHED WRITING RESTART COORDINATES
The last position output (seq=40000) takes 0.020 seconds, 0.000 MB of memory in use
REASSIGNING VELOCITIES AT STEP 40000 TO 90 KELVIN.
TIMING: 40000  CPU: 194.839, 0.0048765/step  Wall: 195.18, 0.00488953/step, 0.285223 hours remaining, 0.000000 MB of memory in use.
PERFORMANCE: 40000  averaging 35.4264 ns/day, 0.00487771 sec/step with standard deviation 1.33152e-05
ETITLE:      TS           BOND          ANGLE          DIHED          IMPRP               ELECT            VDW       BOUNDARY           MISC        KINETIC               TOTAL           TEMP      POTENTIAL         TOTAL3        TEMPAVG            PRESSURE      GPRESSURE         VOLUME       PRESSAVG      GPRESSAVG

ENERGY:   40000       155.0367       623.7538      1387.8220        10.5256        -648132.3897     54372.1824        69.3738         0.0000     14845.0832        -576668.6123        89.6579   -591513.6955   -576550.3651        88.4791          -3574.0731     -3522.9343    922752.0000     -3508.5247     -3508.5218

WRITING EXTENDED SYSTEM TO RESTART FILE AT STEP 40000
WRITING VELOCITIES TO RESTART FILE AT STEP 40000
FINISHED WRITING RESTART VELOCITIES
The last velocity output (seq=40000) takes 0.007 seconds, 0.000 MB of memory in use
LDB: ============= START OF LOAD BALANCING ============== 197.563
LDB: ============== END OF LOAD BALANCING =============== 197.563
Info: useSync: 0 useProxySync: 0
LDB: =============== DONE WITH MIGRATION ================ 197.563
LDB: ============= START OF LOAD BALANCING ============== 198.05
LDB: TIME 198.05 LOAD: AVG 0.380446 MAX 0.422608  PROXIES: TOTAL 320 MAXPE 40 MAXPATCH 3 None MEM: 0 MB
LDB: TIME 198.051 LOAD: AVG 0.380446 MAX 0.422608  PROXIES: TOTAL 320 MAXPE 40 MAXPATCH 3 RefineTorusLB MEM: 0 MB
LDB: TIME 198.051 LOAD: AVG 0.380446 MAX 0.422608  PROXIES: TOTAL 320 MAXPE 40 MAXPATCH 3 RefineTorusLB MEM: 0 MB
LDB: Reverting to original mapping
LDB: ============== END OF LOAD BALANCING =============== 198.051
Info: useSync: 0 useProxySync: 0
LDB: =============== DONE WITH MIGRATION ================ 198.051
REASSIGNING VELOCITIES AT STEP 41000 TO 91 KELVIN.
TIMING: 41000  CPU: 199.707, 0.00486729/step  Wall: 200.065, 0.00488441/step, 0.283567 hours remaining, 0.000000 MB of memory in use.
PERFORMANCE: 41000  averaging 35.4252 ns/day, 0.00487788 sec/step with standard deviation 1.31892e-05
ENERGY:   41000       153.8776       626.3066      1387.9025        10.6883        -647891.9429     54126.5879        70.4010         0.0000     15139.4337        -576376.7452        91.4356   -591516.1790   -576198.5629        89.1968          -3619.5387     -3566.9676    922752.0000     -3525.8145     -3525.8100

REASSIGNING VELOCITIES AT STEP 42000 TO 92 KELVIN.
TIMING: 42000  CPU: 204.57, 0.00486306/step  Wall: 204.935, 0.00487057/step, 0.281411 hours remaining, 0.000000 MB of memory in use.
PERFORMANCE: 42000  averaging 35.4265 ns/day, 0.0048777 sec/step with standard deviation 1.30761e-05
ENERGY:   42000       164.3572       626.2986      1388.3705         9.7006        -647845.8143     54233.0725        66.1639         0.0000     15215.2278        -576142.6231        91.8934   -591357.8509   -576002.7375        90.2521          -3556.5977     -3506.9726    922752.0000     -3519.0716     -3519.0708

REASSIGNING VELOCITIES AT STEP 43000 TO 93 KELVIN.
TIMING: 43000  CPU: 209.433, 0.00486314/step  Wall: 209.806, 0.00487093/step, 0.280078 hours remaining, 0.000000 MB of memory in use.
PERFORMANCE: 43000  averaging 35.4277 ns/day, 0.00487755 sec/step with standard deviation 1.29607e-05
ENERGY:   43000       161.7546       635.3283      1387.0380         9.6270        -647763.4097     54279.9497        71.2175         0.0000     15331.6875        -575886.8071        92.5968   -591218.4946   -575729.6028        91.2083          -3522.6634     -3470.6024    922752.0000     -3510.4331     -3510.4269

REASSIGNING VELOCITIES AT STEP 44000 TO 94 KELVIN.
TIMING: 44000  CPU: 214.296, 0.00486365/step  Wall: 214.679, 0.00487301/step, 0.278844 hours remaining, 0.000000 MB of memory in use.
PERFORMANCE: 44000  averaging 35.4284 ns/day, 0.00487744 sec/step with standard deviation 1.28274e-05
ENERGY:   44000       163.5853       623.2511      1392.5131         8.5504        -647839.2765     54415.1148        71.6548         0.0000     15493.3596        -575671.2474        93.5732   -591164.6071   -575534.9084        92.1358          -3505.9620     -3453.4329    922752.0000     -3490.3667     -3490.3623

LDB: ============= START OF LOAD BALANCING ============== 217.051
LDB: ============== END OF LOAD BALANCING =============== 217.051
Info: useSync: 0 useProxySync: 0
LDB: =============== DONE WITH MIGRATION ================ 217.051
LDB: ============= START OF LOAD BALANCING ============== 217.539
LDB: TIME 217.539 LOAD: AVG 0.381373 MAX 0.424569  PROXIES: TOTAL 320 MAXPE 40 MAXPATCH 3 None MEM: 0 MB
LDB: TIME 217.54 LOAD: AVG 0.381373 MAX 0.424569  PROXIES: TOTAL 320 MAXPE 40 MAXPATCH 3 RefineTorusLB MEM: 0 MB
LDB: TIME 217.54 LOAD: AVG 0.381373 MAX 0.424569  PROXIES: TOTAL 320 MAXPE 40 MAXPATCH 3 RefineTorusLB MEM: 0 MB
LDB: Reverting to original mapping
LDB: ============== END OF LOAD BALANCING =============== 217.54
Info: useSync: 0 useProxySync: 0
LDB: =============== DONE WITH MIGRATION ================ 217.54
REASSIGNING VELOCITIES AT STEP 45000 TO 95 KELVIN.
TIMING: 45000  CPU: 219.166, 0.00486914/step  Wall: 219.557, 0.0048778/step, 0.277763 hours remaining, 0.000000 MB of memory in use.
PERFORMANCE: 45000  averaging 35.4283 ns/day, 0.00487745 sec/step with standard deviation 1.26809e-05
ENERGY:   45000       163.5110       630.1117      1386.9814         9.2003        -647842.7250     54456.0167        73.8586         0.0000     15644.8161        -575478.2292        94.4879   -591123.0453   -575350.0643        92.9772          -3461.6142     -3409.7585    922752.0000     -3471.7329     -3471.7303

WRITING COORDINATES TO DCD FILE heat.dcd AT STEP 45000
The last position output (seq=45000) takes 0.007 seconds, 0.000 MB of memory in use
REASSIGNING VELOCITIES AT STEP 46000 TO 96 KELVIN.
TIMING: 46000  CPU: 224.071, 0.00490542/step  Wall: 224.468, 0.00491112/step, 0.278297 hours remaining, 0.000000 MB of memory in use.
PERFORMANCE: 46000  averaging 35.423 ns/day, 0.00487818 sec/step with standard deviation 1.34861e-05
ENERGY:   46000       174.0182       643.0807      1393.0508         9.3469        -647580.3062     54263.1933        72.0399         0.0000     15786.8834        -575238.6931        95.3460   -591025.5765   -575096.7300        93.7526          -3498.8033     -3445.2718    922752.0000     -3440.4552     -3440.4490

REASSIGNING VELOCITIES AT STEP 47000 TO 97 KELVIN.
TIMING: 47000  CPU: 228.933, 0.00486183/step  Wall: 229.337, 0.00486925/step, 0.274572 hours remaining, 0.000000 MB of memory in use.
PERFORMANCE: 47000  averaging 35.4244 ns/day, 0.00487799 sec/step with standard deviation 1.34021e-05
ENERGY:   47000       174.3983       648.2190      1390.1102        11.7971        -647562.8977     54450.7895        70.2409         0.0000     15968.1679        -574849.1749        96.4408   -590817.3428   -574621.1455        94.5766          -3424.6877     -3372.1561    922752.0000     -3430.0897     -3430.0868

REASSIGNING VELOCITIES AT STEP 48000 TO 98 KELVIN.
TIMING: 48000  CPU: 233.81, 0.00487698/step  Wall: 234.218, 0.00488088/step, 0.273872 hours remaining, 0.000000 MB of memory in use.
PERFORMANCE: 48000  averaging 35.424 ns/day, 0.00487805 sec/step with standard deviation 1.32654e-05
ENERGY:   48000       172.8048       649.1115      1386.8894         9.8443        -647428.3403     54338.0776        69.7142         0.0000     16125.5897        -574676.3088        97.3916   -590801.8985   -574553.4994        95.9008          -3455.9100     -3406.1373    922752.0000     -3409.1043     -3409.1019

LDB: ============= START OF LOAD BALANCING ============== 236.589
LDB: ============== END OF LOAD BALANCING =============== 236.589
Info: useSync: 0 useProxySync: 0
LDB: =============== DONE WITH MIGRATION ================ 236.589
LDB: ============= START OF LOAD BALANCING ============== 237.077
LDB: TIME 237.077 LOAD: AVG 0.381623 MAX 0.425676  PROXIES: TOTAL 320 MAXPE 40 MAXPATCH 3 None MEM: 0 MB
LDB: TIME 237.077 LOAD: AVG 0.381623 MAX 0.425676  PROXIES: TOTAL 320 MAXPE 40 MAXPATCH 3 RefineTorusLB MEM: 0 MB
LDB: TIME 237.077 LOAD: AVG 0.381623 MAX 0.425676  PROXIES: TOTAL 320 MAXPE 40 MAXPATCH 3 RefineTorusLB MEM: 0 MB
LDB: Reverting to original mapping
LDB: ============== END OF LOAD BALANCING =============== 237.077
Info: useSync: 0 useProxySync: 0
LDB: =============== DONE WITH MIGRATION ================ 237.078
REASSIGNING VELOCITIES AT STEP 49000 TO 99 KELVIN.
TIMING: 49000  CPU: 238.675, 0.00486563/step  Wall: 239.091, 0.00487331/step, 0.272093 hours remaining, 0.000000 MB of memory in use.
PERFORMANCE: 49000  averaging 35.4247 ns/day, 0.00487796 sec/step with standard deviation 1.3144e-05
ENERGY:   49000       172.3896       630.4453      1390.3370        10.9567        -647423.9776     54403.4493        72.6860         0.0000     16366.3631        -574377.3505        98.8458   -590743.7136   -574205.3332        96.6290          -3418.8655     -3366.2596    922752.0000     -3445.3392     -3445.3339

WRITING COORDINATES TO DCD FILE heat.dcd AT STEP 50000
WRITING COORDINATES TO RESTART FILE AT STEP 50000
FINISHED WRITING RESTART COORDINATES
The last position output (seq=50000) takes 0.019 seconds, 0.000 MB of memory in use
REASSIGNING VELOCITIES AT STEP 50000 TO 100 KELVIN.
TIMING: 50000  CPU: 243.557, 0.00488106/step  Wall: 243.984, 0.00489253/step, 0.271807 hours remaining, 0.000000 MB of memory in use.
PERFORMANCE: 50000  averaging 35.4226 ns/day, 0.00487825 sec/step with standard deviation 1.31714e-05
ETITLE:      TS           BOND          ANGLE          DIHED          IMPRP               ELECT            VDW       BOUNDARY           MISC        KINETIC               TOTAL           TEMP      POTENTIAL         TOTAL3        TEMPAVG            PRESSURE      GPRESSURE         VOLUME       PRESSAVG      GPRESSAVG

ENERGY:   50000       174.6449       661.2461      1396.7562         9.9288        -647307.2099     54391.6252        70.9213         0.0000     16619.1538        -573982.9335       100.3725   -590602.0873   -573774.4866        97.6627          -3389.2822     -3336.7415    922752.0000     -3425.5787     -3425.5760

WRITING EXTENDED SYSTEM TO RESTART FILE AT STEP 50000
WRITING VELOCITIES TO RESTART FILE AT STEP 50000
FINISHED WRITING RESTART VELOCITIES
The last velocity output (seq=50000) takes 0.008 seconds, 0.000 MB of memory in use
REASSIGNING VELOCITIES AT STEP 51000 TO 101 KELVIN.
TIMING: 51000  CPU: 248.418, 0.00486129/step  Wall: 248.862, 0.00487792/step, 0.26964 hours remaining, 0.000000 MB of memory in use.
PERFORMANCE: 51000  averaging 35.4226 ns/day, 0.00487824 sec/step with standard deviation 1.30391e-05
ENERGY:   51000       169.6295       649.2237      1391.4341        10.2495        -647108.5106     54374.1025        73.3325         0.0000     16656.5770        -573783.9618       100.5985   -590440.5387   -573657.8622        99.0473          -3385.3659     -3333.3191    922752.0000     -3362.2171     -3362.2130

REASSIGNING VELOCITIES AT STEP 52000 TO 102 KELVIN.
TIMING: 52000  CPU: 253.283, 0.00486545/step  Wall: 253.734, 0.00487213/step, 0.267967 hours remaining, 0.000000 MB of memory in use.
PERFORMANCE: 52000  averaging 35.4235 ns/day, 0.00487812 sec/step with standard deviation 1.29384e-05
ENERGY:   52000       172.1816       642.5951      1390.5006        12.3793        -647108.2281     54463.1620        68.7023         0.0000     16871.6477        -573487.0596       101.8975   -590358.7073   -573302.0041        99.8374          -3353.7387     -3301.5833    922752.0000     -3356.8493     -3356.8440

LDB: ============= START OF LOAD BALANCING ============== 256.106
LDB: ============== END OF LOAD BALANCING =============== 256.106
Info: useSync: 0 useProxySync: 0
LDB: =============== DONE WITH MIGRATION ================ 256.106
LDB: ============= START OF LOAD BALANCING ============== 256.593
LDB: TIME 256.593 LOAD: AVG 0.382627 MAX 0.425684  PROXIES: TOTAL 320 MAXPE 40 MAXPATCH 3 None MEM: 0 MB
LDB: TIME 256.593 LOAD: AVG 0.382627 MAX 0.425684  PROXIES: TOTAL 320 MAXPE 40 MAXPATCH 3 RefineTorusLB MEM: 0 MB
LDB: TIME 256.593 LOAD: AVG 0.382627 MAX 0.425684  PROXIES: TOTAL 320 MAXPE 40 MAXPATCH 3 RefineTorusLB MEM: 0 MB
LDB: ============== END OF LOAD BALANCING =============== 256.593
Info: useSync: 0 useProxySync: 0
LDB: =============== DONE WITH MIGRATION ================ 256.594
REASSIGNING VELOCITIES AT STEP 53000 TO 103 KELVIN.
TIMING: 53000  CPU: 258.149, 0.00486535/step  Wall: 258.604, 0.00487022/step, 0.266509 hours remaining, 0.000000 MB of memory in use.
PERFORMANCE: 53000  averaging 35.4245 ns/day, 0.00487797 sec/step with standard deviation 1.28593e-05
ENERGY:   53000       167.4507       643.0874      1385.1864        10.9725        -646380.9125     53901.2874        69.1675         0.0000     17069.6993        -573134.0613       103.0936   -590203.7606   -572932.6467       100.8401          -3513.4761     -3460.9283    922752.0000     -3346.5525     -3346.5473

REASSIGNING VELOCITIES AT STEP 54000 TO 104 KELVIN.
TIMING: 54000  CPU: 263.015, 0.0048659/step  Wall: 263.474, 0.00486997/step, 0.265143 hours remaining, 0.000000 MB of memory in use.
PERFORMANCE: 54000  averaging 35.4256 ns/day, 0.00487783 sec/step with standard deviation 1.27839e-05
ENERGY:   54000       190.1125       637.4326      1386.7141         8.8063        -646501.1313     54143.0022        72.9018         0.0000     17237.2097        -572824.9521       104.1053   -590062.1618   -572644.9920       102.0002          -3444.4805     -3391.0261    922752.0000     -3360.3383     -3360.3337

REASSIGNING VELOCITIES AT STEP 55000 TO 105 KELVIN.
TIMING: 55000  CPU: 267.876, 0.00486151/step  Wall: 268.346, 0.00487165/step, 0.263881 hours remaining, 0.000000 MB of memory in use.
PERFORMANCE: 55000  averaging 35.4264 ns/day, 0.00487771 sec/step with standard deviation 1.26922e-05
ENERGY:   55000       184.4008       654.7207      1388.7150        11.0752        -646117.7930     53963.3302        70.4724         0.0000     17405.4052        -572439.6735       105.1211   -589845.0788   -572227.0301       103.0049          -3456.6870     -3401.5397    922752.0000     -3381.8469     -3381.8410

WRITING COORDINATES TO DCD FILE heat.dcd AT STEP 55000
REASSIGNING VELOCITIES AT STEP 56000 TO 106 KELVIN.
TIMING: 56000  CPU: 272.793, 0.00491736/step  Wall: 273.268, 0.00492254/step, 0.26527 hours remaining, 0.000000 MB of memory in use.
PERFORMANCE: 56000  averaging 35.4206 ns/day, 0.00487851 sec/step with standard deviation 1.39298e-05
ENERGY:   56000       194.3851       654.6239      1396.5997        10.5486        -646080.1781     53984.2240        69.0047         0.0000     17545.8225        -572224.9695       105.9692   -589770.7920   -572083.8879       104.3484          -3413.1506     -3360.7926    922752.0000     -3389.6230     -3389.6220

LDB: ============= START OF LOAD BALANCING ============== 275.648
LDB: ============== END OF LOAD BALANCING =============== 275.648
Info: useSync: 0 useProxySync: 0
LDB: =============== DONE WITH MIGRATION ================ 275.648
LDB: ============= START OF LOAD BALANCING ============== 276.137
LDB: TIME 276.137 LOAD: AVG 0.382584 MAX 0.428152  PROXIES: TOTAL 320 MAXPE 40 MAXPATCH 3 None MEM: 0 MB
LDB: TIME 276.137 LOAD: AVG 0.382584 MAX 0.428152  PROXIES: TOTAL 320 MAXPE 40 MAXPATCH 3 RefineTorusLB MEM: 0 MB
LDB: TIME 276.137 LOAD: AVG 0.382584 MAX 0.428152  PROXIES: TOTAL 320 MAXPE 40 MAXPATCH 3 RefineTorusLB MEM: 0 MB
LDB: ============== END OF LOAD BALANCING =============== 276.138
Info: useSync: 0 useProxySync: 0
LDB: =============== DONE WITH MIGRATION ================ 276.138
REASSIGNING VELOCITIES AT STEP 57000 TO 107 KELVIN.
TIMING: 57000  CPU: 277.671, 0.00487781/step  Wall: 278.153, 0.00488503/step, 0.261892 hours remaining, 0.000000 MB of memory in use.
PERFORMANCE: 57000  averaging 35.4198 ns/day, 0.00487863 sec/step with standard deviation 1.38318e-05
ENERGY:   57000       172.6173       645.5810      1389.0112         9.1901        -645781.9104     53854.9322        66.8448         0.0000     17624.6908        -572019.0429       106.4455   -589643.7338   -571889.2898       105.2500          -3438.5059     -3387.8171    922752.0000     -3376.9424     -3376.9391

REASSIGNING VELOCITIES AT STEP 58000 TO 108 KELVIN.
TIMING: 58000  CPU: 282.545, 0.00487409/step  Wall: 283.033, 0.00487916/step, 0.260222 hours remaining, 0.000000 MB of memory in use.
PERFORMANCE: 58000  averaging 35.4197 ns/day, 0.00487864 sec/step with standard deviation 1.37101e-05
ENERGY:   58000       188.5963       658.1893      1387.3309        11.1787        -645851.8339     54061.5993        60.9932         0.0000     17894.5645        -571589.3816       108.0754   -589483.9461   -571356.8545       106.0059          -3390.1707     -3334.8310    922752.0000     -3354.7091     -3354.7021

REASSIGNING VELOCITIES AT STEP 59000 TO 109 KELVIN.
TIMING: 59000  CPU: 287.428, 0.00488251/step  Wall: 287.919, 0.00488649/step, 0.259256 hours remaining, 0.000000 MB of memory in use.
PERFORMANCE: 59000  averaging 35.4188 ns/day, 0.00487877 sec/step with standard deviation 1.36299e-05
ENERGY:   59000       171.5760       654.8056      1399.2766        11.5648        -645622.1631     53957.8442        68.9400         0.0000     18039.1201        -571319.0358       108.9485   -589358.1559   -571155.3050       107.4016          -3344.9858     -3295.3436    922752.0000     -3357.9180     -3357.9163

WRITING COORDINATES TO DCD FILE heat.dcd AT STEP 60000
WRITING COORDINATES TO RESTART FILE AT STEP 60000
FINISHED WRITING RESTART COORDINATES
REASSIGNING VELOCITIES AT STEP 60000 TO 110 KELVIN.
TIMING: 60000  CPU: 292.328, 0.00490023/step  Wall: 292.829, 0.00491042/step, 0.259161 hours remaining, 0.000000 MB of memory in use.
PERFORMANCE: 60000  averaging 35.4149 ns/day, 0.0048793 sec/step with standard deviation 1.41181e-05
ETITLE:      TS           BOND          ANGLE          DIHED          IMPRP               ELECT            VDW       BOUNDARY           MISC        KINETIC               TOTAL           TEMP      POTENTIAL         TOTAL3        TEMPAVG            PRESSURE      GPRESSURE         VOLUME       PRESSAVG      GPRESSAVG

ENERGY:   60000       183.1991       660.2194      1388.0606        10.2061        -645483.2034     53881.8177        72.2105         0.0000     18181.9063        -571105.5838       109.8109   -589287.4901   -570963.6006       108.3128          -3357.0023     -3308.6695    922752.0000     -3342.1429     -3342.1394

WRITING EXTENDED SYSTEM TO RESTART FILE AT STEP 60000
WRITING VELOCITIES TO RESTART FILE AT STEP 60000
FINISHED WRITING RESTART VELOCITIES
LDB: ============= START OF LOAD BALANCING ============== 295.211
LDB: ============== END OF LOAD BALANCING =============== 295.211
Info: useSync: 0 useProxySync: 0
LDB: =============== DONE WITH MIGRATION ================ 295.211
LDB: ============= START OF LOAD BALANCING ============== 295.699
LDB: TIME 295.699 LOAD: AVG 0.381605 MAX 0.422919  PROXIES: TOTAL 320 MAXPE 40 MAXPATCH 3 None MEM: 0 MB
LDB: TIME 295.699 LOAD: AVG 0.381605 MAX 0.422919  PROXIES: TOTAL 320 MAXPE 40 MAXPATCH 3 RefineTorusLB MEM: 0 MB
LDB: TIME 295.699 LOAD: AVG 0.381605 MAX 0.422919  PROXIES: TOTAL 320 MAXPE 40 MAXPATCH 3 RefineTorusLB MEM: 0 MB
LDB: ============== END OF LOAD BALANCING =============== 295.699
Info: useSync: 0 useProxySync: 0
LDB: =============== DONE WITH MIGRATION ================ 295.7
REASSIGNING VELOCITIES AT STEP 61000 TO 111 KELVIN.
TIMING: 61000  CPU: 297.203, 0.00487458/step  Wall: 297.714, 0.00488485/step, 0.256455 hours remaining, 0.000000 MB of memory in use.
PERFORMANCE: 61000  averaging 35.4143 ns/day, 0.00487939 sec/step with standard deviation 1.4018e-05
ENERGY:   61000       174.8025       653.3902      1385.0330        10.9163        -645238.6546     53831.2510        65.9979         0.0000     18381.1781        -570736.0856       111.0144   -589117.2637   -570518.1503       109.1221          -3324.3489     -3274.7053    922752.0000     -3335.8087     -3335.8047

REASSIGNING VELOCITIES AT STEP 62000 TO 112 KELVIN.
TIMING: 62000  CPU: 302.079, 0.00487609/step  Wall: 302.599, 0.004885/step, 0.255106 hours remaining, 0.000000 MB of memory in use.
PERFORMANCE: 62000  averaging 35.4136 ns/day, 0.00487948 sec/step with standard deviation 1.39209e-05
ENERGY:   62000       184.6475       657.2035      1387.4730         9.6887        -645175.4131     53781.5291        73.7717         0.0000     18616.4866        -570464.6129       112.4355   -589081.0996   -570301.3518       110.4183          -3360.1875     -3310.2269    922752.0000     -3337.6034     -3337.5981

REASSIGNING VELOCITIES AT STEP 63000 TO 113 KELVIN.
TIMING: 63000  CPU: 306.955, 0.00487663/step  Wall: 307.484, 0.0048843/step, 0.253712 hours remaining, 0.000000 MB of memory in use.
PERFORMANCE: 63000  averaging 35.4131 ns/day, 0.00487956 sec/step with standard deviation 1.38216e-05
ENERGY:   63000       191.3263       680.8677      1389.9620        10.6883        -645047.5076     53753.7060        67.8243         0.0000     18781.4721        -570171.6611       113.4320   -588953.1331   -569995.0873       111.3579          -3347.9194     -3297.9923    922752.0000     -3317.3266     -3317.3222

REASSIGNING VELOCITIES AT STEP 64000 TO 114 KELVIN.
TIMING: 64000  CPU: 311.828, 0.00487249/step  Wall: 312.363, 0.00487919/step, 0.252091 hours remaining, 0.000000 MB of memory in use.
PERFORMANCE: 64000  averaging 35.4131 ns/day, 0.00487955 sec/step with standard deviation 1.37115e-05
ENERGY:   64000       179.0721       680.1171      1387.8536        11.0557        -644838.8076     53718.3426        67.2884         0.0000     18835.2370        -569959.8411       113.7567   -588795.0781   -569828.4113       112.3730          -3339.5831     -3289.9363    922752.0000     -3303.0588     -3303.0558

LDB: ============= START OF LOAD BALANCING ============== 314.739
LDB: ============== END OF LOAD BALANCING =============== 314.739
Info: useSync: 0 useProxySync: 0
LDB: =============== DONE WITH MIGRATION ================ 314.74
LDB: ============= START OF LOAD BALANCING ============== 315.227
LDB: TIME 315.227 LOAD: AVG 0.381888 MAX 0.423436  PROXIES: TOTAL 320 MAXPE 40 MAXPATCH 3 None MEM: 0 MB
LDB: TIME 315.228 LOAD: AVG 0.381888 MAX 0.423436  PROXIES: TOTAL 320 MAXPE 40 MAXPATCH 3 RefineTorusLB MEM: 0 MB
LDB: TIME 315.228 LOAD: AVG 0.381888 MAX 0.423436  PROXIES: TOTAL 320 MAXPE 40 MAXPATCH 3 RefineTorusLB MEM: 0 MB
LDB: Reverting to original mapping
LDB: ============== END OF LOAD BALANCING =============== 315.228
Info: useSync: 0 useProxySync: 0
LDB: =============== DONE WITH MIGRATION ================ 315.228
REASSIGNING VELOCITIES AT STEP 65000 TO 115 KELVIN.
TIMING: 65000  CPU: 316.704, 0.0048764/step  Wall: 317.247, 0.00488399/step, 0.250983 hours remaining, 0.000000 MB of memory in use.
PERFORMANCE: 65000  averaging 35.4126 ns/day, 0.00487962 sec/step with standard deviation 1.36151e-05
ENERGY:   65000       193.8482       657.4983      1391.7851        10.7976        -645030.0022     53988.8531        70.8660         0.0000     19014.0587        -569702.2952       114.8367   -588716.3538   -569535.0101       113.1109          -3250.6897     -3202.5389    922752.0000     -3298.1884     -3298.1856

WRITING COORDINATES TO DCD FILE heat.dcd AT STEP 65000
REASSIGNING VELOCITIES AT STEP 66000 TO 116 KELVIN.
TIMING: 66000  CPU: 321.597, 0.00489284/step  Wall: 322.146, 0.00489967/step, 0.250428 hours remaining, 0.000000 MB of memory in use.
PERFORMANCE: 66000  averaging 35.4104 ns/day, 0.00487992 sec/step with standard deviation 1.37337e-05
ENERGY:   66000       191.6335       670.5136      1388.0814        10.4830        -644502.5504     53517.7150        64.2182         0.0000     19129.5616        -569530.3440       115.5343   -588659.9056   -569405.2712       114.0573          -3409.5547     -3362.4817    922752.0000     -3294.8969     -3294.8950

REASSIGNING VELOCITIES AT STEP 67000 TO 117 KELVIN.
TIMING: 67000  CPU: 326.456, 0.00485932/step  Wall: 327.015, 0.0048688/step, 0.247497 hours remaining, 0.000000 MB of memory in use.
PERFORMANCE: 67000  averaging 35.4116 ns/day, 0.00487976 sec/step with standard deviation 1.36968e-05
ENERGY:   67000       186.7990       666.9160      1391.6337        10.7914        -644339.5241     53443.2662        71.4018         0.0000     19415.5168        -569153.1993       117.2613   -588568.7161   -568934.4232       114.6969          -3399.0109     -3348.0836    922752.0000     -3308.1529     -3308.1487

REASSIGNING VELOCITIES AT STEP 68000 TO 118 KELVIN.
TIMING: 68000  CPU: 331.316, 0.00485916/step  Wall: 331.882, 0.00486719/step, 0.246064 hours remaining, 0.000000 MB of memory in use.
PERFORMANCE: 68000  averaging 35.4129 ns/day, 0.00487957 sec/step with standard deviation 1.36793e-05
ENERGY:   68000       194.0628       651.9450      1393.4735        12.0027        -643929.9860     53253.2774        59.6065         0.0000     19617.1502        -568748.4679       118.4791   -588365.6181   -568513.5139       115.9809          -3362.4505     -3312.2803    922752.0000     -3294.2560     -3294.2521

LDB: ============= START OF LOAD BALANCING ============== 334.257
LDB: ============== END OF LOAD BALANCING =============== 334.257
Info: useSync: 0 useProxySync: 0
LDB: =============== DONE WITH MIGRATION ================ 334.257
LDB: ============= START OF LOAD BALANCING ============== 334.745
LDB: TIME 334.745 LOAD: AVG 0.381908 MAX 0.424664  PROXIES: TOTAL 320 MAXPE 40 MAXPATCH 3 None MEM: 0 MB
LDB: TIME 334.745 LOAD: AVG 0.381908 MAX 0.424664  PROXIES: TOTAL 320 MAXPE 40 MAXPATCH 3 RefineTorusLB MEM: 0 MB
LDB: TIME 334.745 LOAD: AVG 0.381908 MAX 0.424664  PROXIES: TOTAL 320 MAXPE 40 MAXPATCH 3 RefineTorusLB MEM: 0 MB
LDB: Reverting to original mapping
LDB: ============== END OF LOAD BALANCING =============== 334.745
Info: useSync: 0 useProxySync: 0
LDB: =============== DONE WITH MIGRATION ================ 334.746
REASSIGNING VELOCITIES AT STEP 69000 TO 119 KELVIN.
TIMING: 69000  CPU: 336.183, 0.00486709/step  Wall: 336.758, 0.00487594/step, 0.245151 hours remaining, 0.000000 MB of memory in use.
PERFORMANCE: 69000  averaging 35.4133 ns/day, 0.00487952 sec/step with standard deviation 1.35854e-05
ENERGY:   69000       188.5563       663.4136      1396.2413        12.5961        -644157.9888     53562.8035        63.8966         0.0000     19704.3986        -568566.0828       119.0061   -588270.4814   -568434.5578       117.2703          -3303.7565     -3257.7645    922752.0000     -3302.4423     -3302.4402

WRITING COORDINATES TO DCD FILE heat.dcd AT STEP 70000
WRITING COORDINATES TO RESTART FILE AT STEP 70000
FINISHED WRITING RESTART COORDINATES
WRITING VELOCITIES TO RESTART FILE AT STEP 70000
FINISHED WRITING RESTART VELOCITIES
REASSIGNING VELOCITIES AT STEP 70000 TO 120 KELVIN.
TIMING: 70000  CPU: 341.066, 0.00488358/step  Wall: 341.663, 0.00490466/step, 0.245233 hours remaining, 0.000000 MB of memory in use.
PERFORMANCE: 70000  averaging 35.4107 ns/day, 0.00487988 sec/step with standard deviation 1.38174e-05
ETITLE:      TS           BOND          ANGLE          DIHED          IMPRP               ELECT            VDW       BOUNDARY           MISC        KINETIC               TOTAL           TEMP      POTENTIAL         TOTAL3        TEMPAVG            PRESSURE      GPRESSURE         VOLUME       PRESSAVG      GPRESSAVG

ENERGY:   70000       193.8505       677.6648      1391.6418        11.3590        -643804.0175     53250.9957        72.5772         0.0000     19900.9620        -568304.9664       120.1932   -588205.9284   -568131.5903       117.9607          -3384.5787     -3334.4812    922752.0000     -3329.7926     -3329.7871

WRITING EXTENDED SYSTEM TO RESTART FILE AT STEP 70000
REASSIGNING VELOCITIES AT STEP 71000 TO 121 KELVIN.
TIMING: 71000  CPU: 345.922, 0.00485616/step  Wall: 346.534, 0.00487083/step, 0.242188 hours remaining, 0.000000 MB of memory in use.
PERFORMANCE: 71000  averaging 35.4116 ns/day, 0.00487975 sec/step with standard deviation 1.37603e-05
ENERGY:   71000       192.4824       677.2498      1394.2172        11.2715        -643603.5181     53216.3179        72.0611         0.0000     20098.5833        -567941.3349       121.3868   -588039.9182   -567725.9779       118.8864          -3324.7799     -3278.6903    922752.0000     -3325.9144     -3325.9134

REASSIGNING VELOCITIES AT STEP 72000 TO 122 KELVIN.
TIMING: 72000  CPU: 350.798, 0.00487576/step  Wall: 351.416, 0.00488191/step, 0.241383 hours remaining, 0.000000 MB of memory in use.
PERFORMANCE: 72000  averaging 35.4114 ns/day, 0.00487978 sec/step with standard deviation 1.36654e-05
ENERGY:   72000       183.8092       685.6031      1401.5993        11.4533        -643633.3204     53463.4934        70.8865         0.0000     20281.5738        -567534.9018       122.4920   -587816.4756   -567298.3081       120.1972          -3256.8722     -3206.5807    922752.0000     -3260.4588     -3260.4501

LDB: ============= START OF LOAD BALANCING ============== 353.795
LDB: ============== END OF LOAD BALANCING =============== 353.795
Info: useSync: 0 useProxySync: 0
LDB: =============== DONE WITH MIGRATION ================ 353.795
LDB: ============= START OF LOAD BALANCING ============== 354.283
LDB: TIME 354.283 LOAD: AVG 0.381963 MAX 0.426345  PROXIES: TOTAL 320 MAXPE 40 MAXPATCH 3 None MEM: 0 MB
LDB: TIME 354.283 LOAD: AVG 0.381963 MAX 0.426345  PROXIES: TOTAL 320 MAXPE 40 MAXPATCH 3 RefineTorusLB MEM: 0 MB
LDB: TIME 354.283 LOAD: AVG 0.381963 MAX 0.426345  PROXIES: TOTAL 320 MAXPE 40 MAXPATCH 3 RefineTorusLB MEM: 0 MB
LDB: Reverting to original mapping
LDB: ============== END OF LOAD BALANCING =============== 354.283
Info: useSync: 0 useProxySync: 0
LDB: =============== DONE WITH MIGRATION ================ 354.284
REASSIGNING VELOCITIES AT STEP 73000 TO 123 KELVIN.
TIMING: 73000  CPU: 355.669, 0.0048713/step  Wall: 356.298, 0.00488182/step, 0.240023 hours remaining, 0.000000 MB of memory in use.
PERFORMANCE: 73000  averaging 35.4112 ns/day, 0.00487981 sec/step with standard deviation 1.35723e-05
ENERGY:   73000       204.2439       663.7403      1399.0003         8.4900        -643160.6041     53174.1452        68.6449         0.0000     20248.5075        -567393.8320       122.2922   -587642.3395   -567289.5492       121.4972          -3327.4703     -3279.4444    922752.0000     -3239.3451     -3239.3419

REASSIGNING VELOCITIES AT STEP 74000 TO 124 KELVIN.
TIMING: 74000  CPU: 360.54, 0.0048704/step  Wall: 361.175, 0.00487751/step, 0.238456 hours remaining, 0.000000 MB of memory in use.
PERFORMANCE: 74000  averaging 35.4115 ns/day, 0.00487978 sec/step with standard deviation 1.34817e-05
ENERGY:   74000       190.3980       678.9896      1392.9065        13.3151        -643356.2721     53390.4966        65.2790         0.0000     20572.2764        -567052.6110       124.2477   -587624.8874   -566854.9173       122.0785          -3272.7389     -3222.3825    922752.0000     -3236.4430     -3236.4380

REASSIGNING VELOCITIES AT STEP 75000 TO 125 KELVIN.
TIMING: 75000  CPU: 365.404, 0.00486431/step  Wall: 366.048, 0.00487292/step, 0.236878 hours remaining, 0.000000 MB of memory in use.
PERFORMANCE: 75000  averaging 35.4121 ns/day, 0.00487969 sec/step with standard deviation 1.34137e-05
ENERGY:   75000       196.3609       677.0209      1396.1333        12.3861        -642910.1168     53068.0547        68.1919         0.0000     20502.5215        -566989.4475       123.8264   -587491.9690   -566918.2147       123.1963          -3343.9496     -3299.5577    922752.0000     -3234.0776     -3234.0777

WRITING COORDINATES TO DCD FILE heat.dcd AT STEP 75000
REASSIGNING VELOCITIES AT STEP 76000 TO 126 KELVIN.
TIMING: 76000  CPU: 370.295, 0.00489099/step  Wall: 370.979, 0.00493133/step, 0.238348 hours remaining, 0.000000 MB of memory in use.
PERFORMANCE: 76000  averaging 35.4072 ns/day, 0.00488037 sec/step with standard deviation 1.45815e-05
ENERGY:   76000       191.0501       687.9720      1386.3532        13.8788        -643046.5220     53206.1501        70.1025         0.0000     20894.0228        -566596.9925       126.1909   -587491.0153   -566373.0359       123.4932          -3280.3648     -3232.8442    922752.0000     -3256.9892     -3256.9846

LDB: ============= START OF LOAD BALANCING ============== 373.353
LDB: ============== END OF LOAD BALANCING =============== 373.353
Info: useSync: 0 useProxySync: 0
LDB: =============== DONE WITH MIGRATION ================ 373.353
LDB: ============= START OF LOAD BALANCING ============== 373.841
LDB: TIME 373.841 LOAD: AVG 0.382999 MAX 0.425239  PROXIES: TOTAL 320 MAXPE 40 MAXPATCH 3 None MEM: 0 MB
LDB: TIME 373.841 LOAD: AVG 0.382999 MAX 0.425239  PROXIES: TOTAL 320 MAXPE 40 MAXPATCH 3 RefineTorusLB MEM: 0 MB
LDB: TIME 373.841 LOAD: AVG 0.382999 MAX 0.425239  PROXIES: TOTAL 320 MAXPE 40 MAXPATCH 3 RefineTorusLB MEM: 0 MB
LDB: Reverting to original mapping
LDB: ============== END OF LOAD BALANCING =============== 373.841
Info: useSync: 0 useProxySync: 0
LDB: =============== DONE WITH MIGRATION ================ 373.841
REASSIGNING VELOCITIES AT STEP 77000 TO 127 KELVIN.
TIMING: 77000  CPU: 375.162, 0.00486702/step  Wall: 375.857, 0.00487746/step, 0.234389 hours remaining, 0.000000 MB of memory in use.
PERFORMANCE: 77000  averaging 35.4075 ns/day, 0.00488033 sec/step with standard deviation 1.44891e-05
ENERGY:   77000       194.3459       696.5777      1398.3036        13.1667        -643099.3337     53297.6987        69.8807         0.0000     21064.4010        -566364.9594       127.2199   -587429.3604   -566203.0972       124.7826          -3240.0296     -3190.7941    922752.0000     -3246.7311     -3246.7237

REASSIGNING VELOCITIES AT STEP 78000 TO 128 KELVIN.
TIMING: 78000  CPU: 380.025, 0.00486285/step  Wall: 380.729, 0.00487187/step, 0.232767 hours remaining, 0.000000 MB of memory in use.
PERFORMANCE: 78000  averaging 35.4082 ns/day, 0.00488022 sec/step with standard deviation 1.44265e-05
ENERGY:   78000       203.1247       691.7331      1385.1693        12.9239        -642576.6696     53097.0737        75.9872         0.0000     21192.6702        -565917.9874       127.9946   -587110.6576   -565664.9465       125.6501          -3301.1554     -3249.6262    922752.0000     -3228.6351     -3228.6281

REASSIGNING VELOCITIES AT STEP 79000 TO 129 KELVIN.
TIMING: 79000  CPU: 384.884, 0.00485913/step  Wall: 385.596, 0.00486738/step, 0.2312 hours remaining, 0.000000 MB of memory in use.
PERFORMANCE: 79000  averaging 35.4094 ns/day, 0.00488006 sec/step with standard deviation 1.44063e-05
ENERGY:   79000       207.7146       663.0004      1394.3103        11.1840        -642252.9377     52911.9664        68.5980         0.0000     21464.6474        -565531.5167       129.6372   -586996.1641   -565310.3828       126.9605          -3310.2204     -3263.0335    922752.0000     -3245.8360     -3245.8335

REASSIGNING VELOCITIES AT STEP 80000 TO 130 KELVIN.
TIMING: 80000  CPU: 389.751, 0.00486725/step  Wall: 390.471, 0.00487484/step, 0.230201 hours remaining, 0.000000 MB of memory in use.
PERFORMANCE: 80000  averaging 35.4099 ns/day, 0.00487999 sec/step with standard deviation 1.43267e-05
ETITLE:      TS           BOND          ANGLE          DIHED          IMPRP               ELECT            VDW       BOUNDARY           MISC        KINETIC               TOTAL           TEMP      POTENTIAL         TOTAL3        TEMPAVG            PRESSURE      GPRESSURE         VOLUME       PRESSAVG      GPRESSAVG

ENERGY:   80000       202.4615       670.3250      1391.0521        10.4825        -641975.9183     52854.2915        79.2975         0.0000     21531.9812        -565236.0269       130.0439   -586768.0081   -565044.0748       128.2375          -3298.7659     -3247.8514    922752.0000     -3241.8183     -3241.8121

WRITING EXTENDED SYSTEM TO RESTART FILE AT STEP 80000
WRITING COORDINATES TO DCD FILE heat.dcd AT STEP 80000
WRITING COORDINATES TO RESTART FILE AT STEP 80000
FINISHED WRITING RESTART COORDINATES
WRITING VELOCITIES TO RESTART FILE AT STEP 80000
FINISHED WRITING RESTART VELOCITIES
LDB: ============= START OF LOAD BALANCING ============== 392.873
LDB: ============== END OF LOAD BALANCING =============== 392.873
Info: useSync: 0 useProxySync: 0
LDB: =============== DONE WITH MIGRATION ================ 392.873
LDB: ============= START OF LOAD BALANCING ============== 393.36
LDB: TIME 393.361 LOAD: AVG 0.381654 MAX 0.423605  PROXIES: TOTAL 320 MAXPE 40 MAXPATCH 3 None MEM: 0 MB
LDB: TIME 393.361 LOAD: AVG 0.381654 MAX 0.423605  PROXIES: TOTAL 320 MAXPE 40 MAXPATCH 3 RefineTorusLB MEM: 0 MB
LDB: TIME 393.361 LOAD: AVG 0.381654 MAX 0.423605  PROXIES: TOTAL 320 MAXPE 40 MAXPATCH 3 RefineTorusLB MEM: 0 MB
LDB: Reverting to original mapping
LDB: ============== END OF LOAD BALANCING =============== 393.361
Info: useSync: 0 useProxySync: 0
LDB: =============== DONE WITH MIGRATION ================ 393.361
REASSIGNING VELOCITIES AT STEP 81000 TO 131 KELVIN.
TIMING: 81000  CPU: 394.626, 0.00487441/step  Wall: 395.37, 0.00489873/step, 0.229968 hours remaining, 0.000000 MB of memory in use.
PERFORMANCE: 81000  averaging 35.4082 ns/day, 0.00488022 sec/step with standard deviation 1.43884e-05
ENERGY:   81000       195.4304       685.3624      1399.9278        11.0739        -641825.8735     52740.6795        71.0751         0.0000     21722.6334        -564999.6909       131.1953   -586722.3243   -564843.3878       129.2369          -3310.9577     -3268.0371    922752.0000     -3226.4980     -3226.5015

REASSIGNING VELOCITIES AT STEP 82000 TO 132 KELVIN.
TIMING: 82000  CPU: 399.493, 0.00486676/step  Wall: 400.242, 0.00487278/step, 0.227397 hours remaining, 0.000000 MB of memory in use.
PERFORMANCE: 82000  averaging 35.4089 ns/day, 0.00488013 sec/step with standard deviation 1.43229e-05
ENERGY:   82000       197.0009       685.9015      1393.7515        12.3852        -641907.7102     53013.4201        66.3340         0.0000     21752.9900        -564785.9271       131.3787   -586538.9170   -564628.4781       129.9837          -3227.4263     -3179.5749    922752.0000     -3214.7760     -3214.7688

REASSIGNING VELOCITIES AT STEP 83000 TO 133 KELVIN.
TIMING: 83000  CPU: 404.356, 0.00486342/step  Wall: 405.116, 0.00487351/step, 0.226077 hours remaining, 0.000000 MB of memory in use.
PERFORMANCE: 83000  averaging 35.4095 ns/day, 0.00488005 sec/step with standard deviation 1.42538e-05
ENERGY:   83000       202.2435       684.4291      1397.4760        14.3728        -641563.8701     52763.1425        66.7630         0.0000     21948.8016        -564486.6416       132.5613   -586435.4432   -564299.1694       130.7962          -3330.1146     -3283.5441    922752.0000     -3225.4656     -3225.4642

REASSIGNING VELOCITIES AT STEP 84000 TO 134 KELVIN.
TIMING: 84000  CPU: 409.215, 0.0048588/step  Wall: 409.985, 0.00486891/step, 0.224511 hours remaining, 0.000000 MB of memory in use.
PERFORMANCE: 84000  averaging 35.4104 ns/day, 0.00487992 sec/step with standard deviation 1.42198e-05
ENERGY:   84000       198.1292       695.2909      1387.8744        14.7962        -641555.0143     52918.6091        62.7465         0.0000     22193.6335        -564083.9345       134.0400   -586277.5680   -563854.2823       131.7231          -3238.0010     -3190.1338    922752.0000     -3197.7064     -3197.7007

LDB: ============= START OF LOAD BALANCING ============== 412.362
LDB: ============== END OF LOAD BALANCING =============== 412.362
Info: useSync: 0 useProxySync: 0
LDB: =============== DONE WITH MIGRATION ================ 412.362
LDB: ============= START OF LOAD BALANCING ============== 412.849
LDB: TIME 412.849 LOAD: AVG 0.383087 MAX 0.424984  PROXIES: TOTAL 320 MAXPE 40 MAXPATCH 3 None MEM: 0 MB
LDB: TIME 412.849 LOAD: AVG 0.383087 MAX 0.424984  PROXIES: TOTAL 320 MAXPE 40 MAXPATCH 3 RefineTorusLB MEM: 0 MB
LDB: TIME 412.849 LOAD: AVG 0.383087 MAX 0.424984  PROXIES: TOTAL 320 MAXPE 40 MAXPATCH 3 RefineTorusLB MEM: 0 MB
LDB: ============== END OF LOAD BALANCING =============== 412.849
Info: useSync: 0 useProxySync: 0
LDB: =============== DONE WITH MIGRATION ================ 412.85
REASSIGNING VELOCITIES AT STEP 85000 TO 135 KELVIN.
TIMING: 85000  CPU: 414.082, 0.00486767/step  Wall: 414.86, 0.00487536/step, 0.223454 hours remaining, 0.000000 MB of memory in use.
PERFORMANCE: 85000  averaging 35.4108 ns/day, 0.00487987 sec/step with standard deviation 1.41435e-05
ENERGY:   85000       202.1791       693.5956      1393.1038        12.6692        -641100.6616     52628.2114        62.4847         0.0000     22342.3245        -563766.0932       134.9380   -586108.4177   -563566.6190       133.0506          -3277.2484     -3229.1917    922752.0000     -3157.2268     -3157.2216

WRITING COORDINATES TO DCD FILE heat.dcd AT STEP 85000
REASSIGNING VELOCITIES AT STEP 86000 TO 136 KELVIN.
TIMING: 86000  CPU: 418.95, 0.00486769/step  Wall: 419.737, 0.00487683/step, 0.222167 hours remaining, 0.000000 MB of memory in use.
PERFORMANCE: 86000  averaging 35.4111 ns/day, 0.00487983 sec/step with standard deviation 1.40639e-05
ENERGY:   86000       200.7418       709.2994      1391.8925        12.1160        -641124.6941     52762.9793        74.9756         0.0000     22505.2330        -563467.4567       135.9219   -585972.6896   -563275.4404       134.0775          -3213.1170     -3167.2447    922752.0000     -3148.4542     -3148.4510

REASSIGNING VELOCITIES AT STEP 87000 TO 137 KELVIN.
TIMING: 87000  CPU: 423.81, 0.00486032/step  Wall: 424.605, 0.00486791/step, 0.220408 hours remaining, 0.000000 MB of memory in use.
PERFORMANCE: 87000  averaging 35.4121 ns/day, 0.00487969 sec/step with standard deviation 1.40402e-05
ENERGY:   87000       212.9611       709.9119      1389.9949        16.0454        -641237.2815     52933.1382        63.5685         0.0000     22719.9534        -563191.7081       137.2187   -585911.6615   -563006.9470       135.0723          -3188.7977     -3142.5969    922752.0000     -3117.8338     -3117.8302

REASSIGNING VELOCITIES AT STEP 88000 TO 138 KELVIN.
TIMING: 88000  CPU: 428.662, 0.0048517/step  Wall: 429.465, 0.00486008/step, 0.218703 hours remaining, 0.000000 MB of memory in use.
PERFORMANCE: 88000  averaging 35.4137 ns/day, 0.00487947 sec/step with standard deviation 1.41151e-05
ENERGY:   88000       214.5715       693.9907      1395.0992        12.6965        -640940.8780     52808.8804        67.3514         0.0000     23045.8220        -562702.4663       139.1868   -585748.2882   -562426.0649       135.9142          -3160.3711     -3109.1400    922752.0000     -3119.1079     -3119.0972

LDB: ============= START OF LOAD BALANCING ============== 431.834
LDB: ============== END OF LOAD BALANCING =============== 431.834
Info: useSync: 0 useProxySync: 0
LDB: =============== DONE WITH MIGRATION ================ 431.834
LDB: ============= START OF LOAD BALANCING ============== 432.322
LDB: TIME 432.322 LOAD: AVG 0.383754 MAX 0.424773  PROXIES: TOTAL 320 MAXPE 40 MAXPATCH 3 None MEM: 0 MB
LDB: TIME 432.322 LOAD: AVG 0.383754 MAX 0.424773  PROXIES: TOTAL 320 MAXPE 40 MAXPATCH 3 RefineTorusLB MEM: 0 MB
LDB: TIME 432.322 LOAD: AVG 0.383754 MAX 0.424773  PROXIES: TOTAL 320 MAXPE 40 MAXPATCH 3 RefineTorusLB MEM: 0 MB
LDB: ============== END OF LOAD BALANCING =============== 432.322
Info: useSync: 0 useProxySync: 0
LDB: =============== DONE WITH MIGRATION ================ 432.323
REASSIGNING VELOCITIES AT STEP 89000 TO 139 KELVIN.
TIMING: 89000  CPU: 433.529, 0.00486685/step  Wall: 434.339, 0.00487427/step, 0.217988 hours remaining, 0.000000 MB of memory in use.
PERFORMANCE: 89000  averaging 35.4141 ns/day, 0.00487941 sec/step with standard deviation 1.40454e-05
ENERGY:   89000       200.8524       721.5849      1396.6187        12.9753        -640868.2685     53029.6072        60.5027         0.0000     23007.3757        -562438.7516       138.9546   -585446.1273   -562270.4279       137.4536          -3077.4087     -3029.5502    922752.0000     -3082.9368     -3082.9329

REASSIGNING VELOCITIES AT STEP 90000 TO 140 KELVIN.
TIMING: 90000  CPU: 438.397, 0.00486818/step  Wall: 439.221, 0.00488186/step, 0.216971 hours remaining, 0.000000 MB of memory in use.
PERFORMANCE: 90000  averaging 35.4139 ns/day, 0.00487944 sec/step with standard deviation 1.39687e-05
ETITLE:      TS           BOND          ANGLE          DIHED          IMPRP               ELECT            VDW       BOUNDARY           MISC        KINETIC               TOTAL           TEMP      POTENTIAL         TOTAL3        TEMPAVG            PRESSURE      GPRESSURE         VOLUME       PRESSAVG      GPRESSAVG

ENERGY:   90000       207.7928       728.6261      1399.8259        14.3315        -640585.1234     52883.7743        62.4344         0.0000     23189.0747        -562099.2637       140.0520   -585288.3384   -561896.9680       138.3911          -3122.4750     -3073.6206    922752.0000     -3085.8441     -3085.8381

WRITING EXTENDED SYSTEM TO RESTART FILE AT STEP 90000
WRITING COORDINATES TO DCD FILE heat.dcd AT STEP 90000
WRITING COORDINATES TO RESTART FILE AT STEP 90000
FINISHED WRITING RESTART COORDINATES
WRITING VELOCITIES TO RESTART FILE AT STEP 90000
FINISHED WRITING RESTART VELOCITIES
REASSIGNING VELOCITIES AT STEP 91000 TO 141 KELVIN.
TIMING: 91000  CPU: 443.283, 0.00488606/step  Wall: 444.127, 0.00490568/step, 0.216668 hours remaining, 0.000000 MB of memory in use.
PERFORMANCE: 91000  averaging 35.4118 ns/day, 0.00487973 sec/step with standard deviation 1.41607e-05
ENERGY:   91000       194.8435       720.7583      1394.8439        14.7193        -640284.1675     52635.5787        65.5318         0.0000     23305.9585        -561951.9334       140.7579   -585257.8919   -561827.1710       139.4908          -3171.2735     -3125.0932    922752.0000     -3078.3158     -3078.3141

REASSIGNING VELOCITIES AT STEP 92000 TO 142 KELVIN.
TIMING: 92000  CPU: 448.139, 0.00485575/step  Wall: 448.994, 0.00486711/step, 0.213612 hours remaining, 0.000000 MB of memory in use.
PERFORMANCE: 92000  averaging 35.4128 ns/day, 0.00487959 sec/step with standard deviation 1.4144e-05
ENERGY:   92000       211.4311       705.2499      1401.0147        11.4588        -640289.8388     52771.9641        67.4999         0.0000     23429.7529        -561691.4674       141.5056   -585121.2203   -561507.5564       139.8936          -3100.1811     -3051.8491    922752.0000     -3084.0223     -3084.0172

LDB: ============= START OF LOAD BALANCING ============== 451.367
LDB: ============== END OF LOAD BALANCING =============== 451.368
Info: useSync: 0 useProxySync: 0
LDB: =============== DONE WITH MIGRATION ================ 451.368
LDB: ============= START OF LOAD BALANCING ============== 451.854
LDB: TIME 451.854 LOAD: AVG 0.383459 MAX 0.422968  PROXIES: TOTAL 320 MAXPE 40 MAXPATCH 3 None MEM: 0 MB
LDB: TIME 451.854 LOAD: AVG 0.383459 MAX 0.422968  PROXIES: TOTAL 320 MAXPE 40 MAXPATCH 3 RefineTorusLB MEM: 0 MB
LDB: TIME 451.854 LOAD: AVG 0.383459 MAX 0.422968  PROXIES: TOTAL 320 MAXPE 40 MAXPATCH 3 RefineTorusLB MEM: 0 MB
LDB: ============== END OF LOAD BALANCING =============== 451.854
Info: useSync: 0 useProxySync: 0
LDB: =============== DONE WITH MIGRATION ================ 451.855
REASSIGNING VELOCITIES AT STEP 93000 TO 143 KELVIN.
TIMING: 93000  CPU: 453.003, 0.00486398/step  Wall: 453.864, 0.00486996/step, 0.212384 hours remaining, 0.000000 MB of memory in use.
PERFORMANCE: 93000  averaging 35.4136 ns/day, 0.00487949 sec/step with standard deviation 1.41023e-05
ENERGY:   93000       211.5605       709.4860      1397.4865        13.3289        -639824.5182     52481.3580        54.7197         0.0000     23656.5497        -561300.0290       142.8754   -584956.5787   -561075.3281       140.7096          -3193.1656     -3146.1751    922752.0000     -3100.9062     -3100.9012

REASSIGNING VELOCITIES AT STEP 94000 TO 144 KELVIN.
TIMING: 94000  CPU: 457.866, 0.00486352/step  Wall: 458.736, 0.00487219/step, 0.211128 hours remaining, 0.000000 MB of memory in use.
PERFORMANCE: 94000  averaging 35.4141 ns/day, 0.00487941 sec/step with standard deviation 1.40465e-05
ENERGY:   94000       227.9608       712.8091      1394.9613        11.6527        -639710.5041     52466.3585        62.7670         0.0000     23770.9923        -561063.0025       143.5665   -584833.9948   -560884.8795       141.9680          -3108.6382     -3063.8930    922752.0000     -3094.6852     -3094.6823

REASSIGNING VELOCITIES AT STEP 95000 TO 145 KELVIN.
TIMING: 95000  CPU: 462.738, 0.00487108/step  Wall: 463.614, 0.00487828/step, 0.210037 hours remaining, 0.000000 MB of memory in use.
PERFORMANCE: 95000  averaging 35.4142 ns/day, 0.0048794 sec/step with standard deviation 1.3972e-05
ENERGY:   95000       219.9136       716.2926      1395.1022        12.2414        -639669.4773     52499.5335        64.6836         0.0000     23910.5352        -560851.1753       144.4093   -584761.7104   -560697.3408       142.6668          -3097.6252     -3050.6030    922752.0000     -3097.1519     -3097.1463

WRITING COORDINATES TO DCD FILE heat.dcd AT STEP 95000
REASSIGNING VELOCITIES AT STEP 96000 TO 146 KELVIN.
TIMING: 96000  CPU: 467.609, 0.00487141/step  Wall: 468.494, 0.00487972/step, 0.208744 hours remaining, 0.000000 MB of memory in use.
PERFORMANCE: 96000  averaging 35.4142 ns/day, 0.0048794 sec/step with standard deviation 1.38984e-05
ENERGY:   96000       210.1860       715.1999      1400.5352        13.2649        -639340.4994     52336.6729        65.5725         0.0000     24293.0106        -560306.0574       146.7193   -584599.0679   -559999.0387       143.4195          -3138.3541     -3085.7355    922752.0000     -3091.9602     -3091.9480

LDB: ============= START OF LOAD BALANCING ============== 470.869
LDB: ============== END OF LOAD BALANCING =============== 470.869
Info: useSync: 0 useProxySync: 0
LDB: =============== DONE WITH MIGRATION ================ 470.869
LDB: ============= START OF LOAD BALANCING ============== 471.357
LDB: TIME 471.357 LOAD: AVG 0.382465 MAX 0.425773  PROXIES: TOTAL 320 MAXPE 40 MAXPATCH 3 None MEM: 0 MB
LDB: TIME 471.358 LOAD: AVG 0.382465 MAX 0.425773  PROXIES: TOTAL 320 MAXPE 40 MAXPATCH 3 RefineTorusLB MEM: 0 MB
LDB: TIME 471.358 LOAD: AVG 0.382465 MAX 0.425773  PROXIES: TOTAL 320 MAXPE 40 MAXPATCH 3 RefineTorusLB MEM: 0 MB
LDB: ============== END OF LOAD BALANCING =============== 471.358
Info: useSync: 0 useProxySync: 0
LDB: =============== DONE WITH MIGRATION ================ 471.358
REASSIGNING VELOCITIES AT STEP 97000 TO 147 KELVIN.
TIMING: 97000  CPU: 472.489, 0.00487999/step  Wall: 473.382, 0.00488814/step, 0.207746 hours remaining, 0.000000 MB of memory in use.
PERFORMANCE: 97000  averaging 35.4135 ns/day, 0.00487949 sec/step with standard deviation 1.38543e-05
ENERGY:   97000       217.6662       726.2270      1402.7624        15.3714        -639247.2147     52538.9104        69.0937         0.0000     24357.4548        -559919.7288       147.1085   -584277.1836   -559685.7803       145.0226          -3059.0866     -3011.3431    922752.0000     -3095.1935     -3095.1907

REASSIGNING VELOCITIES AT STEP 98000 TO 148 KELVIN.
TIMING: 98000  CPU: 477.361, 0.00487173/step  Wall: 478.262, 0.00487979/step, 0.206035 hours remaining, 0.000000 MB of memory in use.
PERFORMANCE: 98000  averaging 35.4135 ns/day, 0.00487949 sec/step with standard deviation 1.37827e-05
ENERGY:   98000       209.9648       739.2850      1406.8690        16.1336        -638882.8011     52341.5556        67.1225         0.0000     24540.5686        -559561.3021       148.2144   -584101.8707   -559343.3242       146.2253          -3084.6297     -3040.6568    922752.0000     -3053.0320     -3053.0264

REASSIGNING VELOCITIES AT STEP 99000 TO 149 KELVIN.
TIMING: 99000  CPU: 482.237, 0.00487597/step  Wall: 483.147, 0.00488522/step, 0.204908 hours remaining, 0.000000 MB of memory in use.
PERFORMANCE: 99000  averaging 35.4131 ns/day, 0.00487955 sec/step with standard deviation 1.37242e-05
ENERGY:   99000       211.6966       728.0855      1410.7449        12.3819        -638509.8083     52154.3115        64.6904         0.0000     24634.5341        -559293.3634       148.7820   -583927.8975   -559113.4905       147.2843          -3120.8387     -3073.3361    922752.0000     -3045.6366     -3045.6282

WRITING COORDINATES TO DCD FILE heat.dcd AT STEP 100000
WRITING COORDINATES TO RESTART FILE AT STEP 100000
FINISHED WRITING RESTART COORDINATES
REASSIGNING VELOCITIES AT STEP 100000 TO 150 KELVIN.
TIMING: 100000  CPU: 487.124, 0.00488682/step  Wall: 488.047, 0.00490017/step, 0.204174 hours remaining, 0.000000 MB of memory in use.
PERFORMANCE: 100000  averaging 35.4116 ns/day, 0.00487976 sec/step with standard deviation 1.38096e-05
ETITLE:      TS           BOND          ANGLE          DIHED          IMPRP               ELECT            VDW       BOUNDARY           MISC        KINETIC               TOTAL           TEMP      POTENTIAL         TOTAL3        TEMPAVG            PRESSURE      GPRESSURE         VOLUME       PRESSAVG      GPRESSAVG

ENERGY:  100000       205.2532       728.2080      1400.2932        12.2282        -638492.2623     52355.6225        62.3412         0.0000     24797.8614        -558930.4546       149.7684   -583728.3160   -558699.7544       148.1208          -3047.3990     -3001.7599    922752.0000     -3043.0103     -3043.0078

WRITING EXTENDED SYSTEM TO RESTART FILE AT STEP 100000
WRITING VELOCITIES TO RESTART FILE AT STEP 100000
FINISHED WRITING RESTART VELOCITIES
LDB: ============= START OF LOAD BALANCING ============== 490.43
LDB: ============== END OF LOAD BALANCING =============== 490.43
Info: useSync: 0 useProxySync: 0
LDB: =============== DONE WITH MIGRATION ================ 490.43
LDB: ============= START OF LOAD BALANCING ============== 490.918
LDB: TIME 490.918 LOAD: AVG 0.383544 MAX 0.424456  PROXIES: TOTAL 320 MAXPE 40 MAXPATCH 3 None MEM: 0 MB
LDB: TIME 490.918 LOAD: AVG 0.383544 MAX 0.424456  PROXIES: TOTAL 320 MAXPE 40 MAXPATCH 3 RefineTorusLB MEM: 0 MB
LDB: TIME 490.918 LOAD: AVG 0.383544 MAX 0.424456  PROXIES: TOTAL 320 MAXPE 40 MAXPATCH 3 RefineTorusLB MEM: 0 MB
LDB: Reverting to original mapping
LDB: ============== END OF LOAD BALANCING =============== 490.918
Info: useSync: 0 useProxySync: 0
LDB: =============== DONE WITH MIGRATION ================ 490.919
REASSIGNING VELOCITIES AT STEP 101000 TO 151 KELVIN.
TIMING: 101000  CPU: 491.992, 0.00486896/step  Wall: 492.933, 0.0048857/step, 0.202214 hours remaining, 0.000000 MB of memory in use.
PERFORMANCE: 101000  averaging 35.4112 ns/day, 0.00487982 sec/step with standard deviation 1.37531e-05
ENERGY:  101000       224.4367       731.5788      1394.0207        12.0782        -638113.2416     52040.9339        60.5519         0.0000     25160.6173        -558489.0242       151.9593   -583649.6415   -558223.8457       149.3526          -3117.8236     -3073.9236    922752.0000     -3019.5973     -3019.5921

REASSIGNING VELOCITIES AT STEP 102000 TO 152 KELVIN.
TIMING: 102000  CPU: 496.859, 0.00486679/step  Wall: 497.809, 0.00487601/step, 0.200458 hours remaining, 0.000000 MB of memory in use.
PERFORMANCE: 102000  averaging 35.4114 ns/day, 0.00487978 sec/step with standard deviation 1.369e-05
ENERGY:  102000       215.2010       737.4076      1399.4687        18.2388        -638085.1226     52243.5239        64.2648         0.0000     25139.5194        -558267.4983       151.8319   -583407.0177   -558099.7868       150.6002          -3061.2376     -3014.7406    922752.0000     -3014.1997     -3014.1934

REASSIGNING VELOCITIES AT STEP 103000 TO 153 KELVIN.
TIMING: 103000  CPU: 501.729, 0.0048699/step  Wall: 502.687, 0.00487788/step, 0.19918 hours remaining, 0.000000 MB of memory in use.
PERFORMANCE: 103000  averaging 35.4116 ns/day, 0.00487976 sec/step with standard deviation 1.3624e-05
ENERGY:  103000       223.1040       723.0070      1408.7717        17.2357        -637766.3133     51967.3395        63.5112         0.0000     25333.0924        -558030.2519       153.0009   -583363.3443   -557857.7268       151.2411          -3091.4099     -3045.5287    922752.0000     -3048.3550     -3048.3527

REASSIGNING VELOCITIES AT STEP 104000 TO 154 KELVIN.
TIMING: 104000  CPU: 506.595, 0.00486606/step  Wall: 507.565, 0.0048779/step, 0.197826 hours remaining, 0.000000 MB of memory in use.
PERFORMANCE: 104000  averaging 35.4117 ns/day, 0.00487974 sec/step with standard deviation 1.35589e-05
ENERGY:  104000       205.8152       742.6219      1399.5424        12.8531        -637424.0391     51872.4452        65.9230         0.0000     25501.1162        -557623.7220       154.0157   -583124.8383   -557369.3414       151.9722          -3084.3614     -3035.8567    922752.0000     -3072.8082     -3072.8012

LDB: ============= START OF LOAD BALANCING ============== 509.942
LDB: ============== END OF LOAD BALANCING =============== 509.942
Info: useSync: 0 useProxySync: 0
LDB: =============== DONE WITH MIGRATION ================ 509.942
LDB: ============= START OF LOAD BALANCING ============== 510.429
LDB: TIME 510.429 LOAD: AVG 0.38236 MAX 0.425063  PROXIES: TOTAL 320 MAXPE 40 MAXPATCH 3 None MEM: 0 MB
LDB: TIME 510.43 LOAD: AVG 0.38236 MAX 0.425063  PROXIES: TOTAL 320 MAXPE 40 MAXPATCH 3 RefineTorusLB MEM: 0 MB
LDB: TIME 510.43 LOAD: AVG 0.38236 MAX 0.425063  PROXIES: TOTAL 320 MAXPE 40 MAXPATCH 3 RefineTorusLB MEM: 0 MB
LDB: Reverting to original mapping
LDB: ============== END OF LOAD BALANCING =============== 510.43
Info: useSync: 0 useProxySync: 0
LDB: =============== DONE WITH MIGRATION ================ 510.43
REASSIGNING VELOCITIES AT STEP 105000 TO 155 KELVIN.
TIMING: 105000  CPU: 511.477, 0.00488226/step  Wall: 512.457, 0.00489208/step, 0.197042 hours remaining, 0.000000 MB of memory in use.
PERFORMANCE: 105000  averaging 35.4108 ns/day, 0.00487986 sec/step with standard deviation 1.35472e-05
ENERGY:  105000       228.2244       742.9469      1404.2108        14.6625        -637162.0044     51810.6641        65.0824         0.0000     25682.3446        -557213.8686       155.1103   -582896.2133   -556972.5132       153.2324          -3094.9105     -3050.1085    922752.0000     -3074.5104     -3074.5068

WRITING COORDINATES TO DCD FILE heat.dcd AT STEP 105000
REASSIGNING VELOCITIES AT STEP 106000 TO 156 KELVIN.
TIMING: 106000  CPU: 516.367, 0.00488998/step  Wall: 517.354, 0.00489729/step, 0.195892 hours remaining, 0.000000 MB of memory in use.
PERFORMANCE: 106000  averaging 35.4097 ns/day, 0.00488003 sec/step with standard deviation 1.35884e-05
ENERGY:  106000       225.8431       723.3599      1401.0149        16.7082        -636827.2619     51634.6379        60.1479         0.0000     25739.6603        -557025.8897       155.4564   -582765.5500   -556879.1778       154.5902          -3111.4568     -3067.1056    922752.0000     -3029.9345     -3029.9310

REASSIGNING VELOCITIES AT STEP 107000 TO 157 KELVIN.
TIMING: 107000  CPU: 521.247, 0.00487911/step  Wall: 522.245, 0.00489069/step, 0.194269 hours remaining, 0.000000 MB of memory in use.
PERFORMANCE: 107000  averaging 35.4089 ns/day, 0.00488013 sec/step with standard deviation 1.35634e-05
ENERGY:  107000       218.3158       721.8811      1406.4473        12.3091        -636498.8812     51392.4274        65.4476         0.0000     25989.0298        -556693.0230       156.9625   -582682.0529   -556483.6396       155.1660          -3162.4435     -3112.9724    922752.0000     -3076.0085     -3076.0012

REASSIGNING VELOCITIES AT STEP 108000 TO 158 KELVIN.
TIMING: 108000  CPU: 526.13, 0.00488324/step  Wall: 527.135, 0.00488971/step, 0.192872 hours remaining, 0.000000 MB of memory in use.
PERFORMANCE: 108000  averaging 35.4083 ns/day, 0.00488021 sec/step with standard deviation 1.35313e-05
ENERGY:  108000       232.3256       729.7053      1389.2458        11.6612        -636757.5633     51642.1597        65.6864         0.0000     26328.6386        -556358.1407       159.0136   -582686.7794   -556140.5805       156.1903          -3102.6023     -3055.7666    922752.0000     -3032.7333     -3032.7307

LDB: ============= START OF LOAD BALANCING ============== 529.512
LDB: ============== END OF LOAD BALANCING =============== 529.512
Info: useSync: 0 useProxySync: 0
LDB: =============== DONE WITH MIGRATION ================ 529.512
LDB: ============= START OF LOAD BALANCING ============== 530.004
LDB: TIME 530.004 LOAD: AVG 0.383287 MAX 0.42663  PROXIES: TOTAL 320 MAXPE 40 MAXPATCH 3 None MEM: 0 MB
LDB: TIME 530.004 LOAD: AVG 0.383287 MAX 0.42663  PROXIES: TOTAL 320 MAXPE 40 MAXPATCH 3 RefineTorusLB MEM: 0 MB
LDB: TIME 530.004 LOAD: AVG 0.383287 MAX 0.42663  PROXIES: TOTAL 320 MAXPE 40 MAXPATCH 3 RefineTorusLB MEM: 0 MB
LDB: Reverting to original mapping
LDB: ============== END OF LOAD BALANCING =============== 530.004
Info: useSync: 0 useProxySync: 0
LDB: =============== DONE WITH MIGRATION ================ 530.005
REASSIGNING VELOCITIES AT STEP 109000 TO 159 KELVIN.
TIMING: 109000  CPU: 531.014, 0.00488457/step  Wall: 532.027, 0.00489231/step, 0.191615 hours remaining, 0.000000 MB of memory in use.
PERFORMANCE: 109000  averaging 35.4075 ns/day, 0.00488032 sec/step with standard deviation 1.35182e-05
ENERGY:  109000       235.5152       756.0827      1402.6389        13.1319        -636388.7233     51592.4444        61.2787         0.0000     26357.6829        -555969.9486       159.1890   -582327.6314   -555735.9605       157.2307          -3057.9095     -3011.2156    922752.0000     -3017.8464     -3017.8438

REASSIGNING VELOCITIES AT STEP 110000 TO 160 KELVIN.
TIMING: 110000  CPU: 535.884, 0.00486947/step  Wall: 536.905, 0.00487847/step, 0.189718 hours remaining, 0.000000 MB of memory in use.
PERFORMANCE: 110000  averaging 35.4076 ns/day, 0.00488031 sec/step with standard deviation 1.34573e-05
ETITLE:      TS           BOND          ANGLE          DIHED          IMPRP               ELECT            VDW       BOUNDARY           MISC        KINETIC               TOTAL           TEMP      POTENTIAL         TOTAL3        TEMPAVG            PRESSURE      GPRESSURE         VOLUME       PRESSAVG      GPRESSAVG

ENERGY:  110000       222.5175       724.9722      1400.0002        12.9034        -636003.4767     51272.5209        65.1556         0.0000     26528.2118        -555777.1952       160.2190   -582305.4071   -555627.0775       158.4387          -3161.4523     -3117.8649    922752.0000     -3051.8259     -3051.8256

WRITING EXTENDED SYSTEM TO RESTART FILE AT STEP 110000
WRITING COORDINATES TO DCD FILE heat.dcd AT STEP 110000
WRITING COORDINATES TO RESTART FILE AT STEP 110000
FINISHED WRITING RESTART COORDINATES
WRITING VELOCITIES TO RESTART FILE AT STEP 110000
FINISHED WRITING RESTART VELOCITIES
REASSIGNING VELOCITIES AT STEP 111000 TO 161 KELVIN.
TIMING: 111000  CPU: 540.759, 0.00487507/step  Wall: 541.802, 0.00489653/step, 0.18906 hours remaining, 0.000000 MB of memory in use.
PERFORMANCE: 111000  averaging 35.4065 ns/day, 0.00488045 sec/step with standard deviation 1.34841e-05
ENERGY:  111000       223.4036       757.4193      1397.5699        15.6896        -635937.9565     51344.1382        64.5387         0.0000     26620.3530        -555514.8443       160.7754   -582135.1973   -555339.1428       159.0557          -3111.3482     -3069.3077    922752.0000     -3110.4707     -3110.4668

REASSIGNING VELOCITIES AT STEP 112000 TO 162 KELVIN.
TIMING: 112000  CPU: 545.616, 0.0048567/step  Wall: 546.663, 0.00486099/step, 0.186338 hours remaining, 0.000000 MB of memory in use.
PERFORMANCE: 112000  averaging 35.4078 ns/day, 0.00488028 sec/step with standard deviation 1.35486e-05
ENERGY:  112000       227.2666       740.2125      1397.6848        15.1327        -635760.6857     51334.2504        67.9124         0.0000     26760.7400        -555217.4863       161.6233   -581978.2263   -555023.8005       159.7428          -3082.0868     -3031.2378    922752.0000     -3055.7040     -3055.6945

LDB: ============= START OF LOAD BALANCING ============== 549.036
LDB: ============== END OF LOAD BALANCING =============== 549.036
Info: useSync: 0 useProxySync: 0
LDB: =============== DONE WITH MIGRATION ================ 549.036
LDB: ============= START OF LOAD BALANCING ============== 549.522
LDB: TIME 549.522 LOAD: AVG 0.383117 MAX 0.42444  PROXIES: TOTAL 320 MAXPE 40 MAXPATCH 3 None MEM: 0 MB
LDB: TIME 549.523 LOAD: AVG 0.383117 MAX 0.42444  PROXIES: TOTAL 320 MAXPE 40 MAXPATCH 3 RefineTorusLB MEM: 0 MB
LDB: TIME 549.523 LOAD: AVG 0.383117 MAX 0.42444  PROXIES: TOTAL 320 MAXPE 40 MAXPATCH 3 RefineTorusLB MEM: 0 MB
LDB: ============== END OF LOAD BALANCING =============== 549.523
Info: useSync: 0 useProxySync: 0
LDB: =============== DONE WITH MIGRATION ================ 549.523
REASSIGNING VELOCITIES AT STEP 113000 TO 163 KELVIN.
TIMING: 113000  CPU: 550.48, 0.00486437/step  Wall: 551.538, 0.00487487/step, 0.185516 hours remaining, 0.000000 MB of memory in use.
PERFORMANCE: 113000  averaging 35.4082 ns/day, 0.00488023 sec/step with standard deviation 1.34976e-05
ENERGY:  113000       227.1781       745.4985      1392.4282        12.2499        -635248.5146     51153.0392        59.2140         0.0000     27025.6751        -554633.2315       163.2234   -581658.9067   -554302.1499       160.5763          -3114.6198     -3066.0353    922752.0000     -3060.3772     -3060.3732

REASSIGNING VELOCITIES AT STEP 114000 TO 164 KELVIN.
TIMING: 114000  CPU: 555.344, 0.00486403/step  Wall: 556.407, 0.00486906/step, 0.183942 hours remaining, 0.000000 MB of memory in use.
PERFORMANCE: 114000  averaging 35.4089 ns/day, 0.00488013 sec/step with standard deviation 1.34785e-05
ENERGY:  114000       235.5413       735.3585      1396.7083        16.2185        -635286.0078     51232.1851        64.4617         0.0000     27133.4593        -554472.0750       163.8744   -581605.5343   -554329.2093       162.1879          -3064.9395     -3021.3020    922752.0000     -3041.6707     -3041.6690

REASSIGNING VELOCITIES AT STEP 115000 TO 165 KELVIN.
TIMING: 115000  CPU: 560.216, 0.00487217/step  Wall: 561.288, 0.00488102/step, 0.183038 hours remaining, 0.000000 MB of memory in use.
PERFORMANCE: 115000  averaging 35.4088 ns/day, 0.00488014 sec/step with standard deviation 1.34195e-05
ENERGY:  115000       219.7946       742.0553      1405.3008        14.5573        -634992.4989     51119.5525        62.2602         0.0000     27249.3620        -554179.6161       164.5744   -581428.9782   -553976.7558       162.5879          -3058.5919     -3016.7456    922752.0000     -3044.0776     -3044.0757

WRITING COORDINATES TO DCD FILE heat.dcd AT STEP 115000
REASSIGNING VELOCITIES AT STEP 116000 TO 166 KELVIN.
TIMING: 116000  CPU: 565.084, 0.0048679/step  Wall: 566.164, 0.00487652/step, 0.181515 hours remaining, 0.000000 MB of memory in use.
PERFORMANCE: 116000  averaging 35.409 ns/day, 0.00488011 sec/step with standard deviation 1.33652e-05
ENERGY:  116000       220.8155       768.5300      1403.5380        13.6923        -634573.5236     50824.2027        64.3737         0.0000     27420.5973        -553857.7741       165.6086   -581278.3714   -553641.0100       163.3766          -3127.7544     -3083.3083    922752.0000     -3095.3025     -3095.2941

LDB: ============= START OF LOAD BALANCING ============== 568.54
LDB: ============== END OF LOAD BALANCING =============== 568.54
Info: useSync: 0 useProxySync: 0
LDB: =============== DONE WITH MIGRATION ================ 568.54
LDB: ============= START OF LOAD BALANCING ============== 569.029
LDB: TIME 569.029 LOAD: AVG 0.383304 MAX 0.426425  PROXIES: TOTAL 320 MAXPE 40 MAXPATCH 3 None MEM: 0 MB
LDB: TIME 569.03 LOAD: AVG 0.383304 MAX 0.426425  PROXIES: TOTAL 320 MAXPE 40 MAXPATCH 3 RefineTorusLB MEM: 0 MB
LDB: TIME 569.03 LOAD: AVG 0.383304 MAX 0.426425  PROXIES: TOTAL 320 MAXPE 40 MAXPATCH 3 RefineTorusLB MEM: 0 MB
LDB: Reverting to original mapping
LDB: ============== END OF LOAD BALANCING =============== 569.03
Info: useSync: 0 useProxySync: 0
LDB: =============== DONE WITH MIGRATION ================ 569.03
REASSIGNING VELOCITIES AT STEP 117000 TO 167 KELVIN.
TIMING: 117000  CPU: 569.96, 0.00487613/step  Wall: 571.047, 0.00488281/step, 0.180393 hours remaining, 0.000000 MB of memory in use.
PERFORMANCE: 117000  averaging 35.4089 ns/day, 0.00488013 sec/step with standard deviation 1.33099e-05
ENERGY:  117000       231.9978       742.2379      1413.8471        13.5133        -634397.6743     50801.5616        61.8245         0.0000     27662.7866        -553469.9055       167.0713   -581132.6922   -553221.0120       164.3425          -3169.4431     -3122.3284    922752.0000     -3067.7133     -3067.7070

REASSIGNING VELOCITIES AT STEP 118000 TO 168 KELVIN.
TIMING: 118000  CPU: 574.845, 0.00488467/step  Wall: 575.942, 0.00489439/step, 0.179461 hours remaining, 0.000000 MB of memory in use.
PERFORMANCE: 118000  averaging 35.408 ns/day, 0.00488025 sec/step with standard deviation 1.33177e-05
ENERGY:  118000       219.6776       738.2794      1405.8350        16.3981        -634016.8500     50765.1628        65.0538         0.0000     27779.6168        -553026.8264       167.7769   -580806.4432   -552749.2378       165.2943          -3095.5745     -3048.3162    922752.0000     -3039.9587     -3039.9541

REASSIGNING VELOCITIES AT STEP 119000 TO 169 KELVIN.
TIMING: 119000  CPU: 579.725, 0.00488025/step  Wall: 580.829, 0.00488703/step, 0.177833 hours remaining, 0.000000 MB of memory in use.
PERFORMANCE: 119000  averaging 35.4076 ns/day, 0.00488031 sec/step with standard deviation 1.32757e-05
ENERGY:  119000       241.8622       755.1291      1395.4340        15.2544        -633595.5198     50555.4571        62.8309         0.0000     28061.3486        -552508.2035       169.4784   -580569.5521   -552208.9455       166.5965          -3167.9151     -3124.4866    922752.0000     -3063.9980     -3063.9933

REASSIGNING VELOCITIES AT STEP 120000 TO 170 KELVIN.
TIMING: 120000  CPU: 584.606, 0.00488039/step  Wall: 585.716, 0.00488763/step, 0.176498 hours remaining, 0.000000 MB of memory in use.
PERFORMANCE: 120000  averaging 35.4071 ns/day, 0.00488037 sec/step with standard deviation 1.32366e-05
ETITLE:      TS           BOND          ANGLE          DIHED          IMPRP               ELECT            VDW       BOUNDARY           MISC        KINETIC               TOTAL           TEMP      POTENTIAL         TOTAL3        TEMPAVG            PRESSURE      GPRESSURE         VOLUME       PRESSAVG      GPRESSAVG

ENERGY:  120000       227.1111       765.4041      1411.0429        15.2939        -633104.5332     50302.1699        57.3451         0.0000     28204.9951        -552121.1710       170.3460   -580326.1661   -551880.8674       168.1307          -3144.6597     -3100.2194    922752.0000     -3071.3221     -3071.3137

WRITING EXTENDED SYSTEM TO RESTART FILE AT STEP 120000
WRITING COORDINATES TO DCD FILE heat.dcd AT STEP 120000
WRITING COORDINATES TO RESTART FILE AT STEP 120000
FINISHED WRITING RESTART COORDINATES
WRITING VELOCITIES TO RESTART FILE AT STEP 120000
FINISHED WRITING RESTART VELOCITIES
LDB: ============= START OF LOAD BALANCING ============== 588.122
LDB: ============== END OF LOAD BALANCING =============== 588.122
Info: useSync: 0 useProxySync: 0
LDB: =============== DONE WITH MIGRATION ================ 588.122
LDB: ============= START OF LOAD BALANCING ============== 588.614
LDB: TIME 588.614 LOAD: AVG 0.384136 MAX 0.427484  PROXIES: TOTAL 320 MAXPE 40 MAXPATCH 3 None MEM: 0 MB
LDB: TIME 588.614 LOAD: AVG 0.384136 MAX 0.427484  PROXIES: TOTAL 320 MAXPE 40 MAXPATCH 3 RefineTorusLB MEM: 0 MB
LDB: TIME 588.614 LOAD: AVG 0.384136 MAX 0.427484  PROXIES: TOTAL 320 MAXPE 40 MAXPATCH 3 RefineTorusLB MEM: 0 MB
LDB: ============== END OF LOAD BALANCING =============== 588.615
Info: useSync: 0 useProxySync: 0
LDB: =============== DONE WITH MIGRATION ================ 588.615
REASSIGNING VELOCITIES AT STEP 121000 TO 171 KELVIN.
TIMING: 121000  CPU: 589.513, 0.00490753/step  Wall: 590.646, 0.00492923/step, 0.176631 hours remaining, 0.000000 MB of memory in use.
PERFORMANCE: 121000  averaging 35.4042 ns/day, 0.00488078 sec/step with standard deviation 1.39096e-05
ENERGY:  121000       246.8603       750.2759      1409.6978        14.2833        -632903.7293     50511.1103        60.0607         0.0000     28319.0050        -551592.4360       171.0346   -579911.4410   -551279.4385       169.1358          -3121.8919     -3073.0812    922752.0000     -3061.6923     -3061.6800

REASSIGNING VELOCITIES AT STEP 122000 TO 172 KELVIN.
TIMING: 122000  CPU: 594.417, 0.00490358/step  Wall: 595.554, 0.00490873/step, 0.174533 hours remaining, 0.000000 MB of memory in use.
PERFORMANCE: 122000  averaging 35.4025 ns/day, 0.00488101 sec/step with standard deviation 1.40813e-05
ENERGY:  122000       233.2038       765.8225      1404.1886        15.0363        -633052.0965     50675.5665        57.1361         0.0000     28307.1649        -551593.9779       170.9631   -579901.1428   -551527.3467       170.3424          -3057.0458     -3015.1214    922752.0000     -3047.4462     -3047.4455

REASSIGNING VELOCITIES AT STEP 123000 TO 173 KELVIN.
TIMING: 123000  CPU: 599.305, 0.00488822/step  Wall: 600.451, 0.00489633/step, 0.172732 hours remaining, 0.000000 MB of memory in use.
PERFORMANCE: 123000  averaging 35.4016 ns/day, 0.00488113 sec/step with standard deviation 1.40914e-05
ENERGY:  123000       224.5262       752.6607      1396.0579        16.7939        -632817.0797     50605.7209        59.4547         0.0000     28680.2777        -551081.5877       173.2165   -579761.8655   -550781.8477       170.4224          -3035.4821     -2988.5392    922752.0000     -3020.4502     -3020.4430

REASSIGNING VELOCITIES AT STEP 124000 TO 174 KELVIN.
TIMING: 124000  CPU: 604.189, 0.00488445/step  Wall: 605.343, 0.00489203/step, 0.171221 hours remaining, 0.000000 MB of memory in use.
PERFORMANCE: 124000  averaging 35.401 ns/day, 0.00488122 sec/step with standard deviation 1.4068e-05
ENERGY:  124000       238.8768       757.0111      1415.4124        22.0823        -632212.8086     50196.6310        64.1422         0.0000     28916.4736        -550602.1792       174.6430   -579518.6528   -550313.8248       171.8614          -3096.5725     -3054.7513    922752.0000     -3041.9531     -3041.9495

LDB: ============= START OF LOAD BALANCING ============== 607.721
LDB: ============== END OF LOAD BALANCING =============== 607.721
Info: useSync: 0 useProxySync: 0
LDB: =============== DONE WITH MIGRATION ================ 607.721
LDB: ============= START OF LOAD BALANCING ============== 608.212
LDB: TIME 608.212 LOAD: AVG 0.382971 MAX 0.427911  PROXIES: TOTAL 320 MAXPE 40 MAXPATCH 3 None MEM: 0 MB
LDB: TIME 608.212 LOAD: AVG 0.382971 MAX 0.427911  PROXIES: TOTAL 320 MAXPE 40 MAXPATCH 3 RefineTorusLB MEM: 0 MB
LDB: TIME 608.212 LOAD: AVG 0.382971 MAX 0.427911  PROXIES: TOTAL 320 MAXPE 40 MAXPATCH 3 RefineTorusLB MEM: 0 MB
LDB: ============== END OF LOAD BALANCING =============== 608.212
Info: useSync: 0 useProxySync: 0
LDB: =============== DONE WITH MIGRATION ================ 608.213
REASSIGNING VELOCITIES AT STEP 125000 TO 175 KELVIN.
TIMING: 125000  CPU: 609.082, 0.00489269/step  Wall: 610.244, 0.00490168/step, 0.170197 hours remaining, 0.000000 MB of memory in use.
PERFORMANCE: 125000  averaging 35.3998 ns/day, 0.00488138 sec/step with standard deviation 1.41302e-05
ENERGY:  125000       232.7277       753.1292      1398.5088        17.7786        -631777.9691     50264.3717        64.2028         0.0000     29086.9007        -549960.3497       175.6723   -579047.2504   -549590.5597       173.0374          -3036.2910     -2988.8183    922752.0000     -3035.9026     -3035.8915

WRITING COORDINATES TO DCD FILE heat.dcd AT STEP 125000
REASSIGNING VELOCITIES AT STEP 126000 TO 176 KELVIN.
TIMING: 126000  CPU: 613.978, 0.00489569/step  Wall: 615.149, 0.0049042/step, 0.168922 hours remaining, 0.000000 MB of memory in use.
PERFORMANCE: 126000  averaging 35.3985 ns/day, 0.00488156 sec/step with standard deviation 1.42196e-05
ENERGY:  126000       242.2899       772.7453      1401.3758        13.6042        -631491.4776     50192.0055        66.2568         0.0000     29169.4582        -549633.7419       176.1709   -578803.2001   -549420.2818       174.6899          -3019.9020     -2981.1832    922752.0000     -3015.5758     -3015.5776

REASSIGNING VELOCITIES AT STEP 127000 TO 177 KELVIN.
TIMING: 127000  CPU: 618.881, 0.00490366/step  Wall: 620.059, 0.00491034/step, 0.16777 hours remaining, 0.000000 MB of memory in use.
PERFORMANCE: 127000  averaging 35.3969 ns/day, 0.00488179 sec/step with standard deviation 1.43914e-05
ENERGY:  127000       242.1561       789.5326      1404.5344        15.2289        -631136.8759     49890.5748        58.1493         0.0000     29246.0056        -549490.6943       176.6333   -578736.6998   -549362.4250       175.5450          -3084.0458     -3043.3037    922752.0000     -3010.7927     -3010.7897

REASSIGNING VELOCITIES AT STEP 128000 TO 178 KELVIN.
TIMING: 128000  CPU: 623.784, 0.00490276/step  Wall: 624.968, 0.00490931/step, 0.166371 hours remaining, 0.000000 MB of memory in use.
PERFORMANCE: 128000  averaging 35.3953 ns/day, 0.004882 sec/step with standard deviation 1.45395e-05
ENERGY:  128000       235.7443       749.6218      1410.9030        13.4782        -631103.2360     50157.9701        57.1713         0.0000     29324.3138        -549154.0336       177.1062   -578478.3473   -548936.6281       176.0021          -3028.4150     -2984.2488    922752.0000     -3018.0737     -3018.0682

LDB: ============= START OF LOAD BALANCING ============== 627.353
LDB: ============== END OF LOAD BALANCING =============== 627.353
Info: useSync: 0 useProxySync: 0
LDB: =============== DONE WITH MIGRATION ================ 627.353
LDB: ============= START OF LOAD BALANCING ============== 627.846
LDB: TIME 627.846 LOAD: AVG 0.383709 MAX 0.427713  PROXIES: TOTAL 320 MAXPE 40 MAXPATCH 3 None MEM: 0 MB
LDB: TIME 627.846 LOAD: AVG 0.383709 MAX 0.427713  PROXIES: TOTAL 320 MAXPE 40 MAXPATCH 3 RefineTorusLB MEM: 0 MB
LDB: TIME 627.846 LOAD: AVG 0.383709 MAX 0.427713  PROXIES: TOTAL 320 MAXPE 40 MAXPATCH 3 RefineTorusLB MEM: 0 MB
LDB: Reverting to original mapping
LDB: ============== END OF LOAD BALANCING =============== 627.846
Info: useSync: 0 useProxySync: 0
LDB: =============== DONE WITH MIGRATION ================ 627.846
REASSIGNING VELOCITIES AT STEP 129000 TO 179 KELVIN.
TIMING: 129000  CPU: 628.695, 0.00491077/step  Wall: 629.883, 0.00491509/step, 0.165202 hours remaining, 0.000000 MB of memory in use.
PERFORMANCE: 129000  averaging 35.3934 ns/day, 0.00488226 sec/step with standard deviation 1.47726e-05
ENERGY:  129000       230.7311       763.9917      1404.1449        13.0023        -630935.3394     50123.3089        58.6279         0.0000     29503.3034        -548838.2292       178.1872   -578341.5326   -548622.0542       176.8743          -3028.4910     -2984.4445    922752.0000     -2996.0169     -2996.0121

WRITING COORDINATES TO DCD FILE heat.dcd AT STEP 130000
WRITING COORDINATES TO RESTART FILE AT STEP 130000
FINISHED WRITING RESTART COORDINATES
REASSIGNING VELOCITIES AT STEP 130000 TO 180 KELVIN.
TIMING: 130000  CPU: 633.62, 0.00492521/step  Wall: 634.819, 0.00493568/step, 0.164523 hours remaining, 0.000000 MB of memory in use.
PERFORMANCE: 130000  averaging 35.3905 ns/day, 0.00488267 sec/step with standard deviation 1.5443e-05
ETITLE:      TS           BOND          ANGLE          DIHED          IMPRP               ELECT            VDW       BOUNDARY           MISC        KINETIC               TOTAL           TEMP      POTENTIAL         TOTAL3        TEMPAVG            PRESSURE      GPRESSURE         VOLUME       PRESSAVG      GPRESSAVG

ENERGY:  130000       229.9546       801.0339      1398.5547        16.1555        -630175.6718     49538.2130        64.9571         0.0000     29929.3279        -548197.4751       180.7602   -578126.8030   -547843.3980       177.6304          -3193.9742     -3148.3470    922752.0000     -3039.0453     -3039.0401

WRITING EXTENDED SYSTEM TO RESTART FILE AT STEP 130000
WRITING VELOCITIES TO RESTART FILE AT STEP 130000
FINISHED WRITING RESTART VELOCITIES
REASSIGNING VELOCITIES AT STEP 131000 TO 181 KELVIN.
TIMING: 131000  CPU: 638.522, 0.00490162/step  Wall: 639.735, 0.0049161/step, 0.162504 hours remaining, 0.000000 MB of memory in use.
PERFORMANCE: 131000  averaging 35.3886 ns/day, 0.00488293 sec/step with standard deviation 1.56583e-05
ENERGY:  131000       227.6795       744.5290      1403.9642        16.9723        -630292.9867     49934.0512        62.5404         0.0000     30049.5935        -547853.6565       181.4866   -577903.2501   -547632.6158       179.1470          -2973.1532     -2928.5893    922752.0000     -3038.7087     -3038.7016

REASSIGNING VELOCITIES AT STEP 132000 TO 182 KELVIN.
TIMING: 132000  CPU: 643.43, 0.0049087/step  Wall: 644.654, 0.00491875/step, 0.161226 hours remaining, 0.000000 MB of memory in use.
PERFORMANCE: 132000  averaging 35.3866 ns/day, 0.0048832 sec/step with standard deviation 1.5907e-05
ENERGY:  132000       251.7223       787.0191      1407.5370        12.5365        -629964.4478     49750.7643        62.6106         0.0000     30061.4537        -547630.8043       181.5582   -577692.2580   -547462.5221       180.2678          -3059.5597     -3017.0939    922752.0000     -3018.0729     -3018.0656

LDB: ============= START OF LOAD BALANCING ============== 647.034
LDB: ============== END OF LOAD BALANCING =============== 647.034
Info: useSync: 0 useProxySync: 0
LDB: =============== DONE WITH MIGRATION ================ 647.034
LDB: ============= START OF LOAD BALANCING ============== 647.526
LDB: TIME 647.527 LOAD: AVG 0.383963 MAX 0.427395  PROXIES: TOTAL 320 MAXPE 40 MAXPATCH 3 None MEM: 0 MB
LDB: TIME 647.527 LOAD: AVG 0.383963 MAX 0.427395  PROXIES: TOTAL 320 MAXPE 40 MAXPATCH 3 RefineTorusLB MEM: 0 MB
LDB: TIME 647.527 LOAD: AVG 0.383963 MAX 0.427395  PROXIES: TOTAL 320 MAXPE 40 MAXPATCH 3 RefineTorusLB MEM: 0 MB
LDB: ============== END OF LOAD BALANCING =============== 647.527
Info: useSync: 0 useProxySync: 0
LDB: =============== DONE WITH MIGRATION ================ 647.527
REASSIGNING VELOCITIES AT STEP 133000 TO 183 KELVIN.
TIMING: 133000  CPU: 648.332, 0.00490175/step  Wall: 649.56, 0.00490594/step, 0.159443 hours remaining, 0.000000 MB of memory in use.
PERFORMANCE: 133000  averaging 35.3854 ns/day, 0.00488337 sec/step with standard deviation 1.59689e-05
ENERGY:  133000       249.4410       813.7831      1399.9105        17.9234        -629399.9914     49337.8622        55.6148         0.0000     30151.0216        -547374.4350       182.0992   -577525.4566   -547195.7141       180.8484          -3128.3913     -3085.6810    922752.0000     -3026.4422     -3026.4385

REASSIGNING VELOCITIES AT STEP 134000 TO 184 KELVIN.
TIMING: 134000  CPU: 653.235, 0.00490308/step  Wall: 654.47, 0.00491021/step, 0.158218 hours remaining, 0.000000 MB of memory in use.
PERFORMANCE: 134000  averaging 35.384 ns/day, 0.00488357 sec/step with standard deviation 1.60769e-05
ENERGY:  134000       252.2388       785.0065      1406.7774        15.4382        -629653.5190     49750.5456        62.8726         0.0000     30335.7127        -547044.9273       183.2146   -577380.6400   -546810.1978       181.6248          -3004.1872     -2962.4465    922752.0000     -3033.1054     -3033.1023

REASSIGNING VELOCITIES AT STEP 135000 TO 185 KELVIN.
TIMING: 135000  CPU: 658.138, 0.00490277/step  Wall: 659.378, 0.00490782/step, 0.156778 hours remaining, 0.000000 MB of memory in use.
PERFORMANCE: 135000  averaging 35.3827 ns/day, 0.00488375 sec/step with standard deviation 1.61522e-05
ENERGY:  135000       254.4754       775.2345      1406.3322        15.8409        -629502.8511     49623.6333        60.8253         0.0000     30555.6719        -546810.8376       184.5431   -577366.5096   -546638.5442       182.3159          -3026.6694     -2985.4878    922752.0000     -3006.9093     -3006.9075

WRITING COORDINATES TO DCD FILE heat.dcd AT STEP 135000
REASSIGNING VELOCITIES AT STEP 136000 TO 186 KELVIN.
TIMING: 136000  CPU: 663.052, 0.00491405/step  Wall: 664.294, 0.00491633/step, 0.155684 hours remaining, 0.000000 MB of memory in use.
PERFORMANCE: 136000  averaging 35.3809 ns/day, 0.00488399 sec/step with standard deviation 1.6333e-05
ENERGY:  136000       231.2692       785.3581      1412.0502        15.2515        -628985.2140     49388.2300        62.4631         0.0000     30762.4594        -546328.1325       185.7920   -577090.5919   -546039.7147       183.0013          -3040.9194     -2999.4038    922752.0000     -2979.4202     -2979.4181

LDB: ============= START OF LOAD BALANCING ============== 666.678
LDB: ============== END OF LOAD BALANCING =============== 666.678
Info: useSync: 0 useProxySync: 0
LDB: =============== DONE WITH MIGRATION ================ 666.678
LDB: ============= START OF LOAD BALANCING ============== 667.17
LDB: TIME 667.17 LOAD: AVG 0.384037 MAX 0.428076  PROXIES: TOTAL 320 MAXPE 40 MAXPATCH 3 None MEM: 0 MB
LDB: TIME 667.17 LOAD: AVG 0.384037 MAX 0.428076  PROXIES: TOTAL 320 MAXPE 40 MAXPATCH 3 RefineTorusLB MEM: 0 MB
LDB: TIME 667.17 LOAD: AVG 0.384037 MAX 0.428076  PROXIES: TOTAL 320 MAXPE 40 MAXPATCH 3 RefineTorusLB MEM: 0 MB
LDB: ============== END OF LOAD BALANCING =============== 667.17
Info: useSync: 0 useProxySync: 0
LDB: =============== DONE WITH MIGRATION ================ 667.171
REASSIGNING VELOCITIES AT STEP 137000 TO 187 KELVIN.
TIMING: 137000  CPU: 667.955, 0.00490303/step  Wall: 669.203, 0.00490892/step, 0.154085 hours remaining, 0.000000 MB of memory in use.
PERFORMANCE: 137000  averaging 35.3796 ns/day, 0.00488417 sec/step with standard deviation 1.64116e-05
ENERGY:  137000       253.3550       781.1250      1404.8220        18.6541        -628827.3294     49298.5856        58.6060         0.0000     30953.3239        -546058.8576       186.9447   -577012.1815   -545860.2301       184.1473          -3079.8315     -3041.3652    922752.0000     -2995.7960     -2995.7953

REASSIGNING VELOCITIES AT STEP 138000 TO 188 KELVIN.
TIMING: 138000  CPU: 672.862, 0.00490687/step  Wall: 674.118, 0.00491468/step, 0.152901 hours remaining, 0.000000 MB of memory in use.
PERFORMANCE: 138000  averaging 35.378 ns/day, 0.00488439 sec/step with standard deviation 1.65566e-05
ENERGY:  138000       225.5452       799.4421      1394.9408        15.6831        -628311.2434     49202.7430        69.4799         0.0000     31198.2701        -545405.1392       188.4241   -576603.4093   -545042.1569       184.7341          -3068.3339     -3019.2238    922752.0000     -3008.7710     -3008.7622

REASSIGNING VELOCITIES AT STEP 139000 TO 189 KELVIN.
TIMING: 139000  CPU: 677.789, 0.00492688/step  Wall: 679.048, 0.00493042/step, 0.152021 hours remaining, 0.000000 MB of memory in use.
PERFORMANCE: 139000  averaging 35.3756 ns/day, 0.00488472 sec/step with standard deviation 1.69523e-05
ENERGY:  139000       257.1166       788.5567      1405.7004        20.1655        -627998.4100     49224.1814        58.3220         0.0000     31486.3681        -544757.9993       190.1641   -576244.3673   -544384.5109       186.5124          -3024.6971     -2976.0937    922752.0000     -2952.8680     -2952.8572

WRITING COORDINATES TO DCD FILE heat.dcd AT STEP 140000
WRITING COORDINATES TO RESTART FILE AT STEP 140000
FINISHED WRITING RESTART COORDINATES
REASSIGNING VELOCITIES AT STEP 140000 TO 190 KELVIN.
TIMING: 140000  CPU: 682.729, 0.00494048/step  Wall: 684, 0.0049521/step, 0.151314 hours remaining, 0.000000 MB of memory in use.
PERFORMANCE: 140000  averaging 35.3721 ns/day, 0.0048852 sec/step with standard deviation 1.78252e-05
ETITLE:      TS           BOND          ANGLE          DIHED          IMPRP               ELECT            VDW       BOUNDARY           MISC        KINETIC               TOTAL           TEMP      POTENTIAL         TOTAL3        TEMPAVG            PRESSURE      GPRESSURE         VOLUME       PRESSAVG      GPRESSAVG

ENERGY:  140000       255.1570       807.9013      1412.8354        15.1686        -627611.7040     49174.2094        66.7337         0.0000     31428.8444        -544450.8542       189.8167   -575879.6987   -544243.3215       187.9252          -3001.0967     -2956.7293    922752.0000     -2948.1454     -2948.1398

WRITING EXTENDED SYSTEM TO RESTART FILE AT STEP 140000
WRITING VELOCITIES TO RESTART FILE AT STEP 140000
FINISHED WRITING RESTART VELOCITIES
LDB: ============= START OF LOAD BALANCING ============== 686.396
LDB: ============== END OF LOAD BALANCING =============== 686.396
Info: useSync: 0 useProxySync: 0
LDB: =============== DONE WITH MIGRATION ================ 686.396
LDB: ============= START OF LOAD BALANCING ============== 686.89
LDB: TIME 686.89 LOAD: AVG 0.384261 MAX 0.428429  PROXIES: TOTAL 320 MAXPE 40 MAXPATCH 3 None MEM: 0 MB
LDB: TIME 686.89 LOAD: AVG 0.384261 MAX 0.428429  PROXIES: TOTAL 320 MAXPE 40 MAXPATCH 3 RefineTorusLB MEM: 0 MB
LDB: TIME 686.89 LOAD: AVG 0.384261 MAX 0.428429  PROXIES: TOTAL 320 MAXPE 40 MAXPATCH 3 RefineTorusLB MEM: 0 MB
LDB: ============== END OF LOAD BALANCING =============== 686.89
Info: useSync: 0 useProxySync: 0
LDB: =============== DONE WITH MIGRATION ================ 686.89
REASSIGNING VELOCITIES AT STEP 141000 TO 191 KELVIN.
TIMING: 141000  CPU: 687.649, 0.0049196/step  Wall: 688.935, 0.00493467/step, 0.149411 hours remaining, 0.000000 MB of memory in use.
PERFORMANCE: 141000  averaging 35.3696 ns/day, 0.00488556 sec/step with standard deviation 1.82434e-05
ENERGY:  141000       247.6215       806.0128      1414.6067        15.9205        -627121.7329     48921.0818        59.2438         0.0000     31708.7204        -543948.5254       191.5070   -575657.2458   -543641.3200       188.5792          -3058.2206     -3015.6215    922752.0000     -2949.0404     -2949.0382

REASSIGNING VELOCITIES AT STEP 142000 TO 192 KELVIN.
TIMING: 142000  CPU: 692.549, 0.0049001/step  Wall: 693.844, 0.00490946/step, 0.147284 hours remaining, 0.000000 MB of memory in use.
PERFORMANCE: 142000  averaging 35.3684 ns/day, 0.00488572 sec/step with standard deviation 1.82889e-05
ENERGY:  142000       255.4904       765.3046      1409.2444        16.4451        -626882.9008     49027.5026        59.2543         0.0000     32020.1832        -543329.4761       193.3881   -575349.6593   -542961.9814       189.7845          -2976.5091     -2926.9284    922752.0000     -2927.3488     -2927.3371

REASSIGNING VELOCITIES AT STEP 143000 TO 193 KELVIN.
TIMING: 143000  CPU: 697.454, 0.00490453/step  Wall: 698.757, 0.00491312/step, 0.146029 hours remaining, 0.000000 MB of memory in use.
PERFORMANCE: 143000  averaging 35.367 ns/day, 0.00488592 sec/step with standard deviation 1.83679e-05
ENERGY:  143000       251.1683       801.4035      1408.9913        18.2708        -626532.6784     49053.3721        62.6951         0.0000     31943.1659        -542993.6113       192.9229   -574936.7773   -542775.9705       191.1677          -2947.2090     -2905.9461    922752.0000     -2924.1388     -2924.1363

REASSIGNING VELOCITIES AT STEP 144000 TO 194 KELVIN.
TIMING: 144000  CPU: 702.37, 0.00491659/step  Wall: 703.679, 0.0049211/step, 0.144899 hours remaining, 0.000000 MB of memory in use.
PERFORMANCE: 144000  averaging 35.3652 ns/day, 0.00488616 sec/step with standard deviation 1.85368e-05
ENERGY:  144000       264.6817       777.3097      1415.7437        17.7315        -626039.3964     48806.1499        59.1510         0.0000     32173.2214        -542525.4076       194.3124   -574698.6290   -542235.9749       191.7953          -2930.6646     -2888.2505    922752.0000     -2934.1553     -2934.1482

LDB: ============= START OF LOAD BALANCING ============== 706.064
LDB: ============== END OF LOAD BALANCING =============== 706.064
Info: useSync: 0 useProxySync: 0
LDB: =============== DONE WITH MIGRATION ================ 706.064
LDB: ============= START OF LOAD BALANCING ============== 706.556
LDB: TIME 706.556 LOAD: AVG 0.385488 MAX 0.427218  PROXIES: TOTAL 320 MAXPE 40 MAXPATCH 3 None MEM: 0 MB
LDB: TIME 706.556 LOAD: AVG 0.385488 MAX 0.427218  PROXIES: TOTAL 320 MAXPE 40 MAXPATCH 3 RefineTorusLB MEM: 0 MB
LDB: TIME 706.556 LOAD: AVG 0.385488 MAX 0.427218  PROXIES: TOTAL 320 MAXPE 40 MAXPATCH 3 RefineTorusLB MEM: 0 MB
LDB: ============== END OF LOAD BALANCING =============== 706.556
Info: useSync: 0 useProxySync: 0
LDB: =============== DONE WITH MIGRATION ================ 706.556
REASSIGNING VELOCITIES AT STEP 145000 TO 195 KELVIN.
TIMING: 145000  CPU: 707.279, 0.0049086/step  Wall: 708.597, 0.00491828/step, 0.14345 hours remaining, 0.000000 MB of memory in use.
PERFORMANCE: 145000  averaging 35.3636 ns/day, 0.00488638 sec/step with standard deviation 1.86639e-05
ENERGY:  145000       255.8866       784.8011      1423.0059        17.5855        -625167.3774     48323.3204        64.2991         0.0000     32367.1256        -541931.3531       195.4835   -574298.4787   -541576.5714       192.6723          -3021.6977     -2983.3928    922752.0000     -2927.2103     -2927.2082

WRITING COORDINATES TO DCD FILE heat.dcd AT STEP 145000
REASSIGNING VELOCITIES AT STEP 146000 TO 196 KELVIN.
TIMING: 146000  CPU: 712.199, 0.00492043/step  Wall: 713.523, 0.00492594/step, 0.142305 hours remaining, 0.000000 MB of memory in use.
PERFORMANCE: 146000  averaging 35.3616 ns/day, 0.00488665 sec/step with standard deviation 1.88854e-05
ENERGY:  146000       260.6704       781.3754      1410.9433        14.4646        -624827.6058     48418.1937        58.4940         0.0000     32519.0091        -541364.4554       196.4008   -573883.4645   -541022.3943       193.7654          -3012.0059     -2969.4258    922752.0000     -2961.8555     -2961.8499

REASSIGNING VELOCITIES AT STEP 147000 TO 197 KELVIN.
TIMING: 147000  CPU: 717.1, 0.00490054/step  Wall: 718.43, 0.00490751/step, 0.140409 hours remaining, 0.000000 MB of memory in use.
PERFORMANCE: 147000  averaging 35.3606 ns/day, 0.00488679 sec/step with standard deviation 1.8899e-05
ENERGY:  147000       270.0746       815.6129      1420.9469        21.8071        -624445.6569     48248.9338        66.1730         0.0000     32713.5486        -540888.5602       197.5757   -573602.1088   -540591.2664       195.2408          -3006.2669     -2961.5202    922752.0000     -2945.8633     -2945.8537

REASSIGNING VELOCITIES AT STEP 148000 TO 198 KELVIN.
TIMING: 148000  CPU: 722.004, 0.0049045/step  Wall: 723.346, 0.00491528/step, 0.139266 hours remaining, 0.000000 MB of memory in use.
PERFORMANCE: 148000  averaging 35.3592 ns/day, 0.00488699 sec/step with standard deviation 1.89796e-05
ENERGY:  148000       280.1699       809.1288      1409.1415        20.7193        -624231.1979     48196.7292        62.4684         0.0000     32715.8031        -540737.0377       197.5893   -573452.8408   -540589.5678       196.2473          -2932.5336     -2893.8217    922752.0000     -2925.6768     -2925.6738

LDB: ============= START OF LOAD BALANCING ============== 725.732
LDB: ============== END OF LOAD BALANCING =============== 725.732
Info: useSync: 0 useProxySync: 0
LDB: =============== DONE WITH MIGRATION ================ 725.732
LDB: ============= START OF LOAD BALANCING ============== 726.223
LDB: TIME 726.224 LOAD: AVG 0.383964 MAX 0.426597  PROXIES: TOTAL 320 MAXPE 40 MAXPATCH 3 None MEM: 0 MB
LDB: TIME 726.224 LOAD: AVG 0.383964 MAX 0.426597  PROXIES: TOTAL 320 MAXPE 40 MAXPATCH 3 RefineTorusLB MEM: 0 MB
LDB: TIME 726.224 LOAD: AVG 0.383964 MAX 0.426597  PROXIES: TOTAL 320 MAXPE 40 MAXPATCH 3 RefineTorusLB MEM: 0 MB
LDB: ============== END OF LOAD BALANCING =============== 726.224
Info: useSync: 0 useProxySync: 0
LDB: =============== DONE WITH MIGRATION ================ 726.224
REASSIGNING VELOCITIES AT STEP 149000 TO 199 KELVIN.
TIMING: 149000  CPU: 726.921, 0.00491678/step  Wall: 728.267, 0.00492145/step, 0.138074 hours remaining, 0.000000 MB of memory in use.
PERFORMANCE: 149000  averaging 35.3575 ns/day, 0.00488722 sec/step with standard deviation 1.9125e-05
ENERGY:  149000       276.2770       799.1661      1426.4258        14.0728        -624030.6122     48233.5241        62.9514         0.0000     33115.9447        -540102.2503       200.0060   -573218.1950   -539737.0217       196.6166          -2940.9048     -2900.0725    922752.0000     -2903.8864     -2903.8777

REASSIGNING VELOCITIES AT STEP 150000 TO 200 KELVIN.
TIMING: 150000  CPU: 731.85, 0.0049287/step  Wall: 733.202, 0.00493527/step, 0.137091 hours remaining, 0.000000 MB of memory in use.
PERFORMANCE: 150000  averaging 35.3552 ns/day, 0.00488754 sec/step with standard deviation 1.94602e-05
ETITLE:      TS           BOND          ANGLE          DIHED          IMPRP               ELECT            VDW       BOUNDARY           MISC        KINETIC               TOTAL           TEMP      POTENTIAL         TOTAL3        TEMPAVG            PRESSURE      GPRESSURE         VOLUME       PRESSAVG      GPRESSAVG

ENERGY:  150000       250.1417       822.2619      1417.2285        19.7244        -623216.9736     47852.4458        59.2694         0.0000     33188.0871        -539607.8147       200.4417   -572795.9019   -539321.1246       198.1038          -3023.4466     -2977.5570    922752.0000     -2890.3060     -2890.2928

WRITING EXTENDED SYSTEM TO RESTART FILE AT STEP 150000
WRITING COORDINATES TO DCD FILE heat.dcd AT STEP 150000
WRITING COORDINATES TO RESTART FILE AT STEP 150000
FINISHED WRITING RESTART COORDINATES
WRITING VELOCITIES TO RESTART FILE AT STEP 150000
FINISHED WRITING RESTART VELOCITIES
REASSIGNING VELOCITIES AT STEP 151000 TO 201 KELVIN.
TIMING: 151000  CPU: 736.789, 0.00493951/step  Wall: 738.166, 0.0049635/step, 0.136496 hours remaining, 0.000000 MB of memory in use.
PERFORMANCE: 151000  averaging 35.3516 ns/day, 0.00488804 sec/step with standard deviation 2.03567e-05
ENERGY:  151000       262.3979       794.8772      1416.9953        19.5655        -623068.2139     48044.3022        62.0189         0.0000     33291.3968        -539176.6601       201.0657   -572468.0569   -538897.8938       198.8909          -2894.2661     -2856.1030    922752.0000     -2892.2512     -2892.2502

REASSIGNING VELOCITIES AT STEP 152000 TO 202 KELVIN.
TIMING: 152000  CPU: 741.706, 0.00491642/step  Wall: 743.086, 0.00492046/step, 0.133946 hours remaining, 0.000000 MB of memory in use.
PERFORMANCE: 152000  averaging 35.35 ns/day, 0.00488825 sec/step with standard deviation 2.04589e-05
ENERGY:  152000       273.6715       786.2223      1413.1621        19.2510        -622690.8668     47823.9603        58.8138         0.0000     33347.8858        -538967.8999       201.4068   -572315.7857   -538798.1710       199.8385          -2914.4340     -2870.7956    922752.0000     -2848.4306     -2848.4195

LDB: ============= START OF LOAD BALANCING ============== 745.469
LDB: ============== END OF LOAD BALANCING =============== 745.469
Info: useSync: 0 useProxySync: 0
LDB: =============== DONE WITH MIGRATION ================ 745.47
LDB: ============= START OF LOAD BALANCING ============== 745.961
LDB: TIME 745.961 LOAD: AVG 0.38457 MAX 0.426465  PROXIES: TOTAL 320 MAXPE 40 MAXPATCH 3 None MEM: 0 MB
LDB: TIME 745.961 LOAD: AVG 0.38457 MAX 0.426465  PROXIES: TOTAL 320 MAXPE 40 MAXPATCH 3 RefineTorusLB MEM: 0 MB
LDB: TIME 745.961 LOAD: AVG 0.38457 MAX 0.426465  PROXIES: TOTAL 320 MAXPE 40 MAXPATCH 3 RefineTorusLB MEM: 0 MB
LDB: Reverting to original mapping
LDB: ============== END OF LOAD BALANCING =============== 745.961
Info: useSync: 0 useProxySync: 0
LDB: =============== DONE WITH MIGRATION ================ 745.962
REASSIGNING VELOCITIES AT STEP 153000 TO 203 KELVIN.
TIMING: 153000  CPU: 746.614, 0.00490879/step  Wall: 748.002, 0.00491605/step, 0.13246 hours remaining, 0.000000 MB of memory in use.
PERFORMANCE: 153000  averaging 35.3487 ns/day, 0.00488844 sec/step with standard deviation 2.05149e-05
ENERGY:  153000       248.8598       811.2550      1408.7370        15.0751        -622742.2202     48083.5979        59.1791         0.0000     33747.8219        -538367.6943       203.8223   -572115.5162   -538019.3466       200.2956          -2828.5420     -2783.1721    922752.0000     -2786.6931     -2786.6860

REASSIGNING VELOCITIES AT STEP 154000 TO 204 KELVIN.
TIMING: 154000  CPU: 751.54, 0.00492521/step  Wall: 752.938, 0.00493533/step, 0.131609 hours remaining, 0.000000 MB of memory in use.
PERFORMANCE: 154000  averaging 35.3465 ns/day, 0.00488874 sec/step with standard deviation 2.07941e-05
ENERGY:  154000       250.6267       820.6393      1421.4322        19.5162        -622177.5688     47858.8927        59.4340         0.0000     33595.9503        -538151.0775       202.9050   -571747.0278   -537960.2468       201.4705          -2839.4157     -2798.9889    922752.0000     -2827.8303     -2827.8261

REASSIGNING VELOCITIES AT STEP 155000 TO 205 KELVIN.
TIMING: 155000  CPU: 756.47, 0.00493067/step  Wall: 757.872, 0.00493428/step, 0.13021 hours remaining, 0.000000 MB of memory in use.
PERFORMANCE: 155000  averaging 35.3444 ns/day, 0.00488903 sec/step with standard deviation 2.10467e-05
ENERGY:  155000       279.4054       786.5762      1421.1177        18.3032        -621720.5491     47572.9716        68.2800         0.0000     34028.2114        -537545.6835       205.5157   -571573.8949   -537185.2780       201.7078          -2817.3777     -2771.6916    922752.0000     -2793.3403     -2793.3301

WRITING COORDINATES TO DCD FILE heat.dcd AT STEP 155000
REASSIGNING VELOCITIES AT STEP 156000 TO 206 KELVIN.
TIMING: 156000  CPU: 761.401, 0.00493104/step  Wall: 762.808, 0.00493645/step, 0.128896 hours remaining, 0.000000 MB of memory in use.
PERFORMANCE: 156000  averaging 35.3422 ns/day, 0.00488934 sec/step with standard deviation 2.13195e-05
ENERGY:  156000       279.0849       794.2027      1419.3100        15.4234        -621245.1277     47680.9497        59.1123         0.0000     34162.1711        -536834.8736       206.3248   -570997.0447   -536429.2754       202.8828          -2744.0574     -2696.1275    922752.0000     -2799.1644     -2799.1543

LDB: ============= START OF LOAD BALANCING ============== 765.198
LDB: ============== END OF LOAD BALANCING =============== 765.198
Info: useSync: 0 useProxySync: 0
LDB: =============== DONE WITH MIGRATION ================ 765.198
LDB: ============= START OF LOAD BALANCING ============== 765.691
LDB: TIME 765.691 LOAD: AVG 0.384673 MAX 0.428056  PROXIES: TOTAL 320 MAXPE 40 MAXPATCH 3 None MEM: 0 MB
LDB: TIME 765.691 LOAD: AVG 0.384673 MAX 0.428056  PROXIES: TOTAL 320 MAXPE 40 MAXPATCH 3 RefineTorusLB MEM: 0 MB
LDB: TIME 765.691 LOAD: AVG 0.384673 MAX 0.428056  PROXIES: TOTAL 320 MAXPE 40 MAXPATCH 3 RefineTorusLB MEM: 0 MB
LDB: Reverting to original mapping
LDB: ============== END OF LOAD BALANCING =============== 765.691
Info: useSync: 0 useProxySync: 0
LDB: =============== DONE WITH MIGRATION ================ 765.692
REASSIGNING VELOCITIES AT STEP 157000 TO 207 KELVIN.
TIMING: 157000  CPU: 766.328, 0.00492689/step  Wall: 767.739, 0.00493094/step, 0.127383 hours remaining, 0.000000 MB of memory in use.
PERFORMANCE: 157000  averaging 35.3403 ns/day, 0.0048896 sec/step with standard deviation 2.15089e-05
ENERGY:  157000       274.4390       810.8182      1414.1574        16.5435        -620513.1830     47183.8681        56.0690         0.0000     34317.6079        -536439.6798       207.2635   -570757.2877   -536162.5109       204.4002          -2855.5301     -2818.0512    922752.0000     -2789.0708     -2789.0692

REASSIGNING VELOCITIES AT STEP 158000 TO 208 KELVIN.
TIMING: 158000  CPU: 771.255, 0.00492649/step  Wall: 772.673, 0.00493389/step, 0.126088 hours remaining, 0.000000 MB of memory in use.
PERFORMANCE: 158000  averaging 35.3383 ns/day, 0.00488988 sec/step with standard deviation 2.17278e-05
ENERGY:  158000       269.3815       823.8861      1420.1526        14.0142        -620151.7493     47399.1466        69.4030         0.0000     34590.8649        -535564.9002       208.9139   -570155.7652   -535088.6309       204.6179          -2775.8106     -2730.3032    922752.0000     -2769.0013     -2768.9897

REASSIGNING VELOCITIES AT STEP 159000 TO 209 KELVIN.
TIMING: 159000  CPU: 776.193, 0.00493868/step  Wall: 777.617, 0.00494399/step, 0.124973 hours remaining, 0.000000 MB of memory in use.
PERFORMANCE: 159000  averaging 35.3358 ns/day, 0.00489022 sec/step with standard deviation 2.20798e-05
ENERGY:  159000       279.1377       835.7246      1419.9035        20.3630        -619500.2620     47286.4643        62.9551         0.0000     34667.6959        -534928.0179       209.3779   -569595.7137   -534558.9358       206.3077          -2692.4323     -2645.2423    922752.0000     -2733.2282     -2733.2171

REASSIGNING VELOCITIES AT STEP 160000 TO 210 KELVIN.
TIMING: 160000  CPU: 781.132, 0.00493812/step  Wall: 782.559, 0.0049419/step, 0.123547 hours remaining, 0.000000 MB of memory in use.
PERFORMANCE: 160000  averaging 35.3335 ns/day, 0.00489055 sec/step with standard deviation 2.23862e-05
ETITLE:      TS           BOND          ANGLE          DIHED          IMPRP               ELECT            VDW       BOUNDARY           MISC        KINETIC               TOTAL           TEMP      POTENTIAL         TOTAL3        TEMPAVG            PRESSURE      GPRESSURE         VOLUME       PRESSAVG      GPRESSAVG

ENERGY:  160000       260.6348       794.9720      1407.7549        16.5236        -618897.7011     47089.1242        58.2092         0.0000     34785.6833        -534484.7991       210.0905   -569270.4824   -534197.9595       207.7578          -2674.1744     -2631.2752    922752.0000     -2691.6290     -2691.6238

WRITING EXTENDED SYSTEM TO RESTART FILE AT STEP 160000
WRITING COORDINATES TO DCD FILE heat.dcd AT STEP 160000
WRITING COORDINATES TO RESTART FILE AT STEP 160000
FINISHED WRITING RESTART COORDINATES
WRITING VELOCITIES TO RESTART FILE AT STEP 160000
FINISHED WRITING RESTART VELOCITIES
LDB: ============= START OF LOAD BALANCING ============== 784.978
LDB: ============== END OF LOAD BALANCING =============== 784.978
Info: useSync: 0 useProxySync: 0
LDB: =============== DONE WITH MIGRATION ================ 784.978
LDB: ============= START OF LOAD BALANCING ============== 785.473
LDB: TIME 785.473 LOAD: AVG 0.3841 MAX 0.430004  PROXIES: TOTAL 320 MAXPE 40 MAXPATCH 3 None MEM: 0 MB
LDB: TIME 785.473 LOAD: AVG 0.3841 MAX 0.430004  PROXIES: TOTAL 320 MAXPE 40 MAXPATCH 3 RefineTorusLB MEM: 0 MB
LDB: TIME 785.473 LOAD: AVG 0.3841 MAX 0.430004  PROXIES: TOTAL 320 MAXPE 40 MAXPATCH 3 RefineTorusLB MEM: 0 MB
LDB: ============== END OF LOAD BALANCING =============== 785.473
Info: useSync: 0 useProxySync: 0
LDB: =============== DONE WITH MIGRATION ================ 785.473
REASSIGNING VELOCITIES AT STEP 161000 TO 211 KELVIN.
TIMING: 161000  CPU: 786.078, 0.0049465/step  Wall: 787.527, 0.00496835/step, 0.122829 hours remaining, 0.000000 MB of memory in use.
PERFORMANCE: 161000  averaging 35.33 ns/day, 0.00489103 sec/step with standard deviation 2.31433e-05
ENERGY:  161000       267.8881       817.3880      1427.1658        18.2667        -618697.3764     47091.8336        64.1195         0.0000     35005.9690        -534004.7457       211.4209   -569010.7147   -533707.4066       208.5992          -2681.1013     -2639.9378    922752.0000     -2675.0506     -2675.0467

REASSIGNING VELOCITIES AT STEP 162000 TO 212 KELVIN.
TIMING: 162000  CPU: 791.006, 0.00492828/step  Wall: 792.464, 0.00493612/step, 0.120661 hours remaining, 0.000000 MB of memory in use.
PERFORMANCE: 162000  averaging 35.328 ns/day, 0.00489131 sec/step with standard deviation 2.33417e-05
ENERGY:  162000       264.5573       831.7227      1412.8468        20.8461        -617896.6383     46694.2684        63.1472         0.0000     35218.8444        -533390.4053       212.7066   -568609.2497   -533018.9810       209.2844          -2662.7330     -2615.8927    922752.0000     -2711.6704     -2711.6609

REASSIGNING VELOCITIES AT STEP 163000 TO 213 KELVIN.
TIMING: 163000  CPU: 795.951, 0.00494483/step  Wall: 797.417, 0.00495368/step, 0.119714 hours remaining, 0.000000 MB of memory in use.
PERFORMANCE: 163000  averaging 35.3252 ns/day, 0.00489169 sec/step with standard deviation 2.37769e-05
ENERGY:  163000       287.9450       836.7387      1420.4069        15.9059        -617890.2754     46936.2655        60.3021         0.0000     35271.4364        -533061.2749       213.0243   -568332.7113   -532822.8829       210.9958          -2659.9192     -2620.3796    922752.0000     -2587.7510     -2587.7478

REASSIGNING VELOCITIES AT STEP 164000 TO 214 KELVIN.
TIMING: 164000  CPU: 800.895, 0.00494428/step  Wall: 802.367, 0.00494983/step, 0.118246 hours remaining, 0.000000 MB of memory in use.
PERFORMANCE: 164000  averaging 35.3226 ns/day, 0.00489205 sec/step with standard deviation 2.41347e-05
ENERGY:  164000       266.9589       840.6126      1425.9457        17.8114        -617034.5367     46401.5388        58.0740         0.0000     35214.0574        -532809.5380       212.6777   -568023.5953   -532622.1696       211.3509          -2708.3326     -2671.5505    922752.0000     -2649.2602     -2649.2560

LDB: ============= START OF LOAD BALANCING ============== 804.758
LDB: ============== END OF LOAD BALANCING =============== 804.758
Info: useSync: 0 useProxySync: 0
LDB: =============== DONE WITH MIGRATION ================ 804.758
LDB: ============= START OF LOAD BALANCING ============== 805.251
LDB: TIME 805.251 LOAD: AVG 0.384156 MAX 0.427304  PROXIES: TOTAL 320 MAXPE 40 MAXPATCH 3 None MEM: 0 MB
LDB: TIME 805.251 LOAD: AVG 0.384156 MAX 0.427304  PROXIES: TOTAL 320 MAXPE 40 MAXPATCH 3 RefineTorusLB MEM: 0 MB
LDB: TIME 805.251 LOAD: AVG 0.384156 MAX 0.427304  PROXIES: TOTAL 320 MAXPE 40 MAXPATCH 3 RefineTorusLB MEM: 0 MB
LDB: ============== END OF LOAD BALANCING =============== 805.251
Info: useSync: 0 useProxySync: 0
LDB: =============== DONE WITH MIGRATION ================ 805.252
REASSIGNING VELOCITIES AT STEP 165000 TO 215 KELVIN.
TIMING: 165000  CPU: 805.816, 0.00492032/step  Wall: 807.294, 0.00492734/step, 0.11634 hours remaining, 0.000000 MB of memory in use.
PERFORMANCE: 165000  averaging 35.3211 ns/day, 0.00489226 sec/step with standard deviation 2.42173e-05
ENERGY:  165000       287.5459       817.1564      1422.0220        20.2590        -616966.4688     46559.6913        67.6284         0.0000     35503.4820        -532288.6838       214.4257   -567792.1658   -531987.0154       211.4304          -2614.4667     -2574.0367    922752.0000     -2609.9692     -2609.9626

WRITING COORDINATES TO DCD FILE heat.dcd AT STEP 165000
REASSIGNING VELOCITIES AT STEP 166000 TO 216 KELVIN.
TIMING: 166000  CPU: 810.761, 0.00494479/step  Wall: 812.248, 0.00495387/step, 0.11559 hours remaining, 0.000000 MB of memory in use.
PERFORMANCE: 166000  averaging 35.3184 ns/day, 0.00489263 sec/step with standard deviation 2.46128e-05
ENERGY:  166000       279.0529       838.6692      1416.9029        20.3946        -616605.0474     46580.9988        58.3393         0.0000     35931.2144        -531479.4753       217.0090   -567410.6898   -531011.3653       212.5001          -2591.3041     -2545.7579    922752.0000     -2566.9852     -2566.9755

REASSIGNING VELOCITIES AT STEP 167000 TO 217 KELVIN.
TIMING: 167000  CPU: 815.697, 0.00493623/step  Wall: 817.193, 0.00494427/step, 0.113993 hours remaining, 0.000000 MB of memory in use.
PERFORMANCE: 167000  averaging 35.3162 ns/day, 0.00489294 sec/step with standard deviation 2.48618e-05
ENERGY:  167000       271.5450       828.8163      1417.2075        18.2141        -615740.4370     46140.9694        66.5187         0.0000     35910.8677        -531086.2983       216.8861   -566997.1660   -530812.0235       213.8899          -2606.2384     -2563.3991    922752.0000     -2543.7345     -2543.7266

REASSIGNING VELOCITIES AT STEP 168000 TO 218 KELVIN.
TIMING: 168000  CPU: 820.637, 0.00494075/step  Wall: 822.14, 0.00494749/step, 0.112693 hours remaining, 0.000000 MB of memory in use.
PERFORMANCE: 168000  averaging 35.3138 ns/day, 0.00489326 sec/step with standard deviation 2.5142e-05
ENERGY:  168000       280.1463       807.0746      1418.3494        18.7005        -615884.6960     46762.6514        55.5571         0.0000     36355.9089        -530186.3078       219.5740   -566542.2167   -529695.2879       214.4743          -2361.1726     -2313.4106    922752.0000     -2499.5320     -2499.5210

LDB: ============= START OF LOAD BALANCING ============== 824.536
LDB: ============== END OF LOAD BALANCING =============== 824.536
Info: useSync: 0 useProxySync: 0
LDB: =============== DONE WITH MIGRATION ================ 824.536
LDB: ============= START OF LOAD BALANCING ============== 825.031
LDB: TIME 825.032 LOAD: AVG 0.385975 MAX 0.431362  PROXIES: TOTAL 320 MAXPE 40 MAXPATCH 3 None MEM: 0 MB
LDB: TIME 825.032 LOAD: AVG 0.385975 MAX 0.431362  PROXIES: TOTAL 320 MAXPE 40 MAXPATCH 3 RefineTorusLB MEM: 0 MB
LDB: TIME 825.032 LOAD: AVG 0.385975 MAX 0.431362  PROXIES: TOTAL 320 MAXPE 40 MAXPATCH 3 RefineTorusLB MEM: 0 MB
LDB: ============== END OF LOAD BALANCING =============== 825.032
Info: useSync: 0 useProxySync: 0
LDB: =============== DONE WITH MIGRATION ================ 825.032
REASSIGNING VELOCITIES AT STEP 169000 TO 219 KELVIN.
TIMING: 169000  CPU: 825.586, 0.00494883/step  Wall: 827.095, 0.00495544/step, 0.111497 hours remaining, 0.000000 MB of memory in use.
PERFORMANCE: 169000  averaging 35.3112 ns/day, 0.00489363 sec/step with standard deviation 2.55192e-05
ENERGY:  169000       276.0614       828.7039      1421.7927        22.3654        -614992.5770     46313.9891        59.8651         0.0000     36236.0770        -529833.7224       218.8503   -566069.7994   -529609.6106       216.4276          -2420.6902     -2381.3985    922752.0000     -2469.9984     -2469.9947

REASSIGNING VELOCITIES AT STEP 170000 TO 220 KELVIN.
TIMING: 170000  CPU: 830.544, 0.00495741/step  Wall: 832.061, 0.00496545/step, 0.110343 hours remaining, 0.000000 MB of memory in use.
PERFORMANCE: 170000  averaging 35.3081 ns/day, 0.00489405 sec/step with standard deviation 2.60329e-05
ETITLE:      TS           BOND          ANGLE          DIHED          IMPRP               ELECT            VDW       BOUNDARY           MISC        KINETIC               TOTAL           TEMP      POTENTIAL         TOTAL3        TEMPAVG            PRESSURE      GPRESSURE         VOLUME       PRESSAVG      GPRESSAVG

ENERGY:  170000       273.3041       824.9749      1416.4084        16.9930        -614527.1400     46143.8386        66.6314         0.0000     36348.7636        -529436.2259       219.5308   -565784.9895   -529161.9605       217.5469          -2399.9955     -2359.2550    922752.0000     -2423.5621     -2423.5551

WRITING EXTENDED SYSTEM TO RESTART FILE AT STEP 170000
WRITING COORDINATES TO DCD FILE heat.dcd AT STEP 170000
WRITING COORDINATES TO RESTART FILE AT STEP 170000
FINISHED WRITING RESTART COORDINATES
WRITING VELOCITIES TO RESTART FILE AT STEP 170000
FINISHED WRITING RESTART VELOCITIES
REASSIGNING VELOCITIES AT STEP 171000 TO 221 KELVIN.
TIMING: 171000  CPU: 835.528, 0.0049842/step  Wall: 837.067, 0.00500573/step, 0.109848 hours remaining, 0.000000 MB of memory in use.
PERFORMANCE: 171000  averaging 35.3034 ns/day, 0.00489471 sec/step with standard deviation 2.7325e-05
ENERGY:  171000       265.4174       840.8004      1414.5412        20.1626        -613795.3674     45671.5389        56.7593         0.0000     36708.2814        -528817.8661       221.7022   -565526.1475   -528458.8433       218.1832          -2522.6401     -2481.8433    922752.0000     -2430.6090     -2430.5985

REASSIGNING VELOCITIES AT STEP 172000 TO 222 KELVIN.
TIMING: 172000  CPU: 840.512, 0.00498447/step  Wall: 842.06, 0.0049929/step, 0.10818 hours remaining, 0.000000 MB of memory in use.
PERFORMANCE: 172000  averaging 35.2993 ns/day, 0.00489528 sec/step with standard deviation 2.8255e-05
ENERGY:  172000       292.1477       833.9135      1416.7099        19.7170        -613271.1558     45573.9147        62.3543         0.0000     36585.5076        -528486.8913       220.9607   -565072.3989   -528245.7640       219.6545          -2434.5391     -2397.1861    922752.0000     -2381.3520     -2381.3482

LDB: ============= START OF LOAD BALANCING ============== 844.466
LDB: ============== END OF LOAD BALANCING =============== 844.466
Info: useSync: 0 useProxySync: 0
LDB: =============== DONE WITH MIGRATION ================ 844.466
LDB: ============= START OF LOAD BALANCING ============== 844.965
LDB: TIME 844.966 LOAD: AVG 0.386162 MAX 0.433176  PROXIES: TOTAL 320 MAXPE 40 MAXPATCH 3 None MEM: 0 MB
LDB: TIME 844.966 LOAD: AVG 0.386162 MAX 0.433176  PROXIES: TOTAL 320 MAXPE 40 MAXPATCH 3 RefineTorusLB MEM: 0 MB
LDB: TIME 844.966 LOAD: AVG 0.386162 MAX 0.433176  PROXIES: TOTAL 320 MAXPE 40 MAXPATCH 3 RefineTorusLB MEM: 0 MB
LDB: ============== END OF LOAD BALANCING =============== 844.966
Info: useSync: 0 useProxySync: 0
LDB: =============== DONE WITH MIGRATION ================ 844.966
REASSIGNING VELOCITIES AT STEP 173000 TO 223 KELVIN.
TIMING: 173000  CPU: 845.497, 0.00498431/step  Wall: 847.051, 0.00499185/step, 0.10677 hours remaining, 0.000000 MB of memory in use.
PERFORMANCE: 173000  averaging 35.2953 ns/day, 0.00489584 sec/step with standard deviation 2.91138e-05
ENERGY:  173000       258.6620       848.7002      1427.1797        21.9695        -613694.5152     46094.7139        56.2102         0.0000     36847.5718        -528139.5080       222.5434   -564987.0797   -527883.1758       219.7776          -2210.6146     -2172.1890    922752.0000     -2312.5594     -2312.5547

REASSIGNING VELOCITIES AT STEP 174000 TO 224 KELVIN.
TIMING: 174000  CPU: 850.49, 0.00499292/step  Wall: 852.053, 0.00500163/step, 0.10559 hours remaining, 0.000000 MB of memory in use.
PERFORMANCE: 174000  averaging 35.2909 ns/day, 0.00489644 sec/step with standard deviation 3.0117e-05
ENERGY:  174000       291.9137       833.9307      1422.0417        19.2324        -613428.5558     46160.9951        58.5221         0.0000     36988.4740        -527653.4460       223.3944   -564641.9200   -527347.8687       220.8080          -2166.0707     -2128.4430    922752.0000     -2228.2177     -2228.2139

REASSIGNING VELOCITIES AT STEP 175000 TO 225 KELVIN.
TIMING: 175000  CPU: 855.486, 0.00499661/step  Wall: 857.058, 0.00500474/step, 0.104265 hours remaining, 0.000000 MB of memory in use.
PERFORMANCE: 175000  averaging 35.2865 ns/day, 0.00489706 sec/step with standard deviation 3.11261e-05
ENERGY:  175000       247.4205       833.2953      1439.7188        19.6082        -613089.9015     46089.8170        60.2402         0.0000     37261.9537        -527137.8477       225.0461   -564399.8014   -526816.8108       221.9403          -2118.1135     -2075.9192    922752.0000     -2216.2242     -2216.2120

WRITING COORDINATES TO DCD FILE heat.dcd AT STEP 175000
REASSIGNING VELOCITIES AT STEP 176000 TO 226 KELVIN.
TIMING: 176000  CPU: 860.503, 0.00501663/step  Wall: 862.079, 0.00502147/step, 0.103219 hours remaining, 0.000000 MB of memory in use.
PERFORMANCE: 176000  averaging 35.2814 ns/day, 0.00489777 sec/step with standard deviation 3.24226e-05
ENERGY:  176000       271.4035       862.8197      1414.2968        18.1314        -612197.3816     45682.8480        63.2019         0.0000     37544.8920        -526339.7883       226.7549   -563884.6804   -525896.2878       223.0799          -2183.7229     -2136.5513    922752.0000     -2171.5541     -2171.5379

LDB: ============= START OF LOAD BALANCING ============== 864.49
LDB: ============== END OF LOAD BALANCING =============== 864.49
Info: useSync: 0 useProxySync: 0
LDB: =============== DONE WITH MIGRATION ================ 864.49
LDB: ============= START OF LOAD BALANCING ============== 864.992
LDB: TIME 864.992 LOAD: AVG 0.386854 MAX 0.438123  PROXIES: TOTAL 320 MAXPE 40 MAXPATCH 3 None MEM: 0 MB
LDB: TIME 864.992 LOAD: AVG 0.386854 MAX 0.438123  PROXIES: TOTAL 320 MAXPE 40 MAXPATCH 3 RefineTorusLB MEM: 0 MB
LDB: TIME 864.992 LOAD: AVG 0.386854 MAX 0.438123  PROXIES: TOTAL 320 MAXPE 40 MAXPATCH 3 RefineTorusLB MEM: 0 MB
LDB: ============== END OF LOAD BALANCING =============== 864.992
Info: useSync: 0 useProxySync: 0
LDB: =============== DONE WITH MIGRATION ================ 864.993
REASSIGNING VELOCITIES AT STEP 177000 TO 227 KELVIN.
TIMING: 177000  CPU: 865.508, 0.00500495/step  Wall: 867.092, 0.00501326/step, 0.101658 hours remaining, 0.000000 MB of memory in use.
PERFORMANCE: 177000  averaging 35.2767 ns/day, 0.00489842 sec/step with standard deviation 3.34756e-05
ENERGY:  177000       256.1929       823.5154      1436.7991        21.3391        -611723.1971     45482.7101        62.9925         0.0000     37515.4626        -526124.1854       226.5772   -563639.6480   -525944.2300       224.9063          -2139.0480     -2101.2705    922752.0000     -2104.9039     -2104.8983

REASSIGNING VELOCITIES AT STEP 178000 TO 228 KELVIN.
TIMING: 178000  CPU: 870.525, 0.00501695/step  Wall: 872.117, 0.00502439/step, 0.100488 hours remaining, 0.000000 MB of memory in use.
PERFORMANCE: 178000  averaging 35.2716 ns/day, 0.00489913 sec/step with standard deviation 3.46906e-05
ENERGY:  178000       283.0529       836.6266      1415.8095        21.5328        -611934.3149     45912.2891        54.7950         0.0000     37609.4343        -525800.7746       227.1448   -563410.2089   -525577.2972       225.2558          -1978.3274     -1946.1629    922752.0000     -2083.7845     -2083.7841

REASSIGNING VELOCITIES AT STEP 179000 TO 229 KELVIN.
TIMING: 179000  CPU: 875.55, 0.00502508/step  Wall: 877.149, 0.0050318/step, 0.0992383 hours remaining, 0.000000 MB of memory in use.
PERFORMANCE: 179000  averaging 35.2662 ns/day, 0.00489987 sec/step with standard deviation 3.59862e-05
ENERGY:  179000       279.0515       826.1248      1431.6770        18.1011        -611125.9296     45443.3401        52.3249         0.0000     37832.5794        -525242.7309       228.4925   -563075.3103   -524905.0018       226.2969          -2014.2861     -1969.7497    922752.0000     -1920.3405     -1920.3268

REASSIGNING VELOCITIES AT STEP 180000 TO 230 KELVIN.
TIMING: 180000  CPU: 880.579, 0.00502912/step  Wall: 882.184, 0.00503521/step, 0.0979069 hours remaining, 0.000000 MB of memory in use.
PERFORMANCE: 180000  averaging 35.2608 ns/day, 0.00490062 sec/step with standard deviation 3.72765e-05
ETITLE:      TS           BOND          ANGLE          DIHED          IMPRP               ELECT            VDW       BOUNDARY           MISC        KINETIC               TOTAL           TEMP      POTENTIAL         TOTAL3        TEMPAVG            PRESSURE      GPRESSURE         VOLUME       PRESSAVG      GPRESSAVG

ENERGY:  180000       287.8098       807.4821      1434.1598        17.0996        -610792.5829     45448.0851        59.4617         0.0000     38365.1031        -524373.3817       231.7087   -562738.4848   -523876.5336       227.6021          -1901.2584     -1855.1802    922752.0000     -1867.2502     -1867.2355

WRITING EXTENDED SYSTEM TO RESTART FILE AT STEP 180000
WRITING COORDINATES TO DCD FILE heat.dcd AT STEP 180000
WRITING COORDINATES TO RESTART FILE AT STEP 180000
FINISHED WRITING RESTART COORDINATES
WRITING VELOCITIES TO RESTART FILE AT STEP 180000
FINISHED WRITING RESTART VELOCITIES
LDB: ============= START OF LOAD BALANCING ============== 884.639
LDB: ============== END OF LOAD BALANCING =============== 884.639
Info: useSync: 0 useProxySync: 0
LDB: =============== DONE WITH MIGRATION ================ 884.639
LDB: ============= START OF LOAD BALANCING ============== 885.144
LDB: TIME 885.144 LOAD: AVG 0.385288 MAX 0.442075  PROXIES: TOTAL 320 MAXPE 40 MAXPATCH 3 None MEM: 0 MB
LDB: TIME 885.144 LOAD: AVG 0.385288 MAX 0.442075  PROXIES: TOTAL 320 MAXPE 40 MAXPATCH 3 RefineTorusLB MEM: 0 MB
LDB: TIME 885.144 LOAD: AVG 0.385288 MAX 0.442075  PROXIES: TOTAL 320 MAXPE 40 MAXPATCH 3 RefineTorusLB MEM: 0 MB
LDB: ============== END OF LOAD BALANCING =============== 885.145
Info: useSync: 0 useProxySync: 0
LDB: =============== DONE WITH MIGRATION ================ 885.145
REASSIGNING VELOCITIES AT STEP 181000 TO 231 KELVIN.
TIMING: 181000  CPU: 885.629, 0.00504969/step  Wall: 887.258, 0.00507404/step, 0.0972525 hours remaining, 0.000000 MB of memory in use.
PERFORMANCE: 181000  averaging 35.2539 ns/day, 0.00490158 sec/step with standard deviation 3.93443e-05
ENERGY:  181000       264.1125       836.9749      1426.5222        17.9204        -610836.7152     45485.0488        64.8766         0.0000     38291.1328        -524450.1271       231.2619   -562741.2598   -524396.6449       229.6315          -1836.2552     -1802.4367    922752.0000     -1881.9252     -1881.9228

REASSIGNING VELOCITIES AT STEP 182000 TO 232 KELVIN.
TIMING: 182000  CPU: 890.666, 0.00503706/step  Wall: 892.298, 0.0050404/step, 0.0952076 hours remaining, 0.000000 MB of memory in use.
PERFORMANCE: 182000  averaging 35.2484 ns/day, 0.00490234 sec/step with standard deviation 4.05623e-05
ENERGY:  182000       281.2020       832.5340      1429.0121        18.6002        -610718.0101     45582.5692        59.0214         0.0000     38313.1772        -524201.8940       231.3951   -562515.0712   -523993.1119       229.4481          -1734.9855     -1697.1136    922752.0000     -1798.7204     -1798.7140

REASSIGNING VELOCITIES AT STEP 183000 TO 233 KELVIN.
TIMING: 183000  CPU: 895.695, 0.00502957/step  Wall: 897.336, 0.00503791/step, 0.093761 hours remaining, 0.000000 MB of memory in use.
PERFORMANCE: 183000  averaging 35.2431 ns/day, 0.00490309 sec/step with standard deviation 4.16735e-05
ENERGY:  183000       275.4571       853.1285      1417.5230        13.4453        -610614.1093     45634.2420        64.9019         0.0000     38664.7591        -523690.6524       233.5185   -562355.4115   -523367.9789       230.2639          -1629.9089     -1594.1797    922752.0000     -1721.0801     -1721.0762

REASSIGNING VELOCITIES AT STEP 184000 TO 234 KELVIN.
TIMING: 184000  CPU: 900.724, 0.00502879/step  Wall: 902.372, 0.00503549/step, 0.0923173 hours remaining, 0.000000 MB of memory in use.
PERFORMANCE: 184000  averaging 35.2379 ns/day, 0.00490381 sec/step with standard deviation 4.26904e-05
ENERGY:  184000       267.3653       887.9190      1428.8982        17.5559        -609917.9381     45323.0525        57.9855         0.0000     38456.6625        -523478.4992       232.2616   -561935.1617   -523318.6488       231.3757          -1634.5713     -1601.0704    922752.0000     -1695.5271     -1695.5233

LDB: ============= START OF LOAD BALANCING ============== 904.795
LDB: ============== END OF LOAD BALANCING =============== 904.795
Info: useSync: 0 useProxySync: 0
LDB: =============== DONE WITH MIGRATION ================ 904.796
LDB: ============= START OF LOAD BALANCING ============== 905.302
LDB: TIME 905.302 LOAD: AVG 0.385899 MAX 0.441464  PROXIES: TOTAL 320 MAXPE 40 MAXPATCH 3 None MEM: 0 MB
LDB: TIME 905.302 LOAD: AVG 0.385899 MAX 0.441464  PROXIES: TOTAL 320 MAXPE 40 MAXPATCH 3 RefineTorusLB MEM: 0 MB
LDB: TIME 905.302 LOAD: AVG 0.385899 MAX 0.441464  PROXIES: TOTAL 320 MAXPE 40 MAXPATCH 3 RefineTorusLB MEM: 0 MB
LDB: Reverting to original mapping
LDB: ============== END OF LOAD BALANCING =============== 905.302
Info: useSync: 0 useProxySync: 0
LDB: =============== DONE WITH MIGRATION ================ 905.303
REASSIGNING VELOCITIES AT STEP 185000 TO 235 KELVIN.
TIMING: 185000  CPU: 905.765, 0.0050408/step  Wall: 907.419, 0.00504707/step, 0.0911277 hours remaining, 0.000000 MB of memory in use.
PERFORMANCE: 185000  averaging 35.2324 ns/day, 0.00490458 sec/step with standard deviation 4.38579e-05
ENERGY:  185000       267.8276       883.3853      1419.1364        16.0210        -610028.8332     45366.2005        60.3168         0.0000     39020.3656        -522995.5801       235.6662   -562015.9457   -522684.6756       232.1944          -1608.7592     -1569.9464    922752.0000     -1614.8222     -1614.8151

WRITING COORDINATES TO DCD FILE heat.dcd AT STEP 185000
REASSIGNING VELOCITIES AT STEP 186000 TO 236 KELVIN.
TIMING: 186000  CPU: 910.809, 0.00504455/step  Wall: 912.471, 0.00505177/step, 0.0898092 hours remaining, 0.000000 MB of memory in use.
PERFORMANCE: 186000  averaging 35.2267 ns/day, 0.00490537 sec/step with standard deviation 4.5051e-05
ENERGY:  186000       293.6860       871.9813      1424.6508        16.7105        -609592.2203     45281.9000        63.0008         0.0000     39175.9196        -522464.3712       236.6057   -561640.2908   -522128.0705       233.5104          -1510.1974     -1470.1490    922752.0000     -1502.0656     -1502.0569

REASSIGNING VELOCITIES AT STEP 187000 TO 237 KELVIN.
TIMING: 187000  CPU: 915.862, 0.00505258/step  Wall: 917.531, 0.00506081/step, 0.0885642 hours remaining, 0.000000 MB of memory in use.
PERFORMANCE: 187000  averaging 35.2207 ns/day, 0.0049062 sec/step with standard deviation 4.63453e-05
ENERGY:  187000       280.1441       838.1426      1424.8542        18.3222        -609460.3317     45516.9535        60.8746         0.0000     39268.2269        -522052.8137       237.1631   -561321.0406   -521773.8039       234.9665          -1438.9090     -1396.8927    922752.0000     -1487.1223     -1487.1135

REASSIGNING VELOCITIES AT STEP 188000 TO 238 KELVIN.
TIMING: 188000  CPU: 920.915, 0.00505264/step  Wall: 922.592, 0.00506017/step, 0.0871474 hours remaining, 0.000000 MB of memory in use.
PERFORMANCE: 188000  averaging 35.2148 ns/day, 0.00490702 sec/step with standard deviation 4.75657e-05
ENERGY:  188000       299.9345       862.2271      1418.8516        22.4142        -608720.1641     44828.4893        60.4125         0.0000     39518.4103        -521709.4246       238.6741   -561227.8348   -521454.5286       235.9779          -1571.3500     -1536.9654    922752.0000     -1445.8494     -1445.8469

LDB: ============= START OF LOAD BALANCING ============== 925.024
LDB: ============== END OF LOAD BALANCING =============== 925.024
Info: useSync: 0 useProxySync: 0
LDB: =============== DONE WITH MIGRATION ================ 925.025
LDB: ============= START OF LOAD BALANCING ============== 925.532
LDB: TIME 925.533 LOAD: AVG 0.385746 MAX 0.442427  PROXIES: TOTAL 320 MAXPE 40 MAXPATCH 3 None MEM: 0 MB
LDB: TIME 925.533 LOAD: AVG 0.385746 MAX 0.442427  PROXIES: TOTAL 320 MAXPE 40 MAXPATCH 3 RefineTorusLB MEM: 0 MB
LDB: TIME 925.533 LOAD: AVG 0.385746 MAX 0.442427  PROXIES: TOTAL 320 MAXPE 40 MAXPATCH 3 RefineTorusLB MEM: 0 MB
LDB: ============== END OF LOAD BALANCING =============== 925.533
Info: useSync: 0 useProxySync: 0
LDB: =============== DONE WITH MIGRATION ================ 925.533
REASSIGNING VELOCITIES AT STEP 189000 TO 239 KELVIN.
TIMING: 189000  CPU: 925.983, 0.00506799/step  Wall: 927.668, 0.00507601/step, 0.0860102 hours remaining, 0.000000 MB of memory in use.
PERFORMANCE: 189000  averaging 35.2084 ns/day, 0.00490792 sec/step with standard deviation 4.90058e-05
ENERGY:  189000       263.0810       848.9493      1419.0804        21.1116        -608177.8043     44713.5127        62.3308         0.0000     39340.5536        -521509.1850       237.6000   -560849.7386   -521335.8179       236.7513          -1437.4255     -1403.4291    922752.0000     -1413.6536     -1413.6519

REASSIGNING VELOCITIES AT STEP 190000 TO 240 KELVIN.
TIMING: 190000  CPU: 931.059, 0.00507646/step  Wall: 932.753, 0.0050851/step, 0.0847517 hours remaining, 0.000000 MB of memory in use.
PERFORMANCE: 190000  averaging 35.2017 ns/day, 0.00490885 sec/step with standard deviation 5.05381e-05
ETITLE:      TS           BOND          ANGLE          DIHED          IMPRP               ELECT            VDW       BOUNDARY           MISC        KINETIC               TOTAL           TEMP      POTENTIAL         TOTAL3        TEMPAVG            PRESSURE      GPRESSURE         VOLUME       PRESSAVG      GPRESSAVG

ENERGY:  190000       287.4765       828.7476      1434.7766        18.3831        -608337.6909     44990.4792        60.2347         0.0000     39776.8516        -520940.7416       240.2350   -560717.5932   -520579.4981       237.3492          -1283.4721     -1245.7897    922752.0000     -1299.9823     -1299.9745

WRITING EXTENDED SYSTEM TO RESTART FILE AT STEP 190000
WRITING COORDINATES TO DCD FILE heat.dcd AT STEP 190000
WRITING COORDINATES TO RESTART FILE AT STEP 190000
FINISHED WRITING RESTART COORDINATES
WRITING VELOCITIES TO RESTART FILE AT STEP 190000
FINISHED WRITING RESTART VELOCITIES
REASSIGNING VELOCITIES AT STEP 191000 TO 241 KELVIN.
TIMING: 191000  CPU: 936.164, 0.0051047/step  Wall: 937.877, 0.00512471/step, 0.0839884 hours remaining, 0.000000 MB of memory in use.
PERFORMANCE: 191000  averaging 35.1936 ns/day, 0.00490998 sec/step with standard deviation 5.27696e-05
ENERGY:  191000       288.0009       848.8900      1415.6792        17.3309        -608407.7228     45336.8816        55.3369         0.0000     39887.9368        -520557.6665       240.9059   -560445.6033   -520301.9917       238.4811          -1211.8173     -1174.9686    922752.0000     -1228.3939     -1228.3865

REASSIGNING VELOCITIES AT STEP 192000 TO 242 KELVIN.
TIMING: 192000  CPU: 941.362, 0.00519826/step  Wall: 943.081, 0.00520371/step, 0.0838376 hours remaining, 0.000000 MB of memory in use.
PERFORMANCE: 192000  averaging 35.1827 ns/day, 0.00491151 sec/step with standard deviation 5.67399e-05
ENERGY:  192000       284.7972       894.5109      1432.5493        21.6810        -608216.2842     45200.1489        64.3923         0.0000     39959.3923        -520358.8123       241.3375   -560318.2046   -520175.2375       239.6058          -1165.9215     -1128.7012    922752.0000     -1175.6820     -1175.6764

LDB: ============= START OF LOAD BALANCING ============== 945.54
LDB: ============== END OF LOAD BALANCING =============== 945.54
Info: useSync: 0 useProxySync: 0
LDB: =============== DONE WITH MIGRATION ================ 945.54
LDB: ============= START OF LOAD BALANCING ============== 946.073
LDB: TIME 946.073 LOAD: AVG 0.393183 MAX 0.502924  PROXIES: TOTAL 320 MAXPE 40 MAXPATCH 3 None MEM: 0 MB
LDB: TIME 946.073 LOAD: AVG 0.393183 MAX 0.502924  PROXIES: TOTAL 320 MAXPE 40 MAXPATCH 3 RefineTorusLB MEM: 0 MB
LDB: TIME 946.073 LOAD: AVG 0.393183 MAX 0.502924  PROXIES: TOTAL 320 MAXPE 40 MAXPATCH 3 RefineTorusLB MEM: 0 MB
LDB: ============== END OF LOAD BALANCING =============== 946.073
Info: useSync: 0 useProxySync: 0
LDB: =============== DONE WITH MIGRATION ================ 946.073
REASSIGNING VELOCITIES AT STEP 193000 TO 243 KELVIN.
TIMING: 193000  CPU: 946.615, 0.00525305/step  Wall: 948.34, 0.00525864/step, 0.0832618 hours remaining, 0.000000 MB of memory in use.
PERFORMANCE: 193000  averaging 35.1698 ns/day, 0.00491331 sec/step with standard deviation 6.18628e-05
ENERGY:  193000       305.4238       899.5549      1414.4519        22.8670        -608562.8277     45608.9096        58.4330         0.0000     40224.9833        -520028.2040       242.9415   -560253.1873   -519778.8644       240.4905           -987.3098      -949.0659    922752.0000     -1105.7000     -1105.6928

REASSIGNING VELOCITIES AT STEP 194000 TO 244 KELVIN.
TIMING: 194000  CPU: 951.837, 0.005222/step  Wall: 953.567, 0.00522759/step, 0.081318 hours remaining, 0.000000 MB of memory in use.
PERFORMANCE: 194000  averaging 35.1582 ns/day, 0.00491493 sec/step with standard deviation 6.56986e-05
ENERGY:  194000       288.4260       906.2359      1430.9857        20.5608        -607514.3852     44947.3177        51.4683         0.0000     40239.8554        -519629.5354       243.0314   -559869.3908   -519369.2689       241.1938          -1152.6435     -1115.8775    922752.0000     -1103.6859     -1103.6775

REASSIGNING VELOCITIES AT STEP 195000 TO 245 KELVIN.
TIMING: 195000  CPU: 957.09, 0.00525324/step  Wall: 958.829, 0.00526195/step, 0.0803909 hours remaining, 0.000000 MB of memory in use.
PERFORMANCE: 195000  averaging 35.1455 ns/day, 0.00491671 sec/step with standard deviation 7.00829e-05
ENERGY:  195000       293.5746       886.3342      1429.5504        19.3260        -607074.2229     44841.4885        53.2134         0.0000     40571.9643        -518978.7715       245.0372   -559550.7358   -518589.7774       242.3510          -1080.3215     -1046.8784    922752.0000     -1059.9796     -1059.9737

WRITING COORDINATES TO DCD FILE heat.dcd AT STEP 195000
REASSIGNING VELOCITIES AT STEP 196000 TO 246 KELVIN.
TIMING: 196000  CPU: 962.507, 0.00541676/step  Wall: 964.251, 0.00542197/step, 0.0813296 hours remaining, 0.000000 MB of memory in use.
PERFORMANCE: 196000  averaging 35.1271 ns/day, 0.00491928 sec/step with standard deviation 7.86698e-05
ENERGY:  196000       298.2649       869.7943      1417.8947        19.4242        -607154.5176     45052.4938        64.0376         0.0000     40743.8898        -518688.7183       246.0755   -559432.6081   -518450.1130       243.4841           -976.4834      -943.2443    922752.0000     -1068.0644     -1068.0595

LDB: ============= START OF LOAD BALANCING ============== 966.748
LDB: ============== END OF LOAD BALANCING =============== 966.748
Info: useSync: 0 useProxySync: 0
LDB: =============== DONE WITH MIGRATION ================ 966.748
LDB: ============= START OF LOAD BALANCING ============== 967.261
LDB: TIME 967.261 LOAD: AVG 0.38645 MAX 0.444681  PROXIES: TOTAL 320 MAXPE 40 MAXPATCH 3 None MEM: 0 MB
LDB: TIME 967.261 LOAD: AVG 0.38645 MAX 0.444681  PROXIES: TOTAL 320 MAXPE 40 MAXPATCH 3 RefineTorusLB MEM: 0 MB
LDB: TIME 967.261 LOAD: AVG 0.38645 MAX 0.444681  PROXIES: TOTAL 320 MAXPE 40 MAXPATCH 3 RefineTorusLB MEM: 0 MB
LDB: ============== END OF LOAD BALANCING =============== 967.261
Info: useSync: 0 useProxySync: 0
LDB: =============== DONE WITH MIGRATION ================ 967.262
REASSIGNING VELOCITIES AT STEP 197000 TO 247 KELVIN.
TIMING: 197000  CPU: 967.752, 0.00524527/step  Wall: 969.504, 0.0052524/step, 0.0773269 hours remaining, 0.000000 MB of memory in use.
PERFORMANCE: 197000  averaging 35.115 ns/day, 0.00492097 sec/step with standard deviation 8.19794e-05
ENERGY:  197000       294.9638       877.5437      1412.1925        19.1814        -606924.8549     45055.2575        58.6626         0.0000     40748.8077        -518458.2457       246.1052   -559207.0534   -518265.8245       244.4966           -913.6119      -882.4830    922752.0000      -959.3757      -959.3752

REASSIGNING VELOCITIES AT STEP 198000 TO 248 KELVIN.
TIMING: 198000  CPU: 972.929, 0.00517625/step  Wall: 974.687, 0.00518358/step, 0.074874 hours remaining, 0.000000 MB of memory in use.
PERFORMANCE: 198000  averaging 35.1055 ns/day, 0.0049223 sec/step with standard deviation 8.38738e-05
ENERGY:  198000       288.2748       908.8784      1404.2912        17.7328        -606683.6745     44985.5011        52.1203         0.0000     41153.8693        -517873.0066       248.5516   -559026.8759   -517504.8610       244.7885           -902.9025      -865.3535    922752.0000      -866.8472      -866.8391

REASSIGNING VELOCITIES AT STEP 199000 TO 249 KELVIN.
TIMING: 199000  CPU: 978.112, 0.00518354/step  Wall: 979.881, 0.00519333/step, 0.0735722 hours remaining, 0.000000 MB of memory in use.
PERFORMANCE: 199000  averaging 35.0958 ns/day, 0.00492366 sec/step with standard deviation 8.58395e-05
ENERGY:  199000       279.4866       901.9652      1409.8026        18.8790        -606310.6898     44835.5546        56.6448         0.0000     41219.2636        -517589.0934       248.9466   -558808.3569   -517350.6366       246.2473           -811.0151      -779.4709    922752.0000      -903.0611      -903.0572

REASSIGNING VELOCITIES AT STEP 200000 TO 250 KELVIN.
TIMING: 200000  CPU: 983.512, 0.00539949/step  Wall: 985.289, 0.0054081/step, 0.0751125 hours remaining, 0.000000 MB of memory in use.
PERFORMANCE: 200000  averaging 35.0786 ns/day, 0.00492609 sec/step with standard deviation 9.22214e-05
ETITLE:      TS           BOND          ANGLE          DIHED          IMPRP               ELECT            VDW       BOUNDARY           MISC        KINETIC               TOTAL           TEMP      POTENTIAL         TOTAL3        TEMPAVG            PRESSURE      GPRESSURE         VOLUME       PRESSAVG      GPRESSAVG

ENERGY:  200000       304.8162       892.0441      1413.6233        23.9592        -605457.7661     44431.7796        58.6181         0.0000     41554.5065        -516778.4190       250.9713   -558332.9255   -516318.0664       246.6900           -876.2656      -833.6956    922752.0000      -860.1129      -860.0999

WRITING EXTENDED SYSTEM TO RESTART FILE AT STEP 200000
WRITING COORDINATES TO DCD FILE heat.dcd AT STEP 200000
WRITING COORDINATES TO RESTART FILE AT STEP 200000
FINISHED WRITING RESTART COORDINATES
WRITING VELOCITIES TO RESTART FILE AT STEP 200000
FINISHED WRITING RESTART VELOCITIES
LDB: ============= START OF LOAD BALANCING ============== 987.806
LDB: ============== END OF LOAD BALANCING =============== 987.806
Info: useSync: 0 useProxySync: 0
LDB: =============== DONE WITH MIGRATION ================ 987.806
LDB: ============= START OF LOAD BALANCING ============== 988.344
LDB: TIME 988.344 LOAD: AVG 0.393835 MAX 0.508772  PROXIES: TOTAL 320 MAXPE 40 MAXPATCH 3 None MEM: 0 MB
LDB: TIME 988.344 LOAD: AVG 0.393835 MAX 0.508772  PROXIES: TOTAL 320 MAXPE 40 MAXPATCH 3 RefineTorusLB MEM: 0 MB
LDB: TIME 988.344 LOAD: AVG 0.393835 MAX 0.508772  PROXIES: TOTAL 320 MAXPE 40 MAXPATCH 3 RefineTorusLB MEM: 0 MB
LDB: ============== END OF LOAD BALANCING =============== 988.344
Info: useSync: 0 useProxySync: 0
LDB: =============== DONE WITH MIGRATION ================ 988.344
REASSIGNING VELOCITIES AT STEP 201000 TO 251 KELVIN.
TIMING: 201000  CPU: 988.894, 0.00538234/step  Wall: 990.704, 0.00541541/step, 0.0737098 hours remaining, 0.000000 MB of memory in use.
PERFORMANCE: 201000  averaging 35.0612 ns/day, 0.00492852 sec/step with standard deviation 9.82524e-05
ENERGY:  201000       297.4620       911.2456      1425.5922        18.6432        -605019.6379     44418.0578        59.3640         0.0000     41453.5495        -516435.7237       250.3616   -557889.2732   -516191.5724       248.3131           -892.6268      -855.8550    922752.0000      -887.9441      -887.9363

REASSIGNING VELOCITIES AT STEP 202000 TO 252 KELVIN.
TIMING: 202000  CPU: 994.15, 0.00525648/step  Wall: 995.967, 0.00526304/step, 0.0701739 hours remaining, 0.000000 MB of memory in use.
PERFORMANCE: 202000  averaging 35.0495 ns/day, 0.00493018 sec/step with standard deviation 0.000100794
ENERGY:  202000       302.1757       881.9108      1428.3163        21.1829        -605352.2443     44792.9654        63.3199         0.0000     41526.7382        -516335.6351       250.8036   -557862.3734   -516201.4987       248.7884           -792.7568      -761.8273    922752.0000      -802.7327      -802.7308

REASSIGNING VELOCITIES AT STEP 203000 TO 253 KELVIN.
TIMING: 203000  CPU: 999.434, 0.00528378/step  Wall: 1001.26, 0.00529452/step, 0.0691229 hours remaining, 0.000000 MB of memory in use.
PERFORMANCE: 203000  averaging 35.0367 ns/day, 0.00493197 sec/step with standard deviation 0.000103745
ENERGY:  203000       295.8814       866.3402      1423.0097        24.2630        -604850.1911     44448.2829        64.2825         0.0000     41802.4506        -515925.6810       252.4688   -557728.1316   -515634.0675       249.2204           -862.8929      -828.7241    922752.0000      -824.5108      -824.5099

REASSIGNING VELOCITIES AT STEP 204000 TO 254 KELVIN.
TIMING: 204000  CPU: 1004.78, 0.00534932/step  Wall: 1006.61, 0.00535245/step, 0.0683924 hours remaining, 0.000000 MB of memory in use.
PERFORMANCE: 204000  averaging 35.0221 ns/day, 0.00493403 sec/step with standard deviation 0.000107595
ENERGY:  204000       308.7218       873.9484      1422.0478        20.1351        -604351.9859     44403.9842        61.1806         0.0000     42130.4321        -515131.5360       254.4496   -557261.9680   -514695.8949       249.8724           -820.7407      -782.0854    922752.0000      -829.1202      -829.1074

LDB: ============= START OF LOAD BALANCING ============== 1009.17
LDB: ============== END OF LOAD BALANCING =============== 1009.17
Info: useSync: 0 useProxySync: 0
LDB: =============== DONE WITH MIGRATION ================ 1009.17
LDB: ============= START OF LOAD BALANCING ============== 1009.71
LDB: TIME 1009.71 LOAD: AVG 0.397124 MAX 0.523955  PROXIES: TOTAL 320 MAXPE 40 MAXPATCH 3 None MEM: 0 MB
LDB: TIME 1009.71 LOAD: AVG 0.397124 MAX 0.523955  PROXIES: TOTAL 320 MAXPE 40 MAXPATCH 3 RefineTorusLB MEM: 0 MB
LDB: TIME 1009.71 LOAD: AVG 0.397124 MAX 0.523955  PROXIES: TOTAL 320 MAXPE 40 MAXPATCH 3 RefineTorusLB MEM: 0 MB
LDB: ============== END OF LOAD BALANCING =============== 1009.71
Info: useSync: 0 useProxySync: 0
LDB: =============== DONE WITH MIGRATION ================ 1009.71
REASSIGNING VELOCITIES AT STEP 205000 TO 255 KELVIN.
TIMING: 205000  CPU: 1010.26, 0.00547244/step  Wall: 1012.09, 0.00548022/step, 0.0685027 hours remaining, 0.000000 MB of memory in use.
PERFORMANCE: 205000  averaging 35.0032 ns/day, 0.0049367 sec/step with standard deviation 0.000113909
ENERGY:  205000       290.4392       881.5625      1427.2169        19.6042        -603839.3008     44374.7758        63.7208         0.0000     42218.1579        -514563.8235       254.9795   -556781.9814   -514216.5702       251.7500           -750.0771      -713.4346    922752.0000      -767.1186      -767.1118

WRITING COORDINATES TO DCD FILE heat.dcd AT STEP 205000
REASSIGNING VELOCITIES AT STEP 206000 TO 256 KELVIN.
TIMING: 206000  CPU: 1015.72, 0.00546519/step  Wall: 1017.57, 0.00547193/step, 0.0668792 hours remaining, 0.000000 MB of memory in use.
PERFORMANCE: 206000  averaging 34.9848 ns/day, 0.00493929 sec/step with standard deviation 0.000119593
ENERGY:  206000       301.4683       883.2275      1431.3231        18.1614        -603466.3087     44367.5499        56.2603         0.0000     42448.7786        -513959.5395       256.3723   -556408.3181   -513569.4557       252.9357           -777.6709      -741.3088    922752.0000      -735.4019      -735.3934

REASSIGNING VELOCITIES AT STEP 207000 TO 257 KELVIN.
TIMING: 207000  CPU: 1021.19, 0.0054728/step  Wall: 1023.05, 0.00548112/step, 0.0654689 hours remaining, 0.000000 MB of memory in use.
PERFORMANCE: 207000  averaging 34.9662 ns/day, 0.00494191 sec/step with standard deviation 0.000125106
ENERGY:  207000       323.0626       889.1110      1434.2775        24.1845        -602662.0993     43907.0416        60.4930         0.0000     42433.1022        -513590.8269       256.2776   -556023.9291   -513331.4817       254.1000           -750.5989      -719.3511    922752.0000      -745.4391      -745.4361

REASSIGNING VELOCITIES AT STEP 208000 TO 258 KELVIN.
TIMING: 208000  CPU: 1026.54, 0.00534509/step  Wall: 1028.4, 0.00535315/step, 0.0624534 hours remaining, 0.000000 MB of memory in use.
PERFORMANCE: 208000  averaging 34.9522 ns/day, 0.00494389 sec/step with standard deviation 0.000128019
ENERGY:  208000       309.1106       910.9545      1427.6717        20.9743        -602500.1466     43992.2624        64.6864         0.0000     42868.2984        -512906.1883       258.9060   -555774.4867   -512511.0471       254.4876           -821.4813      -781.5188    922752.0000      -779.5612      -779.5494

LDB: ============= START OF LOAD BALANCING ============== 1030.94
LDB: ============== END OF LOAD BALANCING =============== 1030.94
Info: useSync: 0 useProxySync: 0
LDB: =============== DONE WITH MIGRATION ================ 1030.94
LDB: ============= START OF LOAD BALANCING ============== 1031.49
LDB: TIME 1031.49 LOAD: AVG 0.395625 MAX 0.511505  PROXIES: TOTAL 320 MAXPE 40 MAXPATCH 3 None MEM: 0 MB
LDB: TIME 1031.49 LOAD: AVG 0.395625 MAX 0.511505  PROXIES: TOTAL 320 MAXPE 40 MAXPATCH 3 RefineTorusLB MEM: 0 MB
LDB: TIME 1031.49 LOAD: AVG 0.395625 MAX 0.511505  PROXIES: TOTAL 320 MAXPE 40 MAXPATCH 3 RefineTorusLB MEM: 0 MB
LDB: Reverting to original mapping
LDB: ============== END OF LOAD BALANCING =============== 1031.49
Info: useSync: 0 useProxySync: 0
LDB: =============== DONE WITH MIGRATION ================ 1031.49
REASSIGNING VELOCITIES AT STEP 209000 TO 259 KELVIN.
TIMING: 209000  CPU: 1031.92, 0.0053816/step  Wall: 1033.79, 0.00538672/step, 0.0613488 hours remaining, 0.000000 MB of memory in use.
PERFORMANCE: 209000  averaging 34.9373 ns/day, 0.00494601 sec/step with standard deviation 0.000131333
ENERGY:  209000       317.8922       881.0188      1424.3573        20.8844        -601963.8428     44116.3924        61.5254         0.0000     42797.8253        -512343.9468       258.4804   -555141.7722   -512003.0520       256.2463           -690.3343      -655.3425    922752.0000      -716.1896      -716.1836

REASSIGNING VELOCITIES AT STEP 210000 TO 260 KELVIN.
TIMING: 210000  CPU: 1037.22, 0.00529787/step  Wall: 1039.09, 0.00530417/step, 0.0589352 hours remaining, 0.000000 MB of memory in use.
PERFORMANCE: 210000  averaging 34.9252 ns/day, 0.00494771 sec/step with standard deviation 0.000133329
ETITLE:      TS           BOND          ANGLE          DIHED          IMPRP               ELECT            VDW       BOUNDARY           MISC        KINETIC               TOTAL           TEMP      POTENTIAL         TOTAL3        TEMPAVG            PRESSURE      GPRESSURE         VOLUME       PRESSAVG      GPRESSAVG

ENERGY:  210000       312.8818       874.4019      1428.5778        22.4671        -601505.0774     43941.2133        60.2249         0.0000     43041.2429        -511824.0678       259.9505   -554865.3107   -511504.9576       257.3517           -767.6679      -733.1532    922752.0000      -727.9482      -727.9402

WRITING EXTENDED SYSTEM TO RESTART FILE AT STEP 210000
WRITING COORDINATES TO DCD FILE heat.dcd AT STEP 210000
WRITING COORDINATES TO RESTART FILE AT STEP 210000
FINISHED WRITING RESTART COORDINATES
WRITING VELOCITIES TO RESTART FILE AT STEP 210000
FINISHED WRITING RESTART VELOCITIES
REASSIGNING VELOCITIES AT STEP 211000 TO 261 KELVIN.
TIMING: 211000  CPU: 1042.7, 0.00548208/step  Wall: 1044.6, 0.0055058/step, 0.0596462 hours remaining, 0.000000 MB of memory in use.
PERFORMANCE: 211000  averaging 34.9066 ns/day, 0.00495036 sec/step with standard deviation 0.000138449
ENERGY:  211000       285.5646       885.2941      1429.5499        21.1756        -601087.3068     43954.0120        58.6391         0.0000     43178.9364        -511274.1351       260.7821   -554453.0716   -510924.6262       258.1793           -682.5301      -649.6675    922752.0000      -732.3933      -732.3878

REASSIGNING VELOCITIES AT STEP 212000 TO 262 KELVIN.
TIMING: 212000  CPU: 1048.18, 0.00548089/step  Wall: 1050.08, 0.00548731/step, 0.0579216 hours remaining, 0.000000 MB of memory in use.
PERFORMANCE: 212000  averaging 34.8887 ns/day, 0.00495289 sec/step with standard deviation 0.000142959
ENERGY:  212000       301.3101       889.0243      1440.4148        18.5828        -600754.1180     43774.8688        57.6000         0.0000     43145.1667        -511127.1505       260.5782   -554272.3172   -510968.6091       259.5622           -705.9410      -674.1322    922752.0000      -656.0479      -656.0445

LDB: ============= START OF LOAD BALANCING ============== 1052.64
LDB: ============== END OF LOAD BALANCING =============== 1052.64
Info: useSync: 0 useProxySync: 0
LDB: =============== DONE WITH MIGRATION ================ 1052.64
LDB: ============= START OF LOAD BALANCING ============== 1053.18
LDB: TIME 1053.18 LOAD: AVG 0.39605 MAX 0.523217  PROXIES: TOTAL 320 MAXPE 40 MAXPATCH 3 None MEM: 0 MB
LDB: TIME 1053.18 LOAD: AVG 0.39605 MAX 0.523217  PROXIES: TOTAL 320 MAXPE 40 MAXPATCH 3 RefineTorusLB MEM: 0 MB
LDB: TIME 1053.18 LOAD: AVG 0.39605 MAX 0.523217  PROXIES: TOTAL 320 MAXPE 40 MAXPATCH 3 RefineTorusLB MEM: 0 MB
LDB: ============== END OF LOAD BALANCING =============== 1053.18
Info: useSync: 0 useProxySync: 0
LDB: =============== DONE WITH MIGRATION ================ 1053.18
REASSIGNING VELOCITIES AT STEP 213000 TO 263 KELVIN.
TIMING: 213000  CPU: 1053.67, 0.00548468/step  Wall: 1055.58, 0.00549148/step, 0.0564402 hours remaining, 0.000000 MB of memory in use.
PERFORMANCE: 213000  averaging 34.8709 ns/day, 0.00495542 sec/step with standard deviation 0.000147318
ENERGY:  213000       293.0111       933.8097      1442.8810        18.4828        -600373.6177     43688.5481        58.1086         0.0000     43453.9164        -510484.8599       262.4429   -553938.7763   -510096.6317       259.7561           -757.8415      -719.6011    922752.0000      -645.1788      -645.1711

REASSIGNING VELOCITIES AT STEP 214000 TO 264 KELVIN.
TIMING: 214000  CPU: 1059.15, 0.00548664/step  Wall: 1061.07, 0.00549554/step, 0.0549554 hours remaining, 0.000000 MB of memory in use.
PERFORMANCE: 214000  averaging 34.8532 ns/day, 0.00495794 sec/step with standard deviation 0.000151539
ENERGY:  214000       284.6619       917.8519      1417.5652        18.6136        -599721.4214     43471.7602        61.3628         0.0000     43602.8915        -509946.7143       263.3427   -553549.6058   -509605.1341       260.6881           -768.7817      -731.8514    922752.0000      -736.6656      -736.6559

REASSIGNING VELOCITIES AT STEP 215000 TO 265 KELVIN.
TIMING: 215000  CPU: 1064.55, 0.00539952/step  Wall: 1066.48, 0.00540996/step, 0.0525968 hours remaining, 0.000000 MB of memory in use.
PERFORMANCE: 215000  averaging 34.8384 ns/day, 0.00496005 sec/step with standard deviation 0.000154295
ENERGY:  215000       325.5752       907.0810      1437.4063        23.1983        -599848.2791     43795.9231        65.6837         0.0000     43909.7137        -509383.6978       265.1957   -553293.4115   -509033.8120       261.8402           -666.1919      -629.6337    922752.0000      -709.3831      -709.3763

WRITING COORDINATES TO DCD FILE heat.dcd AT STEP 215000
REASSIGNING VELOCITIES AT STEP 216000 TO 266 KELVIN.
TIMING: 216000  CPU: 1070, 0.00544308/step  Wall: 1071.93, 0.00545248/step, 0.0514956 hours remaining, 0.000000 MB of memory in use.
PERFORMANCE: 216000  averaging 34.8224 ns/day, 0.00496233 sec/step with standard deviation 0.00015754
ENERGY:  216000       290.5577       919.8160      1428.8803        22.7211        -600005.3591     44019.5375        56.9208         0.0000     43978.2256        -509288.7003       265.6095   -553266.9259   -509145.8193       263.1890           -628.7114      -593.9608    922752.0000      -690.9997      -690.9952

LDB: ============= START OF LOAD BALANCING ============== 1074.48
LDB: ============== END OF LOAD BALANCING =============== 1074.48
Info: useSync: 0 useProxySync: 0
LDB: =============== DONE WITH MIGRATION ================ 1074.48
LDB: ============= START OF LOAD BALANCING ============== 1075.03
LDB: TIME 1075.03 LOAD: AVG 0.397744 MAX 0.527388  PROXIES: TOTAL 320 MAXPE 40 MAXPATCH 3 None MEM: 0 MB
LDB: TIME 1075.03 LOAD: AVG 0.397744 MAX 0.527388  PROXIES: TOTAL 320 MAXPE 40 MAXPATCH 3 RefineTorusLB MEM: 0 MB
LDB: TIME 1075.03 LOAD: AVG 0.397744 MAX 0.527388  PROXIES: TOTAL 320 MAXPE 40 MAXPATCH 3 RefineTorusLB MEM: 0 MB
LDB: ============== END OF LOAD BALANCING =============== 1075.03
Info: useSync: 0 useProxySync: 0
LDB: =============== DONE WITH MIGRATION ================ 1075.03
REASSIGNING VELOCITIES AT STEP 217000 TO 267 KELVIN.
TIMING: 217000  CPU: 1075.45, 0.00545856/step  Wall: 1077.4, 0.00546742/step, 0.0501181 hours remaining, 0.000000 MB of memory in use.
PERFORMANCE: 217000  averaging 34.8061 ns/day, 0.00496465 sec/step with standard deviation 0.000160872
ENERGY:  217000       316.8318       913.9739      1437.6213        23.2123        -599238.8764     43605.6859        64.4287         0.0000     44133.6411        -508743.4813       266.5482   -552877.1224   -508407.5707       263.3029           -660.8313      -628.2359    922752.0000      -661.3196      -661.3184

REASSIGNING VELOCITIES AT STEP 218000 TO 268 KELVIN.
TIMING: 218000  CPU: 1080.91, 0.00545501/step  Wall: 1082.87, 0.00546408/step, 0.0485696 hours remaining, 0.000000 MB of memory in use.
PERFORMANCE: 218000  averaging 34.79 ns/day, 0.00496694 sec/step with standard deviation 0.000164026
ENERGY:  218000       309.5278       929.3378      1434.2872        20.0717        -598828.2526     43680.2743        62.1099         0.0000     44233.8839        -508158.7601       267.1536   -552392.6440   -507800.4069       264.3385           -632.4242      -593.6623    922752.0000      -661.0107      -661.0003

REASSIGNING VELOCITIES AT STEP 219000 TO 269 KELVIN.
TIMING: 219000  CPU: 1086.38, 0.00547082/step  Wall: 1088.34, 0.00547812/step, 0.0471727 hours remaining, 0.000000 MB of memory in use.
PERFORMANCE: 219000  averaging 34.7737 ns/day, 0.00496928 sec/step with standard deviation 0.000167255
ENERGY:  219000       320.1713       943.2228      1430.0111        22.8146        -598551.0975     43500.0107        62.9264         0.0000     44616.2421        -507655.6986       269.4629   -552271.9407   -507310.1183       265.6303           -621.5216      -581.3602    922752.0000      -684.4708      -684.4575

REASSIGNING VELOCITIES AT STEP 220000 TO 270 KELVIN.
TIMING: 220000  CPU: 1091.87, 0.00549043/step  Wall: 1093.84, 0.00549893/step, 0.0458244 hours remaining, 0.000000 MB of memory in use.
PERFORMANCE: 220000  averaging 34.7568 ns/day, 0.00497169 sec/step with standard deviation 0.000170651
ETITLE:      TS           BOND          ANGLE          DIHED          IMPRP               ELECT            VDW       BOUNDARY           MISC        KINETIC               TOTAL           TEMP      POTENTIAL         TOTAL3        TEMPAVG            PRESSURE      GPRESSURE         VOLUME       PRESSAVG      GPRESSAVG

ENERGY:  220000       309.6031       942.2339      1433.4105        24.8201        -598263.5597     43411.4056        59.1311         0.0000     44705.0852        -507377.8703       269.9994   -552082.9555   -507159.7632       267.0978           -662.7937      -630.8924    922752.0000      -652.0289      -652.0280

WRITING EXTENDED SYSTEM TO RESTART FILE AT STEP 220000
WRITING COORDINATES TO DCD FILE heat.dcd AT STEP 220000
WRITING COORDINATES TO RESTART FILE AT STEP 220000
FINISHED WRITING RESTART COORDINATES
WRITING VELOCITIES TO RESTART FILE AT STEP 220000
FINISHED WRITING RESTART VELOCITIES
LDB: ============= START OF LOAD BALANCING ============== 1096.43
LDB: ============== END OF LOAD BALANCING =============== 1096.43
Info: useSync: 0 useProxySync: 0
LDB: =============== DONE WITH MIGRATION ================ 1096.43
LDB: ============= START OF LOAD BALANCING ============== 1096.99
LDB: TIME 1096.99 LOAD: AVG 0.39818 MAX 0.524542  PROXIES: TOTAL 320 MAXPE 40 MAXPATCH 3 None MEM: 0 MB
LDB: TIME 1096.99 LOAD: AVG 0.39818 MAX 0.524542  PROXIES: TOTAL 320 MAXPE 40 MAXPATCH 3 RefineTorusLB MEM: 0 MB
LDB: TIME 1096.99 LOAD: AVG 0.39818 MAX 0.524542  PROXIES: TOTAL 320 MAXPE 40 MAXPATCH 3 RefineTorusLB MEM: 0 MB
LDB: ============== END OF LOAD BALANCING =============== 1096.99
Info: useSync: 0 useProxySync: 0
LDB: =============== DONE WITH MIGRATION ================ 1096.99
REASSIGNING VELOCITIES AT STEP 221000 TO 271 KELVIN.
TIMING: 221000  CPU: 1097.37, 0.00549918/step  Wall: 1099.37, 0.00552526/step, 0.0445091 hours remaining, 0.000000 MB of memory in use.
PERFORMANCE: 221000  averaging 34.7393 ns/day, 0.00497419 sec/step with standard deviation 0.000174287
ENERGY:  221000       322.2461       892.8933      1437.8996        26.1803        -597382.3723     43125.3309        62.5538         0.0000     44795.5343        -506719.7340       270.5457   -551515.2683   -506300.7091       267.4861           -743.7917      -704.3202    922752.0000      -689.8093      -689.7996

REASSIGNING VELOCITIES AT STEP 222000 TO 272 KELVIN.
TIMING: 222000  CPU: 1102.75, 0.00538517/step  Wall: 1104.76, 0.00539161/step, 0.0419347 hours remaining, 0.000000 MB of memory in use.
PERFORMANCE: 222000  averaging 34.7262 ns/day, 0.00497607 sec/step with standard deviation 0.000176135
ENERGY:  222000       310.9039       883.3814      1429.4203        17.8589        -597174.4765     43269.6529        59.4389         0.0000     45030.3847        -506173.4354       271.9641   -551203.8201   -505829.8058       268.3665           -657.9198      -619.1523    922752.0000      -675.8187      -675.8109

REASSIGNING VELOCITIES AT STEP 223000 TO 273 KELVIN.
TIMING: 223000  CPU: 1108.08, 0.00532212/step  Wall: 1110.09, 0.0053296/step, 0.039972 hours remaining, 0.000000 MB of memory in use.
PERFORMANCE: 223000  averaging 34.7151 ns/day, 0.00497766 sec/step with standard deviation 0.000177325
ENERGY:  223000       311.5086       924.6939      1440.2956        28.7329        -596541.4865     43099.3304        60.2894         0.0000     45094.4678        -505582.1680       272.3511   -550676.6358   -505242.8059       269.3533           -716.7328      -681.5674    922752.0000      -637.9549      -637.9481

REASSIGNING VELOCITIES AT STEP 224000 TO 274 KELVIN.
TIMING: 224000  CPU: 1113.5, 0.00542185/step  Wall: 1115.52, 0.00542641/step, 0.0391908 hours remaining, 0.000000 MB of memory in use.
PERFORMANCE: 224000  averaging 34.7012 ns/day, 0.00497966 sec/step with standard deviation 0.00017945
ENERGY:  224000       283.3131       911.7229      1428.0264        21.3633        -595741.1553     42714.3624        60.1332         0.0000     45278.4108        -505043.8232       273.4621   -550322.2340   -504703.0574       270.4677           -702.0746      -660.7004    922752.0000      -657.6141      -657.5995

LDB: ============= START OF LOAD BALANCING ============== 1118.08
LDB: ============== END OF LOAD BALANCING =============== 1118.08
Info: useSync: 0 useProxySync: 0
LDB: =============== DONE WITH MIGRATION ================ 1118.08
LDB: ============= START OF LOAD BALANCING ============== 1118.63
LDB: TIME 1118.63 LOAD: AVG 0.399768 MAX 0.527032  PROXIES: TOTAL 320 MAXPE 40 MAXPATCH 3 None MEM: 0 MB
LDB: TIME 1118.63 LOAD: AVG 0.399768 MAX 0.527032  PROXIES: TOTAL 320 MAXPE 40 MAXPATCH 3 RefineTorusLB MEM: 0 MB
LDB: TIME 1118.63 LOAD: AVG 0.399768 MAX 0.527032  PROXIES: TOTAL 320 MAXPE 40 MAXPATCH 3 RefineTorusLB MEM: 0 MB
LDB: ============== END OF LOAD BALANCING =============== 1118.63
Info: useSync: 0 useProxySync: 0
LDB: =============== DONE WITH MIGRATION ================ 1118.63
REASSIGNING VELOCITIES AT STEP 225000 TO 275 KELVIN.
TIMING: 225000  CPU: 1118.97, 0.0054698/step  Wall: 1120.99, 0.00547545/step, 0.038024 hours remaining, 0.000000 MB of memory in use.
PERFORMANCE: 225000  averaging 34.6858 ns/day, 0.00498186 sec/step with standard deviation 0.000182074
ENERGY:  225000       324.1922       906.0183      1435.4031        24.3890        -595931.7811     43302.8377        58.0005         0.0000     45465.9174        -504415.0229       274.5945   -549880.9403   -504030.5820       271.1067           -596.7440      -561.5884    922752.0000      -684.0309      -684.0249

WRITING COORDINATES TO DCD FILE heat.dcd AT STEP 225000
REASSIGNING VELOCITIES AT STEP 226000 TO 276 KELVIN.
TIMING: 226000  CPU: 1124.32, 0.00535419/step  Wall: 1126.35, 0.00536263/step, 0.0357509 hours remaining, 0.000000 MB of memory in use.
PERFORMANCE: 226000  averaging 34.6741 ns/day, 0.00498355 sec/step with standard deviation 0.000183426
ENERGY:  226000       307.3572       931.9511      1427.0289        18.0068        -595165.0795     42812.5974        53.2353         0.0000     45806.8892        -503808.0135       276.6538   -549614.9027   -503409.8837       272.5923           -747.9540      -714.6498    922752.0000      -680.7536      -680.7516

REASSIGNING VELOCITIES AT STEP 227000 TO 277 KELVIN.
TIMING: 227000  CPU: 1129.82, 0.00549772/step  Wall: 1131.86, 0.00550378/step, 0.035163 hours remaining, 0.000000 MB of memory in use.
PERFORMANCE: 227000  averaging 34.6582 ns/day, 0.00498584 sec/step with standard deviation 0.000186248
ENERGY:  227000       326.2293       939.9953      1419.9663        18.4095        -594379.0613     42434.9914        58.2384         0.0000     45631.1812        -503550.0499       275.5926   -549181.2310   -503360.8420       274.1642           -765.5061      -732.8077    922752.0000      -623.3351      -623.3313

REASSIGNING VELOCITIES AT STEP 228000 TO 278 KELVIN.
TIMING: 228000  CPU: 1135.29, 0.0054696/step  Wall: 1137.33, 0.00547311/step, 0.0334468 hours remaining, 0.000000 MB of memory in use.
PERFORMANCE: 228000  averaging 34.6433 ns/day, 0.00498798 sec/step with standard deviation 0.000188619
ENERGY:  228000       336.6221       948.0978      1427.2736        19.7554        -594040.9322     42465.0885        60.7296         0.0000     45935.1784        -502848.1868       277.4287   -548783.3653   -502409.8233       274.0824           -768.9676      -729.5769    922752.0000      -708.6213      -708.6095

LDB: ============= START OF LOAD BALANCING ============== 1139.88
LDB: ============== END OF LOAD BALANCING =============== 1139.88
Info: useSync: 0 useProxySync: 0
LDB: =============== DONE WITH MIGRATION ================ 1139.88
LDB: ============= START OF LOAD BALANCING ============== 1140.43
LDB: TIME 1140.43 LOAD: AVG 0.398346 MAX 0.52778  PROXIES: TOTAL 320 MAXPE 40 MAXPATCH 3 None MEM: 0 MB
LDB: TIME 1140.43 LOAD: AVG 0.398346 MAX 0.52778  PROXIES: TOTAL 320 MAXPE 40 MAXPATCH 3 RefineTorusLB MEM: 0 MB
LDB: TIME 1140.43 LOAD: AVG 0.398346 MAX 0.52778  PROXIES: TOTAL 320 MAXPE 40 MAXPATCH 3 RefineTorusLB MEM: 0 MB
LDB: Reverting to original mapping
LDB: ============== END OF LOAD BALANCING =============== 1140.43
Info: useSync: 0 useProxySync: 0
LDB: =============== DONE WITH MIGRATION ================ 1140.43
REASSIGNING VELOCITIES AT STEP 229000 TO 279 KELVIN.
TIMING: 229000  CPU: 1140.78, 0.00548582/step  Wall: 1142.83, 0.00549538/step, 0.0320564 hours remaining, 0.000000 MB of memory in use.
PERFORMANCE: 229000  averaging 34.6279 ns/day, 0.00499019 sec/step with standard deviation 0.000191168
ENERGY:  229000       334.7413       977.5015      1436.3258        22.7268        -594330.6752     42909.1278        65.0015         0.0000     46496.9168        -502088.3338       280.8213   -548585.2506   -501640.3361       275.6597           -615.8253      -575.3155    922752.0000      -652.2829      -652.2735

REASSIGNING VELOCITIES AT STEP 230000 TO 280 KELVIN.
TIMING: 230000  CPU: 1146.23, 0.00545783/step  Wall: 1148.29, 0.00546161/step, 0.0303423 hours remaining, 0.000000 MB of memory in use.
PERFORMANCE: 230000  averaging 34.6137 ns/day, 0.00499224 sec/step with standard deviation 0.000193266
ETITLE:      TS           BOND          ANGLE          DIHED          IMPRP               ELECT            VDW       BOUNDARY           MISC        KINETIC               TOTAL           TEMP      POTENTIAL         TOTAL3        TEMPAVG            PRESSURE      GPRESSURE         VOLUME       PRESSAVG      GPRESSAVG

ENERGY:  230000       368.3318       930.9274      1438.7556        21.5125        -593472.8088     42693.1940        61.7675         0.0000     46331.7021        -501626.6181       279.8235   -547958.3202   -501321.3516       277.6294           -612.1039      -575.9872    922752.0000      -613.6816      -613.6726

WRITING EXTENDED SYSTEM TO RESTART FILE AT STEP 230000
WRITING COORDINATES TO DCD FILE heat.dcd AT STEP 230000
WRITING COORDINATES TO RESTART FILE AT STEP 230000
FINISHED WRITING RESTART COORDINATES
WRITING VELOCITIES TO RESTART FILE AT STEP 230000
FINISHED WRITING RESTART VELOCITIES
REASSIGNING VELOCITIES AT STEP 231000 TO 281 KELVIN.
TIMING: 231000  CPU: 1151.71, 0.00547978/step  Wall: 1153.79, 0.00549883/step, 0.0290216 hours remaining, 0.000000 MB of memory in use.
PERFORMANCE: 231000  averaging 34.5985 ns/day, 0.00499444 sec/step with standard deviation 0.000195705
ENERGY:  231000       329.1422       924.1214      1436.6573        14.9562        -592705.7356     42227.3768        60.1314         0.0000     46788.1848        -500925.1655       282.5804   -547713.3503   -500508.8848       278.6414           -719.9077      -681.4271    922752.0000      -619.3696      -619.3588

REASSIGNING VELOCITIES AT STEP 232000 TO 282 KELVIN.
TIMING: 232000  CPU: 1157.21, 0.0054973/step  Wall: 1159.29, 0.00550758/step, 0.0275379 hours remaining, 0.000000 MB of memory in use.
PERFORMANCE: 232000  averaging 34.5832 ns/day, 0.00499665 sec/step with standard deviation 0.000198166
ENERGY:  232000       312.0014       957.3839      1441.4969        24.2570        -592067.4525     42049.8226        64.3863         0.0000     46495.8068        -500722.2975       280.8146   -547218.1044   -500539.7203       279.8670           -667.6182      -634.2938    922752.0000      -607.5605      -607.5554

LDB: ============= START OF LOAD BALANCING ============== 1161.86
LDB: ============== END OF LOAD BALANCING =============== 1161.86
Info: useSync: 0 useProxySync: 0
LDB: =============== DONE WITH MIGRATION ================ 1161.86
LDB: ============= START OF LOAD BALANCING ============== 1162.41
LDB: TIME 1162.41 LOAD: AVG 0.398742 MAX 0.526893  PROXIES: TOTAL 320 MAXPE 40 MAXPATCH 3 None MEM: 0 MB
LDB: TIME 1162.41 LOAD: AVG 0.398742 MAX 0.526893  PROXIES: TOTAL 320 MAXPE 40 MAXPATCH 3 RefineTorusLB MEM: 0 MB
LDB: TIME 1162.41 LOAD: AVG 0.398742 MAX 0.526893  PROXIES: TOTAL 320 MAXPE 40 MAXPATCH 3 RefineTorusLB MEM: 0 MB
LDB: Reverting to original mapping
LDB: ============== END OF LOAD BALANCING =============== 1162.41
Info: useSync: 0 useProxySync: 0
LDB: =============== DONE WITH MIGRATION ================ 1162.41
REASSIGNING VELOCITIES AT STEP 233000 TO 283 KELVIN.
TIMING: 233000  CPU: 1162.72, 0.00550989/step  Wall: 1164.81, 0.00551301/step, 0.0260337 hours remaining, 0.000000 MB of memory in use.
PERFORMANCE: 233000  averaging 34.5679 ns/day, 0.00499886 sec/step with standard deviation 0.000200611
ENERGY:  233000       315.6474       943.2893      1427.8146        28.3772        -592395.3476     42551.4545        64.1612         0.0000     47047.9940        -500016.6092       284.1496   -547064.6032   -499595.4850       279.9538           -596.0693      -557.8280    922752.0000      -632.1511      -632.1437

REASSIGNING VELOCITIES AT STEP 234000 TO 284 KELVIN.
TIMING: 234000  CPU: 1168.23, 0.00550509/step  Wall: 1170.32, 0.00551278/step, 0.0245012 hours remaining, 0.000000 MB of memory in use.
PERFORMANCE: 234000  averaging 34.5527 ns/day, 0.00500106 sec/step with standard deviation 0.000202979
ENERGY:  234000       313.7693       946.0151      1439.9582        21.6890        -591638.6732     42346.9790        64.9856         0.0000     46972.1273        -499533.1495       283.6914   -546505.2769   -499208.0584       281.7579           -549.1380      -510.6889    922752.0000      -592.0801      -592.0672

REASSIGNING VELOCITIES AT STEP 235000 TO 285 KELVIN.
TIMING: 235000  CPU: 1173.74, 0.00551721/step  Wall: 1175.84, 0.00552316/step, 0.0230132 hours remaining, 0.000000 MB of memory in use.
PERFORMANCE: 235000  averaging 34.5373 ns/day, 0.00500328 sec/step with standard deviation 0.000205389
ENERGY:  235000       312.1775       942.4159      1441.0157        20.0790        -591393.9692     42213.6463        68.6251         0.0000     47237.6763        -499158.3334       285.2952   -546396.0098   -498889.4082       282.5629           -608.9214      -576.5929    922752.0000      -559.9895      -559.9865

WRITING COORDINATES TO DCD FILE heat.dcd AT STEP 235000
REASSIGNING VELOCITIES AT STEP 236000 TO 286 KELVIN.
TIMING: 236000  CPU: 1179.2, 0.0054612/step  Wall: 1181.31, 0.00546981/step, 0.0212715 hours remaining, 0.000000 MB of memory in use.
PERFORMANCE: 236000  averaging 34.5237 ns/day, 0.00500526 sec/step with standard deviation 0.000207189
ENERGY:  236000       345.8073       939.7459      1440.0252        25.4748        -591376.5969     42463.4417        63.3036         0.0000     47414.1789        -498684.6195       286.3612   -546098.7983   -498370.8344       283.2447           -446.5442      -407.8504    922752.0000      -555.5287      -555.5196

LDB: ============= START OF LOAD BALANCING ============== 1183.78
LDB: ============== END OF LOAD BALANCING =============== 1183.78
Info: useSync: 0 useProxySync: 0
LDB: =============== DONE WITH MIGRATION ================ 1183.78
LDB: ============= START OF LOAD BALANCING ============== 1184.33
LDB: TIME 1184.34 LOAD: AVG 0.398708 MAX 0.530157  PROXIES: TOTAL 320 MAXPE 40 MAXPATCH 3 None MEM: 0 MB
LDB: TIME 1184.34 LOAD: AVG 0.398708 MAX 0.530157  PROXIES: TOTAL 320 MAXPE 40 MAXPATCH 3 RefineTorusLB MEM: 0 MB
LDB: TIME 1184.34 LOAD: AVG 0.398708 MAX 0.530157  PROXIES: TOTAL 320 MAXPE 40 MAXPATCH 3 RefineTorusLB MEM: 0 MB
LDB: Reverting to original mapping
LDB: ============== END OF LOAD BALANCING =============== 1184.34
Info: useSync: 0 useProxySync: 0
LDB: =============== DONE WITH MIGRATION ================ 1184.34
REASSIGNING VELOCITIES AT STEP 237000 TO 287 KELVIN.
TIMING: 237000  CPU: 1184.53, 0.00533022/step  Wall: 1186.65, 0.00533726/step, 0.0192734 hours remaining, 0.000000 MB of memory in use.
PERFORMANCE: 237000  averaging 34.514 ns/day, 0.00500666 sec/step with standard deviation 0.000207871
ENERGY:  237000       303.8648       930.6626      1442.5433        31.2152        -589798.0749     41248.5330        64.1927         0.0000     47667.1018        -498109.9614       287.8887   -545777.0632   -497738.4882       284.3723           -841.4824      -809.2634    922752.0000      -548.1502      -548.1495

REASSIGNING VELOCITIES AT STEP 238000 TO 288 KELVIN.
TIMING: 238000  CPU: 1190.05, 0.00551371/step  Wall: 1192.17, 0.00551873/step, 0.0183958 hours remaining, 0.000000 MB of memory in use.
PERFORMANCE: 238000  averaging 34.4992 ns/day, 0.00500881 sec/step with standard deviation 0.000210071
ENERGY:  238000       339.1009       922.4745      1441.8994        27.3529        -589742.9475     41474.2358        63.8406         0.0000     47732.5195        -497741.5240       288.2838   -545474.0435   -497471.6870       285.5464           -727.6330      -686.4758    922752.0000      -626.2804      -626.2694

REASSIGNING VELOCITIES AT STEP 239000 TO 289 KELVIN.
TIMING: 239000  CPU: 1195.55, 0.00550201/step  Wall: 1197.68, 0.00550816/step, 0.0168305 hours remaining, 0.000000 MB of memory in use.
PERFORMANCE: 239000  averaging 34.4848 ns/day, 0.0050109 sec/step with standard deviation 0.000212103
ENERGY:  239000       331.6783       944.4093      1432.0545        20.5076        -590538.3793     42537.0507        63.4688         0.0000     47750.4205        -497458.7895       288.3919   -545209.2101   -497232.9693       286.2051           -406.0952      -370.1992    922752.0000      -639.3442      -639.3399

REASSIGNING VELOCITIES AT STEP 240000 TO 290 KELVIN.
TIMING: 240000  CPU: 1201.05, 0.00550353/step  Wall: 1203.19, 0.00550913/step, 0.0153031 hours remaining, 0.000000 MB of memory in use.
PERFORMANCE: 240000  averaging 34.4705 ns/day, 0.00501298 sec/step with standard deviation 0.000214088
ETITLE:      TS           BOND          ANGLE          DIHED          IMPRP               ELECT            VDW       BOUNDARY           MISC        KINETIC               TOTAL           TEMP      POTENTIAL         TOTAL3        TEMPAVG            PRESSURE      GPRESSURE         VOLUME       PRESSAVG      GPRESSAVG

ENERGY:  240000       332.5506       931.0007      1442.7487        21.9547        -589717.5914     41778.9561        70.2560         0.0000     48038.2710        -497101.8536       290.1304   -545140.1246   -496819.8130       287.2380           -623.0553      -590.8935    922752.0000      -523.4841      -523.4840

WRITING EXTENDED SYSTEM TO RESTART FILE AT STEP 240000
WRITING COORDINATES TO DCD FILE heat.dcd AT STEP 240000
WRITING COORDINATES TO RESTART FILE AT STEP 240000
FINISHED WRITING RESTART COORDINATES
WRITING VELOCITIES TO RESTART FILE AT STEP 240000
FINISHED WRITING RESTART VELOCITIES
LDB: ============= START OF LOAD BALANCING ============== 1205.78
LDB: ============== END OF LOAD BALANCING =============== 1205.78
Info: useSync: 0 useProxySync: 0
LDB: =============== DONE WITH MIGRATION ================ 1205.78
LDB: ============= START OF LOAD BALANCING ============== 1206.33
LDB: TIME 1206.33 LOAD: AVG 0.398653 MAX 0.535026  PROXIES: TOTAL 320 MAXPE 40 MAXPATCH 3 None MEM: 0 MB
LDB: TIME 1206.33 LOAD: AVG 0.398653 MAX 0.535026  PROXIES: TOTAL 320 MAXPE 40 MAXPATCH 3 RefineTorusLB MEM: 0 MB
LDB: TIME 1206.33 LOAD: AVG 0.398653 MAX 0.535026  PROXIES: TOTAL 320 MAXPE 40 MAXPATCH 3 RefineTorusLB MEM: 0 MB
LDB: Reverting to original mapping
LDB: ============== END OF LOAD BALANCING =============== 1206.33
Info: useSync: 0 useProxySync: 0
LDB: =============== DONE WITH MIGRATION ================ 1206.33
REASSIGNING VELOCITIES AT STEP 241000 TO 291 KELVIN.
TIMING: 241000  CPU: 1206.59, 0.00553543/step  Wall: 1208.74, 0.00555402/step, 0.0138851 hours remaining, 0.000000 MB of memory in use.
PERFORMANCE: 241000  averaging 34.4551 ns/day, 0.00501522 sec/step with standard deviation 0.000216466
ENERGY:  241000       328.5835       954.4079      1447.0423        28.3637        -589229.1350     41614.5119        71.7187         0.0000     48110.7650        -496673.7419       290.5683   -544784.5069   -496400.1624       287.6289           -641.5624      -602.6704    922752.0000      -547.1217      -547.1122

REASSIGNING VELOCITIES AT STEP 242000 TO 292 KELVIN.
TIMING: 242000  CPU: 1212.09, 0.0054977/step  Wall: 1214.25, 0.00550602/step, 0.0122356 hours remaining, 0.000000 MB of memory in use.
PERFORMANCE: 242000  averaging 34.4412 ns/day, 0.00501725 sec/step with standard deviation 0.000218308
ENERGY:  242000       334.5354       976.8769      1442.9940        28.6602        -589171.3669     42111.8176        56.6978         0.0000     48286.0635        -495933.7217       291.6270   -544219.7851   -495507.8667       288.1372           -480.0356      -443.7868    922752.0000      -579.2035      -579.1988

REASSIGNING VELOCITIES AT STEP 243000 TO 293 KELVIN.
TIMING: 243000  CPU: 1217.57, 0.00548589/step  Wall: 1219.74, 0.00549146/step, 0.0106778 hours remaining, 0.000000 MB of memory in use.
PERFORMANCE: 243000  averaging 34.4278 ns/day, 0.0050192 sec/step with standard deviation 0.00021997
ENERGY:  243000       343.5294       937.6323      1432.1190        24.8198        -588907.6418     42040.3853        60.4414         0.0000     48616.7615        -495451.9532       293.6243   -544068.7148   -495144.8360       289.9973           -510.7505      -473.8015    922752.0000      -539.2620      -539.2523

REASSIGNING VELOCITIES AT STEP 244000 TO 293 KELVIN.
TIMING: 244000  CPU: 1223.03, 0.00545802/step  Wall: 1225.2, 0.00546368/step, 0.00910613 hours remaining, 0.000000 MB of memory in use.
PERFORMANCE: 244000  averaging 34.4153 ns/day, 0.00502102 sec/step with standard deviation 0.000221354
ENERGY:  244000       359.5111       953.4030      1437.5649        24.9326        -587818.9051     41710.5051        60.7498         0.0000     48655.7185        -494616.5200       293.8595   -543272.2386   -494139.2471       290.5274           -560.3382      -524.7054    922752.0000      -548.7548      -548.7467

LDB: ============= START OF LOAD BALANCING ============== 1227.76
LDB: ============== END OF LOAD BALANCING =============== 1227.76
Info: useSync: 0 useProxySync: 0
LDB: =============== DONE WITH MIGRATION ================ 1227.76
LDB: ============= START OF LOAD BALANCING ============== 1228.31
LDB: TIME 1228.31 LOAD: AVG 0.398978 MAX 0.533103  PROXIES: TOTAL 320 MAXPE 40 MAXPATCH 3 None MEM: 0 MB
LDB: TIME 1228.31 LOAD: AVG 0.398978 MAX 0.533103  PROXIES: TOTAL 320 MAXPE 40 MAXPATCH 3 RefineTorusLB MEM: 0 MB
LDB: TIME 1228.31 LOAD: AVG 0.398978 MAX 0.533103  PROXIES: TOTAL 320 MAXPE 40 MAXPATCH 3 RefineTorusLB MEM: 0 MB
LDB: Reverting to original mapping
LDB: ============== END OF LOAD BALANCING =============== 1228.31
Info: useSync: 0 useProxySync: 0
LDB: =============== DONE WITH MIGRATION ================ 1228.31
REASSIGNING VELOCITIES AT STEP 245000 TO 293 KELVIN.
TIMING: 245000  CPU: 1228.52, 0.00549415/step  Wall: 1230.7, 0.00550017/step, 0.00763912 hours remaining, 0.000000 MB of memory in use.
PERFORMANCE: 245000  averaging 34.4019 ns/day, 0.00502298 sec/step with standard deviation 0.000223011
ENERGY:  245000       333.3342       934.8882      1440.4778        26.2992        -587947.4150     41876.4970        59.3624         0.0000     48605.6151        -494670.9411       293.5569   -543276.5562   -494589.7289       291.9399           -509.0522      -477.7790    922752.0000      -534.6226      -534.6184

WRITING COORDINATES TO DCD FILE heat.dcd AT STEP 245000
REASSIGNING VELOCITIES AT STEP 246000 TO 293 KELVIN.
TIMING: 246000  CPU: 1234.05, 0.00552195/step  Wall: 1236.23, 0.00552847/step, 0.00614275 hours remaining, 0.000000 MB of memory in use.
PERFORMANCE: 246000  averaging 34.3878 ns/day, 0.00502503 sec/step with standard deviation 0.000224877
ENERGY:  246000       326.2955       951.4076      1444.6207        24.1189        -587378.9158     41546.5788        51.5467         0.0000     48679.5859        -494354.7618       294.0037   -543034.3477   -494065.9600       292.0413           -561.2251      -525.0520    922752.0000      -556.5208      -556.5153

REASSIGNING VELOCITIES AT STEP 247000 TO 293 KELVIN.
TIMING: 247000  CPU: 1239.56, 0.00551419/step  Wall: 1241.75, 0.00551656/step, 0.00459713 hours remaining, 0.000000 MB of memory in use.
PERFORMANCE: 247000  averaging 34.3742 ns/day, 0.00502702 sec/step with standard deviation 0.000226588
ENERGY:  247000       345.7676       969.8650      1447.7198        28.9217        -586954.3001     41459.0000        58.9798         0.0000     48551.3432        -494092.7030       293.2292   -542644.0463   -493886.3786       292.9583           -533.3033      -497.8656    922752.0000      -502.7090      -502.7042

REASSIGNING VELOCITIES AT STEP 248000 TO 293 KELVIN.
TIMING: 248000  CPU: 1245.01, 0.00544992/step  Wall: 1247.21, 0.00545964/step, 0.00303313 hours remaining, 0.000000 MB of memory in use.
PERFORMANCE: 248000  averaging 34.3623 ns/day, 0.00502877 sec/step with standard deviation 0.000227791
ENERGY:  248000       345.8577       928.0564      1441.9085        26.5822        -587353.8026     41846.0789        71.0852         0.0000     48618.7300        -494075.5037       293.6362   -542694.2337   -493983.2107       293.4766           -393.1587      -366.2259    922752.0000      -480.3872      -480.3897

LDB: ============= START OF LOAD BALANCING ============== 1249.77
LDB: ============== END OF LOAD BALANCING =============== 1249.77
Info: useSync: 0 useProxySync: 0
LDB: =============== DONE WITH MIGRATION ================ 1249.77
LDB: ============= START OF LOAD BALANCING ============== 1250.32
LDB: TIME 1250.32 LOAD: AVG 0.39843 MAX 0.533384  PROXIES: TOTAL 320 MAXPE 40 MAXPATCH 3 None MEM: 0 MB
LDB: TIME 1250.32 LOAD: AVG 0.39843 MAX 0.533384  PROXIES: TOTAL 320 MAXPE 40 MAXPATCH 3 RefineTorusLB MEM: 0 MB
LDB: TIME 1250.32 LOAD: AVG 0.39843 MAX 0.533384  PROXIES: TOTAL 320 MAXPE 40 MAXPATCH 3 RefineTorusLB MEM: 0 MB
LDB: Reverting to original mapping
LDB: ============== END OF LOAD BALANCING =============== 1250.32
Info: useSync: 0 useProxySync: 0
LDB: =============== DONE WITH MIGRATION ================ 1250.32
REASSIGNING VELOCITIES AT STEP 249000 TO 293 KELVIN.
TIMING: 249000  CPU: 1250.53, 0.00552198/step  Wall: 1252.73, 0.00552583/step, 0.00153495 hours remaining, 0.000000 MB of memory in use.
PERFORMANCE: 249000  averaging 34.3487 ns/day, 0.00503076 sec/step with standard deviation 0.000229504
ENERGY:  249000       354.2630       953.2584      1454.3112        21.2536        -586692.3083     41326.8437        57.8515         0.0000     48520.2644        -494004.2624       293.0415   -542524.5268   -493880.0411       293.3296           -656.6763      -625.3823    922752.0000      -529.3176      -529.3115

REASSIGNING VELOCITIES AT STEP 250000 TO 293 KELVIN.
TIMING: 250000  CPU: 1256.03, 0.00550149/step  Wall: 1258.24, 0.0055066/step, 0 hours remaining, 0.000000 MB of memory in use.
PERFORMANCE: 250000  averaging 34.3357 ns/day, 0.00503267 sec/step with standard deviation 0.000231011
ETITLE:      TS           BOND          ANGLE          DIHED          IMPRP               ELECT            VDW       BOUNDARY           MISC        KINETIC               TOTAL           TEMP      POTENTIAL         TOTAL3        TEMPAVG            PRESSURE      GPRESSURE         VOLUME       PRESSAVG      GPRESSAVG

ENERGY:  250000       333.1573       947.7904      1435.1082        23.4510        -587398.0460     41765.9143        59.2308         0.0000     48633.0900        -494200.3041       293.7229   -542833.3941   -494196.4944       293.5916           -472.7226      -443.7067    922752.0000      -444.7397      -444.7378

WRITING EXTENDED SYSTEM TO RESTART FILE AT STEP 250000
WRITING COORDINATES TO DCD FILE heat.dcd AT STEP 250000
WRITING COORDINATES TO RESTART FILE AT STEP 250000
FINISHED WRITING RESTART COORDINATES
WRITING VELOCITIES TO RESTART FILE AT STEP 250000
FINISHED WRITING RESTART VELOCITIES
WRITING EXTENDED SYSTEM TO OUTPUT FILE AT STEP 250000
CLOSING EXTENDED SYSTEM TRAJECTORY FILE
WRITING COORDINATES TO OUTPUT FILE AT STEP 250000
CLOSING COORDINATE DCD FILE heat.dcd
WRITING VELOCITIES TO OUTPUT FILE AT STEP 250000
====================================================

WallClock: 1259.219116  CPUTime: 1256.957275  Memory: 0.000000 MB
[Partition 0][Node 0] End of program
